index,id,source_file,source_row,grade,subject,answer,review_status,issue_count,warning_count,issues,warnings,banglish_bengali_char_count,banglish_length_ratio,bangla_digits,banglish_digits,english_digits
1,benqa_ext_8th-Science_0206,literature/code/BEnQA/data/BEnQA/8th-Science.csv,206,8th,Science,D,ai_assisted_review_pass_v1,0,0,,,0,1.096,,,
2,benqa_ext_10th-Chemistry_0275,literature/code/BEnQA/data/BEnQA/10th-Chemistry.csv,275,10th,Chemistry,A,ai_assisted_review_pass_v1,0,0,,,0,1.04,2|2|3|2|4|5|6,2|2|3|2|4|5|6,2|2|3|2|4|5|6
3,benqa_ext_12th-Biology-II_0037,literature/code/BEnQA/data/BEnQA/12th-Biology-II.csv,37,12th,Biology-II,B,ai_assisted_review_pass_v1,0,0,,,0,1.032,,,
4,benqa_ext_12th-Chemistry-II_0056,literature/code/BEnQA/data/BEnQA/12th-Chemistry-II.csv,56,12th,Chemistry-II,B,ai_assisted_review_warn_v1,0,1,,bangla_english_digit_mismatch,0,1.062,3|55|85|5|3|2|1,3|55|85|5|3|2|1,55|85|3|5|3|2|1
5,benqa_ext_12th-Physics-II_0167,literature/code/BEnQA/data/BEnQA/12th-Physics-II.csv,167,12th,Physics-II,A,ai_assisted_review_pass_v1,0,0,,,0,1.083,,,
6,benqa_ext_12th-Math-I_0295,literature/code/BEnQA/data/BEnQA/12th-Math-I.csv,295,12th,Math-I,D,ai_assisted_review_pass_v1,0,0,,,0,1.074,0|1|1,0|1|1,0|1|1
7,benqa_ext_10th-Biology_0346,literature/code/BEnQA/data/BEnQA/10th-Biology.csv,346,10th,Biology,A,ai_assisted_review_pass_v1,0,0,,,0,1.036,,,
8,benqa_ext_12th-Biology-II_0280,literature/code/BEnQA/data/BEnQA/12th-Biology-II.csv,280,12th,Biology-II,C,ai_assisted_review_pass_v1,0,0,,,0,1.106,,,
9,benqa_ext_12th-Chemistry-II_0160,literature/code/BEnQA/data/BEnQA/12th-Chemistry-II.csv,160,12th,Chemistry-II,D,ai_assisted_review_pass_v1,0,0,,,0,1.089,3|4|2,3|4|2,3|4|2
10,benqa_ext_10th-Physics_0118,literature/code/BEnQA/data/BEnQA/10th-Physics.csv,118,10th,Physics,C,ai_assisted_review_pass_v1,0,0,,,0,1.086,,,
11,benqa_ext_12th-Physics-I_0052,literature/code/BEnQA/data/BEnQA/12th-Physics-I.csv,52,12th,Physics-I,C,ai_assisted_review_pass_v1,0,0,,,0,1.114,,,
12,benqa_ext_10th-Physics_0247,literature/code/BEnQA/data/BEnQA/10th-Physics.csv,247,10th,Physics,A,ai_assisted_review_pass_v1,0,0,,,0,1.072,,,
13,benqa_ext_12th-Biology-II_0098,literature/code/BEnQA/data/BEnQA/12th-Biology-II.csv,98,12th,Biology-II,D,ai_assisted_review_pass_v1,0,0,,,0,1.022,,,
14,benqa_ext_8th-Science_0001,literature/code/BEnQA/data/BEnQA/8th-Science.csv,1,8th,Science,D,ai_assisted_review_pass_v1,0,0,,,0,0.986,,,
15,benqa_ext_10th-Biology_0203,literature/code/BEnQA/data/BEnQA/10th-Biology.csv,203,10th,Biology,D,ai_assisted_review_pass_v1,0,0,,,0,1.102,3,3,3
16,benqa_ext_12th-Chemistry-I_0096,literature/code/BEnQA/data/BEnQA/12th-Chemistry-I.csv,96,12th,Chemistry-I,D,ai_assisted_review_pass_v1,0,0,,,0,1.062,,,
17,benqa_ext_12th-Biology-I_0267,literature/code/BEnQA/data/BEnQA/12th-Biology-I.csv,267,12th,Biology-I,D,ai_assisted_review_pass_v1,0,0,,,0,1.149,,,
18,benqa_ext_10th-Math_0036,literature/code/BEnQA/data/BEnQA/10th-Math.csv,36,10th,Math,D,ai_assisted_review_pass_v1,0,0,,,0,1.022,2|1|0|1|2|3|2,2|1|0|1|2|3|2,2|1|0|1|2|3|2
19,benqa_ext_10th-Biology_0281,literature/code/BEnQA/data/BEnQA/10th-Biology.csv,281,10th,Biology,B,ai_assisted_review_warn_v1,0,2,,bangla_english_digit_mismatch;bangla_banglish_formulaish_token_mismatch,0,1.06,2|1|2|1,2|1|2|1,2|2
20,benqa_ext_8th-Math_0156,literature/code/BEnQA/data/BEnQA/8th-Math.csv,156,8th,Math,C,ai_assisted_review_pass_v1,0,0,,,0,1.064,2|1600|1337|8|3200|2672|8,2|1600|1337|8|3200|2672|8,2|1600|1337|8|3200|2672|8
21,benqa_ext_12th-Chemistry-I_0229,literature/code/BEnQA/data/BEnQA/12th-Chemistry-I.csv,229,12th,Chemistry-I,A,ai_assisted_review_pass_v1,0,0,,,0,0.937,,,
22,benqa_ext_10th-Physics_0189,literature/code/BEnQA/data/BEnQA/10th-Physics.csv,189,10th,Physics,A,ai_assisted_review_pass_v1,0,0,,,0,1.094,1,1,1
23,benqa_ext_10th-Math-II_0252,literature/code/BEnQA/data/BEnQA/10th-Math-II.csv,252,10th,Math-II,C,ai_assisted_review_pass_v1,0,0,,,0,1.03,2|3|2|3|2|2|3|5|6|7|6,2|3|2|3|2|2|3|5|6|7|6,2|3|2|3|2|2|3|5|6|7|6
24,benqa_ext_10th-Chemistry_0232,literature/code/BEnQA/data/BEnQA/10th-Chemistry.csv,232,10th,Chemistry,A,ai_assisted_review_pass_v1,0,0,,,0,1.056,,,
25,benqa_ext_10th-Math-II_0119,literature/code/BEnQA/data/BEnQA/10th-Math-II.csv,119,10th,Math-II,B,ai_assisted_review_pass_v1,0,0,,,0,1.041,8|64|1|02|2|01|2|03|3|02,8|64|1|02|2|01|2|03|3|02,8|64|1|02|2|01|2|03|3|02
26,benqa_ext_8th-Science_0083,literature/code/BEnQA/data/BEnQA/8th-Science.csv,83,8th,Science,D,ai_assisted_review_pass_v1,0,0,,,0,1.041,2|2,2|2,2|2
27,benqa_ext_10th-Chemistry_0376,literature/code/BEnQA/data/BEnQA/10th-Chemistry.csv,376,10th,Chemistry,B,ai_assisted_review_pass_v1,0,0,,,0,1.076,,,
28,benqa_ext_10th-Chemistry_0072,literature/code/BEnQA/data/BEnQA/10th-Chemistry.csv,72,10th,Chemistry,B,ai_assisted_review_pass_v1,0,0,,,0,1.083,2|2,2|2,2|2
29,benqa_ext_12th-Chemistry-II_0258,literature/code/BEnQA/data/BEnQA/12th-Chemistry-II.csv,258,12th,Chemistry-II,D,ai_assisted_review_warn_v1,0,1,,bangla_english_digit_mismatch,0,1.019,8|316|10|7|1|1|0|0821|1|1|8|314|1|1,8|316|10|7|1|1|0|0821|1|1|8|314|1|1,8|316|10|7|1|0|0821|1|8|314|1|1
30,benqa_ext_12th-Math-I_0279,literature/code/BEnQA/data/BEnQA/12th-Math-I.csv,279,12th,Math-I,B,ai_assisted_review_pass_v1,0,0,,,0,1.091,,,
31,benqa_ext_10th-Physics_0164,literature/code/BEnQA/data/BEnQA/10th-Physics.csv,164,10th,Physics,A,ai_assisted_review_pass_v1,0,0,,,0,1.026,,,
32,benqa_ext_10th-Biology_0069,literature/code/BEnQA/data/BEnQA/10th-Biology.csv,69,10th,Biology,A,ai_assisted_review_pass_v1,0,0,,,0,1.058,,,
33,benqa_ext_8th-Science_0060,literature/code/BEnQA/data/BEnQA/8th-Science.csv,60,8th,Science,B,ai_assisted_review_pass_v1,0,0,,,0,1.125,,,
34,benqa_ext_12th-Physics-I_0003,literature/code/BEnQA/data/BEnQA/12th-Physics-I.csv,3,12th,Physics-I,C,ai_assisted_review_warn_v1,0,1,,suspicious_romanization_pattern:\btb[a-z]+,0,1.105,15|1|30|2|0|785|1|57|3|14|6|28,15|1|30|2|0|785|1|57|3|14|6|28,15|1|30|2|0|785|1|57|3|14|6|28
35,benqa_ext_12th-Biology-II_0172,literature/code/BEnQA/data/BEnQA/12th-Biology-II.csv,172,12th,Biology-II,A,ai_assisted_review_pass_v1,0,0,,,0,1.083,,,
36,benqa_ext_12th-Chemistry-I_0250,literature/code/BEnQA/data/BEnQA/12th-Chemistry-I.csv,250,12th,Chemistry-I,A,ai_assisted_review_pass_v1,0,0,,,0,1.013,2|2|2|2|2|2|2|2|2|2,2|2|2|2|2|2|2|2|2|2,2|2|2|2|2|2|2|2|2|2
37,benqa_ext_10th-Chemistry_0108,literature/code/BEnQA/data/BEnQA/10th-Chemistry.csv,108,10th,Chemistry,B,ai_assisted_review_pass_v1,0,0,,,0,1.067,33|63|64|67,33|63|64|67,33|63|64|67
38,benqa_ext_10th-Physics_0080,literature/code/BEnQA/data/BEnQA/10th-Physics.csv,80,10th,Physics,B,ai_assisted_review_pass_v1,0,0,,,0,1.016,,,
39,benqa_ext_12th-Biology-II_0176,literature/code/BEnQA/data/BEnQA/12th-Biology-II.csv,176,12th,Biology-II,C,ai_assisted_review_pass_v1,0,0,,,0,1.022,,,
40,benqa_ext_12th-Physics-II_0320,literature/code/BEnQA/data/BEnQA/12th-Physics-II.csv,320,12th,Physics-II,B,ai_assisted_review_pass_v1,0,0,,,0,1.012,1|1,1|1,1|1
41,benqa_ext_12th-Chemistry-I_0089,literature/code/BEnQA/data/BEnQA/12th-Chemistry-I.csv,89,12th,Chemistry-I,A,ai_assisted_review_pass_v1,0,0,,,0,1.173,,,
42,benqa_ext_12th-Chemistry-I_0226,literature/code/BEnQA/data/BEnQA/12th-Chemistry-I.csv,226,12th,Chemistry-I,C,ai_assisted_review_pass_v1,0,0,,,0,1.09,,,
43,benqa_ext_10th-Biology_0137,literature/code/BEnQA/data/BEnQA/10th-Biology.csv,137,10th,Biology,C,ai_assisted_review_pass_v1,0,0,,,0,1.082,,,
44,benqa_ext_12th-Chemistry-II_0005,literature/code/BEnQA/data/BEnQA/12th-Chemistry-II.csv,5,12th,Chemistry-II,D,ai_assisted_review_warn_v1,0,2,,english_duplicate_option_text;bangla_english_digit_mismatch,0,1.019,1|8|6|023|10|23|12|046|10|23|6|023|10|25|12|046|10|25,1|8|6|023|10|23|12|046|10|23|6|023|10|25|12|046|10|25,1|8|6|023|10|23|12|046|10|23|6|023|10|23|12|046|10|23
45,benqa_ext_12th-Chemistry-I_0366,literature/code/BEnQA/data/BEnQA/12th-Chemistry-I.csv,366,12th,Chemistry-I,C,ai_assisted_review_pass_v1,0,0,,,0,1.094,,,
46,benqa_ext_10th-Biology_0350,literature/code/BEnQA/data/BEnQA/10th-Biology.csv,350,10th,Biology,D,ai_assisted_review_pass_v1,0,0,,,0,1.091,,,
47,benqa_ext_12th-Physics-II_0171,literature/code/BEnQA/data/BEnQA/12th-Physics-II.csv,171,12th,Physics-II,B,ai_assisted_review_pass_v1,0,0,,,0,1.093,,,
48,benqa_ext_12th-Math-II_0321,literature/code/BEnQA/data/BEnQA/12th-Math-II.csv,321,12th,Math-II,D,ai_assisted_review_pass_v1,0,0,,,0,1.027,5|2|7|3|0|1|10|7|109|1|10|7|109|1|10|7|109|1|10|7|109,5|2|7|3|0|1|10|7|109|1|10|7|109|1|10|7|109|1|10|7|109,5|2|7|3|0|1|10|7|109|1|10|7|109|1|10|7|109|1|10|7|109
49,benqa_ext_12th-Biology-I_0076,literature/code/BEnQA/data/BEnQA/12th-Biology-I.csv,76,12th,Biology-I,B,ai_assisted_review_pass_v1,0,0,,,0,0.974,,,
50,benqa_ext_12th-Biology-I_0094,literature/code/BEnQA/data/BEnQA/12th-Biology-I.csv,94,12th,Biology-I,D,ai_assisted_review_pass_v1,0,0,,,0,0.978,,,
51,benqa_ext_8th-Science_0050,literature/code/BEnQA/data/BEnQA/8th-Science.csv,50,8th,Science,A,ai_assisted_review_pass_v1,0,0,,,0,1.079,,,
52,benqa_ext_12th-Chemistry-II_0361,literature/code/BEnQA/data/BEnQA/12th-Chemistry-II.csv,361,12th,Chemistry-II,B,ai_assisted_review_warn_v1,0,1,,bangla_english_digit_mismatch,0,1.097,4|10,4|10,4|10|9
53,benqa_ext_12th-Math-I_0256,literature/code/BEnQA/data/BEnQA/12th-Math-I.csv,256,12th,Math-I,D,ai_assisted_review_warn_v1,0,1,,bangla_banglish_formulaish_token_mismatch,0,1.081,3|3|30|45|60|90,3|3|30|45|60|90,3|3|30|45|60|90
54,benqa_ext_10th-Biology_0186,literature/code/BEnQA/data/BEnQA/10th-Biology.csv,186,10th,Biology,B,ai_assisted_review_pass_v1,0,0,,,0,1.053,,,
55,benqa_ext_8th-Math_0192,literature/code/BEnQA/data/BEnQA/8th-Math.csv,192,8th,Math,D,ai_assisted_review_warn_v1,0,1,,bangla_english_digit_mismatch,0,1.014,2|0|16|0|32|6|45|12|9,2|0|16|0|32|6|45|12|9,2|0|16|0|32|6|45|12|90
56,benqa_ext_12th-Biology-II_0143,literature/code/BEnQA/data/BEnQA/12th-Biology-II.csv,143,12th,Biology-II,D,ai_assisted_review_pass_v1,0,0,,,0,1.101,,,
57,benqa_ext_12th-Math-I_0107,literature/code/BEnQA/data/BEnQA/12th-Math-I.csv,107,12th,Math-I,A,ai_assisted_review_pass_v1,0,0,,,0,1.098,3|2|3|7|0|2|3|9|2|9|4,3|2|3|7|0|2|3|9|2|9|4,3|2|3|7|0|2|3|9|2|9|4
58,benqa_ext_10th-Chemistry_0330,literature/code/BEnQA/data/BEnQA/10th-Chemistry.csv,330,10th,Chemistry,C,ai_assisted_review_pass_v1,0,0,,,0,1.069,7|8|12|18,7|8|12|18,7|8|12|18
59,benqa_ext_12th-Chemistry-II_0213,literature/code/BEnQA/data/BEnQA/12th-Chemistry-II.csv,213,12th,Chemistry-II,B,ai_assisted_review_pass_v1,0,0,,,0,1.0,3|3|2|3|2|1,3|3|2|3|2|1,3|3|2|3|2|1
60,benqa_ext_12th-Physics-I_0278,literature/code/BEnQA/data/BEnQA/12th-Physics-I.csv,278,12th,Physics-I,A,ai_assisted_review_pass_v1,0,0,,,0,1.079,200|10|19|6|39|2|78|4|98,200|10|19|6|39|2|78|4|98,200|10|19|6|39|2|78|4|98
61,benqa_ext_10th-Chemistry_0134,literature/code/BEnQA/data/BEnQA/10th-Chemistry.csv,134,10th,Chemistry,B,ai_assisted_review_pass_v1,0,0,,,0,1.041,,,
62,benqa_ext_12th-Math-I_0108,literature/code/BEnQA/data/BEnQA/12th-Math-I.csv,108,12th,Math-I,B,ai_assisted_review_pass_v1,0,0,,,0,1.082,1|1|1|1,1|1|1|1,1|1|1|1
63,benqa_ext_12th-Biology-I_0026,literature/code/BEnQA/data/BEnQA/12th-Biology-I.csv,26,12th,Biology-I,A,ai_assisted_review_pass_v1,0,0,,,0,0.986,2|4|6|8,2|4|6|8,2|4|6|8
64,benqa_ext_10th-Biology_0138,literature/code/BEnQA/data/BEnQA/10th-Biology.csv,138,10th,Biology,D,ai_assisted_review_pass_v1,0,0,,,0,1.039,25|100|125|175|225,25|100|125|175|225,25|100|125|175|225
65,benqa_ext_10th-Chemistry_0332,literature/code/BEnQA/data/BEnQA/10th-Chemistry.csv,332,10th,Chemistry,D,ai_assisted_review_pass_v1,0,0,,,0,1.13,,,
66,benqa_ext_10th-Math-II_0116,literature/code/BEnQA/data/BEnQA/10th-Math-II.csv,116,10th,Math-II,A,ai_assisted_review_pass_v1,0,0,,,0,1.03,1|1|1|1,1|1|1|1,1|1|1|1
67,benqa_ext_10th-Math_0215,literature/code/BEnQA/data/BEnQA/10th-Math.csv,215,10th,Math,C,ai_assisted_review_pass_v1,0,0,,,0,1.054,3|2|2|5|6|1|2|3|3,3|2|2|5|6|1|2|3|3,3|2|2|5|6|1|2|3|3
68,benqa_ext_12th-Biology-II_0018,literature/code/BEnQA/data/BEnQA/12th-Biology-II.csv,18,12th,Biology-II,B,ai_assisted_review_pass_v1,0,0,,,0,1.0,,,
69,benqa_ext_12th-Math-I_0221,literature/code/BEnQA/data/BEnQA/12th-Math-I.csv,221,12th,Math-I,A,ai_assisted_review_pass_v1,0,0,,,0,1.033,1|1|2|3|4,1|1|2|3|4,1|1|2|3|4
70,benqa_ext_12th-Math-I_0315,literature/code/BEnQA/data/BEnQA/12th-Math-I.csv,315,12th,Math-I,C,ai_assisted_review_pass_v1,0,0,,,0,1.011,2|1|5|3|1|2|1|5|3|3|1|5|2|3|1|5|2|3|1|5|2,2|1|5|3|1|2|1|5|3|3|1|5|2|3|1|5|2|3|1|5|2,2|1|5|3|1|2|1|5|3|3|1|5|2|3|1|5|2|3|1|5|2
71,benqa_ext_10th-Chemistry_0034,literature/code/BEnQA/data/BEnQA/10th-Chemistry.csv,34,10th,Chemistry,D,ai_assisted_review_pass_v1,0,0,,,0,1.105,5|6|11|21,5|6|11|21,5|6|11|21
72,benqa_ext_8th-Science_0057,literature/code/BEnQA/data/BEnQA/8th-Science.csv,57,8th,Science,A,ai_assisted_review_pass_v1,0,0,,,0,1.078,,,
73,benqa_ext_12th-Math-II_0285,literature/code/BEnQA/data/BEnQA/12th-Math-II.csv,285,12th,Math-II,B,ai_assisted_review_pass_v1,0,0,,,0,1.149,5,5,5
74,benqa_ext_12th-Physics-I_0096,literature/code/BEnQA/data/BEnQA/12th-Physics-I.csv,96,12th,Physics-I,D,ai_assisted_review_pass_v1,0,0,,,0,1.077,90|60|45|0,90|60|45|0,90|60|45|0
75,benqa_ext_12th-Physics-II_0182,literature/code/BEnQA/data/BEnQA/12th-Physics-II.csv,182,12th,Physics-II,C,ai_assisted_review_pass_v1,0,0,,,0,1.052,50|200|50|1|100|1|400|1|1600|1,50|200|50|1|100|1|400|1|1600|1,50|200|50|1|100|1|400|1|1600|1
76,benqa_ext_10th-Chemistry_0387,literature/code/BEnQA/data/BEnQA/10th-Chemistry.csv,387,10th,Chemistry,C,ai_assisted_review_pass_v1,0,0,,,0,1.105,6|8|10|12,6|8|10|12,6|8|10|12
77,benqa_ext_12th-Physics-I_0098,literature/code/BEnQA/data/BEnQA/12th-Physics-I.csv,98,12th,Physics-I,D,ai_assisted_review_warn_v1,0,1,,bangla_english_digit_mismatch,0,1.098,10|3|2|40|20|30|120,10|3|2|40|20|30|120,10|2|3|2|40|20|30|120
78,benqa_ext_12th-Math-I_0059,literature/code/BEnQA/data/BEnQA/12th-Math-I.csv,59,12th,Math-I,D,ai_assisted_review_pass_v1,0,0,,,0,1.111,4|4|2|4|2|2|2,4|4|2|4|2|2|2,4|4|2|4|2|2|2
79,benqa_ext_10th-Physics_0227,literature/code/BEnQA/data/BEnQA/10th-Physics.csv,227,10th,Physics,A,ai_assisted_review_pass_v1,0,0,,,0,1.07,90|180|270|360,90|180|270|360,90|180|270|360
80,benqa_ext_10th-Math_0084,literature/code/BEnQA/data/BEnQA/10th-Math.csv,84,10th,Math,C,ai_assisted_review_pass_v1,0,0,,,0,1.03,324|4|1|2|3|3|2|81,324|4|1|2|3|3|2|81,324|4|1|2|3|3|2|81
81,benqa_ext_12th-Chemistry-II_0034,literature/code/BEnQA/data/BEnQA/12th-Chemistry-II.csv,34,12th,Chemistry-II,A,ai_assisted_review_pass_v1,0,0,,,0,1.094,2|0|76|0|769|1|529|0|779|0|039|1|529,2|0|76|0|769|1|529|0|779|0|039|1|529,2|0|76|0|769|1|529|0|779|0|039|1|529
82,benqa_ext_10th-Chemistry_0357,literature/code/BEnQA/data/BEnQA/10th-Chemistry.csv,357,10th,Chemistry,B,ai_assisted_review_pass_v1,0,0,,,0,1.157,,,
83,benqa_ext_12th-Physics-I_0152,literature/code/BEnQA/data/BEnQA/12th-Physics-I.csv,152,12th,Physics-I,C,ai_assisted_review_pass_v1,0,0,,,0,1.029,0|30|90|180,0|30|90|180,0|30|90|180
84,benqa_ext_12th-Math-II_0291,literature/code/BEnQA/data/BEnQA/12th-Math-II.csv,291,12th,Math-II,C,ai_assisted_review_pass_v1,0,0,,,0,1.077,3|1|4|1|5|1|0|60|90|120,3|1|4|1|5|1|0|60|90|120,3|1|4|1|5|1|0|60|90|120
85,benqa_ext_12th-Physics-II_0010,literature/code/BEnQA/data/BEnQA/12th-Physics-II.csv,10,12th,Physics-II,A,ai_assisted_review_pass_v1,0,0,,,0,1.086,,,
86,benqa_ext_12th-Math-II_0209,literature/code/BEnQA/data/BEnQA/12th-Math-II.csv,209,12th,Math-II,D,ai_assisted_review_pass_v1,0,0,,,0,1.039,2|45|60|120|135,2|45|60|120|135,2|45|60|120|135
87,benqa_ext_12th-Physics-I_0251,literature/code/BEnQA/data/BEnQA/12th-Physics-I.csv,251,12th,Physics-I,A,ai_assisted_review_pass_v1,0,0,,,0,1.063,,,
88,benqa_ext_10th-Biology_0018,literature/code/BEnQA/data/BEnQA/10th-Biology.csv,18,10th,Biology,D,ai_assisted_review_pass_v1,0,0,,,0,1.1,2|4|3|5|5|7|8|9,2|4|3|5|5|7|8|9,2|4|3|5|5|7|8|9
89,benqa_ext_12th-Math-II_0127,literature/code/BEnQA/data/BEnQA/12th-Math-II.csv,127,12th,Math-II,C,ai_assisted_review_pass_v1,0,0,,,0,1.082,37|3|4|3|4|30|45|60|90,37|3|4|3|4|30|45|60|90,37|3|4|3|4|30|45|60|90
90,benqa_ext_12th-Physics-II_0314,literature/code/BEnQA/data/BEnQA/12th-Physics-II.csv,314,12th,Physics-II,B,ai_assisted_review_pass_v1,0,0,,,0,1.041,1000|10|10|16|9|10|16|3|1|10|16|1|6|10|16,1000|10|10|16|9|10|16|3|1|10|16|1|6|10|16,1000|10|10|16|9|10|16|3|1|10|16|1|6|10|16
91,benqa_ext_12th-Biology-I_0144,literature/code/BEnQA/data/BEnQA/12th-Biology-I.csv,144,12th,Biology-I,A,ai_assisted_review_pass_v1,0,0,,,0,1.055,,,
92,benqa_ext_12th-Chemistry-II_0047,literature/code/BEnQA/data/BEnQA/12th-Chemistry-II.csv,47,12th,Chemistry-II,C,ai_assisted_review_pass_v1,0,0,,,0,1.063,0|05|900|4500|9000|18000,0|05|900|4500|9000|18000,0|05|900|4500|9000|18000
93,benqa_ext_12th-Biology-II_0228,literature/code/BEnQA/data/BEnQA/12th-Biology-II.csv,228,12th,Biology-II,C,ai_assisted_review_pass_v1,0,0,,,0,1.051,,,
94,benqa_ext_12th-Biology-I_0092,literature/code/BEnQA/data/BEnQA/12th-Biology-I.csv,92,12th,Biology-I,B,ai_assisted_review_pass_v1,0,0,,,0,1.025,,,
95,benqa_ext_10th-Math_0339,literature/code/BEnQA/data/BEnQA/10th-Math.csv,339,10th,Math,B,ai_assisted_review_pass_v1,0,0,,,0,1.151,,,
96,benqa_ext_10th-Chemistry_0029,literature/code/BEnQA/data/BEnQA/10th-Chemistry.csv,29,10th,Chemistry,D,ai_assisted_review_pass_v1,0,0,,,0,1.034,3|6|8|16,3|6|8|16,3|6|8|16
97,benqa_ext_12th-Biology-II_0270,literature/code/BEnQA/data/BEnQA/12th-Biology-II.csv,270,12th,Biology-II,C,ai_assisted_review_pass_v1,0,0,,,0,1.069,,,
98,benqa_ext_12th-Math-II_0084,literature/code/BEnQA/data/BEnQA/12th-Math-II.csv,84,12th,Math-II,D,ai_assisted_review_pass_v1,0,0,,,0,1.057,4|2|8|1|2|2,4|2|8|1|2|2,4|2|8|1|2|2
99,benqa_ext_10th-Math_0298,literature/code/BEnQA/data/BEnQA/10th-Math.csv,298,10th,Math,B,ai_assisted_review_pass_v1,0,0,,,0,1.038,3|1|2|1|2|1|2,3|1|2|1|2|1|2,3|1|2|1|2|1|2
100,benqa_ext_12th-Physics-II_0140,literature/code/BEnQA/data/BEnQA/12th-Physics-II.csv,140,12th,Physics-II,D,ai_assisted_review_pass_v1,0,0,,,0,1.025,3|2|4,3|2|4,3|2|4
101,benqa_ext_12th-Biology-I_0211,literature/code/BEnQA/data/BEnQA/12th-Biology-I.csv,211,12th,Biology-I,D,ai_assisted_review_warn_v1,0,1,,bangla_banglish_formulaish_token_mismatch,0,0.975,1,1,1
102,benqa_ext_12th-Biology-I_0185,literature/code/BEnQA/data/BEnQA/12th-Biology-I.csv,185,12th,Biology-I,D,ai_assisted_review_pass_v1,0,0,,,0,1.042,,,
103,benqa_ext_10th-Physics_0228,literature/code/BEnQA/data/BEnQA/10th-Physics.csv,228,10th,Physics,D,ai_assisted_review_pass_v1,0,0,,,0,0.969,,,
104,benqa_ext_12th-Chemistry-I_0177,literature/code/BEnQA/data/BEnQA/12th-Chemistry-I.csv,177,12th,Chemistry-I,A,ai_assisted_review_pass_v1,0,0,,,0,1.056,3|4|2|3|3|3|2|2,3|4|2|3|3|3|2|2,3|4|2|3|3|3|2|2
105,benqa_ext_12th-Physics-I_0118,literature/code/BEnQA/data/BEnQA/12th-Physics-I.csv,118,12th,Physics-I,B,ai_assisted_review_pass_v1,0,0,,,0,1.108,,,
106,benqa_ext_12th-Math-I_0334,literature/code/BEnQA/data/BEnQA/12th-Math-I.csv,334,12th,Math-I,C,ai_assisted_review_pass_v1,0,0,,,0,1.0,0|0|0|0|0|0|0|0,0|0|0|0|0|0|0|0,0|0|0|0|0|0|0|0
107,benqa_ext_12th-Physics-I_0062,literature/code/BEnQA/data/BEnQA/12th-Physics-I.csv,62,12th,Physics-I,B,ai_assisted_review_pass_v1,0,0,,,0,1.097,,,
108,benqa_ext_12th-Biology-I_0235,literature/code/BEnQA/data/BEnQA/12th-Biology-I.csv,235,12th,Biology-I,A,ai_assisted_review_pass_v1,0,0,,,0,1.034,,,
109,benqa_ext_10th-Math-II_0078,literature/code/BEnQA/data/BEnQA/10th-Math-II.csv,78,10th,Math-II,A,ai_assisted_review_pass_v1,0,0,,,0,1.087,2|1|6|1|3|1|2|2|3,2|1|6|1|3|1|2|2|3,2|1|6|1|3|1|2|2|3
110,benqa_ext_12th-Chemistry-II_0206,literature/code/BEnQA/data/BEnQA/12th-Chemistry-II.csv,206,12th,Chemistry-II,C,ai_assisted_review_pass_v1,0,0,,,0,1.028,6|10|14|16,6|10|14|16,6|10|14|16
111,benqa_ext_12th-Physics-I_0245,literature/code/BEnQA/data/BEnQA/12th-Physics-I.csv,245,12th,Physics-I,C,ai_assisted_review_pass_v1,0,0,,,0,1.091,180|0|90,180|0|90,180|0|90
112,benqa_ext_12th-Chemistry-II_0100,literature/code/BEnQA/data/BEnQA/12th-Chemistry-II.csv,100,12th,Chemistry-II,C,ai_assisted_review_pass_v1,0,0,,,0,1.114,0|1|0|1|2|4,0|1|0|1|2|4,0|1|0|1|2|4
113,benqa_ext_10th-Biology_0084,literature/code/BEnQA/data/BEnQA/10th-Biology.csv,84,10th,Biology,C,ai_assisted_review_pass_v1,0,0,,,0,1.097,,,
114,benqa_ext_10th-Physics_0204,literature/code/BEnQA/data/BEnQA/10th-Physics.csv,204,10th,Physics,D,ai_assisted_review_pass_v1,0,0,,,0,1.112,,,
115,benqa_ext_10th-Physics_0239,literature/code/BEnQA/data/BEnQA/10th-Physics.csv,239,10th,Physics,A,ai_assisted_review_warn_v1,0,1,,bangla_english_digit_mismatch,0,1.101,90|50|1|8680|56|17361|11|112500|225000,90|50|1|8680|56|17361|11|112500|225000,50|1|8680|56|17361|11|112500|225000
116,benqa_ext_12th-Biology-II_0033,literature/code/BEnQA/data/BEnQA/12th-Biology-II.csv,33,12th,Biology-II,C,ai_assisted_review_pass_v1,0,0,,,0,1.035,50|50,50|50,50|50
117,benqa_ext_8th-Science_0116,literature/code/BEnQA/data/BEnQA/8th-Science.csv,116,8th,Science,B,ai_assisted_review_pass_v1,0,0,,,0,1.067,3|2,3|2,3|2
118,benqa_ext_12th-Math-I_0090,literature/code/BEnQA/data/BEnQA/12th-Math-I.csv,90,12th,Math-I,A,ai_assisted_review_pass_v1,0,0,,,0,1.011,3|2|3|2|3|2|3|2|3|2|2|3|3|2|2|3|3|2,3|2|3|2|3|2|3|2|3|2|2|3|3|2|2|3|3|2,3|2|3|2|3|2|3|2|3|2|2|3|3|2|2|3|3|2
119,benqa_ext_8th-Science_0010,literature/code/BEnQA/data/BEnQA/8th-Science.csv,10,8th,Science,D,ai_assisted_review_pass_v1,0,0,,,0,0.974,,,
120,benqa_ext_12th-Physics-I_0229,literature/code/BEnQA/data/BEnQA/12th-Physics-I.csv,229,12th,Physics-I,B,ai_assisted_review_pass_v1,0,0,,,0,1.042,1|1|0,1|1|0,1|1|0
121,benqa_ext_10th-Physics_0032,literature/code/BEnQA/data/BEnQA/10th-Physics.csv,32,10th,Physics,D,ai_assisted_review_warn_v1,0,1,,bangla_english_digit_mismatch,0,1.049,5|7|0|1|5|7|5|7|5|07|5|07,5|7|0|1|5|7|5|7|5|07|5|07,5|0|1|5|7|5|7|5|07|5|07
122,benqa_ext_12th-Biology-I_0013,literature/code/BEnQA/data/BEnQA/12th-Biology-I.csv,13,12th,Biology-I,D,ai_assisted_review_pass_v1,0,0,,,0,1.069,,,
123,benqa_ext_12th-Biology-I_0233,literature/code/BEnQA/data/BEnQA/12th-Biology-I.csv,233,12th,Biology-I,C,ai_assisted_review_pass_v1,0,0,,,0,1.051,,,
124,benqa_ext_12th-Physics-II_0224,literature/code/BEnQA/data/BEnQA/12th-Physics-II.csv,224,12th,Physics-II,A,ai_assisted_review_pass_v1,0,0,,,0,1.066,1|932|93|2|9|32|0|932,1|932|93|2|9|32|0|932,1|932|93|2|9|32|0|932
125,benqa_ext_12th-Biology-I_0236,literature/code/BEnQA/data/BEnQA/12th-Biology-I.csv,236,12th,Biology-I,D,ai_assisted_review_pass_v1,0,0,,,0,1.052,,,
126,benqa_ext_12th-Chemistry-I_0154,literature/code/BEnQA/data/BEnQA/12th-Chemistry-I.csv,154,12th,Chemistry-I,A,ai_assisted_review_pass_v1,0,0,,,0,1.091,5|3|2|1,5|3|2|1,5|3|2|1
127,benqa_ext_12th-Chemistry-I_0198,literature/code/BEnQA/data/BEnQA/12th-Chemistry-I.csv,198,12th,Chemistry-I,D,ai_assisted_review_pass_v1,0,0,,,0,1.052,,,
128,benqa_ext_12th-Chemistry-II_0077,literature/code/BEnQA/data/BEnQA/12th-Chemistry-II.csv,77,12th,Chemistry-II,A,ai_assisted_review_pass_v1,0,0,,,0,1.016,2|2|2|3|2|2|4|6|2|2|3|4|6,2|2|2|3|2|2|4|6|2|2|3|4|6,2|2|2|3|2|2|4|6|2|2|3|4|6
129,benqa_ext_12th-Chemistry-II_0148,literature/code/BEnQA/data/BEnQA/12th-Chemistry-II.csv,148,12th,Chemistry-II,A,ai_assisted_review_warn_v1,0,1,,bangla_banglish_formulaish_token_mismatch,0,1.031,1|2|3|4,1|2|3|4,1|2|3|4
130,benqa_ext_12th-Biology-II_0239,literature/code/BEnQA/data/BEnQA/12th-Biology-II.csv,239,12th,Biology-II,D,ai_assisted_review_pass_v1,0,0,,,0,1.101,4|8|20|16,4|8|20|16,4|8|20|16
131,benqa_ext_10th-Math_0231,literature/code/BEnQA/data/BEnQA/10th-Math.csv,231,10th,Math,A,ai_assisted_review_pass_v1,0,0,,,0,1.025,2|1|2|11|1|3|1|2|13|3|1|3|18,2|1|2|11|1|3|1|2|13|3|1|3|18,2|1|2|11|1|3|1|2|13|3|1|3|18
132,benqa_ext_12th-Math-II_0233,literature/code/BEnQA/data/BEnQA/12th-Math-II.csv,233,12th,Math-II,B,ai_assisted_review_pass_v1,0,0,,,0,1.102,2|2|2|2|2|2|45|90|135|180,2|2|2|2|2|2|45|90|135|180,2|2|2|2|2|2|45|90|135|180
133,benqa_ext_12th-Biology-II_0059,literature/code/BEnQA/data/BEnQA/12th-Biology-II.csv,59,12th,Biology-II,C,ai_assisted_review_pass_v1,0,0,,,0,1.067,,,
134,benqa_ext_12th-Physics-II_0226,literature/code/BEnQA/data/BEnQA/12th-Physics-II.csv,226,12th,Physics-II,C,ai_assisted_review_pass_v1,0,0,,,0,1.031,18|40|20|40,18|40|20|40,18|40|20|40
135,benqa_ext_8th-Science_0194,literature/code/BEnQA/data/BEnQA/8th-Science.csv,194,8th,Science,D,ai_assisted_review_pass_v1,0,0,,,0,1.116,,,
136,benqa_ext_10th-Biology_0214,literature/code/BEnQA/data/BEnQA/10th-Biology.csv,214,10th,Biology,D,ai_assisted_review_warn_v1,0,1,,bangla_english_digit_mismatch,0,1.018,20|30|20|35|20|40|20|45,20|30|20|35|20|40|20|45,20|25|20|35|20|40|20|45
137,benqa_ext_10th-Physics_0104,literature/code/BEnQA/data/BEnQA/10th-Physics.csv,104,10th,Physics,D,ai_assisted_review_pass_v1,0,0,,,0,1.052,,,
138,benqa_ext_12th-Biology-I_0307,literature/code/BEnQA/data/BEnQA/12th-Biology-I.csv,307,12th,Biology-I,D,ai_assisted_review_pass_v1,0,0,,,0,1.045,,,
139,benqa_ext_10th-Biology_0180,literature/code/BEnQA/data/BEnQA/10th-Biology.csv,180,10th,Biology,D,ai_assisted_review_pass_v1,0,0,,,0,1.135,,,
140,benqa_ext_10th-Physics_0302,literature/code/BEnQA/data/BEnQA/10th-Physics.csv,302,10th,Physics,B,ai_assisted_review_pass_v1,0,0,,,0,1.017,1|10|15|10|12|10|12|10|15,1|10|15|10|12|10|12|10|15,1|10|15|10|12|10|12|10|15
141,benqa_ext_10th-Biology_0135,literature/code/BEnQA/data/BEnQA/10th-Biology.csv,135,10th,Biology,D,ai_assisted_review_warn_v1,0,1,,bangla_english_digit_mismatch,0,1.045,5|5|5|7|3|21|6|80|6|36|5,5|5|5|7|3|21|6|80|6|36|5,5|5|5|7|3|21|6|30|5|36|5
142,benqa_ext_12th-Chemistry-I_0185,literature/code/BEnQA/data/BEnQA/12th-Chemistry-I.csv,185,12th,Chemistry-I,D,ai_assisted_review_pass_v1,0,0,,,0,0.971,6|5|2,6|5|2,6|5|2
143,benqa_ext_8th-Science_0021,literature/code/BEnQA/data/BEnQA/8th-Science.csv,21,8th,Science,C,ai_assisted_review_pass_v1,0,0,,,0,1.052,,,
144,benqa_ext_12th-Biology-II_0014,literature/code/BEnQA/data/BEnQA/12th-Biology-II.csv,14,12th,Biology-II,C,ai_assisted_review_pass_v1,0,0,,,0,1.127,,,
145,benqa_ext_12th-Chemistry-II_0367,literature/code/BEnQA/data/BEnQA/12th-Chemistry-II.csv,367,12th,Chemistry-II,B,ai_assisted_review_pass_v1,0,0,,,0,1.046,535|80|765|45|612|36|1148|17,535|80|765|45|612|36|1148|17,535|80|765|45|612|36|1148|17
146,benqa_ext_12th-Biology-I_0017,literature/code/BEnQA/data/BEnQA/12th-Biology-I.csv,17,12th,Biology-I,B,ai_assisted_review_pass_v1,0,0,,,0,1.117,,,
147,benqa_ext_12th-Chemistry-II_0164,literature/code/BEnQA/data/BEnQA/12th-Chemistry-II.csv,164,12th,Chemistry-II,D,ai_assisted_review_pass_v1,0,0,,,0,1.099,2|2|2|2,2|2|2|2,2|2|2|2
148,benqa_ext_12th-Physics-II_0196,literature/code/BEnQA/data/BEnQA/12th-Physics-II.csv,196,12th,Physics-II,B,ai_assisted_review_pass_v1,0,0,,,0,1.078,,,
149,benqa_ext_12th-Biology-I_0246,literature/code/BEnQA/data/BEnQA/12th-Biology-I.csv,246,12th,Biology-I,C,ai_assisted_review_pass_v1,0,0,,,0,0.98,,,
150,benqa_ext_12th-Chemistry-II_0371,literature/code/BEnQA/data/BEnQA/12th-Chemistry-II.csv,371,12th,Chemistry-II,A,ai_assisted_review_pass_v1,0,0,,,0,1.008,,,
151,benqa_ext_8th-Science_0199,literature/code/BEnQA/data/BEnQA/8th-Science.csv,199,8th,Science,D,ai_assisted_review_pass_v1,0,0,,,0,1.2,,,
152,benqa_ext_10th-Chemistry_0333,literature/code/BEnQA/data/BEnQA/10th-Chemistry.csv,333,10th,Chemistry,A,ai_assisted_review_pass_v1,0,0,,,0,1.021,2|4|4|2,2|4|4|2,2|4|4|2
153,benqa_ext_12th-Chemistry-I_0335,literature/code/BEnQA/data/BEnQA/12th-Chemistry-I.csv,335,12th,Chemistry-I,D,ai_assisted_review_pass_v1,0,0,,,0,1.066,6|7|10|14,6|7|10|14,6|7|10|14
154,benqa_ext_10th-Biology_0110,literature/code/BEnQA/data/BEnQA/10th-Biology.csv,110,10th,Biology,A,ai_assisted_review_pass_v1,0,0,,,0,1.031,6|12|6|6|2|6|2|2|8|20|38,6|12|6|6|2|6|2|2|8|20|38,6|12|6|6|2|6|2|2|8|20|38
155,benqa_ext_10th-Chemistry_0152,literature/code/BEnQA/data/BEnQA/10th-Chemistry.csv,152,10th,Chemistry,A,ai_assisted_review_warn_v1,0,1,,bangla_banglish_formulaish_token_mismatch,0,0.968,2|3|2|1|2|2|3,2|3|2|1|2|2|3,2|3|2|1|2|2|3
156,benqa_ext_12th-Physics-I_0137,literature/code/BEnQA/data/BEnQA/12th-Physics-I.csv,137,12th,Physics-I,D,ai_assisted_review_warn_v1,0,1,,bangla_english_digit_mismatch,0,1.049,1|013|10|5|2|1|013|10|5|760,1|013|10|5|2|1|013|10|5|760,1|013|10|5|2|1|013|15|5|760
157,benqa_ext_10th-Biology_0142,literature/code/BEnQA/data/BEnQA/10th-Biology.csv,142,10th,Biology,A,ai_assisted_review_pass_v1,0,0,,,0,0.979,,,
158,benqa_ext_10th-Math-II_0308,literature/code/BEnQA/data/BEnQA/10th-Math-II.csv,308,10th,Math-II,B,ai_assisted_review_warn_v1,0,1,,bangla_banglish_formulaish_token_mismatch,0,1.049,85|18|4|3|2|1,85|18|4|3|2|1,85|18|4|3|2|1
159,benqa_ext_10th-Chemistry_0014,literature/code/BEnQA/data/BEnQA/10th-Chemistry.csv,14,10th,Chemistry,A,ai_assisted_review_pass_v1,0,0,,,0,1.047,,,
160,benqa_ext_8th-Science_0179,literature/code/BEnQA/data/BEnQA/8th-Science.csv,179,8th,Science,D,ai_assisted_review_pass_v1,0,0,,,0,1.044,,,
161,benqa_ext_8th-Math_0157,literature/code/BEnQA/data/BEnQA/8th-Math.csv,157,8th,Math,A,ai_assisted_review_pass_v1,0,0,,,0,1.027,1|2|2|1|2|2|3|1|3|2|4|1|4|5,1|2|2|1|2|2|3|1|3|2|4|1|4|5,1|2|2|1|2|2|3|1|3|2|4|1|4|5
162,benqa_ext_12th-Physics-I_0173,literature/code/BEnQA/data/BEnQA/12th-Physics-I.csv,173,12th,Physics-I,D,ai_assisted_review_pass_v1,0,0,,,0,1.134,,,0
163,benqa_ext_12th-Chemistry-I_0107,literature/code/BEnQA/data/BEnQA/12th-Chemistry-I.csv,107,12th,Chemistry-I,B,ai_assisted_review_pass_v1,0,0,,,0,1.023,,,
164,benqa_ext_12th-Math-I_0030,literature/code/BEnQA/data/BEnQA/12th-Math-I.csv,30,12th,Math-I,A,ai_assisted_review_pass_v1,0,0,,,0,1.083,1|0|3|3|2|3|8|8|8|0|8|1|0,1|0|3|3|2|3|8|8|8|0|8|1|0,1|0|3|3|2|3|8|8|8|0|8|1|0
165,benqa_ext_10th-Chemistry_0144,literature/code/BEnQA/data/BEnQA/10th-Chemistry.csv,144,10th,Chemistry,D,ai_assisted_review_pass_v1,0,0,,,0,1.072,10|8|8|2,10|8|8|2,10|8|8|2
166,benqa_ext_10th-Biology_0091,literature/code/BEnQA/data/BEnQA/10th-Biology.csv,91,10th,Biology,C,ai_assisted_review_pass_v1,0,0,,,0,1.075,,,
167,benqa_ext_12th-Math-II_0090,literature/code/BEnQA/data/BEnQA/12th-Math-II.csv,90,12th,Math-II,A,ai_assisted_review_pass_v1,0,0,,,0,1.125,,,
168,benqa_ext_10th-Math_0347,literature/code/BEnQA/data/BEnQA/10th-Math.csv,347,10th,Math,D,ai_assisted_review_pass_v1,0,0,,,0,1.007,2|3|3|8|6|4|2,2|3|3|8|6|4|2,2|3|3|8|6|4|2
169,benqa_ext_12th-Chemistry-I_0068,literature/code/BEnQA/data/BEnQA/12th-Chemistry-I.csv,68,12th,Chemistry-I,D,ai_assisted_review_pass_v1,0,0,,,0,1.032,,,
170,benqa_ext_12th-Math-I_0131,literature/code/BEnQA/data/BEnQA/12th-Math-I.csv,131,12th,Math-I,C,ai_assisted_review_pass_v1,0,0,,,0,0.992,2|2|4|4|2|2|4,2|2|4|4|2|2|4,2|2|4|4|2|2|4
171,benqa_ext_10th-Physics_0221,literature/code/BEnQA/data/BEnQA/10th-Physics.csv,221,10th,Physics,B,ai_assisted_review_pass_v1,0,0,,,0,1.087,1|4|9|9|8|96|04,1|4|9|9|8|96|04,1|4|9|9|8|96|04
172,benqa_ext_12th-Chemistry-I_0262,literature/code/BEnQA/data/BEnQA/12th-Chemistry-I.csv,262,12th,Chemistry-I,C,ai_assisted_review_pass_v1,0,0,,,0,1.026,,,
173,benqa_ext_10th-Biology_0100,literature/code/BEnQA/data/BEnQA/10th-Biology.csv,100,10th,Biology,C,ai_assisted_review_pass_v1,0,0,,,0,0.961,,,
174,benqa_ext_10th-Biology_0269,literature/code/BEnQA/data/BEnQA/10th-Biology.csv,269,10th,Biology,C,ai_assisted_review_pass_v1,0,0,,,0,1.022,,,
175,benqa_ext_12th-Physics-II_0202,literature/code/BEnQA/data/BEnQA/12th-Physics-II.csv,202,12th,Physics-II,B,ai_assisted_review_pass_v1,0,0,,,0,1.034,0|1|92|235|56|141|36|92|3|0|1,0|1|92|235|56|141|36|92|3|0|1,0|1|92|235|56|141|36|92|3|0|1
176,benqa_ext_8th-Science_0228,literature/code/BEnQA/data/BEnQA/8th-Science.csv,228,8th,Science,C,ai_assisted_review_pass_v1,0,0,,,0,1.077,,,
177,benqa_ext_12th-Chemistry-I_0161,literature/code/BEnQA/data/BEnQA/12th-Chemistry-I.csv,161,12th,Chemistry-I,B,ai_assisted_review_pass_v1,0,0,,,0,1.02,0|05|2|4|0|1|1|1|3|2,0|05|2|4|0|1|1|1|3|2,0|05|2|4|0|1|1|1|3|2
178,benqa_ext_10th-Biology_0031,literature/code/BEnQA/data/BEnQA/10th-Biology.csv,31,10th,Biology,A,ai_assisted_review_warn_v1,0,1,,bangla_english_digit_mismatch,0,1.059,3|5|30|0|3|5|35|0|4|5|30|0|55|30|0,3|5|30|0|3|5|35|0|4|5|30|0|55|30|0,3|5|30|0|3|5|35|0|4|5|30|0|5|5|30|0
179,benqa_ext_12th-Biology-I_0024,literature/code/BEnQA/data/BEnQA/12th-Biology-I.csv,24,12th,Biology-I,C,ai_assisted_review_pass_v1,0,0,,,0,1.143,,,
180,benqa_ext_12th-Physics-II_0309,literature/code/BEnQA/data/BEnQA/12th-Physics-II.csv,309,12th,Physics-II,B,ai_assisted_review_pass_v1,0,0,,,0,1.023,1|0|0,1|0|0,1|0|0
181,benqa_ext_10th-Physics_0180,literature/code/BEnQA/data/BEnQA/10th-Physics.csv,180,10th,Physics,B,ai_assisted_review_pass_v1,0,0,,,0,1.048,,,
182,benqa_ext_12th-Math-II_0375,literature/code/BEnQA/data/BEnQA/12th-Math-II.csv,375,12th,Math-II,A,ai_assisted_review_pass_v1,0,0,,,0,1.032,7|2|5|3|0|2|67|49|11|7|59|49|17|49,7|2|5|3|0|2|67|49|11|7|59|49|17|49,7|2|5|3|0|2|67|49|11|7|59|49|17|49
183,benqa_ext_12th-Math-I_0226,literature/code/BEnQA/data/BEnQA/12th-Math-I.csv,226,12th,Math-I,A,ai_assisted_review_warn_v1,0,1,,bangla_english_digit_mismatch,0,1.045,2|2|10|4|3|4|4|14|2,2|2|10|4|3|4|4|14|2,4|3|2|2|10|4|4|14|2
184,benqa_ext_12th-Chemistry-II_0271,literature/code/BEnQA/data/BEnQA/12th-Chemistry-II.csv,271,12th,Chemistry-II,A,ai_assisted_review_pass_v1,0,0,,,0,1.019,1|0|2|4|1|0|2|4|1|0|2|4|1|0|2|4,1|0|2|4|1|0|2|4|1|0|2|4|1|0|2|4,1|0|2|4|1|0|2|4|1|0|2|4|1|0|2|4
185,benqa_ext_12th-Math-II_0322,literature/code/BEnQA/data/BEnQA/12th-Math-II.csv,322,12th,Math-II,D,ai_assisted_review_pass_v1,0,0,,,0,1.033,30|20|20|15|20|30|40,30|20|20|15|20|30|40,30|20|20|15|20|30|40
186,benqa_ext_10th-Physics_0195,literature/code/BEnQA/data/BEnQA/10th-Physics.csv,195,10th,Physics,A,ai_assisted_review_pass_v1,0,0,,,0,1.036,10,10,10
187,benqa_ext_10th-Chemistry_0259,literature/code/BEnQA/data/BEnQA/10th-Chemistry.csv,259,10th,Chemistry,B,ai_assisted_review_warn_v1,0,1,,bangla_english_digit_mismatch,0,1.059,3|8|3|6|2|6|3|8,3|8|3|6|2|6|3|8,3|8|3|6|3|6|3|8
188,benqa_ext_8th-Math_0016,literature/code/BEnQA/data/BEnQA/8th-Math.csv,16,8th,Math,D,ai_assisted_review_pass_v1,0,0,,,0,1.022,1|2|2|4|2|2|2|2|2|2|4|2|4,1|2|2|4|2|2|2|2|2|2|4|2|4,1|2|2|4|2|2|2|2|2|2|4|2|4
189,benqa_ext_8th-Science_0049,literature/code/BEnQA/data/BEnQA/8th-Science.csv,49,8th,Science,C,ai_assisted_review_pass_v1,0,0,,,0,1.121,,,
190,benqa_ext_10th-Chemistry_0269,literature/code/BEnQA/data/BEnQA/10th-Chemistry.csv,269,10th,Chemistry,C,ai_assisted_review_pass_v1,0,0,,,0,1.077,,,
191,benqa_ext_10th-Physics_0151,literature/code/BEnQA/data/BEnQA/10th-Physics.csv,151,10th,Physics,D,ai_assisted_review_pass_v1,0,0,,,0,1.061,,,
192,benqa_ext_12th-Biology-II_0251,literature/code/BEnQA/data/BEnQA/12th-Biology-II.csv,251,12th,Biology-II,C,ai_assisted_review_pass_v1,0,0,,,0,1.061,,,
193,benqa_ext_8th-Science_0146,literature/code/BEnQA/data/BEnQA/8th-Science.csv,146,8th,Science,D,ai_assisted_review_pass_v1,0,0,,,0,1.133,1,1,
194,benqa_ext_10th-Physics_0275,literature/code/BEnQA/data/BEnQA/10th-Physics.csv,275,10th,Physics,C,ai_assisted_review_pass_v1,0,0,,,0,1.007,2|2|2|2|2|2|1|2|2,2|2|2|2|2|2|1|2|2,2|2|2|2|2|2|1|2|2
195,benqa_ext_10th-Math-II_0205,literature/code/BEnQA/data/BEnQA/10th-Math-II.csv,205,10th,Math-II,C,ai_assisted_review_pass_v1,0,0,,,0,1.022,5|5|30|5|25|30|900,5|5|30|5|25|30|900,5|5|30|5|25|30|900
196,benqa_ext_12th-Biology-II_0296,literature/code/BEnQA/data/BEnQA/12th-Biology-II.csv,296,12th,Biology-II,C,ai_assisted_review_pass_v1,0,0,,,0,1.028,,,
197,benqa_ext_10th-Physics_0312,literature/code/BEnQA/data/BEnQA/10th-Physics.csv,312,10th,Physics,B,ai_assisted_review_warn_v1,0,1,,bangla_english_digit_mismatch,0,1.071,5|1|10|20|3|8|1|5|39|1|14|5|1|29|1,5|1|10|20|3|8|1|5|39|1|14|5|1|29|1,20|10|5|1|3|8|1|5|39|1|14|5|1|29|1
198,benqa_ext_12th-Biology-II_0071,literature/code/BEnQA/data/BEnQA/12th-Biology-II.csv,71,12th,Biology-II,C,ai_assisted_review_pass_v1,0,0,,,0,1.081,,,
199,benqa_ext_10th-Chemistry_0027,literature/code/BEnQA/data/BEnQA/10th-Chemistry.csv,27,10th,Chemistry,A,ai_assisted_review_pass_v1,0,0,,,0,1.047,1|3|2|4,1|3|2|4,1|3|2|4
200,benqa_ext_12th-Physics-I_0161,literature/code/BEnQA/data/BEnQA/12th-Physics-I.csv,161,12th,Physics-I,C,ai_assisted_review_pass_v1,0,0,,,0,1.229,0,0,0
201,benqa_ext_12th-Chemistry-II_0026,literature/code/BEnQA/data/BEnQA/12th-Chemistry-II.csv,26,12th,Chemistry-II,D,ai_assisted_review_pass_v1,0,0,,,0,1.07,0|15|3|65|1500|3650|5475,0|15|3|65|1500|3650|5475,0|15|3|65|1500|3650|5475
202,benqa_ext_12th-Chemistry-I_0220,literature/code/BEnQA/data/BEnQA/12th-Chemistry-I.csv,220,12th,Chemistry-I,B,ai_assisted_review_pass_v1,0,0,,,0,1.017,2|3,2|3,2|3
203,benqa_ext_10th-Chemistry_0112,literature/code/BEnQA/data/BEnQA/10th-Chemistry.csv,112,10th,Chemistry,D,ai_assisted_review_warn_v1,0,1,,bangla_english_digit_mismatch,0,1.044,4|2|2|4|2|2|4|3|4|2,4|2|2|4|2|2|4|3|4|2,4|2|2|4|3|2|4|3|4|2
204,benqa_ext_12th-Chemistry-I_0222,literature/code/BEnQA/data/BEnQA/12th-Chemistry-I.csv,222,12th,Chemistry-I,A,ai_assisted_review_pass_v1,0,0,,,0,1.031,3|5|2|3|13|8|12|7|11|5|10|5,3|5|2|3|13|8|12|7|11|5|10|5,3|5|2|3|13|8|12|7|11|5|10|5
205,benqa_ext_10th-Math-II_0089,literature/code/BEnQA/data/BEnQA/10th-Math-II.csv,89,10th,Math-II,C,ai_assisted_review_pass_v1,0,0,,,0,1.034,2|3|2|3|5|6,2|3|2|3|5|6,2|3|2|3|5|6
206,benqa_ext_12th-Biology-II_0227,literature/code/BEnQA/data/BEnQA/12th-Biology-II.csv,227,12th,Biology-II,B,ai_assisted_review_pass_v1,0,0,,,0,1.074,,,
207,benqa_ext_12th-Chemistry-II_0125,literature/code/BEnQA/data/BEnQA/12th-Chemistry-II.csv,125,12th,Chemistry-II,D,ai_assisted_review_warn_v1,0,1,,bangla_english_digit_mismatch,0,1.029,25|14|2|1|8588|18|588|185|88|1858|8,25|14|2|1|8588|18|588|185|88|1858|8,14|2|25|1|8588|18|588|185|88|1858|8
208,benqa_ext_12th-Biology-I_0268,literature/code/BEnQA/data/BEnQA/12th-Biology-I.csv,268,12th,Biology-I,A,ai_assisted_review_pass_v1,0,0,,,0,1.01,,,
209,benqa_ext_10th-Physics_0167,literature/code/BEnQA/data/BEnQA/10th-Physics.csv,167,10th,Physics,A,ai_assisted_review_pass_v1,0,0,,,0,1.168,4|5|40|50|80|90|95|96,4|5|40|50|80|90|95|96,4|5|40|50|80|90|95|96
210,benqa_ext_10th-Biology_0351,literature/code/BEnQA/data/BEnQA/10th-Biology.csv,351,10th,Biology,A,ai_assisted_review_pass_v1,0,0,,,0,1.192,,,
211,benqa_ext_12th-Chemistry-II_0259,literature/code/BEnQA/data/BEnQA/12th-Chemistry-II.csv,259,12th,Chemistry-II,D,ai_assisted_review_pass_v1,0,0,,,0,1.0,2|2|4|2|3|2|2,2|2|4|2|3|2|2,2|2|4|2|3|2|2
212,benqa_ext_12th-Chemistry-II_0234,literature/code/BEnQA/data/BEnQA/12th-Chemistry-II.csv,234,12th,Chemistry-II,A,ai_assisted_review_pass_v1,0,0,,,0,1.049,2|4|3,2|4|3,2|4|3
213,benqa_ext_8th-Science_0088,literature/code/BEnQA/data/BEnQA/8th-Science.csv,88,8th,Science,B,ai_assisted_review_warn_v1,0,2,,bangla_banglish_formulaish_token_mismatch;suspicious_romanization_pattern:\btb[a-z]+,0,1.09,9|78|2,9|78|2,9|78|2
214,benqa_ext_12th-Physics-II_0284,literature/code/BEnQA/data/BEnQA/12th-Physics-II.csv,284,12th,Physics-II,D,ai_assisted_review_pass_v1,0,0,,,0,1.03,,,
215,benqa_ext_12th-Chemistry-I_0103,literature/code/BEnQA/data/BEnQA/12th-Chemistry-I.csv,103,12th,Chemistry-I,B,ai_assisted_review_pass_v1,0,0,,,0,1.075,4|2|3|2,4|2|3|2,4|2|3|2
216,benqa_ext_10th-Chemistry_0319,literature/code/BEnQA/data/BEnQA/10th-Chemistry.csv,319,10th,Chemistry,D,ai_assisted_review_pass_v1,0,0,,,0,1.049,3|2|2|3|2|2|3|2|2|2|3|2,3|2|2|3|2|2|3|2|2|2|3|2,3|2|2|3|2|2|3|2|2|2|3|2
217,benqa_ext_12th-Physics-I_0116,literature/code/BEnQA/data/BEnQA/12th-Physics-I.csv,116,12th,Physics-I,C,ai_assisted_review_pass_v1,0,0,,,0,1.198,,,
218,benqa_ext_8th-Science_0082,literature/code/BEnQA/data/BEnQA/8th-Science.csv,82,8th,Science,C,ai_assisted_review_pass_v1,0,0,,,0,1.082,,,
219,benqa_ext_10th-Chemistry_0176,literature/code/BEnQA/data/BEnQA/10th-Chemistry.csv,176,10th,Chemistry,D,ai_assisted_review_warn_v1,0,1,,bangla_english_digit_mismatch,0,1.043,2|2|4,2|2|4,2|3|4
220,benqa_ext_12th-Physics-I_0014,literature/code/BEnQA/data/BEnQA/12th-Physics-I.csv,14,12th,Physics-I,A,ai_assisted_review_pass_v1,0,0,,,0,1.16,,,
221,benqa_ext_12th-Math-I_0299,literature/code/BEnQA/data/BEnQA/12th-Math-I.csv,299,12th,Math-I,D,ai_assisted_review_pass_v1,0,0,,,0,1.009,0|1|1|1|2|2|2|1,0|1|1|1|2|2|2|1,0|1|1|1|2|2|2|1
222,benqa_ext_8th-Science_0077,literature/code/BEnQA/data/BEnQA/8th-Science.csv,77,8th,Science,D,ai_assisted_review_pass_v1,0,0,,,0,1.021,,,
223,benqa_ext_12th-Physics-II_0068,literature/code/BEnQA/data/BEnQA/12th-Physics-II.csv,68,12th,Physics-II,A,ai_assisted_review_warn_v1,0,1,,bangla_english_digit_mismatch,0,1.049,327|800|127|227,327|800|127|227,800|327|127|227
224,benqa_ext_10th-Biology_0260,literature/code/BEnQA/data/BEnQA/10th-Biology.csv,260,10th,Biology,A,ai_assisted_review_pass_v1,0,0,,,0,1.065,,,
225,benqa_ext_12th-Math-I_0127,literature/code/BEnQA/data/BEnQA/12th-Math-I.csv,127,12th,Math-I,A,ai_assisted_review_pass_v1,0,0,,,0,0.996,2|1|5|3|3|1|5|2|3|1|5|2|3|5|1|2|3|1|5|2,2|1|5|3|3|1|5|2|3|1|5|2|3|5|1|2|3|1|5|2,2|1|5|3|3|1|5|2|3|1|5|2|3|5|1|2|3|1|5|2
226,benqa_ext_10th-Math_0027,literature/code/BEnQA/data/BEnQA/10th-Math.csv,27,10th,Math,A,ai_assisted_review_pass_v1,0,0,,,0,1.058,2|1|2|2|1|1|1|1,2|1|2|2|1|1|1|1,2|1|2|2|1|1|1|1
227,benqa_ext_12th-Physics-I_0069,literature/code/BEnQA/data/BEnQA/12th-Physics-I.csv,69,12th,Physics-I,A,ai_assisted_review_pass_v1,0,0,,,0,1.105,,,
228,benqa_ext_12th-Biology-I_0287,literature/code/BEnQA/data/BEnQA/12th-Biology-I.csv,287,12th,Biology-I,A,ai_assisted_review_pass_v1,0,0,,,0,0.969,,,
229,benqa_ext_12th-Biology-II_0123,literature/code/BEnQA/data/BEnQA/12th-Biology-II.csv,123,12th,Biology-II,A,ai_assisted_review_pass_v1,0,0,,,0,1.008,,,
230,benqa_ext_10th-Physics_0231,literature/code/BEnQA/data/BEnQA/10th-Physics.csv,231,10th,Physics,B,ai_assisted_review_pass_v1,0,0,,,0,1.068,30|45|60|90,30|45|60|90,30|45|60|90
231,benqa_ext_12th-Chemistry-I_0345,literature/code/BEnQA/data/BEnQA/12th-Chemistry-I.csv,345,12th,Chemistry-I,A,ai_assisted_review_pass_v1,0,0,,,0,1.11,3,3,3
232,benqa_ext_12th-Chemistry-II_0038,literature/code/BEnQA/data/BEnQA/12th-Chemistry-II.csv,38,12th,Chemistry-II,C,ai_assisted_review_pass_v1,0,0,,,0,1.062,2|3|1|2|3,2|3|1|2|3,2|3|1|2|3
233,benqa_ext_12th-Chemistry-I_0003,literature/code/BEnQA/data/BEnQA/12th-Chemistry-I.csv,3,12th,Chemistry-I,D,ai_assisted_review_pass_v1,0,0,,,0,1.048,27|3|5|27|5|108|5,27|3|5|27|5|108|5,27|3|5|27|5|108|5
234,benqa_ext_12th-Biology-I_0081,literature/code/BEnQA/data/BEnQA/12th-Biology-I.csv,81,12th,Biology-I,A,ai_assisted_review_pass_v1,0,0,,,0,1.09,,,
235,benqa_ext_10th-Physics_0251,literature/code/BEnQA/data/BEnQA/10th-Physics.csv,251,10th,Physics,C,ai_assisted_review_pass_v1,0,0,,,0,1.077,2|3|4|5,2|3|4|5,2|3|4|5
236,benqa_ext_12th-Chemistry-I_0046,literature/code/BEnQA/data/BEnQA/12th-Chemistry-I.csv,46,12th,Chemistry-I,D,ai_assisted_review_warn_v1,0,1,,bangla_english_digit_mismatch,0,1.068,2|3|3|2|2|3,2|3|3|2|2|3,2|3|3|2|3|2
237,benqa_ext_12th-Physics-II_0273,literature/code/BEnQA/data/BEnQA/12th-Physics-II.csv,273,12th,Physics-II,C,ai_assisted_review_warn_v1,0,1,,suspicious_romanization_pattern:\bdurotb[a-z]*,0,1.022,2|1|4|0|1|4|0|1|4|0|2|2|1|4|0|3|3,2|1|4|0|1|4|0|1|4|0|2|2|1|4|0|3|3,2|1|4|0|1|4|0|1|4|0|2|2|1|4|0|3|3
238,benqa_ext_10th-Chemistry_0263,literature/code/BEnQA/data/BEnQA/10th-Chemistry.csv,263,10th,Chemistry,C,ai_assisted_review_warn_v1,0,1,,bangla_banglish_formulaish_token_mismatch,0,0.965,3|2|2|1|1|2|2|1|1|2|2|1|2,3|2|2|1|1|2|2|1|1|2|2|1|2,3|2|2|1|1|2|2|1|1|2|2|1|2
239,benqa_ext_12th-Biology-I_0129,literature/code/BEnQA/data/BEnQA/12th-Biology-I.csv,129,12th,Biology-I,D,ai_assisted_review_pass_v1,0,0,,,0,1.095,,,
240,benqa_ext_12th-Physics-II_0062,literature/code/BEnQA/data/BEnQA/12th-Physics-II.csv,62,12th,Physics-II,D,ai_assisted_review_pass_v1,0,0,,,0,1.103,0|0|0|2|0,0|0|0|2|0,0|0|0|2|0
241,benqa_ext_8th-Math_0020,literature/code/BEnQA/data/BEnQA/8th-Math.csv,20,8th,Math,C,ai_assisted_review_warn_v1,0,1,,bangla_banglish_formulaish_token_mismatch,0,1.018,1|3|5|7|1|2|1|2|1|3|2,1|3|5|7|1|2|1|2|1|3|2,1|3|5|7|1|2|1|2|1|3|2
242,benqa_ext_10th-Biology_0316,literature/code/BEnQA/data/BEnQA/10th-Biology.csv,316,10th,Biology,D,ai_assisted_review_pass_v1,0,0,,,0,1.082,,,
243,benqa_ext_10th-Chemistry_0238,literature/code/BEnQA/data/BEnQA/10th-Chemistry.csv,238,10th,Chemistry,C,ai_assisted_review_warn_v1,0,1,,bangla_english_digit_mismatch,0,1.058,32|131|60|99,32|131|60|99,32|13|60|99
244,benqa_ext_12th-Biology-II_0097,literature/code/BEnQA/data/BEnQA/12th-Biology-II.csv,97,12th,Biology-II,A,ai_assisted_review_pass_v1,0,0,,,0,0.996,,,
245,benqa_ext_10th-Biology_0238,literature/code/BEnQA/data/BEnQA/10th-Biology.csv,238,10th,Biology,A,ai_assisted_review_pass_v1,0,0,,,0,1.034,,,
246,benqa_ext_12th-Chemistry-I_0065,literature/code/BEnQA/data/BEnQA/12th-Chemistry-I.csv,65,12th,Chemistry-I,B,ai_assisted_review_warn_v1,0,1,,suspicious_romanization_pattern:\bkhady[a-z]+,0,1.129,,,
247,benqa_ext_12th-Biology-I_0002,literature/code/BEnQA/data/BEnQA/12th-Biology-I.csv,2,12th,Biology-I,D,ai_assisted_review_pass_v1,0,0,,,0,1.071,,,
248,benqa_ext_12th-Biology-I_0141,literature/code/BEnQA/data/BEnQA/12th-Biology-I.csv,141,12th,Biology-I,D,ai_assisted_review_pass_v1,0,0,,,0,1.031,,,
249,benqa_ext_10th-Math-II_0328,literature/code/BEnQA/data/BEnQA/10th-Math-II.csv,328,10th,Math-II,C,ai_assisted_review_pass_v1,0,0,,,0,1.054,1|2|1|4|1|8|1|3|1|2|1|2,1|2|1|4|1|8|1|3|1|2|1|2,1|2|1|4|1|8|1|3|1|2|1|2
250,benqa_ext_12th-Physics-I_0227,literature/code/BEnQA/data/BEnQA/12th-Physics-I.csv,227,12th,Physics-I,A,ai_assisted_review_pass_v1,0,0,,,0,1.044,3|3|3|3,3|3|3|3,3|3|3|3
251,benqa_ext_10th-Biology_0243,literature/code/BEnQA/data/BEnQA/10th-Biology.csv,243,10th,Biology,D,ai_assisted_review_pass_v1,0,0,,,0,0.99,,,
252,benqa_ext_8th-Science_0129,literature/code/BEnQA/data/BEnQA/8th-Science.csv,129,8th,Science,A,ai_assisted_review_pass_v1,0,0,,,0,1.125,,,
253,benqa_ext_12th-Chemistry-I_0330,literature/code/BEnQA/data/BEnQA/12th-Chemistry-I.csv,330,12th,Chemistry-I,B,ai_assisted_review_pass_v1,0,0,,,0,1.111,,,
254,benqa_ext_12th-Physics-I_0037,literature/code/BEnQA/data/BEnQA/12th-Physics-I.csv,37,12th,Physics-I,A,ai_assisted_review_pass_v1,0,0,,,0,1.094,40|2|0|80|392|4800,40|2|0|80|392|4800,40|2|0|80|392|4800
255,benqa_ext_12th-Physics-II_0194,literature/code/BEnQA/data/BEnQA/12th-Physics-II.csv,194,12th,Physics-II,B,ai_assisted_review_pass_v1,0,0,,,0,1.034,1|235|2|25|10|2|2|29|10|7|3|92|10|7|9|32|10|7,1|235|2|25|10|2|2|29|10|7|3|92|10|7|9|32|10|7,1|235|2|25|10|2|2|29|10|7|3|92|10|7|9|32|10|7
256,benqa_ext_12th-Biology-II_0198,literature/code/BEnQA/data/BEnQA/12th-Biology-II.csv,198,12th,Biology-II,A,ai_assisted_review_pass_v1,0,0,,,0,1.075,,,
257,benqa_ext_10th-Chemistry_0318,literature/code/BEnQA/data/BEnQA/10th-Chemistry.csv,318,10th,Chemistry,D,ai_assisted_review_pass_v1,0,0,,,0,1.026,2|20|42|2|10|8,2|20|42|2|10|8,2|20|42|2|10|8
258,benqa_ext_10th-Biology_0184,literature/code/BEnQA/data/BEnQA/10th-Biology.csv,184,10th,Biology,A,ai_assisted_review_pass_v1,0,0,,,0,1.077,,,
259,benqa_ext_10th-Chemistry_0196,literature/code/BEnQA/data/BEnQA/10th-Chemistry.csv,196,10th,Chemistry,A,ai_assisted_review_pass_v1,0,0,,,0,1.092,6|17|12,6|17|12,
260,benqa_ext_10th-Biology_0218,literature/code/BEnQA/data/BEnQA/10th-Biology.csv,218,10th,Biology,D,ai_assisted_review_pass_v1,0,0,,,0,1.046,,,
261,benqa_ext_10th-Math_0355,literature/code/BEnQA/data/BEnQA/10th-Math.csv,355,10th,Math,C,ai_assisted_review_pass_v1,0,0,,,0,1.057,2|162|18|27|54|81,2|162|18|27|54|81,2|162|18|27|54|81
262,benqa_ext_12th-Biology-I_0224,literature/code/BEnQA/data/BEnQA/12th-Biology-I.csv,224,12th,Biology-I,B,ai_assisted_review_pass_v1,0,0,,,0,1.063,6|12|6|2|2|5|2|2,6|12|6|2|2|5|2|2,6|12|6|2|2|5|2|2
263,benqa_ext_10th-Math_0352,literature/code/BEnQA/data/BEnQA/10th-Math.csv,352,10th,Math,D,ai_assisted_review_pass_v1,0,0,,,0,1.025,45|60|90|120,45|60|90|120,45|60|90|120
264,benqa_ext_12th-Biology-II_0256,literature/code/BEnQA/data/BEnQA/12th-Biology-II.csv,256,12th,Biology-II,A,ai_assisted_review_pass_v1,0,0,,,0,1.009,,,
265,benqa_ext_8th-Science_0095,literature/code/BEnQA/data/BEnQA/8th-Science.csv,95,8th,Science,C,ai_assisted_review_pass_v1,0,0,,,0,1.069,,,
266,benqa_ext_12th-Math-I_0216,literature/code/BEnQA/data/BEnQA/12th-Math-I.csv,216,12th,Math-I,D,ai_assisted_review_pass_v1,0,0,,,0,1.021,2|2|4|6|7|0|2|1|2|3|0|2|3|0|2|3|1|2|3|1,2|2|4|6|7|0|2|1|2|3|0|2|3|0|2|3|1|2|3|1,2|2|4|6|7|0|2|1|2|3|0|2|3|0|2|3|1|2|3|1
267,benqa_ext_12th-Physics-I_0223,literature/code/BEnQA/data/BEnQA/12th-Physics-I.csv,223,12th,Physics-I,D,ai_assisted_review_pass_v1,0,0,,,0,1.085,,,
268,benqa_ext_10th-Math-II_0240,literature/code/BEnQA/data/BEnQA/10th-Math-II.csv,240,10th,Math-II,C,ai_assisted_review_pass_v1,0,0,,,0,1.043,3|4|3|12|36|9|9|36,3|4|3|12|36|9|9|36,3|4|3|12|36|9|9|36
269,benqa_ext_12th-Chemistry-II_0157,literature/code/BEnQA/data/BEnQA/12th-Chemistry-II.csv,157,12th,Chemistry-II,A,ai_assisted_review_pass_v1,0,0,,,0,1.0,2|3|3|3,2|3|3|3,2|3|3|3
270,benqa_ext_12th-Chemistry-I_0207,literature/code/BEnQA/data/BEnQA/12th-Chemistry-I.csv,207,12th,Chemistry-I,B,ai_assisted_review_pass_v1,0,0,,,0,1.044,3|6|3|5|10|4|2|5|10|4|1|5|10|4|0|5|10|4,3|6|3|5|10|4|2|5|10|4|1|5|10|4|0|5|10|4,3|6|3|5|10|4|2|5|10|4|1|5|10|4|0|5|10|4
271,benqa_ext_10th-Math_0050,literature/code/BEnQA/data/BEnQA/10th-Math.csv,50,10th,Math,D,ai_assisted_review_pass_v1,0,0,,,0,1.067,,,
272,benqa_ext_12th-Physics-II_0135,literature/code/BEnQA/data/BEnQA/12th-Physics-II.csv,135,12th,Physics-II,C,ai_assisted_review_pass_v1,0,0,,,0,1.112,,,
273,benqa_ext_12th-Biology-II_0292,literature/code/BEnQA/data/BEnQA/12th-Biology-II.csv,292,12th,Biology-II,A,ai_assisted_review_pass_v1,0,0,,,0,1.023,,,
274,benqa_ext_12th-Physics-I_0040,literature/code/BEnQA/data/BEnQA/12th-Physics-I.csv,40,12th,Physics-I,A,ai_assisted_review_warn_v1,0,1,,suspicious_romanization_pattern:\btb[a-z]+,0,1.112,0|30|45|90,0|30|45|90,0|30|45|90
275,benqa_ext_10th-Biology_0204,literature/code/BEnQA/data/BEnQA/10th-Biology.csv,204,10th,Biology,A,ai_assisted_review_pass_v1,0,0,,,0,1.043,,,
276,benqa_ext_10th-Physics_0212,literature/code/BEnQA/data/BEnQA/10th-Physics.csv,212,10th,Physics,C,ai_assisted_review_pass_v1,0,0,,,0,1.067,,,
277,benqa_ext_12th-Chemistry-I_0102,literature/code/BEnQA/data/BEnQA/12th-Chemistry-I.csv,102,12th,Chemistry-I,D,ai_assisted_review_pass_v1,0,0,,,0,1.011,3|2|1|8|3|16|4|27|3|108|5,3|2|1|8|3|16|4|27|3|108|5,3|2|1|8|3|16|4|27|3|108|5
278,benqa_ext_12th-Biology-II_0288,literature/code/BEnQA/data/BEnQA/12th-Biology-II.csv,288,12th,Biology-II,D,ai_assisted_review_pass_v1,0,0,,,0,1.018,,,
279,benqa_ext_12th-Biology-I_0163,literature/code/BEnQA/data/BEnQA/12th-Biology-I.csv,163,12th,Biology-I,C,ai_assisted_review_pass_v1,0,0,,,0,1.108,2,2,2
280,benqa_ext_12th-Physics-II_0096,literature/code/BEnQA/data/BEnQA/12th-Physics-II.csv,96,12th,Physics-II,A,ai_assisted_review_pass_v1,0,0,,,0,1.077,,,
281,benqa_ext_12th-Math-I_0243,literature/code/BEnQA/data/BEnQA/12th-Math-I.csv,243,12th,Math-I,D,ai_assisted_review_pass_v1,0,0,,,0,1.0,2|2|2|3|2|2|3|2|2|5|2|2|5|2,2|2|2|3|2|2|3|2|2|5|2|2|5|2,2|2|2|3|2|2|3|2|2|5|2|2|5|2
282,benqa_ext_10th-Math-II_0192,literature/code/BEnQA/data/BEnQA/10th-Math-II.csv,192,10th,Math-II,B,ai_assisted_review_pass_v1,0,0,,,0,1.023,2|7|10|7|10|2|4|64|4|2|128|32|2,2|7|10|7|10|2|4|64|4|2|128|32|2,2|7|10|7|10|2|4|64|4|2|128|32|2
283,benqa_ext_12th-Biology-I_0244,literature/code/BEnQA/data/BEnQA/12th-Biology-I.csv,244,12th,Biology-I,D,ai_assisted_review_pass_v1,0,0,,,0,1.226,,,
284,benqa_ext_12th-Physics-I_0178,literature/code/BEnQA/data/BEnQA/12th-Physics-I.csv,178,12th,Physics-I,B,ai_assisted_review_warn_v1,0,1,,bangla_english_digit_mismatch,0,1.04,4|30|40,4|30|40,1|4|30|40
285,benqa_ext_12th-Physics-I_0282,literature/code/BEnQA/data/BEnQA/12th-Physics-I.csv,282,12th,Physics-I,C,ai_assisted_review_pass_v1,0,0,,,0,1.028,27|9|1|10|1|6232|5|3739|5|6|21|10|21|10|35|10|21,27|9|1|10|1|6232|5|3739|5|6|21|10|21|10|35|10|21,27|9|1|10|1|6232|5|3739|5|6|21|10|21|10|35|10|21
286,benqa_ext_12th-Math-I_0197,literature/code/BEnQA/data/BEnQA/12th-Math-I.csv,197,12th,Math-I,D,ai_assisted_review_pass_v1,0,0,,,0,1.088,2|1|1|2|1|2|0|1|2|2|0|1,2|1|1|2|1|2|0|1|2|2|0|1,2|1|1|2|1|2|0|1|2|2|0|1
287,benqa_ext_12th-Biology-II_0205,literature/code/BEnQA/data/BEnQA/12th-Biology-II.csv,205,12th,Biology-II,A,ai_assisted_review_pass_v1,0,0,,,0,0.932,0|1|0|3|0|5|0|7,0|1|0|3|0|5|0|7,0|1|0|3|0|5|0|7
288,benqa_ext_12th-Biology-I_0216,literature/code/BEnQA/data/BEnQA/12th-Biology-I.csv,216,12th,Biology-I,B,ai_assisted_review_pass_v1,0,0,,,0,1.108,,,
289,benqa_ext_12th-Chemistry-I_0024,literature/code/BEnQA/data/BEnQA/12th-Chemistry-I.csv,24,12th,Chemistry-I,A,ai_assisted_review_pass_v1,0,0,,,0,1.042,1|0|56|2|2|5|5|6,1|0|56|2|2|5|5|6,1|0|56|2|2|5|5|6
290,benqa_ext_12th-Math-II_0119,literature/code/BEnQA/data/BEnQA/12th-Math-II.csv,119,12th,Math-II,D,ai_assisted_review_pass_v1,0,0,,,0,1.008,1|1|3|1|1|5|1|8|1|2|8|15|4|7,1|1|3|1|1|5|1|8|1|2|8|15|4|7,1|1|3|1|1|5|1|8|1|2|8|15|4|7
291,benqa_ext_12th-Biology-II_0015,literature/code/BEnQA/data/BEnQA/12th-Biology-II.csv,15,12th,Biology-II,A,ai_assisted_review_pass_v1,0,0,,,0,1.025,5|15,5|15,5|15
292,benqa_ext_12th-Biology-I_0234,literature/code/BEnQA/data/BEnQA/12th-Biology-I.csv,234,12th,Biology-I,C,ai_assisted_review_pass_v1,0,0,,,0,1.053,,,
293,benqa_ext_12th-Chemistry-II_0384,literature/code/BEnQA/data/BEnQA/12th-Chemistry-II.csv,384,12th,Chemistry-II,A,ai_assisted_review_warn_v1,0,1,,bangla_english_digit_mismatch,0,1.033,27|22|2|1870|65|168|36|82|3|18|47,27|22|2|1870|65|168|36|82|3|18|47,22|2|27|1870|65|168|36|82|3|18|47
294,benqa_ext_12th-Chemistry-II_0330,literature/code/BEnQA/data/BEnQA/12th-Chemistry-II.csv,330,12th,Chemistry-II,A,ai_assisted_review_pass_v1,0,0,,,0,1.016,1|3|2|1|3,1|3|2|1|3,1|3|2|1|3
295,benqa_ext_12th-Math-II_0354,literature/code/BEnQA/data/BEnQA/12th-Math-II.csv,354,12th,Math-II,A,ai_assisted_review_pass_v1,0,0,,,0,1.019,2|2|2|3|1|5|2|2|3|5|3|3|2,2|2|2|3|1|5|2|2|3|5|3|3|2,2|2|2|3|1|5|2|2|3|5|3|3|2
296,benqa_ext_10th-Math-II_0191,literature/code/BEnQA/data/BEnQA/10th-Math-II.csv,191,10th,Math-II,D,ai_assisted_review_pass_v1,0,0,,,0,1.033,1|1|2|1|2|2|2|1|1|2|1|2|2,1|1|2|1|2|2|2|1|1|2|1|2|2,1|1|2|1|2|2|2|1|1|2|1|2|2
297,benqa_ext_10th-Chemistry_0367,literature/code/BEnQA/data/BEnQA/10th-Chemistry.csv,367,10th,Chemistry,C,ai_assisted_review_pass_v1,0,0,,,0,1.109,6|4|2|3,6|4|2|3,6|4|2|3
298,benqa_ext_12th-Math-I_0322,literature/code/BEnQA/data/BEnQA/12th-Math-I.csv,322,12th,Math-I,A,ai_assisted_review_warn_v1,0,1,,bangla_english_digit_mismatch,0,1.054,2|2|3|4|5|0|3|2|3|2|6|9|3|0|2|2|13|2|13|2,2|2|3|4|5|0|3|2|3|2|6|9|3|0|2|2|13|2|13|2,2|2|3|4|5|0|3|2|3|2|6|9|3|0|2|2|2|13|2|13|2
299,benqa_ext_8th-Math_0036,literature/code/BEnQA/data/BEnQA/8th-Math.csv,36,8th,Math,A,ai_assisted_review_pass_v1,0,0,,,0,1.033,1|2|3|4|5|6|7|3|5|6|7|1|2|4|2|4|5|2|4|6|3|5|6|7,1|2|3|4|5|6|7|3|5|6|7|1|2|4|2|4|5|2|4|6|3|5|6|7,1|2|3|4|5|6|7|3|5|6|7|1|2|4|2|4|5|2|4|6|3|5|6|7
300,benqa_ext_10th-Biology_0123,literature/code/BEnQA/data/BEnQA/10th-Biology.csv,123,10th,Biology,B,ai_assisted_review_pass_v1,0,0,,,0,1.028,,,
301,benqa_ext_8th-Math_0092,literature/code/BEnQA/data/BEnQA/8th-Math.csv,92,8th,Math,D,ai_assisted_review_warn_v1,0,1,,bangla_english_digit_mismatch,0,1.014,1|62|61|1|1|61|0|62,1|62|61|1|1|61|0|62,62|61|1|1|61|0|62
302,benqa_ext_10th-Chemistry_0369,literature/code/BEnQA/data/BEnQA/10th-Chemistry.csv,369,10th,Chemistry,D,ai_assisted_review_pass_v1,0,0,,,0,1.08,3|3,3|3,3|3
303,benqa_ext_12th-Math-I_0167,literature/code/BEnQA/data/BEnQA/12th-Math-I.csv,167,12th,Math-I,C,ai_assisted_review_pass_v1,0,0,,,0,1.0,3|1|8|4|0|3|4|5|5|4,3|1|8|4|0|3|4|5|5|4,3|1|8|4|0|3|4|5|5|4
304,benqa_ext_12th-Physics-II_0030,literature/code/BEnQA/data/BEnQA/12th-Physics-II.csv,30,12th,Physics-II,B,ai_assisted_review_warn_v1,0,1,,bangla_english_digit_mismatch,0,1.184,60|30|2|4|10|8|1|80|90|100|110|120,60|30|2|4|10|8|1|80|90|100|110|120,30|30|2|4|10|8|1|80|90|100|110|120
305,benqa_ext_12th-Math-I_0394,literature/code/BEnQA/data/BEnQA/12th-Math-I.csv,394,12th,Math-I,C,ai_assisted_review_pass_v1,0,0,,,0,1.006,1|2|3|4|1|1|2|4|3|2|1|1|2|4|2|3|1|1|2|4|2|3|1|1|2|4|3|2|1,1|2|3|4|1|1|2|4|3|2|1|1|2|4|2|3|1|1|2|4|2|3|1|1|2|4|3|2|1,1|2|3|4|1|1|2|4|3|2|1|1|2|4|2|3|1|1|2|4|2|3|1|1|2|4|3|2|1
306,benqa_ext_12th-Biology-II_0213,literature/code/BEnQA/data/BEnQA/12th-Biology-II.csv,213,12th,Biology-II,A,ai_assisted_review_pass_v1,0,0,,,0,0.976,,,
307,benqa_ext_8th-Science_0134,literature/code/BEnQA/data/BEnQA/8th-Science.csv,134,8th,Science,D,ai_assisted_review_pass_v1,0,0,,,0,1.043,,,
308,benqa_ext_12th-Chemistry-I_0264,literature/code/BEnQA/data/BEnQA/12th-Chemistry-I.csv,264,12th,Chemistry-I,C,ai_assisted_review_pass_v1,0,0,,,0,1.005,30|0|1|4|20|0|2|40|0|2|3|30|0|3|50|0|1|40|0|2|2|3|60|0|1|70|0|2,30|0|1|4|20|0|2|40|0|2|3|30|0|3|50|0|1|40|0|2|2|3|60|0|1|70|0|2,30|0|1|4|20|0|2|40|0|2|3|30|0|3|50|0|1|40|0|2|2|3|60|0|1|70|0|2
309,benqa_ext_12th-Math-II_0013,literature/code/BEnQA/data/BEnQA/12th-Math-II.csv,13,12th,Math-II,A,ai_assisted_review_pass_v1,0,0,,,0,1.009,1|1|3|4|3|4|5|4|4|3|3|7,1|1|3|4|3|4|5|4|4|3|3|7,1|1|3|4|3|4|5|4|4|3|3|7
310,benqa_ext_12th-Chemistry-II_0248,literature/code/BEnQA/data/BEnQA/12th-Chemistry-II.csv,248,12th,Chemistry-II,A,ai_assisted_review_pass_v1,0,0,,,0,1.028,0|0|1|34|1|00|1|76,0|0|1|34|1|00|1|76,0|0|1|34|1|00|1|76
311,benqa_ext_12th-Chemistry-II_0268,literature/code/BEnQA/data/BEnQA/12th-Chemistry-II.csv,268,12th,Chemistry-II,B,ai_assisted_review_pass_v1,0,0,,,0,1.041,7|10|3|5|5|8|10|12,7|10|3|5|5|8|10|12,7|10|3|5|5|8|10|12
312,benqa_ext_12th-Math-I_0275,literature/code/BEnQA/data/BEnQA/12th-Math-I.csv,275,12th,Math-I,A,ai_assisted_review_pass_v1,0,0,,,0,1.09,2|2|5|0|5|8|5|4|5|2|4|5,2|2|5|0|5|8|5|4|5|2|4|5,2|2|5|0|5|8|5|4|5|2|4|5
313,benqa_ext_8th-Science_0028,literature/code/BEnQA/data/BEnQA/8th-Science.csv,28,8th,Science,B,ai_assisted_review_pass_v1,0,0,,,0,1.124,70|11|67|70|420|686,70|11|67|70|420|686,70|11|67|70|420|686
314,benqa_ext_10th-Math_0325,literature/code/BEnQA/data/BEnQA/10th-Math.csv,325,10th,Math,D,ai_assisted_review_pass_v1,0,0,,,0,1.034,2|15|3|36|4|5|6|1|2|3|3,2|15|3|36|4|5|6|1|2|3|3,2|15|3|36|4|5|6|1|2|3|3
315,benqa_ext_10th-Biology_0061,literature/code/BEnQA/data/BEnQA/10th-Biology.csv,61,10th,Biology,A,ai_assisted_review_warn_v1,0,1,,bangla_banglish_formulaish_token_mismatch,0,1.114,2,2,
316,benqa_ext_10th-Math_0197,literature/code/BEnQA/data/BEnQA/10th-Math.csv,197,10th,Math,B,ai_assisted_review_pass_v1,0,0,,,0,1.009,3|3|3|3|1|6|5|6|1|3|2|3,3|3|3|3|1|6|5|6|1|3|2|3,3|3|3|3|1|6|5|6|1|3|2|3
317,benqa_ext_12th-Math-II_0245,literature/code/BEnQA/data/BEnQA/12th-Math-II.csv,245,12th,Math-II,B,ai_assisted_review_pass_v1,0,0,,,0,1.06,3|2|0|0,3|2|0|0,3|2|0|0
318,benqa_ext_12th-Chemistry-I_0338,literature/code/BEnQA/data/BEnQA/12th-Chemistry-I.csv,338,12th,Chemistry-I,A,ai_assisted_review_pass_v1,0,0,,,0,1.105,,,
319,benqa_ext_12th-Physics-II_0054,literature/code/BEnQA/data/BEnQA/12th-Physics-II.csv,54,12th,Physics-II,B,ai_assisted_review_pass_v1,0,0,,,0,1.052,4|2|4|8,4|2|4|8,4|2|4|8
320,benqa_ext_10th-Math_0098,literature/code/BEnQA/data/BEnQA/10th-Math.csv,98,10th,Math,C,ai_assisted_review_pass_v1,0,0,,,0,1.12,3|5|3|9|30,3|5|3|9|30,3|5|3|9|30
321,benqa_ext_8th-Science_0182,literature/code/BEnQA/data/BEnQA/8th-Science.csv,182,8th,Science,A,ai_assisted_review_pass_v1,0,0,,,0,1.083,,,
322,benqa_ext_10th-Physics_0282,literature/code/BEnQA/data/BEnQA/10th-Physics.csv,282,10th,Physics,D,ai_assisted_review_pass_v1,0,0,,,0,1.111,2|6|4|0|55|0|67,2|6|4|0|55|0|67,2|6|4|0|55|0|67
323,benqa_ext_12th-Chemistry-I_0351,literature/code/BEnQA/data/BEnQA/12th-Chemistry-I.csv,351,12th,Chemistry-I,A,ai_assisted_review_pass_v1,0,0,,,0,1.064,2|2|3|3,2|2|3|3,2|2|3|3
324,benqa_ext_12th-Biology-II_0145,literature/code/BEnQA/data/BEnQA/12th-Biology-II.csv,145,12th,Biology-II,D,ai_assisted_review_pass_v1,0,0,,,0,1.067,1|75|87,1|75|87,1|75|87
325,benqa_ext_10th-Math_0163,literature/code/BEnQA/data/BEnQA/10th-Math.csv,163,10th,Math,C,ai_assisted_review_pass_v1,0,0,,,0,1.063,,,
326,benqa_ext_12th-Chemistry-II_0246,literature/code/BEnQA/data/BEnQA/12th-Chemistry-II.csv,246,12th,Chemistry-II,D,ai_assisted_review_pass_v1,0,0,,,0,1.021,3|4|2|2|3|3|2|3,3|4|2|2|3|3|2|3,3|4|2|2|3|3|2|3
327,benqa_ext_10th-Chemistry_0058,literature/code/BEnQA/data/BEnQA/10th-Chemistry.csv,58,10th,Chemistry,B,ai_assisted_review_pass_v1,0,0,,,0,1.043,1|7|8|17,1|7|8|17,1|7|8|17
328,benqa_ext_10th-Chemistry_0382,literature/code/BEnQA/data/BEnQA/10th-Chemistry.csv,382,10th,Chemistry,D,ai_assisted_review_warn_v1,0,1,,bangla_banglish_formulaish_token_mismatch,0,1.085,18|4|5|6|7,18|4|5|6|7,18|4|5|6|7
329,benqa_ext_12th-Chemistry-II_0176,literature/code/BEnQA/data/BEnQA/12th-Chemistry-II.csv,176,12th,Chemistry-II,C,ai_assisted_review_warn_v1,0,1,,bangla_banglish_formulaish_token_mismatch,0,1.08,2,2,2
330,benqa_ext_12th-Physics-I_0135,literature/code/BEnQA/data/BEnQA/12th-Physics-I.csv,135,12th,Physics-I,C,ai_assisted_review_pass_v1,0,0,,,0,1.036,100,100,100
331,benqa_ext_12th-Physics-II_0321,literature/code/BEnQA/data/BEnQA/12th-Physics-II.csv,321,12th,Physics-II,D,ai_assisted_review_pass_v1,0,0,,,0,1.006,0|0|1|6|63|10|34|8|85|10|12|1|2|2|9|10|9|2|2|3|10|8|1,0|0|1|6|63|10|34|8|85|10|12|1|2|2|9|10|9|2|2|3|10|8|1,0|0|1|6|63|10|34|8|85|10|12|1|2|2|9|10|9|2|2|3|10|8|1
332,benqa_ext_10th-Math-II_0100,literature/code/BEnQA/data/BEnQA/10th-Math-II.csv,100,10th,Math-II,B,ai_assisted_review_pass_v1,0,0,,,0,1.034,3|3|3|3|2|2|2|2|3|2|2|2|2|2|2|2,3|3|3|3|2|2|2|2|3|2|2|2|2|2|2|2,3|3|3|3|2|2|2|2|3|2|2|2|2|2|2|2
333,benqa_ext_12th-Physics-I_0287,literature/code/BEnQA/data/BEnQA/12th-Physics-I.csv,287,12th,Physics-I,B,ai_assisted_review_pass_v1,0,0,,,0,1.063,0|90|0|90|90|180|90|180,0|90|0|90|90|180|90|180,0|90|0|90|90|180|90|180
334,benqa_ext_8th-Science_0209,literature/code/BEnQA/data/BEnQA/8th-Science.csv,209,8th,Science,B,ai_assisted_review_warn_v1,0,1,,bangla_banglish_formulaish_token_mismatch,0,1.037,1|1|1,1|1|1,1|1|1
335,benqa_ext_12th-Physics-I_0132,literature/code/BEnQA/data/BEnQA/12th-Physics-I.csv,132,12th,Physics-I,D,ai_assisted_review_pass_v1,0,0,,,0,1.083,1|2|2,1|2|2,1|2|2
336,benqa_ext_10th-Biology_0344,literature/code/BEnQA/data/BEnQA/10th-Biology.csv,344,10th,Biology,D,ai_assisted_review_pass_v1,0,0,,,0,1.037,,,
337,benqa_ext_12th-Physics-II_0013,literature/code/BEnQA/data/BEnQA/12th-Physics-II.csv,13,12th,Physics-II,A,ai_assisted_review_pass_v1,0,0,,,0,1.108,,,
338,benqa_ext_10th-Math-II_0355,literature/code/BEnQA/data/BEnQA/10th-Math-II.csv,355,10th,Math-II,C,ai_assisted_review_pass_v1,0,0,,,0,1.017,3|81|81|3|27|3|8|4,3|81|81|3|27|3|8|4,3|81|81|3|27|3|8|4
339,benqa_ext_12th-Biology-II_0303,literature/code/BEnQA/data/BEnQA/12th-Biology-II.csv,303,12th,Biology-II,C,ai_assisted_review_pass_v1,0,0,,,0,1.059,,,
340,benqa_ext_12th-Math-II_0269,literature/code/BEnQA/data/BEnQA/12th-Math-II.csv,269,12th,Math-II,B,ai_assisted_review_warn_v1,0,2,,bangla_english_digit_mismatch;bangla_banglish_formulaish_token_mismatch,0,1.053,20|4|2|5|36|38|42|150,20|4|2|5|36|38|42|150,4|2|20|5|36|38|42|150
341,benqa_ext_12th-Math-I_0214,literature/code/BEnQA/data/BEnQA/12th-Math-I.csv,214,12th,Math-I,B,ai_assisted_review_pass_v1,0,0,,,0,1.099,4|0,4|0,4|0
342,benqa_ext_10th-Physics_0016,literature/code/BEnQA/data/BEnQA/10th-Physics.csv,16,10th,Physics,B,ai_assisted_review_pass_v1,0,0,,,0,1.047,,,
343,benqa_ext_10th-Physics_0143,literature/code/BEnQA/data/BEnQA/10th-Physics.csv,143,10th,Physics,B,ai_assisted_review_pass_v1,0,0,,,0,1.044,1|2|2|2,1|2|2|2,1|2|2|2
344,benqa_ext_12th-Physics-I_0047,literature/code/BEnQA/data/BEnQA/12th-Physics-I.csv,47,12th,Physics-I,C,ai_assisted_review_pass_v1,0,0,,,0,1.037,,,
345,benqa_ext_12th-Biology-II_0210,literature/code/BEnQA/data/BEnQA/12th-Biology-II.csv,210,12th,Biology-II,D,ai_assisted_review_pass_v1,0,0,,,0,1.021,,,
346,benqa_ext_10th-Biology_0125,literature/code/BEnQA/data/BEnQA/10th-Biology.csv,125,10th,Biology,B,ai_assisted_review_pass_v1,0,0,,,0,0.979,,,
347,benqa_ext_12th-Math-I_0106,literature/code/BEnQA/data/BEnQA/12th-Math-I.csv,106,12th,Math-I,C,ai_assisted_review_pass_v1,0,0,,,0,0.991,1|3|2|60|2|30|2|120|2|240,1|3|2|60|2|30|2|120|2|240,1|3|2|60|2|30|2|120|2|240
348,benqa_ext_12th-Chemistry-II_0053,literature/code/BEnQA/data/BEnQA/12th-Chemistry-II.csv,53,12th,Chemistry-II,D,ai_assisted_review_pass_v1,0,0,,,0,1.101,,,
349,benqa_ext_12th-Math-I_0084,literature/code/BEnQA/data/BEnQA/12th-Math-I.csv,84,12th,Math-I,C,ai_assisted_review_pass_v1,0,0,,,0,1.023,2|2|12|8|0|0|4|0|4|6|0|6|0,2|2|12|8|0|0|4|0|4|6|0|6|0,2|2|12|8|0|0|4|0|4|6|0|6|0
350,benqa_ext_8th-Science_0090,literature/code/BEnQA/data/BEnQA/8th-Science.csv,90,8th,Science,C,ai_assisted_review_pass_v1,0,0,,,0,1.088,2,2,2
351,benqa_ext_12th-Chemistry-II_0135,literature/code/BEnQA/data/BEnQA/12th-Chemistry-II.csv,135,12th,Chemistry-II,D,ai_assisted_review_pass_v1,0,0,,,0,1.04,1|3|3|2|3|3|2,1|3|3|2|3|3|2,1|3|3|2|3|3|2
352,benqa_ext_12th-Math-I_0223,literature/code/BEnQA/data/BEnQA/12th-Math-I.csv,223,12th,Math-I,D,ai_assisted_review_pass_v1,0,0,,,0,1.014,2|2|1|2|1|2|22|2,2|2|1|2|1|2|22|2,2|2|1|2|1|2|22|2
353,benqa_ext_12th-Chemistry-II_0355,literature/code/BEnQA/data/BEnQA/12th-Chemistry-II.csv,355,12th,Chemistry-II,D,ai_assisted_review_pass_v1,0,0,,,0,1.078,3|2|2|24|2|2|2|2,3|2|2|24|2|2|2|2,3|2|2|24|2|2|2|2
354,benqa_ext_12th-Physics-I_0059,literature/code/BEnQA/data/BEnQA/12th-Physics-I.csv,59,12th,Physics-I,A,ai_assisted_review_warn_v1,0,1,,bangla_english_digit_mismatch,0,1.086,5|5|0|5|25|245,5|5|0|5|25|245,5|5|0|5|25|24|5
355,benqa_ext_12th-Biology-II_0258,literature/code/BEnQA/data/BEnQA/12th-Biology-II.csv,258,12th,Biology-II,B,ai_assisted_review_pass_v1,0,0,,,0,1.082,,,
356,benqa_ext_12th-Physics-I_0182,literature/code/BEnQA/data/BEnQA/12th-Physics-I.csv,182,12th,Physics-I,C,ai_assisted_review_pass_v1,0,0,,,0,1.022,6|1|2|3|6,6|1|2|3|6,6|1|2|3|6
357,benqa_ext_12th-Biology-I_0302,literature/code/BEnQA/data/BEnQA/12th-Biology-I.csv,302,12th,Biology-I,A,ai_assisted_review_pass_v1,0,0,,,0,1.014,,,
358,benqa_ext_12th-Chemistry-I_0359,literature/code/BEnQA/data/BEnQA/12th-Chemistry-I.csv,359,12th,Chemistry-I,C,ai_assisted_review_pass_v1,0,0,,,0,1.085,3|2|3|3,3|2|3|3,3|2|3|3
359,benqa_ext_12th-Physics-I_0117,literature/code/BEnQA/data/BEnQA/12th-Physics-I.csv,117,12th,Physics-I,D,ai_assisted_review_warn_v1,0,1,,suspicious_romanization_pattern:\btb[a-z]+,0,1.049,1|2,1|2,1|2
360,benqa_ext_12th-Math-I_0282,literature/code/BEnQA/data/BEnQA/12th-Math-I.csv,282,12th,Math-I,D,ai_assisted_review_pass_v1,0,0,,,0,1.05,,,
361,benqa_ext_12th-Physics-II_0282,literature/code/BEnQA/data/BEnQA/12th-Physics-II.csv,282,12th,Physics-II,C,ai_assisted_review_pass_v1,0,0,,,0,1.089,,,
362,benqa_ext_10th-Math_0322,literature/code/BEnQA/data/BEnQA/10th-Math.csv,322,10th,Math,B,ai_assisted_review_pass_v1,0,0,,,0,1.076,1|22|3|9|12|15|18,1|22|3|9|12|15|18,1|22|3|9|12|15|18
363,benqa_ext_8th-Science_0020,literature/code/BEnQA/data/BEnQA/8th-Science.csv,20,8th,Science,A,ai_assisted_review_pass_v1,0,0,,,0,0.991,,,
364,benqa_ext_12th-Math-II_0140,literature/code/BEnQA/data/BEnQA/12th-Math-II.csv,140,12th,Math-II,A,ai_assisted_review_pass_v1,0,0,,,0,1.007,1|1|2|1|2|1|2|1|2|1,1|1|2|1|2|1|2|1|2|1,1|1|2|1|2|1|2|1|2|1
365,benqa_ext_10th-Math_0025,literature/code/BEnQA/data/BEnQA/10th-Math.csv,25,10th,Math,D,ai_assisted_review_warn_v1,0,1,,bangla_english_digit_mismatch,0,1.014,2|1|1|0|0|1|1|1,2|1|1|0|0|1|1|1,2|1|1|0|0|0|1|1|1
366,benqa_ext_10th-Physics_0304,literature/code/BEnQA/data/BEnQA/10th-Physics.csv,304,10th,Physics,C,ai_assisted_review_pass_v1,0,0,,,0,1.018,12|0|05|12|05|11|95|0|42|0|0042,12|0|05|12|05|11|95|0|42|0|0042,12|0|05|12|05|11|95|0|42|0|0042
367,benqa_ext_10th-Physics_0141,literature/code/BEnQA/data/BEnQA/10th-Physics.csv,141,10th,Physics,C,ai_assisted_review_pass_v1,0,0,,,0,1.133,10|4|4|6|8|14,10|4|4|6|8|14,10|4|4|6|8|14
368,benqa_ext_12th-Physics-II_0016,literature/code/BEnQA/data/BEnQA/12th-Physics-II.csv,16,12th,Physics-II,C,ai_assisted_review_pass_v1,0,0,,,0,1.048,35|8|0|2|0|24|5|0|210,35|8|0|2|0|24|5|0|210,35|8|0|2|0|24|5|0|210
369,benqa_ext_10th-Math-II_0203,literature/code/BEnQA/data/BEnQA/10th-Math-II.csv,203,10th,Math-II,D,ai_assisted_review_warn_v1,0,1,,bangla_banglish_formulaish_token_mismatch,0,1.102,1|2|2|3|3|4|1|3,1|2|2|3|3|4|1|3,1|2|2|3|3|4|1|3
370,benqa_ext_10th-Math-II_0208,literature/code/BEnQA/data/BEnQA/10th-Math-II.csv,208,10th,Math-II,C,ai_assisted_review_warn_v1,0,1,,bangla_english_digit_mismatch,0,1.057,6|1|1|5|1|25|1|6|1|4|25|6|25|4,6|1|1|5|1|25|1|6|1|4|25|6|25|4,5|1|1|5|1|25|1|6|1|4|25|6|25|4
371,benqa_ext_12th-Math-I_0022,literature/code/BEnQA/data/BEnQA/12th-Math-I.csv,22,12th,Math-I,D,ai_assisted_review_pass_v1,0,0,,,0,1.02,1|2|2|2|2,1|2|2|2|2,1|2|2|2|2
372,benqa_ext_12th-Math-II_0347,literature/code/BEnQA/data/BEnQA/12th-Math-II.csv,347,12th,Math-II,A,ai_assisted_review_pass_v1,0,0,,,0,1.015,1|2|1|6|3|2|3|2|6,1|2|1|6|3|2|3|2|6,1|2|1|6|3|2|3|2|6
373,benqa_ext_10th-Physics_0246,literature/code/BEnQA/data/BEnQA/10th-Physics.csv,246,10th,Physics,B,ai_assisted_review_pass_v1,0,0,,,0,1.072,0|5|2|4|6,0|5|2|4|6,0|5|2|4|6
374,benqa_ext_12th-Math-I_0300,literature/code/BEnQA/data/BEnQA/12th-Math-I.csv,300,12th,Math-I,A,ai_assisted_review_pass_v1,0,0,,,0,1.007,2|1|2|1|2|2,2|1|2|1|2|2,2|1|2|1|2|2
375,benqa_ext_12th-Biology-II_0234,literature/code/BEnQA/data/BEnQA/12th-Biology-II.csv,234,12th,Biology-II,A,ai_assisted_review_pass_v1,0,0,,,0,1.048,,,
376,benqa_ext_12th-Math-I_0115,literature/code/BEnQA/data/BEnQA/12th-Math-I.csv,115,12th,Math-I,A,ai_assisted_review_pass_v1,0,0,,,0,1.026,0|3|2|3|0|4|2|4|0,0|3|2|3|0|4|2|4|0,0|3|2|3|0|4|2|4|0
377,benqa_ext_12th-Math-II_0359,literature/code/BEnQA/data/BEnQA/12th-Math-II.csv,359,12th,Math-II,B,ai_assisted_review_pass_v1,0,0,,,0,1.008,1|2|2|4|2|4|2|4|4,1|2|2|4|2|4|2|4|4,1|2|2|4|2|4|2|4|4
378,benqa_ext_12th-Biology-II_0165,literature/code/BEnQA/data/BEnQA/12th-Biology-II.csv,165,12th,Biology-II,C,ai_assisted_review_pass_v1,0,0,,,0,0.995,,,
379,benqa_ext_12th-Biology-II_0218,literature/code/BEnQA/data/BEnQA/12th-Biology-II.csv,218,12th,Biology-II,A,ai_assisted_review_pass_v1,0,0,,,0,0.98,,,
380,benqa_ext_12th-Chemistry-I_0199,literature/code/BEnQA/data/BEnQA/12th-Chemistry-I.csv,199,12th,Chemistry-I,B,ai_assisted_review_pass_v1,0,0,,,0,1.062,3|4|5|36|8|9|9|144,3|4|5|36|8|9|9|144,3|4|5|36|8|9|9|144
381,benqa_ext_8th-Math_0202,literature/code/BEnQA/data/BEnQA/8th-Math.csv,202,8th,Math,C,ai_assisted_review_pass_v1,0,0,,,0,1.01,0|0,0|0,0|0
382,benqa_ext_10th-Physics_0091,literature/code/BEnQA/data/BEnQA/10th-Physics.csv,91,10th,Physics,C,ai_assisted_review_pass_v1,0,0,,,0,1.03,50|3,50|3,50|3
383,benqa_ext_12th-Biology-I_0242,literature/code/BEnQA/data/BEnQA/12th-Biology-I.csv,242,12th,Biology-I,D,ai_assisted_review_pass_v1,0,0,,,0,0.991,2,2,
384,benqa_ext_12th-Chemistry-II_0109,literature/code/BEnQA/data/BEnQA/12th-Chemistry-II.csv,109,12th,Chemistry-II,D,ai_assisted_review_pass_v1,0,0,,,0,1.023,5|2|2|4|2|4|3|2|4|10|2|2|4|8|2|2|4|2|5|6|10,5|2|2|4|2|4|3|2|4|10|2|2|4|8|2|2|4|2|5|6|10,5|2|2|4|2|4|3|2|4|10|2|2|4|8|2|2|4|2|5|6|10
385,benqa_ext_10th-Physics_0031,literature/code/BEnQA/data/BEnQA/10th-Physics.csv,31,10th,Physics,D,ai_assisted_review_pass_v1,0,0,,,0,1.0,1|10|8|10|16|10|12|10|10,1|10|8|10|16|10|12|10|10,1|10|8|10|16|10|12|10|10
386,benqa_ext_12th-Chemistry-I_0287,literature/code/BEnQA/data/BEnQA/12th-Chemistry-I.csv,287,12th,Chemistry-I,C,ai_assisted_review_pass_v1,0,0,,,0,1.083,4,4,4
387,benqa_ext_12th-Chemistry-II_0121,literature/code/BEnQA/data/BEnQA/12th-Chemistry-II.csv,121,12th,Chemistry-II,A,ai_assisted_review_pass_v1,0,0,,,0,1.043,22|2|2|2|22,22|2|2|2|22,22|2|2|2|22
388,benqa_ext_10th-Biology_0072,literature/code/BEnQA/data/BEnQA/10th-Biology.csv,72,10th,Biology,C,ai_assisted_review_pass_v1,0,0,,,0,1.038,,,
389,benqa_ext_8th-Math_0143,literature/code/BEnQA/data/BEnQA/8th-Math.csv,143,8th,Math,C,ai_assisted_review_pass_v1,0,0,,,0,1.031,2|2|7|4|2|1|4|2|1|4|2|1|4|2|1|4,2|2|7|4|2|1|4|2|1|4|2|1|4|2|1|4,2|2|7|4|2|1|4|2|1|4|2|1|4|2|1|4
390,benqa_ext_12th-Chemistry-II_0144,literature/code/BEnQA/data/BEnQA/12th-Chemistry-II.csv,144,12th,Chemistry-II,C,ai_assisted_review_pass_v1,0,0,,,0,1.034,2|2|2|1|2|2|2,2|2|2|1|2|2|2,2|2|2|1|2|2|2
391,benqa_ext_12th-Physics-I_0013,literature/code/BEnQA/data/BEnQA/12th-Physics-I.csv,13,12th,Physics-I,B,ai_assisted_review_warn_v1,0,1,,bangla_english_digit_mismatch,0,1.092,11|2|1|7|88|1|5|7|1|3|24|1,11|2|1|7|88|1|5|7|1|3|24|1,11|25|1|7|88|1|5|7|1|3|24|1
392,benqa_ext_12th-Biology-I_0085,literature/code/BEnQA/data/BEnQA/12th-Biology-I.csv,85,12th,Biology-I,C,ai_assisted_review_pass_v1,0,0,,,0,1.083,4,4,4
393,benqa_ext_12th-Math-I_0228,literature/code/BEnQA/data/BEnQA/12th-Math-I.csv,228,12th,Math-I,B,ai_assisted_review_pass_v1,0,0,,,0,1.053,4|3|2|0|8|6|9|0|11|5|13|10|11|10|13|5,4|3|2|0|8|6|9|0|11|5|13|10|11|10|13|5,4|3|2|0|8|6|9|0|11|5|13|10|11|10|13|5
394,benqa_ext_12th-Biology-I_0049,literature/code/BEnQA/data/BEnQA/12th-Biology-I.csv,49,12th,Biology-I,C,ai_assisted_review_pass_v1,0,0,,,0,1.13,,,
395,benqa_ext_12th-Physics-II_0035,literature/code/BEnQA/data/BEnQA/12th-Physics-II.csv,35,12th,Physics-II,A,ai_assisted_review_warn_v1,0,1,,bangla_english_digit_mismatch,0,1.022,101102|2|101|2|11011|2|1100100|2|1001|2|101010|2,101102|2|101|2|11011|2|1100100|2|1001|2|101010|2,101101|2|101|2|110111|2|1100100|2|1001|2|101010|2
396,benqa_ext_12th-Chemistry-I_0130,literature/code/BEnQA/data/BEnQA/12th-Chemistry-I.csv,130,12th,Chemistry-I,A,ai_assisted_review_pass_v1,0,0,,,0,1.034,1|0|10|14|1|0|10|7|1|0|10|12|1|0|10|15,1|0|10|14|1|0|10|7|1|0|10|12|1|0|10|15,1|0|10|14|1|0|10|7|1|0|10|12|1|0|10|15
397,benqa_ext_12th-Physics-I_0086,literature/code/BEnQA/data/BEnQA/12th-Physics-I.csv,86,12th,Physics-I,D,ai_assisted_review_pass_v1,0,0,,,0,1.017,2|3|2|3|2|5|2|5|2,2|3|2|3|2|5|2|5|2,2|3|2|3|2|5|2|5|2
398,benqa_ext_10th-Biology_0023,literature/code/BEnQA/data/BEnQA/10th-Biology.csv,23,10th,Biology,A,ai_assisted_review_pass_v1,0,0,,,0,1.118,,,
399,benqa_ext_12th-Math-I_0018,literature/code/BEnQA/data/BEnQA/12th-Math-I.csv,18,12th,Math-I,B,ai_assisted_review_pass_v1,0,0,,,0,1.0,1|1|2|3|4|2|5|4|2|3|4|2|5|4,1|1|2|3|4|2|5|4|2|3|4|2|5|4,1|1|2|3|4|2|5|4|2|3|4|2|5|4
400,benqa_ext_12th-Math-I_0230,literature/code/BEnQA/data/BEnQA/12th-Math-I.csv,230,12th,Math-I,B,ai_assisted_review_pass_v1,0,0,,,0,1.01,0|4|1|2|0|1|2|1|3|2,0|4|1|2|0|1|2|1|3|2,0|4|1|2|0|1|2|1|3|2
401,benqa_ext_12th-Chemistry-II_0262,literature/code/BEnQA/data/BEnQA/12th-Chemistry-II.csv,262,12th,Chemistry-II,D,ai_assisted_review_pass_v1,0,0,,,0,1.0,3|3|3|2,3|3|3|2,3|3|3|2
402,benqa_ext_10th-Biology_0068,literature/code/BEnQA/data/BEnQA/10th-Biology.csv,68,10th,Biology,A,ai_assisted_review_warn_v1,0,1,,bangla_english_digit_mismatch,0,1.145,39|69|170|1596|1915|2195|2474,39|69|170|1596|1915|2195|2474,39|69|170|1596|1|1915|32|2194|64|2473|96
403,benqa_ext_8th-Math_0018,literature/code/BEnQA/data/BEnQA/8th-Math.csv,18,8th,Math,B,ai_assisted_review_pass_v1,0,0,,,0,0.982,6|10|4|5|6|10,6|10|4|5|6|10,6|10|4|5|6|10
404,benqa_ext_8th-Math_0003,literature/code/BEnQA/data/BEnQA/8th-Math.csv,3,8th,Math,C,ai_assisted_review_pass_v1,0,0,,,0,1.024,3|3|9|1|2|3|1|1|2|1|2|1,3|3|9|1|2|3|1|1|2|1|2|1,3|3|9|1|2|3|1|1|2|1|2|1
405,benqa_ext_10th-Math-II_0025,literature/code/BEnQA/data/BEnQA/10th-Math-II.csv,25,10th,Math-II,B,ai_assisted_review_warn_v1,0,1,,bangla_english_digit_mismatch,0,1.041,1|2|1|5|1|10|1|17|1|36|1|37|1|50|1|65,1|2|1|5|1|10|1|17|1|36|1|37|1|50|1|65,6|1|2|1|5|1|10|1|17|1|36|1|37|1|50|1|65
406,benqa_ext_10th-Physics_0098,literature/code/BEnQA/data/BEnQA/10th-Physics.csv,98,10th,Physics,A,ai_assisted_review_pass_v1,0,0,,,0,1.089,,,
407,benqa_ext_12th-Physics-I_0043,literature/code/BEnQA/data/BEnQA/12th-Physics-I.csv,43,12th,Physics-I,C,ai_assisted_review_warn_v1,0,1,,bangla_english_digit_mismatch,0,1.079,0|1|6|3|3|1|88|60,0|1|6|3|3|1|88|60,0|1|6|3|3|1|88|1|60
408,benqa_ext_12th-Biology-I_0041,literature/code/BEnQA/data/BEnQA/12th-Biology-I.csv,41,12th,Biology-I,D,ai_assisted_review_pass_v1,0,0,,,0,1.045,2,2,2
409,benqa_ext_8th-Science_0171,literature/code/BEnQA/data/BEnQA/8th-Science.csv,171,8th,Science,B,ai_assisted_review_pass_v1,0,0,,,0,1.167,,,
410,benqa_ext_10th-Math_0035,literature/code/BEnQA/data/BEnQA/10th-Math.csv,35,10th,Math,B,ai_assisted_review_warn_v1,0,1,,bangla_english_digit_mismatch,0,1.02,2|2|3|2|3|3|1|1|2,2|2|3|2|3|3|1|1|2,2|2|3|2|3|2|1|1|2
411,benqa_ext_10th-Biology_0174,literature/code/BEnQA/data/BEnQA/10th-Biology.csv,174,10th,Biology,B,ai_assisted_review_pass_v1,0,0,,,0,1.094,1|12|6|14|6|16|6|18|6,1|12|6|14|6|16|6|18|6,1|12|6|14|6|16|6|18|6
412,benqa_ext_10th-Physics_0110,literature/code/BEnQA/data/BEnQA/10th-Physics.csv,110,10th,Physics,C,ai_assisted_review_warn_v1,0,1,,bangla_english_digit_mismatch,0,1.032,0|005|1|1|5|10|20|200,0|005|1|1|5|10|20|200,0|0065|1|5|10|20|200
413,benqa_ext_12th-Chemistry-II_0060,literature/code/BEnQA/data/BEnQA/12th-Chemistry-II.csv,60,12th,Chemistry-II,C,ai_assisted_review_pass_v1,0,0,,,0,1.044,3|3|3|2|4,3|3|3|2|4,3|3|3|2|4
414,benqa_ext_12th-Chemistry-II_0037,literature/code/BEnQA/data/BEnQA/12th-Chemistry-II.csv,37,12th,Chemistry-II,C,ai_assisted_review_warn_v1,0,1,,bangla_english_digit_mismatch,0,1.07,4|7|5|50|0|2463|3|7|7|4|14|8,4|7|5|50|0|2463|3|7|7|4|14|8,7|5|4|50|0|2463|3|7|7|4|14|8
415,benqa_ext_10th-Physics_0156,literature/code/BEnQA/data/BEnQA/10th-Physics.csv,156,10th,Physics,C,ai_assisted_review_pass_v1,0,0,,,0,1.181,,,
416,benqa_ext_10th-Biology_0145,literature/code/BEnQA/data/BEnQA/10th-Biology.csv,145,10th,Biology,C,ai_assisted_review_pass_v1,0,0,,,0,1.091,4|5|8|28,4|5|8|28,4|5|8|28
417,benqa_ext_12th-Biology-I_0204,literature/code/BEnQA/data/BEnQA/12th-Biology-I.csv,204,12th,Biology-I,B,ai_assisted_review_pass_v1,0,0,,,0,1.0,1|6|3,1|6|3,1|6|3
418,benqa_ext_8th-Math_0108,literature/code/BEnQA/data/BEnQA/8th-Math.csv,108,8th,Math,C,ai_assisted_review_pass_v1,0,0,,,0,1.062,5|40|8|13|16|21,5|40|8|13|16|21,5|40|8|13|16|21
419,benqa_ext_8th-Science_0191,literature/code/BEnQA/data/BEnQA/8th-Science.csv,191,8th,Science,A,ai_assisted_review_pass_v1,0,0,,,0,1.104,,,
420,benqa_ext_12th-Math-II_0031,literature/code/BEnQA/data/BEnQA/12th-Math-II.csv,31,12th,Math-II,D,ai_assisted_review_pass_v1,0,0,,,0,1.067,2|2|1|0|2|3|3|2|6|6,2|2|1|0|2|3|3|2|6|6,2|2|1|0|2|3|3|2|6|6
421,benqa_ext_12th-Physics-II_0033,literature/code/BEnQA/data/BEnQA/12th-Physics-II.csv,33,12th,Physics-II,A,ai_assisted_review_pass_v1,0,0,,,0,1.064,2|2,2|2,2|2
422,benqa_ext_8th-Math_0142,literature/code/BEnQA/data/BEnQA/8th-Math.csv,142,8th,Math,D,ai_assisted_review_pass_v1,0,0,,,0,1.011,18|3|2|27|2|45|3|9|2|2|9|2|9|2|9,18|3|2|27|2|45|3|9|2|2|9|2|9|2|9,18|3|2|27|2|45|3|9|2|2|9|2|9|2|9
423,benqa_ext_10th-Biology_0225,literature/code/BEnQA/data/BEnQA/10th-Biology.csv,225,10th,Biology,C,ai_assisted_review_pass_v1,0,0,,,0,1.055,,,
424,benqa_ext_12th-Biology-II_0069,literature/code/BEnQA/data/BEnQA/12th-Biology-II.csv,69,12th,Biology-II,C,ai_assisted_review_pass_v1,0,0,,,0,1.056,,,
425,benqa_ext_12th-Biology-II_0199,literature/code/BEnQA/data/BEnQA/12th-Biology-II.csv,199,12th,Biology-II,C,ai_assisted_review_warn_v1,0,1,,bangla_english_digit_mismatch,0,1.067,1|1|2|1|3|1|1|2,1|1|2|1|3|1|1|2,1|01|2|01|3|01|1|02
426,benqa_ext_12th-Biology-I_0188,literature/code/BEnQA/data/BEnQA/12th-Biology-I.csv,188,12th,Biology-I,D,ai_assisted_review_pass_v1,0,0,,,0,1.057,,,
427,benqa_ext_8th-Science_0119,literature/code/BEnQA/data/BEnQA/8th-Science.csv,119,8th,Science,C,ai_assisted_review_pass_v1,0,0,,,0,1.076,,,
428,benqa_ext_12th-Math-I_0121,literature/code/BEnQA/data/BEnQA/12th-Math-I.csv,121,12th,Math-I,A,ai_assisted_review_pass_v1,0,0,,,0,1.025,5|3|3|5|4|5|4|3|3|4|5|5|5|3,5|3|3|5|4|5|4|3|3|4|5|5|5|3,5|3|3|5|4|5|4|3|3|4|5|5|5|3
429,benqa_ext_12th-Biology-I_0016,literature/code/BEnQA/data/BEnQA/12th-Biology-I.csv,16,12th,Biology-I,A,ai_assisted_review_pass_v1,0,0,,,0,1.08,,,
430,benqa_ext_12th-Chemistry-I_0169,literature/code/BEnQA/data/BEnQA/12th-Chemistry-I.csv,169,12th,Chemistry-I,B,ai_assisted_review_pass_v1,0,0,,,0,1.103,,,
431,benqa_ext_12th-Biology-I_0025,literature/code/BEnQA/data/BEnQA/12th-Biology-I.csv,25,12th,Biology-I,B,ai_assisted_review_pass_v1,0,0,,,0,1.163,,,
432,benqa_ext_10th-Chemistry_0383,literature/code/BEnQA/data/BEnQA/10th-Chemistry.csv,383,10th,Chemistry,A,ai_assisted_review_pass_v1,0,0,,,0,0.967,,,
433,benqa_ext_12th-Chemistry-I_0050,literature/code/BEnQA/data/BEnQA/12th-Chemistry-I.csv,50,12th,Chemistry-I,A,ai_assisted_review_pass_v1,0,0,,,0,1.048,4|2|4|3|4|2|4|3,4|2|4|3|4|2|4|3,4|2|4|3|4|2|4|3
434,benqa_ext_12th-Physics-II_0253,literature/code/BEnQA/data/BEnQA/12th-Physics-II.csv,253,12th,Physics-II,C,ai_assisted_review_pass_v1,0,0,,,0,1.096,,,
435,benqa_ext_12th-Chemistry-I_0285,literature/code/BEnQA/data/BEnQA/12th-Chemistry-I.csv,285,12th,Chemistry-I,D,ai_assisted_review_pass_v1,0,0,,,0,1.035,2|2|2,2|2|2,2|2|2
436,benqa_ext_12th-Chemistry-II_0317,literature/code/BEnQA/data/BEnQA/12th-Chemistry-II.csv,317,12th,Chemistry-II,B,ai_assisted_review_warn_v1,0,1,,bangla_banglish_formulaish_token_mismatch,0,1.056,2|3|3|2|3|3|2,2|3|3|2|3|3|2,2|3|3|2|3|3|2
437,benqa_ext_12th-Biology-I_0043,literature/code/BEnQA/data/BEnQA/12th-Biology-I.csv,43,12th,Biology-I,A,ai_assisted_review_pass_v1,0,0,,,0,1.105,,,
438,benqa_ext_10th-Physics_0146,literature/code/BEnQA/data/BEnQA/10th-Physics.csv,146,10th,Physics,D,ai_assisted_review_pass_v1,0,0,,,0,1.064,40|15|40|20|15|10,40|15|40|20|15|10,40|15|40|20|15|10
439,benqa_ext_12th-Physics-I_0247,literature/code/BEnQA/data/BEnQA/12th-Physics-I.csv,247,12th,Physics-I,A,ai_assisted_review_pass_v1,0,0,,,0,1.046,0|30|60|90,0|30|60|90,0|30|60|90
440,benqa_ext_12th-Chemistry-II_0366,literature/code/BEnQA/data/BEnQA/12th-Chemistry-II.csv,366,12th,Chemistry-II,D,ai_assisted_review_pass_v1,0,0,,,0,1.032,4|2|3|4|5,4|2|3|4|5,4|2|3|4|5
441,benqa_ext_12th-Chemistry-II_0291,literature/code/BEnQA/data/BEnQA/12th-Chemistry-II.csv,291,12th,Chemistry-II,B,ai_assisted_review_warn_v1,0,1,,bangla_english_digit_mismatch,0,1.067,1|2|0|25|1|0|10|000,1|2|0|25|1|0|10|000,1|0|25|1|0|10|000
442,benqa_ext_12th-Physics-II_0311,literature/code/BEnQA/data/BEnQA/12th-Physics-II.csv,311,12th,Physics-II,B,ai_assisted_review_warn_v1,0,1,,bangla_english_digit_mismatch,0,1.074,0|2|1|2|1|74|4800|5800|6800|7200,0|2|1|2|1|74|4800|5800|6800|7200,1|2|0|2|1|74|4800|5800|6800|7200
443,benqa_ext_12th-Chemistry-I_0157,literature/code/BEnQA/data/BEnQA/12th-Chemistry-I.csv,157,12th,Chemistry-I,C,ai_assisted_review_pass_v1,0,0,,,0,1.138,,,
444,benqa_ext_10th-Chemistry_0082,literature/code/BEnQA/data/BEnQA/10th-Chemistry.csv,82,10th,Chemistry,A,ai_assisted_review_pass_v1,0,0,,,0,1.088,,,
445,benqa_ext_12th-Chemistry-II_0385,literature/code/BEnQA/data/BEnQA/12th-Chemistry-II.csv,385,12th,Chemistry-II,C,ai_assisted_review_pass_v1,0,0,,,0,1.033,10|100|500|6000,10|100|500|6000,10|100|500|6000
446,benqa_ext_8th-Science_0188,literature/code/BEnQA/data/BEnQA/8th-Science.csv,188,8th,Science,D,ai_assisted_review_pass_v1,0,0,,,0,1.078,2|8|5,2|8|5,2|8|5
447,benqa_ext_12th-Math-II_0172,literature/code/BEnQA/data/BEnQA/12th-Math-II.csv,172,12th,Math-II,B,ai_assisted_review_pass_v1,0,0,,,0,1.035,3|2|4|4|3|0|3|0|3|0|3|0,3|2|4|4|3|0|3|0|3|0|3|0,3|2|4|4|3|0|3|0|3|0|3|0
448,benqa_ext_12th-Biology-I_0157,literature/code/BEnQA/data/BEnQA/12th-Biology-I.csv,157,12th,Biology-I,A,ai_assisted_review_pass_v1,0,0,,,0,1.074,,,
449,benqa_ext_12th-Physics-I_0039,literature/code/BEnQA/data/BEnQA/12th-Physics-I.csv,39,12th,Physics-I,C,ai_assisted_review_pass_v1,0,0,,,0,1.105,,,
450,benqa_ext_12th-Physics-I_0148,literature/code/BEnQA/data/BEnQA/12th-Physics-I.csv,148,12th,Physics-I,D,ai_assisted_review_warn_v1,0,1,,bangla_english_digit_mismatch,0,1.036,1|1000|3600|600,1|1000|3600|600,1|1000|3600|600|600000
451,benqa_ext_12th-Biology-II_0201,literature/code/BEnQA/data/BEnQA/12th-Biology-II.csv,201,12th,Biology-II,C,ai_assisted_review_pass_v1,0,0,,,0,1.063,,,
452,benqa_ext_10th-Biology_0141,literature/code/BEnQA/data/BEnQA/10th-Biology.csv,141,10th,Biology,C,ai_assisted_review_warn_v1,0,1,,suspicious_romanization_pattern:\btb[a-z]+,0,1.041,,,
453,benqa_ext_12th-Physics-I_0021,literature/code/BEnQA/data/BEnQA/12th-Physics-I.csv,21,12th,Physics-I,A,ai_assisted_review_pass_v1,0,0,,,0,1.037,1|2|1|2|1|2|1|2|1|4|1,1|2|1|2|1|2|1|2|1|4|1,1|2|1|2|1|2|1|2|1|4|1
454,benqa_ext_12th-Biology-I_0253,literature/code/BEnQA/data/BEnQA/12th-Biology-I.csv,253,12th,Biology-I,D,ai_assisted_review_pass_v1,0,0,,,0,1.053,,,
455,benqa_ext_12th-Chemistry-I_0063,literature/code/BEnQA/data/BEnQA/12th-Chemistry-I.csv,63,12th,Chemistry-I,A,ai_assisted_review_warn_v1,0,1,,bangla_english_digit_mismatch,0,1.064,1|05|10|34|2|11|10|34|3|16|10|34|4|22|10|34,1|05|10|34|2|11|10|34|3|16|10|34|4|22|10|34,1|05|10|34|2|11|10|34|3|16|10|34|4|22|10|24
456,benqa_ext_12th-Physics-I_0205,literature/code/BEnQA/data/BEnQA/12th-Physics-I.csv,205,12th,Physics-I,D,ai_assisted_review_warn_v1,0,1,,bangla_english_digit_mismatch,0,1.086,15|200|10|9|8|2|29|40|292|04|294|00|295|96,15|200|10|9|8|2|29|40|292|04|294|00|295|96,200|15|10|9|8|2|29|40|292|04|294|00|295|96
457,benqa_ext_10th-Physics_0307,literature/code/BEnQA/data/BEnQA/10th-Physics.csv,307,10th,Physics,C,ai_assisted_review_warn_v1,0,1,,bangla_english_digit_mismatch,0,1.082,2|2|36|4|2|4|9|2|8|2|9|8|2,2|2|36|4|2|4|9|2|8|2|9|8|2,2|36|3|4|2|4|9|2|8|2|9|8|2
458,benqa_ext_10th-Chemistry_0328,literature/code/BEnQA/data/BEnQA/10th-Chemistry.csv,328,10th,Chemistry,B,ai_assisted_review_pass_v1,0,0,,,0,1.094,3|10|13|16|27,3|10|13|16|27,3|10|13|16|27
459,benqa_ext_10th-Physics_0194,literature/code/BEnQA/data/BEnQA/10th-Physics.csv,194,10th,Physics,B,ai_assisted_review_pass_v1,0,0,,,0,1.065,,,
460,benqa_ext_12th-Chemistry-II_0308,literature/code/BEnQA/data/BEnQA/12th-Chemistry-II.csv,308,12th,Chemistry-II,D,ai_assisted_review_pass_v1,0,0,,,0,1.021,10|3|3|5|583|10|3|6|589|10|3|7|589|10|2|7|589|10|3,10|3|3|5|583|10|3|6|589|10|3|7|589|10|2|7|589|10|3,10|3|3|5|583|10|3|6|589|10|3|7|589|10|2|7|589|10|3
461,benqa_ext_12th-Chemistry-I_0357,literature/code/BEnQA/data/BEnQA/12th-Chemistry-I.csv,357,12th,Chemistry-I,B,ai_assisted_review_pass_v1,0,0,,,0,1.083,3|5|10|4|3|55|10|54|12|55|13|54,3|5|10|4|3|55|10|54|12|55|13|54,3|5|10|4|3|55|10|54|12|55|13|54
462,benqa_ext_12th-Chemistry-II_0284,literature/code/BEnQA/data/BEnQA/12th-Chemistry-II.csv,284,12th,Chemistry-II,B,ai_assisted_review_pass_v1,0,0,,,0,1.016,,,
463,benqa_ext_10th-Biology_0102,literature/code/BEnQA/data/BEnQA/10th-Biology.csv,102,10th,Biology,A,ai_assisted_review_pass_v1,0,0,,,0,1.062,,,
464,benqa_ext_10th-Physics_0255,literature/code/BEnQA/data/BEnQA/10th-Physics.csv,255,10th,Physics,B,ai_assisted_review_pass_v1,0,0,,,0,1.086,,,
465,benqa_ext_12th-Chemistry-II_0017,literature/code/BEnQA/data/BEnQA/12th-Chemistry-II.csv,17,12th,Chemistry-II,B,ai_assisted_review_warn_v1,0,1,,bangla_english_digit_mismatch,0,1.098,3|0|1|108|10|8|1|08|0|108,3|0|1|108|10|8|1|08|0|108,0|1|3|108|10|8|1|08|0|108
466,benqa_ext_10th-Biology_0179,literature/code/BEnQA/data/BEnQA/10th-Biology.csv,179,10th,Biology,C,ai_assisted_review_pass_v1,0,0,,,0,1.076,2|4|6|8,2|4|6|8,2|4|6|8
467,benqa_ext_12th-Biology-I_0207,literature/code/BEnQA/data/BEnQA/12th-Biology-I.csv,207,12th,Biology-I,B,ai_assisted_review_warn_v1,0,2,,bangla_english_digit_mismatch;bangla_banglish_formulaish_token_mismatch,0,1.074,1|1|10|20|30|40|30|50|90|95,1|1|10|20|30|40|30|50|90|95,1|10|20|30|40|30|50|90|95
468,benqa_ext_12th-Biology-II_0173,literature/code/BEnQA/data/BEnQA/12th-Biology-II.csv,173,12th,Biology-II,A,ai_assisted_review_pass_v1,0,0,,,0,1.084,,,
469,benqa_ext_10th-Chemistry_0366,literature/code/BEnQA/data/BEnQA/10th-Chemistry.csv,366,10th,Chemistry,D,ai_assisted_review_pass_v1,0,0,,,0,1.025,3|6|4|10|5|8,3|6|4|10|5|8,3|6|4|10|5|8
470,benqa_ext_10th-Math-II_0287,literature/code/BEnQA/data/BEnQA/10th-Math-II.csv,287,10th,Math-II,A,ai_assisted_review_pass_v1,0,0,,,0,1.114,320,320,320
471,benqa_ext_10th-Math_0372,literature/code/BEnQA/data/BEnQA/10th-Math.csv,372,10th,Math,C,ai_assisted_review_warn_v1,0,1,,bangla_banglish_formulaish_token_mismatch,0,1.046,1|2|3|4,1|2|3|4,1|2|3|4
472,benqa_ext_8th-Math_0154,literature/code/BEnQA/data/BEnQA/8th-Math.csv,154,8th,Math,B,ai_assisted_review_warn_v1,0,1,,english_duplicate_option_text,0,1.034,,,
473,benqa_ext_12th-Physics-II_0098,literature/code/BEnQA/data/BEnQA/12th-Physics-II.csv,98,12th,Physics-II,B,ai_assisted_review_pass_v1,0,0,,,0,1.036,,,
474,benqa_ext_12th-Math-I_0283,literature/code/BEnQA/data/BEnQA/12th-Math-I.csv,283,12th,Math-I,D,ai_assisted_review_pass_v1,0,0,,,0,1.086,,,
475,benqa_ext_10th-Math_0207,literature/code/BEnQA/data/BEnQA/10th-Math.csv,207,10th,Math,A,ai_assisted_review_pass_v1,0,0,,,0,1.08,3|7|131|95|188|50|197|95|395|84,3|7|131|95|188|50|197|95|395|84,3|7|131|95|188|50|197|95|395|84
476,benqa_ext_10th-Chemistry_0288,literature/code/BEnQA/data/BEnQA/10th-Chemistry.csv,288,10th,Chemistry,C,ai_assisted_review_pass_v1,0,0,,,0,1.127,,,
477,benqa_ext_12th-Biology-II_0085,literature/code/BEnQA/data/BEnQA/12th-Biology-II.csv,85,12th,Biology-II,B,ai_assisted_review_pass_v1,0,0,,,0,1.056,,,
478,benqa_ext_12th-Math-I_0178,literature/code/BEnQA/data/BEnQA/12th-Math-I.csv,178,12th,Math-I,A,ai_assisted_review_pass_v1,0,0,,,0,1.085,3|4|3|0|3|0|4|0|4|0,3|4|3|0|3|0|4|0|4|0,3|4|3|0|3|0|4|0|4|0
479,benqa_ext_10th-Biology_0305,literature/code/BEnQA/data/BEnQA/10th-Biology.csv,305,10th,Biology,A,ai_assisted_review_pass_v1,0,0,,,0,1.192,,,
480,benqa_ext_10th-Physics_0140,literature/code/BEnQA/data/BEnQA/10th-Physics.csv,140,10th,Physics,B,ai_assisted_review_pass_v1,0,0,,,0,1.058,1,1,1
481,benqa_ext_12th-Biology-I_0254,literature/code/BEnQA/data/BEnQA/12th-Biology-I.csv,254,12th,Biology-I,B,ai_assisted_review_pass_v1,0,0,,,0,0.984,,,
482,benqa_ext_12th-Math-II_0264,literature/code/BEnQA/data/BEnQA/12th-Math-II.csv,264,12th,Math-II,B,ai_assisted_review_pass_v1,0,0,,,0,0.989,1|0|1|2|1|1|2,1|0|1|2|1|1|2,1|0|1|2|1|1|2
483,benqa_ext_12th-Physics-II_0259,literature/code/BEnQA/data/BEnQA/12th-Physics-II.csv,259,12th,Physics-II,B,ai_assisted_review_pass_v1,0,0,,,0,1.054,0|24|2|0|24|2|0|24|0|24|2,0|24|2|0|24|2|0|24|0|24|2,0|24|2|0|24|2|0|24|0|24|2
484,benqa_ext_12th-Biology-II_0107,literature/code/BEnQA/data/BEnQA/12th-Biology-II.csv,107,12th,Biology-II,A,ai_assisted_review_pass_v1,0,0,,,0,0.938,,,
485,benqa_ext_10th-Chemistry_0056,literature/code/BEnQA/data/BEnQA/10th-Chemistry.csv,56,10th,Chemistry,C,ai_assisted_review_pass_v1,0,0,,,0,1.047,2|2|2|1|1|2|1|2|1|2|1|2|2|1|1,2|2|2|1|1|2|1|2|1|2|1|2|2|1|1,2|2|2|1|1|2|1|2|1|2|1|2|2|1|1
486,benqa_ext_10th-Physics_0073,literature/code/BEnQA/data/BEnQA/10th-Physics.csv,73,10th,Physics,D,ai_assisted_review_pass_v1,0,0,,,0,1.071,2,2,2
487,benqa_ext_10th-Physics_0208,literature/code/BEnQA/data/BEnQA/10th-Physics.csv,208,10th,Physics,A,ai_assisted_review_pass_v1,0,0,,,0,1.082,,,
488,benqa_ext_10th-Biology_0298,literature/code/BEnQA/data/BEnQA/10th-Biology.csv,298,10th,Biology,B,ai_assisted_review_pass_v1,0,0,,,0,1.047,,,
489,benqa_ext_12th-Biology-II_0155,literature/code/BEnQA/data/BEnQA/12th-Biology-II.csv,155,12th,Biology-II,C,ai_assisted_review_pass_v1,0,0,,,0,1.012,,,
490,benqa_ext_12th-Chemistry-I_0127,literature/code/BEnQA/data/BEnQA/12th-Chemistry-I.csv,127,12th,Chemistry-I,C,ai_assisted_review_pass_v1,0,0,,,0,1.171,,,
491,benqa_ext_12th-Chemistry-II_0167,literature/code/BEnQA/data/BEnQA/12th-Chemistry-II.csv,167,12th,Chemistry-II,B,ai_assisted_review_pass_v1,0,0,,,0,1.0,2|2,2|2,2|2
492,benqa_ext_10th-Biology_0227,literature/code/BEnQA/data/BEnQA/10th-Biology.csv,227,10th,Biology,D,ai_assisted_review_pass_v1,0,0,,,0,1.192,2|4|8|16,2|4|8|16,2|4|8|16
493,benqa_ext_10th-Physics_0182,literature/code/BEnQA/data/BEnQA/10th-Physics.csv,182,10th,Physics,D,ai_assisted_review_pass_v1,0,0,,,0,1.081,4|100|2513|800|400,4|100|2513|800|400,4|100|2513|800|400
494,benqa_ext_12th-Biology-II_0127,literature/code/BEnQA/data/BEnQA/12th-Biology-II.csv,127,12th,Biology-II,B,ai_assisted_review_pass_v1,0,0,,,0,1.093,,,
495,benqa_ext_12th-Physics-II_0238,literature/code/BEnQA/data/BEnQA/12th-Physics-II.csv,238,12th,Physics-II,A,ai_assisted_review_pass_v1,0,0,,,0,1.016,,,
496,benqa_ext_12th-Math-I_0105,literature/code/BEnQA/data/BEnQA/12th-Math-I.csv,105,12th,Math-I,B,ai_assisted_review_warn_v1,0,1,,bangla_english_digit_mismatch,0,1.022,3|1|8|0|2|5|8|5|2,3|1|8|0|2|5|8|5|2,8|0|3|1|2|5|8|5|2
497,benqa_ext_12th-Physics-I_0204,literature/code/BEnQA/data/BEnQA/12th-Physics-I.csv,204,12th,Physics-I,D,ai_assisted_review_pass_v1,0,0,,,0,1.105,2|5|2|10|2|10|25|50|100,2|5|2|10|2|10|25|50|100,2|5|2|10|2|10|25|50|100
498,benqa_ext_12th-Chemistry-I_0280,literature/code/BEnQA/data/BEnQA/12th-Chemistry-I.csv,280,12th,Chemistry-I,A,ai_assisted_review_pass_v1,0,0,,,0,1.055,,,
499,benqa_ext_12th-Physics-II_0090,literature/code/BEnQA/data/BEnQA/12th-Physics-II.csv,90,12th,Physics-II,B,ai_assisted_review_pass_v1,0,0,,,0,1.124,,,
500,benqa_ext_8th-Science_0154,literature/code/BEnQA/data/BEnQA/8th-Science.csv,154,8th,Science,C,ai_assisted_review_pass_v1,0,0,,,0,1.032,,,
501,benqa_ext_12th-Biology-I_0298,literature/code/BEnQA/data/BEnQA/12th-Biology-I.csv,298,12th,Biology-I,A,ai_assisted_review_pass_v1,0,0,,,0,1.013,,,
502,benqa_ext_10th-Physics_0035,literature/code/BEnQA/data/BEnQA/10th-Physics.csv,35,10th,Physics,C,ai_assisted_review_pass_v1,0,0,,,0,1.033,2|3|1|2|1,2|3|1|2|1,2|3|1|2|1
503,benqa_ext_12th-Physics-I_0163,literature/code/BEnQA/data/BEnQA/12th-Physics-I.csv,163,12th,Physics-I,D,ai_assisted_review_pass_v1,0,0,,,0,1.162,0|01|2|0|1|0|02|0|42|2|4|4|2|24,0|01|2|0|1|0|02|0|42|2|4|4|2|24,0|01|2|0|1|0|02|0|42|2|4|4|2|24
504,benqa_ext_12th-Chemistry-II_0048,literature/code/BEnQA/data/BEnQA/12th-Chemistry-II.csv,48,12th,Chemistry-II,C,ai_assisted_review_pass_v1,0,0,,,0,1.076,3,3,3
505,benqa_ext_10th-Math-II_0239,literature/code/BEnQA/data/BEnQA/10th-Math-II.csv,239,10th,Math-II,A,ai_assisted_review_warn_v1,0,2,,bangla_english_digit_mismatch;bangla_banglish_formulaish_token_mismatch,0,1.058,1|6|7|3|15|2|200,1|6|7|3|15|2|200,1|6|7|15|2|200
506,benqa_ext_8th-Math_0074,literature/code/BEnQA/data/BEnQA/8th-Math.csv,74,8th,Math,C,ai_assisted_review_warn_v1,0,1,,bangla_english_digit_mismatch,0,1.096,5|15|000|1|4|3|4|5|6,5|15|000|1|4|3|4|5|6,5|15|000|1|4|1|000|1|200|10|000|12|000
507,benqa_ext_12th-Chemistry-I_0299,literature/code/BEnQA/data/BEnQA/12th-Chemistry-I.csv,299,12th,Chemistry-I,A,ai_assisted_review_pass_v1,0,0,,,0,1.154,,,
508,benqa_ext_10th-Chemistry_0149,literature/code/BEnQA/data/BEnQA/10th-Chemistry.csv,149,10th,Chemistry,B,ai_assisted_review_pass_v1,0,0,,,0,1.143,,,0
509,benqa_ext_12th-Math-I_0143,literature/code/BEnQA/data/BEnQA/12th-Math-I.csv,143,12th,Math-I,C,ai_assisted_review_pass_v1,0,0,,,0,1.014,4|1|8|1|1|2|1|3|1|4|1|3,4|1|8|1|1|2|1|3|1|4|1|3,4|1|8|1|1|2|1|3|1|4|1|3
510,benqa_ext_10th-Biology_0252,literature/code/BEnQA/data/BEnQA/10th-Biology.csv,252,10th,Biology,B,ai_assisted_review_pass_v1,0,0,,,0,1.032,,,
511,benqa_ext_12th-Physics-II_0296,literature/code/BEnQA/data/BEnQA/12th-Physics-II.csv,296,12th,Physics-II,C,ai_assisted_review_pass_v1,0,0,,,0,1.081,,,
512,benqa_ext_12th-Math-I_0011,literature/code/BEnQA/data/BEnQA/12th-Math-I.csv,11,12th,Math-I,C,ai_assisted_review_pass_v1,0,0,,,0,0.996,3|6|2|4|4|1|8|2|4|1|2|3|4|10|2|5,3|6|2|4|4|1|8|2|4|1|2|3|4|10|2|5,3|6|2|4|4|1|8|2|4|1|2|3|4|10|2|5
513,benqa_ext_12th-Math-I_0348,literature/code/BEnQA/data/BEnQA/12th-Math-I.csv,348,12th,Math-I,D,ai_assisted_review_pass_v1,0,0,,,0,1.037,,,
514,benqa_ext_8th-Math_0120,literature/code/BEnQA/data/BEnQA/8th-Math.csv,120,8th,Math,D,ai_assisted_review_pass_v1,0,0,,,0,1.052,225|15|30|45|60,225|15|30|45|60,225|15|30|45|60
515,benqa_ext_12th-Math-I_0160,literature/code/BEnQA/data/BEnQA/12th-Math-I.csv,160,12th,Math-I,A,ai_assisted_review_pass_v1,0,0,,,0,1.014,10|0|10|10|9|10,10|0|10|10|9|10,10|0|10|10|9|10
516,benqa_ext_12th-Math-II_0328,literature/code/BEnQA/data/BEnQA/12th-Math-II.csv,328,12th,Math-II,C,ai_assisted_review_pass_v1,0,0,,,0,1.059,3|5|3|2|2|34|43,3|5|3|2|2|34|43,3|5|3|2|2|34|43
517,benqa_ext_12th-Physics-II_0268,literature/code/BEnQA/data/BEnQA/12th-Physics-II.csv,268,12th,Physics-II,D,ai_assisted_review_pass_v1,0,0,,,0,1.061,1|2|1|4|2|1|4|1,1|2|1|4|2|1|4|1,1|2|1|4|2|1|4|1
518,benqa_ext_12th-Chemistry-I_0336,literature/code/BEnQA/data/BEnQA/12th-Chemistry-I.csv,336,12th,Chemistry-I,D,ai_assisted_review_pass_v1,0,0,,,0,1.032,4|2|2|2|2|2,4|2|2|2|2|2,4|2|2|2|2|2
519,benqa_ext_12th-Physics-I_0299,literature/code/BEnQA/data/BEnQA/12th-Physics-I.csv,299,12th,Physics-I,C,ai_assisted_review_pass_v1,0,0,,,0,1.088,,,
520,benqa_ext_12th-Chemistry-II_0362,literature/code/BEnQA/data/BEnQA/12th-Chemistry-II.csv,362,12th,Chemistry-II,B,ai_assisted_review_warn_v1,0,1,,bangla_english_digit_mismatch,0,1.031,2|1|1|2|2,2|1|1|2|2,2|1|2|2
521,benqa_ext_8th-Math_0084,literature/code/BEnQA/data/BEnQA/8th-Math.csv,84,8th,Math,C,ai_assisted_review_warn_v1,0,1,,bangla_english_digit_mismatch,0,1.062,8|12|16|17|20|11|5|14|5|16|18,8|12|16|17|20|11|5|14|5|16|18,18|25|10|14|12|19|11|5|14|5|16|18
522,benqa_ext_10th-Physics_0242,literature/code/BEnQA/data/BEnQA/10th-Physics.csv,242,10th,Physics,A,ai_assisted_review_pass_v1,0,0,,,0,1.096,,,
523,benqa_ext_12th-Chemistry-II_0094,literature/code/BEnQA/data/BEnQA/12th-Chemistry-II.csv,94,12th,Chemistry-II,D,ai_assisted_review_pass_v1,0,0,,,0,1.066,0|25|273|273,0|25|273|273,0|25|273|273
524,benqa_ext_8th-Science_0034,literature/code/BEnQA/data/BEnQA/8th-Science.csv,34,8th,Science,A,ai_assisted_review_pass_v1,0,0,,,0,1.103,,,
525,benqa_ext_10th-Math-II_0288,literature/code/BEnQA/data/BEnQA/10th-Math-II.csv,288,10th,Math-II,B,ai_assisted_review_pass_v1,0,0,,,0,1.038,4|2|2|1|1|2,4|2|2|1|1|2,4|2|2|1|1|2
526,benqa_ext_12th-Physics-I_0097,literature/code/BEnQA/data/BEnQA/12th-Physics-I.csv,97,12th,Physics-I,C,ai_assisted_review_pass_v1,0,0,,,0,1.036,1|2|1,1|2|1,1|2|1
527,benqa_ext_12th-Physics-I_0274,literature/code/BEnQA/data/BEnQA/12th-Physics-I.csv,274,12th,Physics-I,B,ai_assisted_review_pass_v1,0,0,,,0,1.058,2|3|48|19|51|88|81|84|84|53,2|3|48|19|51|88|81|84|84|53,2|3|48|19|51|88|81|84|84|53
528,benqa_ext_12th-Biology-II_0261,literature/code/BEnQA/data/BEnQA/12th-Biology-II.csv,261,12th,Biology-II,C,ai_assisted_review_warn_v1,0,3,,bangla_duplicate_option_text;banglish_duplicate_option_text;english_duplicate_option_text,0,1.013,,,
529,benqa_ext_12th-Physics-II_0004,literature/code/BEnQA/data/BEnQA/12th-Physics-II.csv,4,12th,Physics-II,C,ai_assisted_review_pass_v1,0,0,,,0,1.08,72|40|60|862|5|287|5|287|5,72|40|60|862|5|287|5|287|5,72|40|60|862|5|287|5|287|5
530,benqa_ext_10th-Math-II_0181,literature/code/BEnQA/data/BEnQA/10th-Math-II.csv,181,10th,Math-II,D,ai_assisted_review_pass_v1,0,0,,,0,1.034,2|1|2|1|2|4|1|1|4,2|1|2|1|2|4|1|1|4,2|1|2|1|2|4|1|1|4
531,benqa_ext_12th-Chemistry-I_0133,literature/code/BEnQA/data/BEnQA/12th-Chemistry-I.csv,133,12th,Chemistry-I,B,ai_assisted_review_pass_v1,0,0,,,0,1.021,3|3|2|3|3|4|4|3|3,3|3|2|3|3|4|4|3|3,3|3|2|3|3|4|4|3|3
532,benqa_ext_10th-Math_0160,literature/code/BEnQA/data/BEnQA/10th-Math.csv,160,10th,Math,C,ai_assisted_review_warn_v1,0,1,,bangla_banglish_formulaish_token_mismatch,0,1.097,8|12|37|7|50|27|301|59|603|19,8|12|37|7|50|27|301|59|603|19,8|12|37|7|50|27|301|59|603|19
533,benqa_ext_12th-Biology-I_0192,literature/code/BEnQA/data/BEnQA/12th-Biology-I.csv,192,12th,Biology-I,B,ai_assisted_review_warn_v1,0,1,,bangla_english_digit_mismatch,0,1.031,1|8|12|24|30,1|8|12|24|30,8|12|24|30
534,benqa_ext_10th-Chemistry_0341,literature/code/BEnQA/data/BEnQA/10th-Chemistry.csv,341,10th,Chemistry,D,ai_assisted_review_pass_v1,0,0,,,0,1.089,11|14|17|2|4|12|14,11|14|17|2|4|12|14,11|14|17|2|4|12|14
535,benqa_ext_12th-Biology-I_0203,literature/code/BEnQA/data/BEnQA/12th-Biology-I.csv,203,12th,Biology-I,C,ai_assisted_review_pass_v1,0,0,,,0,1.036,1|6|3,1|6|3,1|6|3
536,benqa_ext_12th-Chemistry-I_0267,literature/code/BEnQA/data/BEnQA/12th-Chemistry-I.csv,267,12th,Chemistry-I,C,ai_assisted_review_warn_v1,0,1,,bangla_english_digit_mismatch,0,1.015,25|150|50|100|75|50|25,25|150|50|100|75|50|25,50|150|25|100|75|50|25
537,benqa_ext_12th-Physics-I_0031,literature/code/BEnQA/data/BEnQA/12th-Physics-I.csv,31,12th,Physics-I,A,ai_assisted_review_pass_v1,0,0,,,0,1.183,,,
538,benqa_ext_10th-Biology_0334,literature/code/BEnQA/data/BEnQA/10th-Biology.csv,334,10th,Biology,A,ai_assisted_review_pass_v1,0,0,,,0,1.046,,,
539,benqa_ext_12th-Math-I_0241,literature/code/BEnQA/data/BEnQA/12th-Math-I.csv,241,12th,Math-I,B,ai_assisted_review_pass_v1,0,0,,,0,0.978,3|270|3|0|0|3|3|3|0|0,3|270|3|0|0|3|3|3|0|0,3|270|3|0|0|3|3|3|0|0
540,benqa_ext_10th-Chemistry_0201,literature/code/BEnQA/data/BEnQA/10th-Chemistry.csv,201,10th,Chemistry,C,ai_assisted_review_pass_v1,0,0,,,0,1.034,2|4,2|4,2|4
541,benqa_ext_12th-Chemistry-II_0173,literature/code/BEnQA/data/BEnQA/12th-Chemistry-II.csv,173,12th,Chemistry-II,A,ai_assisted_review_pass_v1,0,0,,,0,1.027,3|2|2|4,3|2|2|4,3|2|2|4
542,benqa_ext_12th-Biology-II_0081,literature/code/BEnQA/data/BEnQA/12th-Biology-II.csv,81,12th,Biology-II,A,ai_assisted_review_pass_v1,0,0,,,0,1.014,,,
543,benqa_ext_10th-Physics_0041,literature/code/BEnQA/data/BEnQA/10th-Physics.csv,41,10th,Physics,A,ai_assisted_review_pass_v1,0,0,,,0,1.036,,,
544,benqa_ext_10th-Chemistry_0386,literature/code/BEnQA/data/BEnQA/10th-Chemistry.csv,386,10th,Chemistry,A,ai_assisted_review_pass_v1,0,0,,,0,1.038,9|110|10|28|1|675|10|24|1|673|10|24|1|66|10|24,9|110|10|28|1|675|10|24|1|673|10|24|1|66|10|24,9|110|10|28|1|675|10|24|1|673|10|24|1|66|10|24
545,benqa_ext_12th-Biology-I_0106,literature/code/BEnQA/data/BEnQA/12th-Biology-I.csv,106,12th,Biology-I,A,ai_assisted_review_pass_v1,0,0,,,0,1.058,,,
546,benqa_ext_12th-Physics-II_0108,literature/code/BEnQA/data/BEnQA/12th-Physics-II.csv,108,12th,Physics-II,C,ai_assisted_review_pass_v1,0,0,,,0,1.095,0|45|90|180,0|45|90|180,0|45|90|180
547,benqa_ext_10th-Chemistry_0104,literature/code/BEnQA/data/BEnQA/10th-Chemistry.csv,104,10th,Chemistry,D,ai_assisted_review_pass_v1,0,0,,,0,1.068,,,
548,benqa_ext_10th-Math_0107,literature/code/BEnQA/data/BEnQA/10th-Math.csv,107,10th,Math,B,ai_assisted_review_pass_v1,0,0,,,0,1.036,20|01|05|04|05|06|05|05|04,20|01|05|04|05|06|05|05|04,20|01|05|04|05|06|05|05|04
549,benqa_ext_12th-Math-I_0052,literature/code/BEnQA/data/BEnQA/12th-Math-I.csv,52,12th,Math-I,D,ai_assisted_review_pass_v1,0,0,,,0,1.069,0|0|0|0,0|0|0|0,0|0|0|0
550,benqa_ext_12th-Chemistry-I_0153,literature/code/BEnQA/data/BEnQA/12th-Chemistry-I.csv,153,12th,Chemistry-I,C,ai_assisted_review_pass_v1,0,0,,,0,1.107,,,
551,benqa_ext_12th-Chemistry-II_0191,literature/code/BEnQA/data/BEnQA/12th-Chemistry-II.csv,191,12th,Chemistry-II,D,ai_assisted_review_pass_v1,0,0,,,0,0.992,3|2|2|3|2|3|4|2|2,3|2|2|3|2|3|4|2|2,3|2|2|3|2|3|4|2|2
552,benqa_ext_12th-Math-I_0065,literature/code/BEnQA/data/BEnQA/12th-Math-I.csv,65,12th,Math-I,B,ai_assisted_review_pass_v1,0,0,,,0,1.008,10|5|10|5|10|10|5|5|10|5|10|5|10|10|5|10,10|5|10|5|10|10|5|5|10|5|10|5|10|10|5|10,10|5|10|5|10|10|5|5|10|5|10|5|10|10|5|10
553,benqa_ext_10th-Math-II_0337,literature/code/BEnQA/data/BEnQA/10th-Math-II.csv,337,10th,Math-II,D,ai_assisted_review_pass_v1,0,0,,,0,1.033,1|3|2|3|2|5|6|2|1|4|3|2,1|3|2|3|2|5|6|2|1|4|3|2,1|3|2|3|2|5|6|2|1|4|3|2
554,benqa_ext_12th-Physics-I_0296,literature/code/BEnQA/data/BEnQA/12th-Physics-I.csv,296,12th,Physics-I,C,ai_assisted_review_warn_v1,0,1,,suspicious_romanization_pattern:\btb[a-z]+,0,1.016,1|1|2|1|2,1|1|2|1|2,1|1|2|1|2
555,benqa_ext_12th-Chemistry-I_0001,literature/code/BEnQA/data/BEnQA/12th-Chemistry-I.csv,1,12th,Chemistry-I,A,ai_assisted_review_pass_v1,0,0,,,0,1.06,,,
556,benqa_ext_10th-Biology_0054,literature/code/BEnQA/data/BEnQA/10th-Biology.csv,54,10th,Biology,C,ai_assisted_review_pass_v1,0,0,,,0,1.092,,,
557,benqa_ext_12th-Physics-II_0308,literature/code/BEnQA/data/BEnQA/12th-Physics-II.csv,308,12th,Physics-II,C,ai_assisted_review_pass_v1,0,0,,,0,1.104,,,
558,benqa_ext_12th-Physics-II_0165,literature/code/BEnQA/data/BEnQA/12th-Physics-II.csv,165,12th,Physics-II,C,ai_assisted_review_pass_v1,0,0,,,0,1.092,1|5|5|25|50,1|5|5|25|50,1|5|5|25|50
559,benqa_ext_10th-Physics_0237,literature/code/BEnQA/data/BEnQA/10th-Physics.csv,237,10th,Physics,D,ai_assisted_review_pass_v1,0,0,,,0,1.015,,,
560,benqa_ext_10th-Math-II_0231,literature/code/BEnQA/data/BEnQA/10th-Math-II.csv,231,10th,Math-II,B,ai_assisted_review_pass_v1,0,0,,,0,1.018,2|30|45|60|90,2|30|45|60|90,2|30|45|60|90
561,benqa_ext_8th-Science_0144,literature/code/BEnQA/data/BEnQA/8th-Science.csv,144,8th,Science,A,ai_assisted_review_pass_v1,0,0,,,0,1.095,,,
562,benqa_ext_10th-Math_0140,literature/code/BEnQA/data/BEnQA/10th-Math.csv,140,10th,Math,B,ai_assisted_review_pass_v1,0,0,,,0,1.121,,,
563,benqa_ext_12th-Physics-I_0103,literature/code/BEnQA/data/BEnQA/12th-Physics-I.csv,103,12th,Physics-I,B,ai_assisted_review_pass_v1,0,0,,,0,1.031,,,
564,benqa_ext_12th-Physics-II_0326,literature/code/BEnQA/data/BEnQA/12th-Physics-II.csv,326,12th,Physics-II,B,ai_assisted_review_warn_v1,0,1,,bangla_english_digit_mismatch,0,1.068,100|300|400|780|1000|1200|5000|10|000,100|300|400|780|1000|1200|5000|10|000,100|300|400|780|1000|1200|5000|10000
565,benqa_ext_10th-Math_0012,literature/code/BEnQA/data/BEnQA/10th-Math.csv,12,10th,Math,C,ai_assisted_review_pass_v1,0,0,,,0,1.054,0|3|3|33|100|33|90|33|99|30|90,0|3|3|33|100|33|90|33|99|30|90,0|3|3|33|100|33|90|33|99|30|90
566,benqa_ext_12th-Physics-I_0219,literature/code/BEnQA/data/BEnQA/12th-Physics-I.csv,219,12th,Physics-I,B,ai_assisted_review_warn_v1,0,1,,bangla_english_digit_mismatch,0,1.027,1|2|1|1|1|2|1|2|1|1|2,1|2|1|1|1|2|1|2|1|1|2,1|2|1|1|1|2|1|2|2|1|2
567,benqa_ext_12th-Physics-I_0110,literature/code/BEnQA/data/BEnQA/12th-Physics-I.csv,110,12th,Physics-I,A,ai_assisted_review_pass_v1,0,0,,,0,1.034,0|09|3|1|84|1|2|84|1|3|38|1|4|00|1,0|09|3|1|84|1|2|84|1|3|38|1|4|00|1,0|09|3|1|84|1|2|84|1|3|38|1|4|00|1
568,benqa_ext_12th-Biology-II_0044,literature/code/BEnQA/data/BEnQA/12th-Biology-II.csv,44,12th,Biology-II,D,ai_assisted_review_pass_v1,0,0,,,0,0.99,,,
569,benqa_ext_12th-Biology-I_0169,literature/code/BEnQA/data/BEnQA/12th-Biology-I.csv,169,12th,Biology-I,C,ai_assisted_review_warn_v1,0,1,,bangla_banglish_formulaish_token_mismatch,0,0.974,1,1,
570,benqa_ext_8th-Science_0002,literature/code/BEnQA/data/BEnQA/8th-Science.csv,2,8th,Science,C,ai_assisted_review_pass_v1,0,0,,,0,1.01,,,
571,benqa_ext_10th-Physics_0249,literature/code/BEnQA/data/BEnQA/10th-Physics.csv,249,10th,Physics,B,ai_assisted_review_pass_v1,0,0,,,0,1.0,10|6|10|9|10|6|10|9,10|6|10|9|10|6|10|9,10|6|10|9|10|6|10|9
572,benqa_ext_12th-Chemistry-I_0231,literature/code/BEnQA/data/BEnQA/12th-Chemistry-I.csv,231,12th,Chemistry-I,C,ai_assisted_review_pass_v1,0,0,,,0,1.036,2|109|107|92|72,2|109|107|92|72,2|109|107|92|72
573,benqa_ext_12th-Math-I_0153,literature/code/BEnQA/data/BEnQA/12th-Math-I.csv,153,12th,Math-I,C,ai_assisted_review_warn_v1,0,1,,bangla_english_digit_mismatch,0,1.016,7|7|5|6|6|7|0|30,7|7|5|6|6|7|0|30,7|7|5|6|61|71|0|30
574,benqa_ext_12th-Biology-I_0300,literature/code/BEnQA/data/BEnQA/12th-Biology-I.csv,300,12th,Biology-I,C,ai_assisted_review_pass_v1,0,0,,,0,1.075,,,
575,benqa_ext_12th-Chemistry-II_0039,literature/code/BEnQA/data/BEnQA/12th-Chemistry-II.csv,39,12th,Chemistry-II,A,ai_assisted_review_pass_v1,0,0,,,0,1.02,9|0|6|023|10|23|3|0115|10|23|6|023|10|21|12|046|10|23,9|0|6|023|10|23|3|0115|10|23|6|023|10|21|12|046|10|23,9|0|6|023|10|23|3|0115|10|23|6|023|10|21|12|046|10|23
576,benqa_ext_12th-Math-I_0180,literature/code/BEnQA/data/BEnQA/12th-Math-I.csv,180,12th,Math-I,C,ai_assisted_review_pass_v1,0,0,,,0,1.033,3|2|5|4|0|6|1|7|10|2|3|114|19|19|114,3|2|5|4|0|6|1|7|10|2|3|114|19|19|114,3|2|5|4|0|6|1|7|10|2|3|114|19|19|114
577,benqa_ext_10th-Chemistry_0154,literature/code/BEnQA/data/BEnQA/10th-Chemistry.csv,154,10th,Chemistry,D,ai_assisted_review_warn_v1,0,1,,bangla_english_digit_mismatch,0,1.028,9|11|10|28|1|673|10|28|1|675|10|28|0,9|11|10|28|1|673|10|28|1|675|10|28|0,9|11|10|28|1|673|10|24|1|675|10|24|0
578,benqa_ext_12th-Physics-I_0238,literature/code/BEnQA/data/BEnQA/12th-Physics-I.csv,238,12th,Physics-I,D,ai_assisted_review_pass_v1,0,0,,,0,1.099,1|2,1|2,1|2
579,benqa_ext_10th-Physics_0274,literature/code/BEnQA/data/BEnQA/10th-Physics.csv,274,10th,Physics,C,ai_assisted_review_pass_v1,0,0,,,0,1.052,5|10|68|20,5|10|68|20,5|10|68|20
580,benqa_ext_12th-Biology-II_0204,literature/code/BEnQA/data/BEnQA/12th-Biology-II.csv,204,12th,Biology-II,B,ai_assisted_review_pass_v1,0,0,,,0,1.061,,,
581,benqa_ext_12th-Math-I_0141,literature/code/BEnQA/data/BEnQA/12th-Math-I.csv,141,12th,Math-I,C,ai_assisted_review_pass_v1,0,0,,,0,1.044,1|1,1|1,1|1
582,benqa_ext_12th-Math-I_0054,literature/code/BEnQA/data/BEnQA/12th-Math-I.csv,54,12th,Math-I,C,ai_assisted_review_pass_v1,0,0,,,0,1.029,2|2|2|2|2,2|2|2|2|2,2|2|2|2|2
583,benqa_ext_10th-Biology_0067,literature/code/BEnQA/data/BEnQA/10th-Biology.csv,67,10th,Biology,B,ai_assisted_review_pass_v1,0,0,,,0,1.096,39|69|170,39|69|170,39|69|170
584,benqa_ext_8th-Math_0014,literature/code/BEnQA/data/BEnQA/8th-Math.csv,14,8th,Math,D,ai_assisted_review_pass_v1,0,0,,,0,1.061,180|270|300|360,180|270|300|360,180|270|300|360
585,benqa_ext_10th-Math-II_0317,literature/code/BEnQA/data/BEnQA/10th-Math-II.csv,317,10th,Math-II,B,ai_assisted_review_pass_v1,0,0,,,0,1.11,4|5|6|7|1|7|1|5|4|5|6|7,4|5|6|7|1|7|1|5|4|5|6|7,4|5|6|7|1|7|1|5|4|5|6|7
586,benqa_ext_12th-Math-I_0024,literature/code/BEnQA/data/BEnQA/12th-Math-I.csv,24,12th,Math-I,C,ai_assisted_review_pass_v1,0,0,,,0,0.986,4|3|3|2|2|3|3|4|2|3|3|4|2|3|3|4|4|3|3|2,4|3|3|2|2|3|3|4|2|3|3|4|2|3|3|4|4|3|3|2,4|3|3|2|2|3|3|4|2|3|3|4|2|3|3|4|4|3|3|2
587,benqa_ext_12th-Physics-II_0044,literature/code/BEnQA/data/BEnQA/12th-Physics-II.csv,44,12th,Physics-II,B,ai_assisted_review_pass_v1,0,0,,,0,1.056,8|2|4|6|8,8|2|4|6|8,8|2|4|6|8
588,benqa_ext_12th-Chemistry-I_0189,literature/code/BEnQA/data/BEnQA/12th-Chemistry-I.csv,189,12th,Chemistry-I,C,ai_assisted_review_pass_v1,0,0,,,0,1.091,,,
589,benqa_ext_12th-Chemistry-I_0367,literature/code/BEnQA/data/BEnQA/12th-Chemistry-I.csv,367,12th,Chemistry-I,D,ai_assisted_review_pass_v1,0,0,,,0,1.022,2|5|2|4|3|92|10|7|1|95|10|7|3|92|10|14|1|95|10|14,2|5|2|4|3|92|10|7|1|95|10|7|3|92|10|14|1|95|10|14,2|5|2|4|3|92|10|7|1|95|10|7|3|92|10|14|1|95|10|14
590,benqa_ext_12th-Math-I_0026,literature/code/BEnQA/data/BEnQA/12th-Math-I.csv,26,12th,Math-I,A,ai_assisted_review_warn_v1,0,1,,bangla_english_digit_mismatch,0,1.042,1|2|3|2|3|4|1|5|7|3|2|2|3|4|5,1|2|3|2|3|4|1|5|7|3|2|2|3|4|5,3|2|1|2|3|2|3|4|1|5|7|2|3|4|5
591,benqa_ext_12th-Biology-I_0220,literature/code/BEnQA/data/BEnQA/12th-Biology-I.csv,220,12th,Biology-I,A,ai_assisted_review_pass_v1,0,0,,,0,1.037,,,
592,benqa_ext_12th-Chemistry-I_0178,literature/code/BEnQA/data/BEnQA/12th-Chemistry-I.csv,178,12th,Chemistry-I,D,ai_assisted_review_warn_v1,0,1,,bangla_english_digit_mismatch,0,1.017,450|35|0|8250|0|7250|0|0825|0|0725,450|35|0|8250|0|7250|0|0825|0|0725,35|450|0|8250|0|7250|0|0825|0|0725
593,benqa_ext_12th-Biology-II_0271,literature/code/BEnQA/data/BEnQA/12th-Biology-II.csv,271,12th,Biology-II,A,ai_assisted_review_pass_v1,0,0,,,0,1.071,2|2,2|2,
594,benqa_ext_12th-Physics-I_0034,literature/code/BEnQA/data/BEnQA/12th-Physics-I.csv,34,12th,Physics-I,A,ai_assisted_review_pass_v1,0,0,,,0,1.062,1|3|2|3|1,1|3|2|3|1,1|3|2|3|1
595,benqa_ext_12th-Biology-I_0294,literature/code/BEnQA/data/BEnQA/12th-Biology-I.csv,294,12th,Biology-I,B,ai_assisted_review_pass_v1,0,0,,,0,1.052,,,
596,benqa_ext_10th-Physics_0071,literature/code/BEnQA/data/BEnQA/10th-Physics.csv,71,10th,Physics,A,ai_assisted_review_pass_v1,0,0,,,0,1.046,1|2|2|2|2|2|3,1|2|2|2|2|2|3,1|2|2|2|2|2|3
597,benqa_ext_10th-Math_0005,literature/code/BEnQA/data/BEnQA/10th-Math.csv,5,10th,Math,A,ai_assisted_review_pass_v1,0,0,,,0,1.031,2|1|2|0|2|6|8,2|1|2|0|2|6|8,2|1|2|0|2|6|8
598,benqa_ext_10th-Chemistry_0252,literature/code/BEnQA/data/BEnQA/10th-Chemistry.csv,252,10th,Chemistry,D,ai_assisted_review_pass_v1,0,0,,,0,1.036,3|3|2|1|0,3|3|2|1|0,3|3|2|1|0
599,benqa_ext_10th-Math_0351,literature/code/BEnQA/data/BEnQA/10th-Math.csv,351,10th,Math,C,ai_assisted_review_warn_v1,0,1,,bangla_banglish_formulaish_token_mismatch,0,1.044,1|1|1|1|1,1|1|1|1|1,
600,benqa_ext_12th-Physics-II_0022,literature/code/BEnQA/data/BEnQA/12th-Physics-II.csv,22,12th,Physics-II,B,ai_assisted_review_pass_v1,0,0,,,0,1.079,1|1|4|2|6|5|2|7|8,1|1|4|2|6|5|2|7|8,1|1|4|2|6|5|2|7|8
601,benqa_ext_12th-Chemistry-II_0022,literature/code/BEnQA/data/BEnQA/12th-Chemistry-II.csv,22,12th,Chemistry-II,D,ai_assisted_review_warn_v1,0,1,,bangla_english_digit_mismatch,0,0.967,2|4|4|2|2|7,2|4|4|2|2|7,2|4|4|2|2|2
602,benqa_ext_12th-Physics-I_0186,literature/code/BEnQA/data/BEnQA/12th-Physics-I.csv,186,12th,Physics-I,A,ai_assisted_review_warn_v1,0,1,,bangla_english_digit_mismatch,0,1.062,2|1|2|20|2|10|11|2|2|1|2|3|4,2|1|2|20|2|10|11|2|2|1|2|3|4,20|2|1|2|2|11|11|2|2|2|1|2|3|4
603,benqa_ext_12th-Chemistry-II_0183,literature/code/BEnQA/data/BEnQA/12th-Chemistry-II.csv,183,12th,Chemistry-II,C,ai_assisted_review_warn_v1,0,2,,bangla_duplicate_option_text;banglish_duplicate_option_text,0,1.012,,,
604,benqa_ext_8th-Science_0046,literature/code/BEnQA/data/BEnQA/8th-Science.csv,46,8th,Science,D,ai_assisted_review_pass_v1,0,0,,,0,1.089,,,
605,benqa_ext_8th-Science_0104,literature/code/BEnQA/data/BEnQA/8th-Science.csv,104,8th,Science,C,ai_assisted_review_pass_v1,0,0,,,0,0.963,,,
606,benqa_ext_12th-Physics-II_0123,literature/code/BEnQA/data/BEnQA/12th-Physics-II.csv,123,12th,Physics-II,C,ai_assisted_review_pass_v1,0,0,,,0,1.059,0|2|1|2|0|1|2|0|0|2|0,0|2|1|2|0|1|2|0|0|2|0,0|2|1|2|0|1|2|0|0|2|0
607,benqa_ext_12th-Biology-I_0132,literature/code/BEnQA/data/BEnQA/12th-Biology-I.csv,132,12th,Biology-I,A,ai_assisted_review_pass_v1,0,0,,,0,1.052,,,
608,benqa_ext_8th-Science_0181,literature/code/BEnQA/data/BEnQA/8th-Science.csv,181,8th,Science,D,ai_assisted_review_pass_v1,0,0,,,0,1.095,,,
609,benqa_ext_8th-Science_0125,literature/code/BEnQA/data/BEnQA/8th-Science.csv,125,8th,Science,A,ai_assisted_review_warn_v1,0,1,,bangla_english_digit_mismatch,0,1.069,26|27|1|2|2|3|2|1,26|27|1|2|2|3|2|1,1|2|2|3|2|1
610,benqa_ext_12th-Physics-I_0189,literature/code/BEnQA/data/BEnQA/12th-Physics-I.csv,189,12th,Physics-I,D,ai_assisted_review_pass_v1,0,0,,,0,1.045,,,
611,benqa_ext_12th-Math-I_0044,literature/code/BEnQA/data/BEnQA/12th-Math-I.csv,44,12th,Math-I,B,ai_assisted_review_pass_v1,0,0,,,0,1.032,2|2|2|2,2|2|2|2,2|2|2|2
612,benqa_ext_12th-Math-I_0373,literature/code/BEnQA/data/BEnQA/12th-Math-I.csv,373,12th,Math-I,C,ai_assisted_review_pass_v1,0,0,,,0,1.032,2|3|6|0|3|2|2|3|2|3|3|2,2|3|6|0|3|2|2|3|2|3|3|2,2|3|6|0|3|2|2|3|2|3|3|2
613,benqa_ext_12th-Math-II_0113,literature/code/BEnQA/data/BEnQA/12th-Math-II.csv,113,12th,Math-II,B,ai_assisted_review_pass_v1,0,0,,,0,1.019,3|2|4|2|1|1|2|2|3|0|3|2,3|2|4|2|1|1|2|2|3|0|3|2,3|2|4|2|1|1|2|2|3|0|3|2
614,benqa_ext_10th-Math-II_0217,literature/code/BEnQA/data/BEnQA/10th-Math-II.csv,217,10th,Math-II,B,ai_assisted_review_pass_v1,0,0,,,0,1.067,2|3|2|3|7|3|7|3,2|3|2|3|7|3|7|3,2|3|2|3|7|3|7|3
615,benqa_ext_10th-Chemistry_0075,literature/code/BEnQA/data/BEnQA/10th-Chemistry.csv,75,10th,Chemistry,B,ai_assisted_review_pass_v1,0,0,,,0,1.034,1|2|3|4,1|2|3|4,1|2|3|4
616,benqa_ext_12th-Chemistry-I_0346,literature/code/BEnQA/data/BEnQA/12th-Chemistry-I.csv,346,12th,Chemistry-I,C,ai_assisted_review_warn_v1,0,1,,bangla_banglish_formulaish_token_mismatch,0,1.0,2|2|3|4|5,2|2|3|4|5,2|2|3|4|5
617,benqa_ext_12th-Biology-II_0090,literature/code/BEnQA/data/BEnQA/12th-Biology-II.csv,90,12th,Biology-II,C,ai_assisted_review_pass_v1,0,0,,,0,1.084,,,
618,benqa_ext_10th-Biology_0175,literature/code/BEnQA/data/BEnQA/10th-Biology.csv,175,10th,Biology,D,ai_assisted_review_pass_v1,0,0,,,0,1.134,,,
619,benqa_ext_12th-Biology-II_0150,literature/code/BEnQA/data/BEnQA/12th-Biology-II.csv,150,12th,Biology-II,A,ai_assisted_review_pass_v1,0,0,,,0,1.0,,,
620,benqa_ext_8th-Science_0210,literature/code/BEnQA/data/BEnQA/8th-Science.csv,210,8th,Science,B,ai_assisted_review_warn_v1,0,1,,bangla_banglish_formulaish_token_mismatch,0,1.078,,,
621,benqa_ext_12th-Math-I_0192,literature/code/BEnQA/data/BEnQA/12th-Math-I.csv,192,12th,Math-I,D,ai_assisted_review_pass_v1,0,0,,,0,1.027,2|2|13|2|3|2|3|13|0|2|3|13|0|2|3|13|0|2|3|13|0,2|2|13|2|3|2|3|13|0|2|3|13|0|2|3|13|0|2|3|13|0,2|2|13|2|3|2|3|13|0|2|3|13|0|2|3|13|0|2|3|13|0
622,benqa_ext_12th-Chemistry-I_0347,literature/code/BEnQA/data/BEnQA/12th-Chemistry-I.csv,347,12th,Chemistry-I,D,ai_assisted_review_pass_v1,0,0,,,0,1.116,2|2,2|2,2|2
623,benqa_ext_10th-Physics_0154,literature/code/BEnQA/data/BEnQA/10th-Physics.csv,154,10th,Physics,C,ai_assisted_review_pass_v1,0,0,,,0,1.105,,,
624,benqa_ext_10th-Chemistry_0246,literature/code/BEnQA/data/BEnQA/10th-Chemistry.csv,246,10th,Chemistry,B,ai_assisted_review_pass_v1,0,0,,,0,1.042,,,
625,benqa_ext_12th-Physics-II_0291,literature/code/BEnQA/data/BEnQA/12th-Physics-II.csv,291,12th,Physics-II,D,ai_assisted_review_pass_v1,0,0,,,0,1.034,,,
626,benqa_ext_12th-Math-I_0189,literature/code/BEnQA/data/BEnQA/12th-Math-I.csv,189,12th,Math-I,C,ai_assisted_review_pass_v1,0,0,,,0,0.993,0|5|3|5|0|4|0|3|4|3|4|3|4|3|4,0|5|3|5|0|4|0|3|4|3|4|3|4|3|4,0|5|3|5|0|4|0|3|4|3|4|3|4|3|4
627,benqa_ext_12th-Math-II_0248,literature/code/BEnQA/data/BEnQA/12th-Math-II.csv,248,12th,Math-II,C,ai_assisted_review_pass_v1,0,0,,,0,1.017,2|1|0|1|1|1|1|1|2|3|2|1|2|5|2,2|1|0|1|1|1|1|1|2|3|2|1|2|5|2,2|1|0|1|1|1|1|1|2|3|2|1|2|5|2
628,benqa_ext_10th-Biology_0087,literature/code/BEnQA/data/BEnQA/10th-Biology.csv,87,10th,Biology,B,ai_assisted_review_pass_v1,0,0,,,0,1.032,7|1|7|3|7|6|7|9,7|1|7|3|7|6|7|9,7|1|7|3|7|6|7|9
629,benqa_ext_10th-Physics_0271,literature/code/BEnQA/data/BEnQA/10th-Physics.csv,271,10th,Physics,A,ai_assisted_review_pass_v1,0,0,,,0,1.036,,,
630,benqa_ext_10th-Biology_0342,literature/code/BEnQA/data/BEnQA/10th-Biology.csv,342,10th,Biology,B,ai_assisted_review_pass_v1,0,0,,,0,1.143,,,
631,benqa_ext_10th-Biology_0070,literature/code/BEnQA/data/BEnQA/10th-Biology.csv,70,10th,Biology,B,ai_assisted_review_pass_v1,0,0,,,0,0.952,,,
632,benqa_ext_12th-Math-II_0287,literature/code/BEnQA/data/BEnQA/12th-Math-II.csv,287,12th,Math-II,A,ai_assisted_review_pass_v1,0,0,,,0,1.021,1|0|4|1|4|4|1|4|8|1|4|8|1|4,1|0|4|1|4|4|1|4|8|1|4|8|1|4,1|0|4|1|4|4|1|4|8|1|4|8|1|4
633,benqa_ext_12th-Biology-I_0272,literature/code/BEnQA/data/BEnQA/12th-Biology-I.csv,272,12th,Biology-I,A,ai_assisted_review_pass_v1,0,0,,,0,1.106,,,
634,benqa_ext_12th-Math-I_0312,literature/code/BEnQA/data/BEnQA/12th-Math-I.csv,312,12th,Math-I,D,ai_assisted_review_pass_v1,0,0,,,0,1.062,4|1|4|1|4|4|0|2|8,4|1|4|1|4|4|0|2|8,4|1|4|1|4|4|0|2|8
635,benqa_ext_12th-Chemistry-II_0339,literature/code/BEnQA/data/BEnQA/12th-Chemistry-II.csv,339,12th,Chemistry-II,C,ai_assisted_review_pass_v1,0,0,,,0,1.117,3|3|3|3,3|3|3|3,3|3|3|3
636,benqa_ext_8th-Science_0187,literature/code/BEnQA/data/BEnQA/8th-Science.csv,187,8th,Science,C,ai_assisted_review_pass_v1,0,0,,,0,1.092,,,
637,benqa_ext_10th-Chemistry_0163,literature/code/BEnQA/data/BEnQA/10th-Chemistry.csv,163,10th,Chemistry,B,ai_assisted_review_pass_v1,0,0,,,0,1.114,4|3|2|1,4|3|2|1,4|3|2|1
638,benqa_ext_12th-Math-I_0204,literature/code/BEnQA/data/BEnQA/12th-Math-I.csv,204,12th,Math-I,C,ai_assisted_review_pass_v1,0,0,,,0,1.0,1|0|2|1|2|3|4|6,1|0|2|1|2|3|4|6,1|0|2|1|2|3|4|6
639,benqa_ext_12th-Physics-II_0066,literature/code/BEnQA/data/BEnQA/12th-Physics-II.csv,66,12th,Physics-II,C,ai_assisted_review_pass_v1,0,0,,,0,1.016,,,
640,benqa_ext_10th-Chemistry_0295,literature/code/BEnQA/data/BEnQA/10th-Chemistry.csv,295,10th,Chemistry,C,ai_assisted_review_pass_v1,0,0,,,0,1.069,,,
641,benqa_ext_12th-Physics-II_0049,literature/code/BEnQA/data/BEnQA/12th-Physics-II.csv,49,12th,Physics-II,A,ai_assisted_review_pass_v1,0,0,,,0,1.039,,,
642,benqa_ext_10th-Math-II_0030,literature/code/BEnQA/data/BEnQA/10th-Math-II.csv,30,10th,Math-II,D,ai_assisted_review_pass_v1,0,0,,,0,1.052,13|13|13|3|13|13|13,13|13|13|3|13|13|13,13|13|13|3|13|13|13
643,benqa_ext_12th-Chemistry-II_0341,literature/code/BEnQA/data/BEnQA/12th-Chemistry-II.csv,341,12th,Chemistry-II,D,ai_assisted_review_pass_v1,0,0,,,0,1.039,,,
644,benqa_ext_10th-Physics_0235,literature/code/BEnQA/data/BEnQA/10th-Physics.csv,235,10th,Physics,A,ai_assisted_review_pass_v1,0,0,,,0,1.081,,,
645,benqa_ext_8th-Science_0011,literature/code/BEnQA/data/BEnQA/8th-Science.csv,11,8th,Science,A,ai_assisted_review_pass_v1,0,0,,,0,1.096,2019,2019,2019
646,benqa_ext_10th-Math_0301,literature/code/BEnQA/data/BEnQA/10th-Math.csv,301,10th,Math,A,ai_assisted_review_pass_v1,0,0,,,0,1.036,32|2|128|164|180|185,32|2|128|164|180|185,32|2|128|164|180|185
647,benqa_ext_10th-Math-II_0334,literature/code/BEnQA/data/BEnQA/10th-Math-II.csv,334,10th,Math-II,B,ai_assisted_review_pass_v1,0,0,,,0,1.048,9|00|4|2|2,9|00|4|2|2,9|00|4|2|2
648,benqa_ext_12th-Biology-II_0188,literature/code/BEnQA/data/BEnQA/12th-Biology-II.csv,188,12th,Biology-II,A,ai_assisted_review_pass_v1,0,0,,,0,1.058,,,
649,benqa_ext_8th-Math_0111,literature/code/BEnQA/data/BEnQA/8th-Math.csv,111,8th,Math,A,ai_assisted_review_pass_v1,0,0,,,0,1.06,25|15|19|23|30|12|27|35|17|21|22|23|26|30,25|15|19|23|30|12|27|35|17|21|22|23|26|30,25|15|19|23|30|12|27|35|17|21|22|23|26|30
650,benqa_ext_8th-Science_0147,literature/code/BEnQA/data/BEnQA/8th-Science.csv,147,8th,Science,C,ai_assisted_review_warn_v1,0,1,,bangla_english_digit_mismatch,0,1.026,1|3|2|4,1|3|2|4,3|2|4
651,benqa_ext_12th-Biology-II_0167,literature/code/BEnQA/data/BEnQA/12th-Biology-II.csv,167,12th,Biology-II,C,ai_assisted_review_pass_v1,0,0,,,0,0.962,,,
652,benqa_ext_10th-Math-II_0003,literature/code/BEnQA/data/BEnQA/10th-Math-II.csv,3,10th,Math-II,A,ai_assisted_review_pass_v1,0,0,,,0,1.029,3|1|1|3|1|3|1|3|3|3|3|1|3|1|2|3|3|1|3|1|3,3|1|1|3|1|3|1|3|3|3|3|1|3|1|2|3|3|1|3|1|3,3|1|1|3|1|3|1|3|3|3|3|1|3|1|2|3|3|1|3|1|3
653,benqa_ext_12th-Biology-I_0271,literature/code/BEnQA/data/BEnQA/12th-Biology-I.csv,271,12th,Biology-I,B,ai_assisted_review_pass_v1,0,0,,,0,1.11,,,
654,benqa_ext_12th-Chemistry-II_0003,literature/code/BEnQA/data/BEnQA/12th-Chemistry-II.csv,3,12th,Chemistry-II,A,ai_assisted_review_warn_v1,0,1,,bangla_banglish_formulaish_token_mismatch,0,1.049,2|1|2|2|2|3|2|2,2|1|2|2|2|3|2|2,2|1|2|2|2|3|2|2
655,benqa_ext_10th-Chemistry_0384,literature/code/BEnQA/data/BEnQA/10th-Chemistry.csv,384,10th,Chemistry,B,ai_assisted_review_pass_v1,0,0,,,0,1.054,2|6|4|2|0,2|6|4|2|0,2|6|4|2|0
656,benqa_ext_10th-Math-II_0017,literature/code/BEnQA/data/BEnQA/10th-Math-II.csv,17,10th,Math-II,D,ai_assisted_review_pass_v1,0,0,,,0,1.021,200|0|0,200|0|0,200|0|0
657,benqa_ext_12th-Physics-II_0191,literature/code/BEnQA/data/BEnQA/12th-Physics-II.csv,191,12th,Physics-II,C,ai_assisted_review_pass_v1,0,0,,,0,1.098,,,
658,benqa_ext_8th-Science_0201,literature/code/BEnQA/data/BEnQA/8th-Science.csv,201,8th,Science,C,ai_assisted_review_pass_v1,0,0,,,0,1.055,,,
659,benqa_ext_10th-Math_0019,literature/code/BEnQA/data/BEnQA/10th-Math.csv,19,10th,Math,C,ai_assisted_review_pass_v1,0,0,,,0,1.033,45|60|90|180,45|60|90|180,45|60|90|180
660,benqa_ext_12th-Math-I_0317,literature/code/BEnQA/data/BEnQA/12th-Math-I.csv,317,12th,Math-I,B,ai_assisted_review_pass_v1,0,0,,,0,1.0,1|150|3|2|1|2|3|2|1|2|3|2|1|2|3|2|1|2,1|150|3|2|1|2|3|2|1|2|3|2|1|2|3|2|1|2,1|150|3|2|1|2|3|2|1|2|3|2|1|2|3|2|1|2
661,benqa_ext_12th-Math-I_0135,literature/code/BEnQA/data/BEnQA/12th-Math-I.csv,135,12th,Math-I,A,ai_assisted_review_pass_v1,0,0,,,0,1.026,2,2,2
662,benqa_ext_10th-Math_0258,literature/code/BEnQA/data/BEnQA/10th-Math.csv,258,10th,Math,A,ai_assisted_review_pass_v1,0,0,,,0,1.086,0|0625|2|1|1|2,0|0625|2|1|1|2,0|0625|2|1|1|2
663,benqa_ext_12th-Biology-II_0151,literature/code/BEnQA/data/BEnQA/12th-Biology-II.csv,151,12th,Biology-II,D,ai_assisted_review_pass_v1,0,0,,,0,0.967,,,
664,benqa_ext_12th-Physics-I_0192,literature/code/BEnQA/data/BEnQA/12th-Physics-I.csv,192,12th,Physics-I,D,ai_assisted_review_warn_v1,0,1,,bangla_english_digit_mismatch,0,1.132,10|8|1|9|2|1|7|8|1|3|25|1,10|8|1|9|2|1|7|8|1|3|25|1,10|8|1|9|2|1|7|8|1|3|2|1
665,benqa_ext_12th-Biology-I_0110,literature/code/BEnQA/data/BEnQA/12th-Biology-I.csv,110,12th,Biology-I,B,ai_assisted_review_pass_v1,0,0,,,0,1.135,,,
666,benqa_ext_10th-Chemistry_0157,literature/code/BEnQA/data/BEnQA/10th-Chemistry.csv,157,10th,Chemistry,B,ai_assisted_review_pass_v1,0,0,,,0,1.187,,,
667,benqa_ext_12th-Physics-I_0159,literature/code/BEnQA/data/BEnQA/12th-Physics-I.csv,159,12th,Physics-I,D,ai_assisted_review_pass_v1,0,0,,,0,1.173,,,
668,benqa_ext_12th-Physics-I_0131,literature/code/BEnQA/data/BEnQA/12th-Physics-I.csv,131,12th,Physics-I,B,ai_assisted_review_pass_v1,0,0,,,0,1.08,2|2|2,2|2|2,2|2|2
669,benqa_ext_12th-Chemistry-I_0200,literature/code/BEnQA/data/BEnQA/12th-Chemistry-I.csv,200,12th,Chemistry-I,C,ai_assisted_review_pass_v1,0,0,,,0,1.0,5|4|3|2,5|4|3|2,5|4|3|2
670,benqa_ext_12th-Biology-I_0122,literature/code/BEnQA/data/BEnQA/12th-Biology-I.csv,122,12th,Biology-I,D,ai_assisted_review_pass_v1,0,0,,,0,1.0,,,
671,benqa_ext_10th-Math_0015,literature/code/BEnQA/data/BEnQA/10th-Math.csv,15,10th,Math,B,ai_assisted_review_pass_v1,0,0,,,0,1.029,0|000060302|0|60302|10|4|6|0302|10|5|60|302|10|6|603|02|10|7,0|000060302|0|60302|10|4|6|0302|10|5|60|302|10|6|603|02|10|7,0|000060302|0|60302|10|4|6|0302|10|5|60|302|10|6|603|02|10|7
672,benqa_ext_12th-Chemistry-I_0205,literature/code/BEnQA/data/BEnQA/12th-Chemistry-I.csv,205,12th,Chemistry-I,A,ai_assisted_review_pass_v1,0,0,,,0,1.068,2|2|2|2,2|2|2|2,2|2|2|2
673,benqa_ext_10th-Math_0310,literature/code/BEnQA/data/BEnQA/10th-Math.csv,310,10th,Math,A,ai_assisted_review_warn_v1,0,1,,bangla_english_digit_mismatch,0,1.051,3|2|3|1|5|9|17,3|2|3|1|5|9|17,3|2|2|1|5|9|17
674,benqa_ext_10th-Math-II_0383,literature/code/BEnQA/data/BEnQA/10th-Math-II.csv,383,10th,Math-II,A,ai_assisted_review_pass_v1,0,0,,,0,1.025,3|2|1|0|1|2,3|2|1|0|1|2,3|2|1|0|1|2
675,benqa_ext_12th-Math-II_0049,literature/code/BEnQA/data/BEnQA/12th-Math-II.csv,49,12th,Math-II,C,ai_assisted_review_pass_v1,0,0,,,0,1.052,3|3|2|6|2|6|2|12|2|18|2|24|2,3|3|2|6|2|6|2|12|2|18|2|24|2,3|3|2|6|2|6|2|12|2|18|2|24|2
676,benqa_ext_8th-Science_0072,literature/code/BEnQA/data/BEnQA/8th-Science.csv,72,8th,Science,A,ai_assisted_review_warn_v1,0,1,,bangla_english_digit_mismatch,0,1.096,200|19|6|20|41|196|19600,200|19|6|20|41|196|19600,2000|19|6|20|41|196|19600
677,benqa_ext_12th-Biology-II_0275,literature/code/BEnQA/data/BEnQA/12th-Biology-II.csv,275,12th,Biology-II,B,ai_assisted_review_pass_v1,0,0,,,0,0.961,,,
678,benqa_ext_10th-Biology_0148,literature/code/BEnQA/data/BEnQA/10th-Biology.csv,148,10th,Biology,D,ai_assisted_review_pass_v1,0,0,,,0,1.053,,,
679,benqa_ext_8th-Science_0103,literature/code/BEnQA/data/BEnQA/8th-Science.csv,103,8th,Science,A,ai_assisted_review_pass_v1,0,0,,,0,1.043,,,
680,benqa_ext_10th-Physics_0287,literature/code/BEnQA/data/BEnQA/10th-Physics.csv,287,10th,Physics,C,ai_assisted_review_warn_v1,0,1,,bangla_english_digit_mismatch,0,1.082,100|2|0|100|200|314|16,100|2|0|100|200|314|16,100|2|1|0|100|200|314|16
681,benqa_ext_10th-Physics_0173,literature/code/BEnQA/data/BEnQA/10th-Physics.csv,173,10th,Physics,D,ai_assisted_review_pass_v1,0,0,,,0,1.047,1|1|1,1|1|1,1|1|1
682,benqa_ext_10th-Chemistry_0099,literature/code/BEnQA/data/BEnQA/10th-Chemistry.csv,99,10th,Chemistry,B,ai_assisted_review_pass_v1,0,0,,,0,1.123,1|2|3|4,1|2|3|4,1|2|3|4
683,benqa_ext_8th-Science_0012,literature/code/BEnQA/data/BEnQA/8th-Science.csv,12,8th,Science,C,ai_assisted_review_pass_v1,0,0,,,0,1.122,8|9|10|11,8|9|10|11,8|9|10|11
684,benqa_ext_8th-Science_0128,literature/code/BEnQA/data/BEnQA/8th-Science.csv,128,8th,Science,A,ai_assisted_review_pass_v1,0,0,,,0,1.036,2|4|3|4,2|4|3|4,2|4|3|4
685,benqa_ext_12th-Biology-II_0220,literature/code/BEnQA/data/BEnQA/12th-Biology-II.csv,220,12th,Biology-II,A,ai_assisted_review_pass_v1,0,0,,,0,1.071,,,
686,benqa_ext_12th-Chemistry-I_0142,literature/code/BEnQA/data/BEnQA/12th-Chemistry-I.csv,142,12th,Chemistry-I,D,ai_assisted_review_pass_v1,0,0,,,0,1.085,2|2|2,2|2|2,2|2|2
687,benqa_ext_12th-Chemistry-II_0387,literature/code/BEnQA/data/BEnQA/12th-Chemistry-II.csv,387,12th,Chemistry-II,A,ai_assisted_review_warn_v1,0,1,,bangla_english_digit_mismatch,0,1.066,3|4|2|1,3|4|2|1,1
688,benqa_ext_10th-Physics_0297,literature/code/BEnQA/data/BEnQA/10th-Physics.csv,297,10th,Physics,D,ai_assisted_review_pass_v1,0,0,,,0,1.086,19|6|1|2|4|9|9|8|19|6,19|6|1|2|4|9|9|8|19|6,19|6|1|2|4|9|9|8|19|6
689,benqa_ext_12th-Chemistry-I_0258,literature/code/BEnQA/data/BEnQA/12th-Chemistry-I.csv,258,12th,Chemistry-I,B,ai_assisted_review_pass_v1,0,0,,,0,1.065,4|2|3|4,4|2|3|4,4|2|3|4
690,benqa_ext_12th-Physics-I_0166,literature/code/BEnQA/data/BEnQA/12th-Physics-I.csv,166,12th,Physics-I,B,ai_assisted_review_pass_v1,0,0,,,0,1.049,30|909|636|276|170,30|909|636|276|170,30|909|636|276|170
691,benqa_ext_10th-Biology_0278,literature/code/BEnQA/data/BEnQA/10th-Biology.csv,278,10th,Biology,D,ai_assisted_review_pass_v1,0,0,,,0,1.009,,,
692,benqa_ext_10th-Chemistry_0088,literature/code/BEnQA/data/BEnQA/10th-Chemistry.csv,88,10th,Chemistry,A,ai_assisted_review_pass_v1,0,0,,,0,1.063,,,
693,benqa_ext_12th-Physics-I_0259,literature/code/BEnQA/data/BEnQA/12th-Physics-I.csv,259,12th,Physics-I,B,ai_assisted_review_pass_v1,0,0,,,0,1.092,,,
694,benqa_ext_12th-Chemistry-II_0179,literature/code/BEnQA/data/BEnQA/12th-Chemistry-II.csv,179,12th,Chemistry-II,D,ai_assisted_review_pass_v1,0,0,,,0,1.069,3|2|3|3|2|2|4,3|2|3|3|2|2|4,3|2|3|3|2|2|4
695,benqa_ext_12th-Chemistry-I_0325,literature/code/BEnQA/data/BEnQA/12th-Chemistry-I.csv,325,12th,Chemistry-I,C,ai_assisted_review_pass_v1,0,0,,,0,1.024,2|2|4,2|2|4,2|2|4
696,benqa_ext_8th-Science_0063,literature/code/BEnQA/data/BEnQA/8th-Science.csv,63,8th,Science,A,ai_assisted_review_pass_v1,0,0,,,0,1.091,,,
697,benqa_ext_12th-Physics-I_0225,literature/code/BEnQA/data/BEnQA/12th-Physics-I.csv,225,12th,Physics-I,D,ai_assisted_review_pass_v1,0,0,,,0,1.056,1|129|8|258|5|327|5|429|8,1|129|8|258|5|327|5|429|8,1|129|8|258|5|327|5|429|8
698,benqa_ext_12th-Physics-I_0195,literature/code/BEnQA/data/BEnQA/12th-Physics-I.csv,195,12th,Physics-I,C,ai_assisted_review_pass_v1,0,0,,,0,1.068,0|01|0|005|0|001|0|02|0|002,0|01|0|005|0|001|0|02|0|002,0|01|0|005|0|001|0|02|0|002
699,benqa_ext_12th-Chemistry-II_0224,literature/code/BEnQA/data/BEnQA/12th-Chemistry-II.csv,224,12th,Chemistry-II,C,ai_assisted_review_pass_v1,0,0,,,0,1.039,10|4|10|8|7|4|1|3,10|4|10|8|7|4|1|3,10|4|10|8|7|4|1|3
700,benqa_ext_10th-Biology_0201,literature/code/BEnQA/data/BEnQA/10th-Biology.csv,201,10th,Biology,B,ai_assisted_review_warn_v1,0,1,,bangla_english_digit_mismatch,0,1.032,2|0|40|0|30|0|04|0|03,2|0|40|0|30|0|04|0|03,0|40|0|30|0|04|0|03
701,benqa_ext_10th-Physics_0218,literature/code/BEnQA/data/BEnQA/10th-Physics.csv,218,10th,Physics,C,ai_assisted_review_pass_v1,0,0,,,0,1.062,,,
702,benqa_ext_12th-Physics-II_0241,literature/code/BEnQA/data/BEnQA/12th-Physics-II.csv,241,12th,Physics-II,B,ai_assisted_review_warn_v1,0,2,,bangla_english_digit_mismatch;bangla_banglish_formulaish_token_mismatch,0,1.056,0|4|6000|18|1|4|1|25|2|25|4|5|5|5,0|4|6000|18|1|4|1|25|2|25|4|5|5|5,0|4|6000|18|1|12|24|35|49
703,benqa_ext_12th-Physics-II_0020,literature/code/BEnQA/data/BEnQA/12th-Physics-II.csv,20,12th,Physics-II,A,ai_assisted_review_pass_v1,0,0,,,0,1.028,98|6|310|16|345|16|393|16|408|16,98|6|310|16|345|16|393|16|408|16,98|6|310|16|345|16|393|16|408|16
704,benqa_ext_12th-Physics-I_0112,literature/code/BEnQA/data/BEnQA/12th-Physics-I.csv,112,12th,Physics-I,A,ai_assisted_review_pass_v1,0,0,,,0,1.012,0,0,0
705,benqa_ext_12th-Physics-II_0261,literature/code/BEnQA/data/BEnQA/12th-Physics-II.csv,261,12th,Physics-II,D,ai_assisted_review_pass_v1,0,0,,,0,1.0,,,
706,benqa_ext_12th-Biology-I_0003,literature/code/BEnQA/data/BEnQA/12th-Biology-I.csv,3,12th,Biology-I,C,ai_assisted_review_pass_v1,0,0,,,0,1.045,,,
707,benqa_ext_12th-Physics-I_0138,literature/code/BEnQA/data/BEnQA/12th-Physics-I.csv,138,12th,Physics-I,B,ai_assisted_review_pass_v1,0,0,,,0,1.059,,,
708,benqa_ext_12th-Biology-II_0011,literature/code/BEnQA/data/BEnQA/12th-Biology-II.csv,11,12th,Biology-II,A,ai_assisted_review_pass_v1,0,0,,,0,1.007,,,
709,benqa_ext_12th-Math-I_0077,literature/code/BEnQA/data/BEnQA/12th-Math-I.csv,77,12th,Math-I,B,ai_assisted_review_warn_v1,0,1,,bangla_english_digit_mismatch,0,1.083,3|4|5|0|4|3|0|4|3|0|3|4|0|3|4|0,3|4|5|0|4|3|0|4|3|0|3|4|0|3|4|0,3|4|5|4|3|0|4|3|0|3|4|0|3|4|0
710,benqa_ext_12th-Physics-II_0156,literature/code/BEnQA/data/BEnQA/12th-Physics-II.csv,156,12th,Physics-II,C,ai_assisted_review_pass_v1,0,0,,,0,1.093,,,
711,benqa_ext_12th-Chemistry-I_0147,literature/code/BEnQA/data/BEnQA/12th-Chemistry-I.csv,147,12th,Chemistry-I,B,ai_assisted_review_pass_v1,0,0,,,0,1.039,2|2|2,2|2|2,2|2|2
712,benqa_ext_12th-Chemistry-I_0081,literature/code/BEnQA/data/BEnQA/12th-Chemistry-I.csv,81,12th,Chemistry-I,C,ai_assisted_review_pass_v1,0,0,,,0,1.083,,,
713,benqa_ext_8th-Science_0097,literature/code/BEnQA/data/BEnQA/8th-Science.csv,97,8th,Science,A,ai_assisted_review_pass_v1,0,0,,,0,1.11,,,
714,benqa_ext_10th-Biology_0034,literature/code/BEnQA/data/BEnQA/10th-Biology.csv,34,10th,Biology,A,ai_assisted_review_pass_v1,0,0,,,0,1.022,,,
715,benqa_ext_10th-Biology_0049,literature/code/BEnQA/data/BEnQA/10th-Biology.csv,49,10th,Biology,B,ai_assisted_review_pass_v1,0,0,,,0,1.023,,,
716,benqa_ext_12th-Biology-II_0248,literature/code/BEnQA/data/BEnQA/12th-Biology-II.csv,248,12th,Biology-II,A,ai_assisted_review_pass_v1,0,0,,,0,0.988,,,
717,benqa_ext_12th-Biology-II_0088,literature/code/BEnQA/data/BEnQA/12th-Biology-II.csv,88,12th,Biology-II,D,ai_assisted_review_pass_v1,0,0,,,0,1.053,,,
718,benqa_ext_12th-Biology-II_0144,literature/code/BEnQA/data/BEnQA/12th-Biology-II.csv,144,12th,Biology-II,B,ai_assisted_review_warn_v1,0,2,,bangla_english_digit_mismatch;bangla_banglish_formulaish_token_mismatch,0,1.073,1|75|87|1|2,1|75|87|1|2,1|75|87
719,benqa_ext_10th-Physics_0223,literature/code/BEnQA/data/BEnQA/10th-Physics.csv,223,10th,Physics,C,ai_assisted_review_pass_v1,0,0,,,0,0.976,,,
720,benqa_ext_10th-Physics_0120,literature/code/BEnQA/data/BEnQA/10th-Physics.csv,120,10th,Physics,B,ai_assisted_review_pass_v1,0,0,,,0,1.036,,,
721,benqa_ext_12th-Math-II_0063,literature/code/BEnQA/data/BEnQA/12th-Math-II.csv,63,12th,Math-II,C,ai_assisted_review_pass_v1,0,0,,,0,1.061,2|5|3|30|60|90|180,2|5|3|30|60|90|180,2|5|3|30|60|90|180
722,benqa_ext_10th-Biology_0002,literature/code/BEnQA/data/BEnQA/10th-Biology.csv,2,10th,Biology,D,ai_assisted_review_pass_v1,0,0,,,0,1.06,,,
723,benqa_ext_10th-Math-II_0300,literature/code/BEnQA/data/BEnQA/10th-Math-II.csv,300,10th,Math-II,D,ai_assisted_review_pass_v1,0,0,,,0,1.078,2|2|1|1|2|4|2|5|2|3|2,2|2|1|1|2|4|2|5|2|3|2,2|2|1|1|2|4|2|5|2|3|2
724,benqa_ext_12th-Math-I_0372,literature/code/BEnQA/data/BEnQA/12th-Math-I.csv,372,12th,Math-I,D,ai_assisted_review_pass_v1,0,0,,,0,1.0,2|2|4|7|4|6|4|8|4|2|4,2|2|4|7|4|6|4|8|4|2|4,2|2|4|7|4|6|4|8|4|2|4
725,benqa_ext_12th-Chemistry-I_0320,literature/code/BEnQA/data/BEnQA/12th-Chemistry-I.csv,320,12th,Chemistry-I,C,ai_assisted_review_pass_v1,0,0,,,0,1.086,4|2|3|3,4|2|3|3,4|2|3|3
726,benqa_ext_12th-Physics-II_0185,literature/code/BEnQA/data/BEnQA/12th-Physics-II.csv,185,12th,Physics-II,A,ai_assisted_review_pass_v1,0,0,,,0,1.015,1|1|1,1|1|1,1|1|1
727,benqa_ext_12th-Biology-II_0295,literature/code/BEnQA/data/BEnQA/12th-Biology-II.csv,295,12th,Biology-II,B,ai_assisted_review_pass_v1,0,0,,,0,1.119,,,
728,benqa_ext_10th-Chemistry_0061,literature/code/BEnQA/data/BEnQA/10th-Chemistry.csv,61,10th,Chemistry,B,ai_assisted_review_pass_v1,0,0,,,0,1.045,200|20|4|1|25|0|5,200|20|4|1|25|0|5,200|20|4|1|25|0|5
729,benqa_ext_10th-Chemistry_0342,literature/code/BEnQA/data/BEnQA/10th-Chemistry.csv,342,10th,Chemistry,C,ai_assisted_review_pass_v1,0,0,,,0,1.077,11|14|17,11|14|17,11|14|17
730,benqa_ext_12th-Physics-II_0288,literature/code/BEnQA/data/BEnQA/12th-Physics-II.csv,288,12th,Physics-II,B,ai_assisted_review_pass_v1,0,0,,,0,1.078,2|3|4,2|3|4,2|3|4
731,benqa_ext_10th-Math_0174,literature/code/BEnQA/data/BEnQA/10th-Math.csv,174,10th,Math,D,ai_assisted_review_pass_v1,0,0,,,0,1.025,25|01|04|04|03|05|04|04|05,25|01|04|04|03|05|04|04|05,25|01|04|04|03|05|04|04|05
732,benqa_ext_12th-Biology-I_0098,literature/code/BEnQA/data/BEnQA/12th-Biology-I.csv,98,12th,Biology-I,D,ai_assisted_review_pass_v1,0,0,,,0,1.088,,,
733,benqa_ext_10th-Math-II_0262,literature/code/BEnQA/data/BEnQA/10th-Math-II.csv,262,10th,Math-II,C,ai_assisted_review_pass_v1,0,0,,,0,1.028,0|1|1,0|1|1,0|1|1
734,benqa_ext_12th-Biology-I_0264,literature/code/BEnQA/data/BEnQA/12th-Biology-I.csv,264,12th,Biology-I,A,ai_assisted_review_warn_v1,0,1,,bangla_banglish_formulaish_token_mismatch,0,1.073,9,9,9
735,benqa_ext_10th-Physics_0070,literature/code/BEnQA/data/BEnQA/10th-Physics.csv,70,10th,Physics,A,ai_assisted_review_pass_v1,0,0,,,0,1.098,0|25|10|3|3|25|15|10|5,0|25|10|3|3|25|15|10|5,0|25|10|3|3|25|15|10|5
736,benqa_ext_12th-Math-I_0364,literature/code/BEnQA/data/BEnQA/12th-Math-I.csv,364,12th,Math-I,B,ai_assisted_review_pass_v1,0,0,,,0,1.043,2|2|4|8|0|4|8|16|32,2|2|4|8|0|4|8|16|32,2|2|4|8|0|4|8|16|32
737,benqa_ext_12th-Physics-II_0043,literature/code/BEnQA/data/BEnQA/12th-Physics-II.csv,43,12th,Physics-II,D,ai_assisted_review_pass_v1,0,0,,,0,1.016,1|1,1|1,1|1
738,benqa_ext_10th-Biology_0177,literature/code/BEnQA/data/BEnQA/10th-Biology.csv,177,10th,Biology,B,ai_assisted_review_pass_v1,0,0,,,0,1.074,36|38|38|40|40|42|42|44,36|38|38|40|40|42|42|44,36|38|38|40|40|42|42|44
739,benqa_ext_8th-Science_0173,literature/code/BEnQA/data/BEnQA/8th-Science.csv,173,8th,Science,A,ai_assisted_review_pass_v1,0,0,,,0,1.085,,,
740,benqa_ext_8th-Science_0223,literature/code/BEnQA/data/BEnQA/8th-Science.csv,223,8th,Science,B,ai_assisted_review_pass_v1,0,0,,,0,1.063,,,
741,benqa_ext_10th-Chemistry_0218,literature/code/BEnQA/data/BEnQA/10th-Chemistry.csv,218,10th,Chemistry,B,ai_assisted_review_warn_v1,0,1,,bangla_banglish_formulaish_token_mismatch,0,1.093,2,2,2
742,benqa_ext_10th-Chemistry_0197,literature/code/BEnQA/data/BEnQA/10th-Chemistry.csv,197,10th,Chemistry,D,ai_assisted_review_pass_v1,0,0,,,0,1.06,7|6|4|3,7|6|4|3,7|6|4|3
743,benqa_ext_10th-Chemistry_0327,literature/code/BEnQA/data/BEnQA/10th-Chemistry.csv,327,10th,Chemistry,D,ai_assisted_review_pass_v1,0,0,,,0,1.122,,,
744,benqa_ext_10th-Math-II_0230,literature/code/BEnQA/data/BEnQA/10th-Math-II.csv,230,10th,Math-II,D,ai_assisted_review_warn_v1,0,3,,bangla_duplicate_option_text;banglish_duplicate_option_text;english_duplicate_option_text,0,1.043,1|1|2|2|0|5|17|8|5|17|2|5,1|1|2|2|0|5|17|8|5|17|2|5,1|1|2|2|0|5|17|8|5|17|2|5
745,benqa_ext_8th-Science_0059,literature/code/BEnQA/data/BEnQA/8th-Science.csv,59,8th,Science,C,ai_assisted_review_pass_v1,0,0,,,0,1.088,2|6|8|16,2|6|8|16,2|6|8|16
746,benqa_ext_12th-Physics-II_0244,literature/code/BEnQA/data/BEnQA/12th-Physics-II.csv,244,12th,Physics-II,D,ai_assisted_review_pass_v1,0,0,,,0,1.103,,,
747,benqa_ext_12th-Chemistry-II_0021,literature/code/BEnQA/data/BEnQA/12th-Chemistry-II.csv,21,12th,Chemistry-II,B,ai_assisted_review_pass_v1,0,0,,,0,1.039,2|4|4|8|8|10|10|12,2|4|4|8|8|10|10|12,2|4|4|8|8|10|10|12
748,benqa_ext_10th-Physics_0033,literature/code/BEnQA/data/BEnQA/10th-Physics.csv,33,10th,Physics,C,ai_assisted_review_pass_v1,0,0,,,0,1.063,1,1,1
749,benqa_ext_12th-Biology-II_0226,literature/code/BEnQA/data/BEnQA/12th-Biology-II.csv,226,12th,Biology-II,A,ai_assisted_review_pass_v1,0,0,,,0,1.008,,,
750,benqa_ext_12th-Physics-I_0150,literature/code/BEnQA/data/BEnQA/12th-Physics-I.csv,150,12th,Physics-I,B,ai_assisted_review_pass_v1,0,0,,,0,1.087,,,
751,benqa_ext_12th-Physics-II_0128,literature/code/BEnQA/data/BEnQA/12th-Physics-II.csv,128,12th,Physics-II,A,ai_assisted_review_pass_v1,0,0,,,0,0.99,,,
752,benqa_ext_12th-Biology-I_0200,literature/code/BEnQA/data/BEnQA/12th-Biology-I.csv,200,12th,Biology-I,A,ai_assisted_review_pass_v1,0,0,,,0,1.0,,,
753,benqa_ext_10th-Chemistry_0250,literature/code/BEnQA/data/BEnQA/10th-Chemistry.csv,250,10th,Chemistry,D,ai_assisted_review_warn_v1,0,1,,bangla_english_digit_mismatch,0,1.021,2|3|16|10|23|1|66|10|24|9|11|10|31|6|62|10|34,2|3|16|10|23|1|66|10|24|9|11|10|31|6|62|10|34,2|3|16|10|23|1|6|10|24|9|11|10|31|6|625|10|34
754,benqa_ext_12th-Chemistry-II_0009,literature/code/BEnQA/data/BEnQA/12th-Chemistry-II.csv,9,12th,Chemistry-II,B,ai_assisted_review_pass_v1,0,0,,,0,1.05,3|6|2|3|2|3,3|6|2|3|2|3,3|6|2|3|2|3
755,benqa_ext_12th-Biology-II_0178,literature/code/BEnQA/data/BEnQA/12th-Biology-II.csv,178,12th,Biology-II,A,ai_assisted_review_pass_v1,0,0,,,0,1.011,,,
756,benqa_ext_10th-Chemistry_0285,literature/code/BEnQA/data/BEnQA/10th-Chemistry.csv,285,10th,Chemistry,B,ai_assisted_review_pass_v1,0,0,,,0,1.104,,,
757,benqa_ext_12th-Biology-I_0290,literature/code/BEnQA/data/BEnQA/12th-Biology-I.csv,290,12th,Biology-I,A,ai_assisted_review_warn_v1,0,1,,bangla_banglish_formulaish_token_mismatch,0,1.037,3|2,3|2,3|2
758,benqa_ext_10th-Biology_0196,literature/code/BEnQA/data/BEnQA/10th-Biology.csv,196,10th,Biology,C,ai_assisted_review_pass_v1,0,0,,,0,1.19,,,
759,benqa_ext_10th-Math-II_0164,literature/code/BEnQA/data/BEnQA/10th-Math-II.csv,164,10th,Math-II,A,ai_assisted_review_pass_v1,0,0,,,0,1.032,4|64|1|03|1|02|2|01|3|01,4|64|1|03|1|02|2|01|3|01,4|64|1|03|1|02|2|01|3|01
760,benqa_ext_8th-Science_0168,literature/code/BEnQA/data/BEnQA/8th-Science.csv,168,8th,Science,B,ai_assisted_review_pass_v1,0,0,,,0,1.122,,,
761,benqa_ext_12th-Chemistry-I_0023,literature/code/BEnQA/data/BEnQA/12th-Chemistry-I.csv,23,12th,Chemistry-I,D,ai_assisted_review_pass_v1,0,0,,,0,1.065,,,
762,benqa_ext_12th-Chemistry-I_0175,literature/code/BEnQA/data/BEnQA/12th-Chemistry-I.csv,175,12th,Chemistry-I,A,ai_assisted_review_pass_v1,0,0,,,0,1.122,,,
763,benqa_ext_10th-Math_0259,literature/code/BEnQA/data/BEnQA/10th-Math.csv,259,10th,Math,B,ai_assisted_review_warn_v1,0,1,,bangla_english_digit_mismatch,0,1.01,2|45|1|3|30|45|60|90,2|45|1|3|30|45|60|90,24|45|1|3|30|45|60|90
764,benqa_ext_12th-Chemistry-I_0039,literature/code/BEnQA/data/BEnQA/12th-Chemistry-I.csv,39,12th,Chemistry-I,B,ai_assisted_review_pass_v1,0,0,,,0,1.036,3|3|3|4|4|2|3,3|3|3|4|4|2|3,3|3|3|4|4|2|3
765,benqa_ext_8th-Science_0038,literature/code/BEnQA/data/BEnQA/8th-Science.csv,38,8th,Science,C,ai_assisted_review_pass_v1,0,0,,,0,0.978,1|2|3|4,1|2|3|4,1|2|3|4
766,benqa_ext_12th-Biology-I_0059,literature/code/BEnQA/data/BEnQA/12th-Biology-I.csv,59,12th,Biology-I,D,ai_assisted_review_pass_v1,0,0,,,0,1.046,,,
767,benqa_ext_12th-Biology-I_0027,literature/code/BEnQA/data/BEnQA/12th-Biology-I.csv,27,12th,Biology-I,B,ai_assisted_review_pass_v1,0,0,,,0,0.949,,,
768,benqa_ext_12th-Physics-II_0072,literature/code/BEnQA/data/BEnQA/12th-Physics-II.csv,72,12th,Physics-II,C,ai_assisted_review_pass_v1,0,0,,,0,1.132,,,
769,benqa_ext_12th-Math-I_0384,literature/code/BEnQA/data/BEnQA/12th-Math-I.csv,384,12th,Math-I,A,ai_assisted_review_pass_v1,0,0,,,0,1.004,10|5|5|10|5|5|10|5|1|5|10|5|1|5|10|5,10|5|5|10|5|5|10|5|1|5|10|5|1|5|10|5,10|5|5|10|5|5|10|5|1|5|10|5|1|5|10|5
770,benqa_ext_8th-Math_0061,literature/code/BEnQA/data/BEnQA/8th-Math.csv,61,8th,Math,A,ai_assisted_review_pass_v1,0,0,,,0,1.028,2|6|2|4|3|2|3|2|3|2|3|2,2|6|2|4|3|2|3|2|3|2|3|2,2|6|2|4|3|2|3|2|3|2|3|2
771,benqa_ext_10th-Chemistry_0195,literature/code/BEnQA/data/BEnQA/10th-Chemistry.csv,195,10th,Chemistry,C,ai_assisted_review_pass_v1,0,0,,,0,1.056,6|17|12|1|5|7|17,6|17|12|1|5|7|17,6|17|12|1|5|7|17
772,benqa_ext_12th-Biology-I_0066,literature/code/BEnQA/data/BEnQA/12th-Biology-I.csv,66,12th,Biology-I,B,ai_assisted_review_pass_v1,0,0,,,0,1.075,,,
773,benqa_ext_12th-Chemistry-I_0163,literature/code/BEnQA/data/BEnQA/12th-Chemistry-I.csv,163,12th,Chemistry-I,B,ai_assisted_review_warn_v1,0,1,,bangla_english_digit_mismatch,0,1.093,50|0|18|3|60|0|10|4|76|2|4,50|0|18|3|60|0|10|4|76|2|4,60|0|10|50|0|18|3|4|76|2|4
774,benqa_ext_10th-Chemistry_0128,literature/code/BEnQA/data/BEnQA/10th-Chemistry.csv,128,10th,Chemistry,D,ai_assisted_review_pass_v1,0,0,,,0,1.06,7|6|4|3,7|6|4|3,7|6|4|3
775,benqa_ext_12th-Biology-I_0190,literature/code/BEnQA/data/BEnQA/12th-Biology-I.csv,190,12th,Biology-I,C,ai_assisted_review_pass_v1,0,0,,,0,1.054,,,
776,benqa_ext_10th-Chemistry_0355,literature/code/BEnQA/data/BEnQA/10th-Chemistry.csv,355,10th,Chemistry,C,ai_assisted_review_warn_v1,0,1,,bangla_english_digit_mismatch,0,1.087,0|01|0|05|0|01|0|5,0|01|0|05|0|01|0|5,0|01|0|05|0|1|0|5
777,benqa_ext_10th-Math_0085,literature/code/BEnQA/data/BEnQA/10th-Math.csv,85,10th,Math,B,ai_assisted_review_pass_v1,0,0,,,0,1.093,4|2|0|1|2|3|4,4|2|0|1|2|3|4,4|2|0|1|2|3|4
778,benqa_ext_12th-Physics-II_0330,literature/code/BEnQA/data/BEnQA/12th-Physics-II.csv,330,12th,Physics-II,B,ai_assisted_review_pass_v1,0,0,,,0,1.02,20|40|19|39,20|40|19|39,20|40|19|39
779,benqa_ext_12th-Physics-I_0295,literature/code/BEnQA/data/BEnQA/12th-Physics-I.csv,295,12th,Physics-I,B,ai_assisted_review_pass_v1,0,0,,,0,1.127,,,
780,benqa_ext_12th-Chemistry-II_0004,literature/code/BEnQA/data/BEnQA/12th-Chemistry-II.csv,4,12th,Chemistry-II,A,ai_assisted_review_pass_v1,0,0,,,0,0.967,4|2|2|7|2|3|2|2|4|2|2,4|2|2|7|2|3|2|2|4|2|2,4|2|2|7|2|3|2|2|4|2|2
781,benqa_ext_12th-Biology-II_0166,literature/code/BEnQA/data/BEnQA/12th-Biology-II.csv,166,12th,Biology-II,C,ai_assisted_review_pass_v1,0,0,,,0,1.089,,,
782,benqa_ext_12th-Chemistry-I_0151,literature/code/BEnQA/data/BEnQA/12th-Chemistry-I.csv,151,12th,Chemistry-I,C,ai_assisted_review_pass_v1,0,0,,,0,1.012,2|2|2,2|2|2,2|2|2
783,benqa_ext_12th-Math-I_0014,literature/code/BEnQA/data/BEnQA/12th-Math-I.csv,14,12th,Math-I,B,ai_assisted_review_pass_v1,0,0,,,0,0.997,1|3|5|2|4|6|4|6|8|1|2|3|28|22|40|22|28|40|22|28|40|28|22|40,1|3|5|2|4|6|4|6|8|1|2|3|28|22|40|22|28|40|22|28|40|28|22|40,1|3|5|2|4|6|4|6|8|1|2|3|28|22|40|22|28|40|22|28|40|28|22|40
784,benqa_ext_12th-Biology-I_0147,literature/code/BEnQA/data/BEnQA/12th-Biology-I.csv,147,12th,Biology-I,B,ai_assisted_review_pass_v1,0,0,,,0,0.991,,,
785,benqa_ext_10th-Physics_0230,literature/code/BEnQA/data/BEnQA/10th-Physics.csv,230,10th,Physics,A,ai_assisted_review_pass_v1,0,0,,,0,1.036,,,
786,benqa_ext_8th-Science_0110,literature/code/BEnQA/data/BEnQA/8th-Science.csv,110,8th,Science,D,ai_assisted_review_pass_v1,0,0,,,0,1.033,4|2|3,4|2|3,4|2|3
787,benqa_ext_10th-Chemistry_0080,literature/code/BEnQA/data/BEnQA/10th-Chemistry.csv,80,10th,Chemistry,D,ai_assisted_review_pass_v1,0,0,,,0,1.097,139|154|279|310,139|154|279|310,139|154|279|310
788,benqa_ext_10th-Math-II_0234,literature/code/BEnQA/data/BEnQA/10th-Math-II.csv,234,10th,Math-II,B,ai_assisted_review_warn_v1,0,1,,bangla_english_digit_mismatch,0,1.043,4|3|7|2|4|2|6|4|5|6,4|3|7|2|4|2|6|4|5|6,2|4|3|7|2|4|6|4|5|6
789,benqa_ext_10th-Chemistry_0274,literature/code/BEnQA/data/BEnQA/10th-Chemistry.csv,274,10th,Chemistry,D,ai_assisted_review_warn_v1,0,1,,bangla_english_digit_mismatch,0,1.047,2|2|2|2|3|2|2|2,2|2|2|2|3|2|2|2,2|2|2|3|2|2|2
790,benqa_ext_12th-Physics-II_0329,literature/code/BEnQA/data/BEnQA/12th-Physics-II.csv,329,12th,Physics-II,A,ai_assisted_review_pass_v1,0,0,,,0,1.041,,,
791,benqa_ext_12th-Math-I_0169,literature/code/BEnQA/data/BEnQA/12th-Math-I.csv,169,12th,Math-I,A,ai_assisted_review_pass_v1,0,0,,,0,1.008,0|1|2|2|4|6|2|3,0|1|2|2|4|6|2|3,0|1|2|2|4|6|2|3
792,benqa_ext_10th-Math_0362,literature/code/BEnQA/data/BEnQA/10th-Math.csv,362,10th,Math,D,ai_assisted_review_pass_v1,0,0,,,0,1.017,1|2|2|1|2|3|2|3|4|3|4,1|2|2|1|2|3|2|3|4|3|4,1|2|2|1|2|3|2|3|4|3|4
793,benqa_ext_12th-Physics-II_0210,literature/code/BEnQA/data/BEnQA/12th-Physics-II.csv,210,12th,Physics-II,A,ai_assisted_review_pass_v1,0,0,,,0,1.085,,,
794,benqa_ext_12th-Math-I_0200,literature/code/BEnQA/data/BEnQA/12th-Math-I.csv,200,12th,Math-I,A,ai_assisted_review_pass_v1,0,0,,,0,1.028,3|4|3|2|5|3|5|4|5|4|5|3,3|4|3|2|5|3|5|4|5|4|5|3,3|4|3|2|5|3|5|4|5|4|5|3
795,benqa_ext_12th-Chemistry-I_0300,literature/code/BEnQA/data/BEnQA/12th-Chemistry-I.csv,300,12th,Chemistry-I,C,ai_assisted_review_pass_v1,0,0,,,0,1.059,,,
796,benqa_ext_12th-Chemistry-II_0110,literature/code/BEnQA/data/BEnQA/12th-Chemistry-II.csv,110,12th,Chemistry-II,C,ai_assisted_review_pass_v1,0,0,,,0,1.029,5|2|2|4|2|4|3|2|4|10|2|2|4|8|2|2|4|2|4|4|7|2|2|4,5|2|2|4|2|4|3|2|4|10|2|2|4|8|2|2|4|2|4|4|7|2|2|4,5|2|2|4|2|4|3|2|4|10|2|2|4|8|2|2|4|2|4|4|7|2|2|4
797,benqa_ext_10th-Biology_0250,literature/code/BEnQA/data/BEnQA/10th-Biology.csv,250,10th,Biology,C,ai_assisted_review_pass_v1,0,0,,,0,1.039,,,
798,benqa_ext_10th-Biology_0001,literature/code/BEnQA/data/BEnQA/10th-Biology.csv,1,10th,Biology,C,ai_assisted_review_pass_v1,0,0,,,0,1.037,12|25|17|30|22|35|27|40,12|25|17|30|22|35|27|40,12|25|17|30|22|35|27|40
799,benqa_ext_12th-Biology-I_0080,literature/code/BEnQA/data/BEnQA/12th-Biology-I.csv,80,12th,Biology-I,C,ai_assisted_review_pass_v1,0,0,,,0,0.967,,,
800,benqa_ext_12th-Biology-I_0189,literature/code/BEnQA/data/BEnQA/12th-Biology-I.csv,189,12th,Biology-I,A,ai_assisted_review_warn_v1,0,1,,bangla_english_digit_mismatch,0,1.022,1|2|3|4|5,1|2|3|4|5,2|3|4|5
801,benqa_ext_8th-Math_0103,literature/code/BEnQA/data/BEnQA/8th-Math.csv,103,8th,Math,A,ai_assisted_review_pass_v1,0,0,,,0,1.082,2|1|7|5|2|2|5,2|1|7|5|2|2|5,2|1|7|5|2|2|5
802,benqa_ext_12th-Biology-II_0222,literature/code/BEnQA/data/BEnQA/12th-Biology-II.csv,222,12th,Biology-II,A,ai_assisted_review_warn_v1,0,2,,bangla_english_digit_mismatch;bangla_banglish_formulaish_token_mismatch,0,1.08,1|65|78|1|2|3,1|65|78|1|2|3,1|65|75
803,benqa_ext_10th-Physics_0270,literature/code/BEnQA/data/BEnQA/10th-Physics.csv,270,10th,Physics,D,ai_assisted_review_pass_v1,0,0,,,0,1.024,2|2|2|1|3|2|3,2|2|2|1|3|2|3,2|2|2|1|3|2|3
804,benqa_ext_10th-Physics_0199,literature/code/BEnQA/data/BEnQA/10th-Physics.csv,199,10th,Physics,D,ai_assisted_review_pass_v1,0,0,,,0,1.053,,,
805,benqa_ext_10th-Math-II_0135,literature/code/BEnQA/data/BEnQA/10th-Math-II.csv,135,10th,Math-II,B,ai_assisted_review_pass_v1,0,0,,,0,1.042,2|0|0|2|0|2|2|4|2|4,2|0|0|2|0|2|2|4|2|4,2|0|0|2|0|2|2|4|2|4
806,benqa_ext_12th-Physics-I_0028,literature/code/BEnQA/data/BEnQA/12th-Physics-I.csv,28,12th,Physics-I,A,ai_assisted_review_pass_v1,0,0,,,0,1.087,300|100|200|300|400,300|100|200|300|400,300|100|200|300|400
807,benqa_ext_12th-Math-I_0170,literature/code/BEnQA/data/BEnQA/12th-Math-I.csv,170,12th,Math-I,D,ai_assisted_review_pass_v1,0,0,,,0,1.004,2|2|4|2|2|1|2|2|2|2|2|2,2|2|4|2|2|1|2|2|2|2|2|2,2|2|4|2|2|1|2|2|2|2|2|2
808,benqa_ext_8th-Science_0203,literature/code/BEnQA/data/BEnQA/8th-Science.csv,203,8th,Science,C,ai_assisted_review_pass_v1,0,0,,,0,1.132,27,27,27
809,benqa_ext_12th-Biology-I_0282,literature/code/BEnQA/data/BEnQA/12th-Biology-I.csv,282,12th,Biology-I,B,ai_assisted_review_pass_v1,0,0,,,0,1.016,2,2,2
810,benqa_ext_12th-Physics-II_0223,literature/code/BEnQA/data/BEnQA/12th-Physics-II.csv,223,12th,Physics-II,C,ai_assisted_review_pass_v1,0,0,,,0,1.051,,,
811,benqa_ext_12th-Chemistry-II_0239,literature/code/BEnQA/data/BEnQA/12th-Chemistry-II.csv,239,12th,Chemistry-II,D,ai_assisted_review_pass_v1,0,0,,,0,1.008,3|2|2|3,3|2|2|3,3|2|2|3
812,benqa_ext_12th-Chemistry-II_0057,literature/code/BEnQA/data/BEnQA/12th-Chemistry-II.csv,57,12th,Chemistry-II,D,ai_assisted_review_pass_v1,0,0,,,0,1.033,2|7|2|2|2|7|2|2|6,2|7|2|2|2|7|2|2|6,2|7|2|2|2|7|2|2|6
813,benqa_ext_12th-Physics-II_0032,literature/code/BEnQA/data/BEnQA/12th-Physics-II.csv,32,12th,Physics-II,D,ai_assisted_review_pass_v1,0,0,,,0,1.058,2,2,2
814,benqa_ext_10th-Chemistry_0016,literature/code/BEnQA/data/BEnQA/10th-Chemistry.csv,16,10th,Chemistry,A,ai_assisted_review_pass_v1,0,0,,,0,1.069,,,
815,benqa_ext_10th-Biology_0024,literature/code/BEnQA/data/BEnQA/10th-Biology.csv,24,10th,Biology,C,ai_assisted_review_warn_v1,0,1,,bangla_english_digit_mismatch,0,1.119,14|15|16|17,14|15|16|17,14|16|15|17
816,benqa_ext_12th-Chemistry-II_0161,literature/code/BEnQA/data/BEnQA/12th-Chemistry-II.csv,161,12th,Chemistry-II,C,ai_assisted_review_pass_v1,0,0,,,0,1.02,2|2,2|2,2|2
817,benqa_ext_12th-Biology-I_0151,literature/code/BEnQA/data/BEnQA/12th-Biology-I.csv,151,12th,Biology-I,C,ai_assisted_review_pass_v1,0,0,,,0,1.08,,,
818,benqa_ext_10th-Math_0161,literature/code/BEnQA/data/BEnQA/10th-Math.csv,161,10th,Math,B,ai_assisted_review_warn_v1,0,1,,bangla_banglish_formulaish_token_mismatch,0,1.11,8|12|3619|12|904|78|301|59|150|8,8|12|3619|12|904|78|301|59|150|8,8|12|3619|12|904|78|301|59|150|8
819,benqa_ext_10th-Math_0136,literature/code/BEnQA/data/BEnQA/10th-Math.csv,136,10th,Math,D,ai_assisted_review_warn_v1,0,1,,bangla_english_digit_mismatch,0,1.035,2|3|27|0|0|2|2|3|3|3|3|3|3,2|3|27|0|0|2|2|3|3|3|3|3|3,2|3|27|0|2|2|3|3|3|3|3|3
820,benqa_ext_10th-Chemistry_0181,literature/code/BEnQA/data/BEnQA/10th-Chemistry.csv,181,10th,Chemistry,C,ai_assisted_review_pass_v1,0,0,,,0,1.056,19|1|3|4|5,19|1|3|4|5,19|1|3|4|5
821,benqa_ext_10th-Physics_0229,literature/code/BEnQA/data/BEnQA/10th-Physics.csv,229,10th,Physics,D,ai_assisted_review_warn_v1,0,1,,bangla_banglish_formulaish_token_mismatch,0,1.062,235|92|143|92,235|92|143|92,235|92|143|92
822,benqa_ext_12th-Chemistry-II_0244,literature/code/BEnQA/data/BEnQA/12th-Chemistry-II.csv,244,12th,Chemistry-II,C,ai_assisted_review_warn_v1,0,2,,english_duplicate_option_text;bangla_english_digit_mismatch,0,1.04,2|5|2|5|10|2|2|5|10|3|2|5|10|4|2|5|10|5,2|5|2|5|10|2|2|5|10|3|2|5|10|4|2|5|10|5,2|5|2|5|10|2|2|5|10|3|2|5|10|3|2|5|10|5
823,benqa_ext_12th-Chemistry-II_0283,literature/code/BEnQA/data/BEnQA/12th-Chemistry-II.csv,283,12th,Chemistry-II,A,ai_assisted_review_pass_v1,0,0,,,0,1.024,6|5|8|5|6|5|9|2|4|5|9|5|4|5|9|8,6|5|8|5|6|5|9|2|4|5|9|5|4|5|9|8,6|5|8|5|6|5|9|2|4|5|9|5|4|5|9|8
824,benqa_ext_8th-Science_0048,literature/code/BEnQA/data/BEnQA/8th-Science.csv,48,8th,Science,B,ai_assisted_review_pass_v1,0,0,,,0,1.086,,,
825,benqa_ext_12th-Biology-II_0326,literature/code/BEnQA/data/BEnQA/12th-Biology-II.csv,326,12th,Biology-II,C,ai_assisted_review_pass_v1,0,0,,,0,1.04,5|4|65|2|23|5|24|01|24|8|25|15,5|4|65|2|23|5|24|01|24|8|25|15,5|4|65|2|23|5|24|01|24|8|25|15
826,benqa_ext_10th-Math_0028,literature/code/BEnQA/data/BEnQA/10th-Math.csv,28,10th,Math,A,ai_assisted_review_pass_v1,0,0,,,0,1.083,2|2|4|4|2|2,2|2|4|4|2|2,2|2|4|4|2|2
827,benqa_ext_10th-Biology_0074,literature/code/BEnQA/data/BEnQA/10th-Biology.csv,74,10th,Biology,A,ai_assisted_review_pass_v1,0,0,,,0,1.05,1905|1915|1920|1925,1905|1915|1920|1925,1905|1915|1920|1925
828,benqa_ext_12th-Physics-II_0275,literature/code/BEnQA/data/BEnQA/12th-Physics-II.csv,275,12th,Physics-II,B,ai_assisted_review_pass_v1,0,0,,,0,1.049,360|40|400|600|720|900,360|40|400|600|720|900,360|40|400|600|720|900
829,benqa_ext_12th-Math-II_0116,literature/code/BEnQA/data/BEnQA/12th-Math-II.csv,116,12th,Math-II,B,ai_assisted_review_pass_v1,0,0,,,0,1.013,2|8|2|2|3|2|3|2|2|3|2|7|2|2,2|8|2|2|3|2|3|2|2|3|2|7|2|2,2|8|2|2|3|2|3|2|2|3|2|7|2|2
830,benqa_ext_8th-Science_0114,literature/code/BEnQA/data/BEnQA/8th-Science.csv,114,8th,Science,A,ai_assisted_review_pass_v1,0,0,,,0,1.101,,,
831,benqa_ext_10th-Biology_0115,literature/code/BEnQA/data/BEnQA/10th-Biology.csv,115,10th,Biology,A,ai_assisted_review_pass_v1,0,0,,,0,1.016,,,
832,benqa_ext_10th-Math_0189,literature/code/BEnQA/data/BEnQA/10th-Math.csv,189,10th,Math,B,ai_assisted_review_warn_v1,0,1,,bangla_english_digit_mismatch,0,1.051,2|2|4|4|2|2|4,2|2|4|4|2|2|4,3|2|4|4|2|2|4
833,benqa_ext_10th-Physics_0119,literature/code/BEnQA/data/BEnQA/10th-Physics.csv,119,10th,Physics,A,ai_assisted_review_pass_v1,0,0,,,0,1.085,,,
834,benqa_ext_12th-Physics-I_0170,literature/code/BEnQA/data/BEnQA/12th-Physics-I.csv,170,12th,Physics-I,B,ai_assisted_review_warn_v1,0,1,,bangla_english_digit_mismatch,0,1.111,0|207|0|414|2|4,0|207|0|414|2|4,3|0|207|0|414|2|4
835,benqa_ext_12th-Physics-II_0207,literature/code/BEnQA/data/BEnQA/12th-Physics-II.csv,207,12th,Physics-II,D,ai_assisted_review_warn_v1,0,1,,bangla_banglish_formulaish_token_mismatch,0,1.071,5898|92|5461|62|67|90|99,5898|92|5461|62|67|90|99,5898|92|5461|62|67|90|99
836,benqa_ext_12th-Biology-II_0317,literature/code/BEnQA/data/BEnQA/12th-Biology-II.csv,317,12th,Biology-II,A,ai_assisted_review_pass_v1,0,0,,,0,1.11,23|24|20|25,23|24|20|25,23|24|20|25
837,benqa_ext_8th-Science_0175,literature/code/BEnQA/data/BEnQA/8th-Science.csv,175,8th,Science,B,ai_assisted_review_pass_v1,0,0,,,0,1.154,,,
838,benqa_ext_12th-Physics-II_0323,literature/code/BEnQA/data/BEnQA/12th-Physics-II.csv,323,12th,Physics-II,C,ai_assisted_review_pass_v1,0,0,,,0,1.05,,,
839,benqa_ext_12th-Biology-I_0030,literature/code/BEnQA/data/BEnQA/12th-Biology-I.csv,30,12th,Biology-I,A,ai_assisted_review_pass_v1,0,0,,,0,0.96,,,
840,benqa_ext_12th-Chemistry-II_0377,literature/code/BEnQA/data/BEnQA/12th-Chemistry-II.csv,377,12th,Chemistry-II,B,ai_assisted_review_pass_v1,0,0,,,0,1.06,0|25|2|4|24600|24500|24400|24300,0|25|2|4|24600|24500|24400|24300,0|25|2|4|24600|24500|24400|24300
841,benqa_ext_12th-Math-I_0379,literature/code/BEnQA/data/BEnQA/12th-Math-I.csv,379,12th,Math-I,B,ai_assisted_review_pass_v1,0,0,,,0,1.01,2|3|4|1|1|4,2|3|4|1|1|4,2|3|4|1|1|4
842,benqa_ext_10th-Physics_0111,literature/code/BEnQA/data/BEnQA/10th-Physics.csv,111,10th,Physics,A,ai_assisted_review_pass_v1,0,0,,,0,1.105,,,
843,benqa_ext_8th-Science_0131,literature/code/BEnQA/data/BEnQA/8th-Science.csv,131,8th,Science,B,ai_assisted_review_pass_v1,0,0,,,0,1.037,100|5|0|05|20|105|500,100|5|0|05|20|105|500,100|5|0|05|20|105|500
844,benqa_ext_12th-Chemistry-II_0118,literature/code/BEnQA/data/BEnQA/12th-Chemistry-II.csv,118,12th,Chemistry-II,A,ai_assisted_review_pass_v1,0,0,,,0,1.005,2|0|76|2|0|28|2|2|36|2|2|87|3|1|66,2|0|76|2|0|28|2|2|36|2|2|87|3|1|66,2|0|76|2|0|28|2|2|36|2|2|87|3|1|66
845,benqa_ext_12th-Chemistry-I_0237,literature/code/BEnQA/data/BEnQA/12th-Chemistry-I.csv,237,12th,Chemistry-I,A,ai_assisted_review_pass_v1,0,0,,,0,1.186,,,
846,benqa_ext_8th-Math_0055,literature/code/BEnQA/data/BEnQA/8th-Math.csv,55,8th,Math,C,ai_assisted_review_warn_v1,0,1,,bangla_english_digit_mismatch,0,1.17,4|12|16|64|96,4|12|16|64|96,4|12|3|16|3|64|3|96|3
847,benqa_ext_10th-Chemistry_0095,literature/code/BEnQA/data/BEnQA/10th-Chemistry.csv,95,10th,Chemistry,D,ai_assisted_review_pass_v1,0,0,,,0,0.977,3,3,3
848,benqa_ext_8th-Science_0224,literature/code/BEnQA/data/BEnQA/8th-Science.csv,224,8th,Science,B,ai_assisted_review_pass_v1,0,0,,,0,1.047,,,
849,benqa_ext_10th-Biology_0065,literature/code/BEnQA/data/BEnQA/10th-Biology.csv,65,10th,Biology,A,ai_assisted_review_pass_v1,0,0,,,0,1.113,4,4,4
850,benqa_ext_10th-Math-II_0336,literature/code/BEnQA/data/BEnQA/10th-Math-II.csv,336,10th,Math-II,C,ai_assisted_review_pass_v1,0,0,,,0,1.009,2|4|3|2|3|4|17|4|11|4|9|4|7|4,2|4|3|2|3|4|17|4|11|4|9|4|7|4,2|4|3|2|3|4|17|4|11|4|9|4|7|4
851,benqa_ext_12th-Math-II_0185,literature/code/BEnQA/data/BEnQA/12th-Math-II.csv,185,12th,Math-II,C,ai_assisted_review_pass_v1,0,0,,,0,1.029,8|5|1|1,8|5|1|1,8|5|1|1
852,benqa_ext_12th-Math-I_0037,literature/code/BEnQA/data/BEnQA/12th-Math-I.csv,37,12th,Math-I,D,ai_assisted_review_pass_v1,0,0,,,0,1.071,3|2|4|6|5|7|4|11|3|9|2|13|2|8|26|0,3|2|4|6|5|7|4|11|3|9|2|13|2|8|26|0,3|2|4|6|5|7|4|11|3|9|2|13|2|8|26|0
853,benqa_ext_10th-Biology_0120,literature/code/BEnQA/data/BEnQA/10th-Biology.csv,120,10th,Biology,D,ai_assisted_review_pass_v1,0,0,,,0,0.972,,,
854,benqa_ext_10th-Biology_0056,literature/code/BEnQA/data/BEnQA/10th-Biology.csv,56,10th,Biology,A,ai_assisted_review_pass_v1,0,0,,,0,1.178,,,
855,benqa_ext_8th-Science_0053,literature/code/BEnQA/data/BEnQA/8th-Science.csv,53,8th,Science,D,ai_assisted_review_pass_v1,0,0,,,0,1.05,3|2|2|2,3|2|2|2,3|2|2|2
856,benqa_ext_12th-Physics-I_0004,literature/code/BEnQA/data/BEnQA/12th-Physics-I.csv,4,12th,Physics-I,A,ai_assisted_review_warn_v1,0,1,,suspicious_romanization_pattern:\btb[a-z]+,0,1.103,15|1|30|2|7|5,15|1|30|2|7|5,15|1|30|2|7|5
857,benqa_ext_10th-Biology_0206,literature/code/BEnQA/data/BEnQA/10th-Biology.csv,206,10th,Biology,D,ai_assisted_review_pass_v1,0,0,,,0,1.034,,,
858,benqa_ext_12th-Chemistry-I_0051,literature/code/BEnQA/data/BEnQA/12th-Chemistry-I.csv,51,12th,Chemistry-I,A,ai_assisted_review_pass_v1,0,0,,,0,1.125,,,
859,benqa_ext_8th-Math_0181,literature/code/BEnQA/data/BEnQA/8th-Math.csv,181,8th,Math,D,ai_assisted_review_pass_v1,0,0,,,0,1.061,120|180|270|360,120|180|270|360,120|180|270|360
860,benqa_ext_12th-Physics-I_0130,literature/code/BEnQA/data/BEnQA/12th-Physics-I.csv,130,12th,Physics-I,A,ai_assisted_review_pass_v1,0,0,,,0,1.117,4|2|1|2|1|4,4|2|1|2|1|4,4|2|1|2|1|4
861,benqa_ext_10th-Physics_0315,literature/code/BEnQA/data/BEnQA/10th-Physics.csv,315,10th,Physics,D,ai_assisted_review_warn_v1,0,1,,bangla_english_digit_mismatch,0,1.035,12|3|0|021|0|25|48|192,12|3|0|021|0|25|48|192,4|12|3|0|021|0|25|48|192
862,benqa_ext_12th-Biology-II_0099,literature/code/BEnQA/data/BEnQA/12th-Biology-II.csv,99,12th,Biology-II,C,ai_assisted_review_pass_v1,0,0,,,0,1.067,,,
863,benqa_ext_12th-Physics-I_0303,literature/code/BEnQA/data/BEnQA/12th-Physics-I.csv,303,12th,Physics-I,B,ai_assisted_review_pass_v1,0,0,,,0,1.057,9|1|9,9|1|9,9|1|9
864,benqa_ext_12th-Math-I_0009,literature/code/BEnQA/data/BEnQA/12th-Math-I.csv,9,12th,Math-I,A,ai_assisted_review_pass_v1,0,0,,,0,1.022,3|0|0|0|3|0|0|0|3,3|0|0|0|3|0|0|0|3,3|0|0|0|3|0|0|0|3
865,benqa_ext_12th-Math-I_0264,literature/code/BEnQA/data/BEnQA/12th-Math-I.csv,264,12th,Math-I,D,ai_assisted_review_pass_v1,0,0,,,0,0.991,1|1|1|1|2|6|3|7|1|3|3|9|1|3|3|9,1|1|1|1|2|6|3|7|1|3|3|9|1|3|3|9,1|1|1|1|2|6|3|7|1|3|3|9|1|3|3|9
866,benqa_ext_12th-Biology-II_0245,literature/code/BEnQA/data/BEnQA/12th-Biology-II.csv,245,12th,Biology-II,C,ai_assisted_review_warn_v1,0,1,,bangla_english_digit_mismatch,0,1.028,3|1|13|3|9|7|2|1,3|1|13|3|9|7|2|1,3|01|13|03|9|07|2|01
867,benqa_ext_10th-Physics_0137,literature/code/BEnQA/data/BEnQA/10th-Physics.csv,137,10th,Physics,A,ai_assisted_review_pass_v1,0,0,,,0,1.138,,,
868,benqa_ext_10th-Chemistry_0358,literature/code/BEnQA/data/BEnQA/10th-Chemistry.csv,358,10th,Chemistry,A,ai_assisted_review_pass_v1,0,0,,,0,1.049,1|8|084|10|21|8|084|10|22|8|084|10|23|8|084|10|24,1|8|084|10|21|8|084|10|22|8|084|10|23|8|084|10|24,1|8|084|10|21|8|084|10|22|8|084|10|23|8|084|10|24
869,benqa_ext_12th-Math-II_0075,literature/code/BEnQA/data/BEnQA/12th-Math-II.csv,75,12th,Math-II,C,ai_assisted_review_pass_v1,0,0,,,0,1.058,2|5|0|4|5|0|4|5|0|4|5|0|4|5|0,2|5|0|4|5|0|4|5|0|4|5|0|4|5|0,2|5|0|4|5|0|4|5|0|4|5|0|4|5|0
870,benqa_ext_8th-Science_0222,literature/code/BEnQA/data/BEnQA/8th-Science.csv,222,8th,Science,B,ai_assisted_review_pass_v1,0,0,,,0,1.111,,,
871,benqa_ext_10th-Math_0159,literature/code/BEnQA/data/BEnQA/10th-Math.csv,159,10th,Math,B,ai_assisted_review_pass_v1,0,0,,,0,1.058,12|36|3|4|3|3|3|3,12|36|3|4|3|3|3|3,12|36|3|4|3|3|3|3
872,benqa_ext_12th-Physics-II_0209,literature/code/BEnQA/data/BEnQA/12th-Physics-II.csv,209,12th,Physics-II,A,ai_assisted_review_pass_v1,0,0,,,0,1.076,60|30|45|60|90,60|30|45|60|90,60|30|45|60|90
873,benqa_ext_8th-Science_0007,literature/code/BEnQA/data/BEnQA/8th-Science.csv,7,8th,Science,A,ai_assisted_review_pass_v1,0,0,,,0,1.14,,,
874,benqa_ext_12th-Chemistry-I_0116,literature/code/BEnQA/data/BEnQA/12th-Chemistry-I.csv,116,12th,Chemistry-I,B,ai_assisted_review_pass_v1,0,0,,,0,1.049,,,
875,benqa_ext_10th-Physics_0170,literature/code/BEnQA/data/BEnQA/10th-Physics.csv,170,10th,Physics,B,ai_assisted_review_pass_v1,0,0,,,0,1.015,,,
876,benqa_ext_8th-Science_0205,literature/code/BEnQA/data/BEnQA/8th-Science.csv,205,8th,Science,B,ai_assisted_review_pass_v1,0,0,,,0,1.061,25|25|50|200|325|450,25|25|50|200|325|450,25|25|50|200|325|450
877,benqa_ext_10th-Biology_0287,literature/code/BEnQA/data/BEnQA/10th-Biology.csv,287,10th,Biology,A,ai_assisted_review_pass_v1,0,0,,,0,1.075,,,
878,benqa_ext_8th-Science_0225,literature/code/BEnQA/data/BEnQA/8th-Science.csv,225,8th,Science,A,ai_assisted_review_pass_v1,0,0,,,0,1.082,,,
879,benqa_ext_10th-Chemistry_0185,literature/code/BEnQA/data/BEnQA/10th-Chemistry.csv,185,10th,Chemistry,B,ai_assisted_review_warn_v1,0,1,,bangla_english_digit_mismatch,0,1.05,3|2|40|4|10,3|2|40|4|10,3|2|40|4|100
880,benqa_ext_10th-Math_0227,literature/code/BEnQA/data/BEnQA/10th-Math.csv,227,10th,Math,C,ai_assisted_review_pass_v1,0,0,,,0,1.017,16|3|3|5|5|3|4|5|5|4,16|3|3|5|5|3|4|5|5|4,16|3|3|5|5|3|4|5|5|4
881,benqa_ext_12th-Chemistry-I_0070,literature/code/BEnQA/data/BEnQA/12th-Chemistry-I.csv,70,12th,Chemistry-I,A,ai_assisted_review_pass_v1,0,0,,,0,1.031,2|3|108|5|36|5|6|5|6|2,2|3|108|5|36|5|6|5|6|2,2|3|108|5|36|5|6|5|6|2
882,benqa_ext_10th-Math_0115,literature/code/BEnQA/data/BEnQA/10th-Math.csv,115,10th,Math,C,ai_assisted_review_pass_v1,0,0,,,0,1.012,36|6|6|6|1|6|1|2|1|2|5,36|6|6|6|1|6|1|2|1|2|5,36|6|6|6|1|6|1|2|1|2|5
883,benqa_ext_12th-Physics-II_0188,literature/code/BEnQA/data/BEnQA/12th-Physics-II.csv,188,12th,Physics-II,D,ai_assisted_review_pass_v1,0,0,,,0,1.032,20|40|19|39,20|40|19|39,20|40|19|39
884,benqa_ext_12th-Math-I_0257,literature/code/BEnQA/data/BEnQA/12th-Math-I.csv,257,12th,Math-I,B,ai_assisted_review_warn_v1,0,1,,bangla_banglish_formulaish_token_mismatch,0,1.095,3|3|6|9|12|18,3|3|6|9|12|18,3|3|6|9|12|18
885,benqa_ext_12th-Chemistry-I_0132,literature/code/BEnQA/data/BEnQA/12th-Chemistry-I.csv,132,12th,Chemistry-I,A,ai_assisted_review_pass_v1,0,0,,,0,1.089,1,1,1
886,benqa_ext_8th-Science_0156,literature/code/BEnQA/data/BEnQA/8th-Science.csv,156,8th,Science,D,ai_assisted_review_pass_v1,0,0,,,0,1.11,,,
887,benqa_ext_12th-Chemistry-II_0357,literature/code/BEnQA/data/BEnQA/12th-Chemistry-II.csv,357,12th,Chemistry-II,C,ai_assisted_review_warn_v1,0,1,,bangla_english_digit_mismatch,0,1.059,3|2|2|2|3|2,3|2|2|2|3|2,3|2|3|2|3|2
888,benqa_ext_12th-Chemistry-I_0212,literature/code/BEnQA/data/BEnQA/12th-Chemistry-I.csv,212,12th,Chemistry-I,C,ai_assisted_review_warn_v1,0,2,,bangla_english_digit_mismatch;bangla_banglish_formulaish_token_mismatch,0,1.056,4|7|5|10|10|9|1|10|31|4|5982|10|5|1|5|9482|10|5|1|6|1805|10|5|1|7|4805|10|5|1,4|7|5|10|10|9|1|10|31|4|5982|10|5|1|5|9482|10|5|1|6|1805|10|5|1|7|4805|10|5|1,7|5|10|10|9|1|10|31|4|5982|10|5|1|5|9482|105|1|6|1805|10|5|1|7|4805|10|5|1
889,benqa_ext_12th-Chemistry-I_0274,literature/code/BEnQA/data/BEnQA/12th-Chemistry-I.csv,274,12th,Chemistry-I,A,ai_assisted_review_pass_v1,0,0,,,0,1.044,16|15|14|11,16|15|14|11,16|15|14|11
890,benqa_ext_10th-Biology_0045,literature/code/BEnQA/data/BEnQA/10th-Biology.csv,45,10th,Biology,D,ai_assisted_review_pass_v1,0,0,,,0,1.041,,,
891,benqa_ext_8th-Science_0155,literature/code/BEnQA/data/BEnQA/8th-Science.csv,155,8th,Science,A,ai_assisted_review_pass_v1,0,0,,,0,1.06,,,
892,benqa_ext_12th-Physics-I_0010,literature/code/BEnQA/data/BEnQA/12th-Physics-I.csv,10,12th,Physics-I,C,ai_assisted_review_pass_v1,0,0,,,0,1.09,2|4|8|16,2|4|8|16,2|4|8|16
893,benqa_ext_10th-Math_0199,literature/code/BEnQA/data/BEnQA/10th-Math.csv,199,10th,Math,C,ai_assisted_review_pass_v1,0,0,,,0,1.068,2|7|0|7|7|0|7|0|7,2|7|0|7|7|0|7|0|7,2|7|0|7|7|0|7|0|7
894,benqa_ext_12th-Physics-I_0088,literature/code/BEnQA/data/BEnQA/12th-Physics-I.csv,88,12th,Physics-I,C,ai_assisted_review_pass_v1,0,0,,,0,1.07,,,
895,benqa_ext_12th-Biology-I_0255,literature/code/BEnQA/data/BEnQA/12th-Biology-I.csv,255,12th,Biology-I,B,ai_assisted_review_pass_v1,0,0,,,0,1.0,,,
896,benqa_ext_12th-Physics-I_0286,literature/code/BEnQA/data/BEnQA/12th-Physics-I.csv,286,12th,Physics-I,A,ai_assisted_review_pass_v1,0,0,,,0,1.074,8|2|2|200|0|5|1|8|1|25|1|200|1,8|2|2|200|0|5|1|8|1|25|1|200|1,8|2|2|200|0|5|1|8|1|25|1|200|1
897,benqa_ext_10th-Math_0150,literature/code/BEnQA/data/BEnQA/10th-Math.csv,150,10th,Math,D,ai_assisted_review_pass_v1,0,0,,,0,1.018,30|3|0|1|2|3|2|1,30|3|0|1|2|3|2|1,30|3|0|1|2|3|2|1
898,benqa_ext_12th-Math-I_0347,literature/code/BEnQA/data/BEnQA/12th-Math-I.csv,347,12th,Math-I,B,ai_assisted_review_pass_v1,0,0,,,0,1.01,0|1|2|2|2|2|1|2|0,0|1|2|2|2|2|1|2|0,0|1|2|2|2|2|1|2|0
899,benqa_ext_10th-Physics_0174,literature/code/BEnQA/data/BEnQA/10th-Physics.csv,174,10th,Physics,B,ai_assisted_review_pass_v1,0,0,,,0,1.047,300|700|400|700|300|700|700|400,300|700|400|700|300|700|700|400,300|700|400|700|300|700|700|400
900,benqa_ext_10th-Biology_0063,literature/code/BEnQA/data/BEnQA/10th-Biology.csv,63,10th,Biology,B,ai_assisted_review_pass_v1,0,0,,,0,1.0,,,
901,benqa_ext_10th-Biology_0151,literature/code/BEnQA/data/BEnQA/10th-Biology.csv,151,10th,Biology,A,ai_assisted_review_pass_v1,0,0,,,0,1.05,2|2,2|2,2|2
902,benqa_ext_10th-Chemistry_0137,literature/code/BEnQA/data/BEnQA/10th-Chemistry.csv,137,10th,Chemistry,A,ai_assisted_review_warn_v1,0,1,,bangla_english_digit_mismatch,0,1.037,1|10|1|1|8|2|1|7|2|1|4|2,1|10|1|1|8|2|1|7|2|1|4|2,1|10|1|2|8|2|1|7|2|1|4|2
903,benqa_ext_12th-Physics-I_0057,literature/code/BEnQA/data/BEnQA/12th-Physics-I.csv,57,12th,Physics-I,A,ai_assisted_review_pass_v1,0,0,,,0,1.158,2|2,2|2,2|2
904,benqa_ext_12th-Biology-I_0241,literature/code/BEnQA/data/BEnQA/12th-Biology-I.csv,241,12th,Biology-I,A,ai_assisted_review_pass_v1,0,0,,,0,0.973,,,
905,benqa_ext_10th-Math-II_0024,literature/code/BEnQA/data/BEnQA/10th-Math-II.csv,24,10th,Math-II,D,ai_assisted_review_pass_v1,0,0,,,0,1.052,3|0|3|0|03|9|10|3|10|10|9|10|3,3|0|3|0|03|9|10|3|10|10|9|10|3,3|0|3|0|03|9|10|3|10|10|9|10|3
906,benqa_ext_10th-Math_0105,literature/code/BEnQA/data/BEnQA/10th-Math.csv,105,10th,Math,B,ai_assisted_review_pass_v1,0,0,,,0,1.044,3|4|5|4|5|10|5|6|8|8|3|9,3|4|5|4|5|10|5|6|8|8|3|9,3|4|5|4|5|10|5|6|8|8|3|9
907,benqa_ext_10th-Biology_0032,literature/code/BEnQA/data/BEnQA/10th-Biology.csv,32,10th,Biology,D,ai_assisted_review_pass_v1,0,0,,,0,1.108,,,
908,benqa_ext_10th-Chemistry_0102,literature/code/BEnQA/data/BEnQA/10th-Chemistry.csv,102,10th,Chemistry,D,ai_assisted_review_pass_v1,0,0,,,0,0.98,12|13|14|15,12|13|14|15,12|13|14|15
909,benqa_ext_12th-Chemistry-I_0252,literature/code/BEnQA/data/BEnQA/12th-Chemistry-I.csv,252,12th,Chemistry-I,C,ai_assisted_review_pass_v1,0,0,,,0,1.076,2|2|3|4|6,2|2|3|4|6,2|2|3|4|6
910,benqa_ext_10th-Chemistry_0006,literature/code/BEnQA/data/BEnQA/10th-Chemistry.csv,6,10th,Chemistry,D,ai_assisted_review_pass_v1,0,0,,,0,1.005,2|2|2|2|2|2|2|2|2|3,2|2|2|2|2|2|2|2|2|3,2|2|2|2|2|2|2|2|2|3
911,benqa_ext_12th-Biology-II_0140,literature/code/BEnQA/data/BEnQA/12th-Biology-II.csv,140,12th,Biology-II,D,ai_assisted_review_pass_v1,0,0,,,0,1.011,,,
912,benqa_ext_12th-Math-II_0010,literature/code/BEnQA/data/BEnQA/12th-Math-II.csv,10,12th,Math-II,B,ai_assisted_review_pass_v1,0,0,,,0,1.072,2|6|3|2|3|2|3,2|6|3|2|3|2|3,2|6|3|2|3|2|3
913,benqa_ext_12th-Biology-II_0208,literature/code/BEnQA/data/BEnQA/12th-Biology-II.csv,208,12th,Biology-II,D,ai_assisted_review_pass_v1,0,0,,,0,1.018,,,
914,benqa_ext_12th-Biology-I_0296,literature/code/BEnQA/data/BEnQA/12th-Biology-I.csv,296,12th,Biology-I,D,ai_assisted_review_pass_v1,0,0,,,0,1.064,,,
915,benqa_ext_10th-Chemistry_0183,literature/code/BEnQA/data/BEnQA/10th-Chemistry.csv,183,10th,Chemistry,A,ai_assisted_review_pass_v1,0,0,,,0,1.053,2|2|2,2|2|2,2|2|2
916,benqa_ext_12th-Physics-II_0322,literature/code/BEnQA/data/BEnQA/12th-Physics-II.csv,322,12th,Physics-II,D,ai_assisted_review_warn_v1,0,1,,bangla_english_digit_mismatch,0,1.034,20|5|5|625|10|6|1|1|125|10|6|1,20|5|5|625|10|6|1|1|125|10|6|1,5|20|5|625|10|6|1|1|125|10|6|1
917,benqa_ext_12th-Physics-II_0115,literature/code/BEnQA/data/BEnQA/12th-Physics-II.csv,115,12th,Physics-II,D,ai_assisted_review_pass_v1,0,0,,,0,1.091,,,
918,benqa_ext_8th-Science_0226,literature/code/BEnQA/data/BEnQA/8th-Science.csv,226,8th,Science,C,ai_assisted_review_pass_v1,0,0,,,0,1.085,,,
919,benqa_ext_8th-Science_0216,literature/code/BEnQA/data/BEnQA/8th-Science.csv,216,8th,Science,B,ai_assisted_review_pass_v1,0,0,,,0,1.018,,,
920,benqa_ext_12th-Biology-I_0021,literature/code/BEnQA/data/BEnQA/12th-Biology-I.csv,21,12th,Biology-I,B,ai_assisted_review_warn_v1,0,1,,bangla_banglish_formulaish_token_mismatch,0,1.044,4|3,4|3,4|3
921,benqa_ext_10th-Physics_0276,literature/code/BEnQA/data/BEnQA/10th-Physics.csv,276,10th,Physics,B,ai_assisted_review_pass_v1,0,0,,,0,1.101,40|784|1|28|1|19|79|1|14|1,40|784|1|28|1|19|79|1|14|1,40|784|1|28|1|19|79|1|14|1
922,benqa_ext_8th-Science_0180,literature/code/BEnQA/data/BEnQA/8th-Science.csv,180,8th,Science,C,ai_assisted_review_pass_v1,0,0,,,0,1.094,,,
923,benqa_ext_12th-Chemistry-I_0337,literature/code/BEnQA/data/BEnQA/12th-Chemistry-I.csv,337,12th,Chemistry-I,C,ai_assisted_review_pass_v1,0,0,,,0,1.063,7|4|2|3|4,7|4|2|3|4,7|4|2|3|4
924,benqa_ext_12th-Chemistry-I_0215,literature/code/BEnQA/data/BEnQA/12th-Chemistry-I.csv,215,12th,Chemistry-I,C,ai_assisted_review_pass_v1,0,0,,,0,1.072,1|0|1|3|0|2|3|1|0|3|2|0|3,1|0|1|3|0|2|3|1|0|3|2|0|3,1|0|1|3|0|2|3|1|0|3|2|0|3
925,benqa_ext_12th-Chemistry-II_0389,literature/code/BEnQA/data/BEnQA/12th-Chemistry-II.csv,389,12th,Chemistry-II,B,ai_assisted_review_pass_v1,0,0,,,0,1.022,3|3|2|3|3|3|2|3|3|2|3|2|3,3|3|2|3|3|3|2|3|3|2|3|2|3,3|3|2|3|3|3|2|3|3|2|3|2|3
926,benqa_ext_10th-Physics_0085,literature/code/BEnQA/data/BEnQA/10th-Physics.csv,85,10th,Physics,B,ai_assisted_review_pass_v1,0,0,,,0,1.122,,,
927,benqa_ext_10th-Physics_0002,literature/code/BEnQA/data/BEnQA/10th-Physics.csv,2,10th,Physics,D,ai_assisted_review_warn_v1,0,1,,bangla_english_digit_mismatch,0,1.11,1|1|1|1|5|18|17|5|17|5,1|1|1|1|5|18|17|5|17|5,1|1|1|1|5|18|17|5|17|53
928,benqa_ext_10th-Math-II_0258,literature/code/BEnQA/data/BEnQA/10th-Math-II.csv,258,10th,Math-II,B,ai_assisted_review_pass_v1,0,0,,,0,1.027,2|2|6|2|10|6|6|10|20|12,2|2|6|2|10|6|6|10|20|12,2|2|6|2|10|6|6|10|20|12
929,benqa_ext_10th-Chemistry_0349,literature/code/BEnQA/data/BEnQA/10th-Chemistry.csv,349,10th,Chemistry,B,ai_assisted_review_pass_v1,0,0,,,0,1.047,2|4|10|14,2|4|10|14,2|4|10|14
930,benqa_ext_12th-Physics-I_0294,literature/code/BEnQA/data/BEnQA/12th-Physics-I.csv,294,12th,Physics-I,D,ai_assisted_review_pass_v1,0,0,,,0,1.065,,,
931,benqa_ext_8th-Science_0196,literature/code/BEnQA/data/BEnQA/8th-Science.csv,196,8th,Science,B,ai_assisted_review_pass_v1,0,0,,,0,1.045,3|2|2,3|2|2,3|2|2
932,benqa_ext_12th-Math-II_0217,literature/code/BEnQA/data/BEnQA/12th-Math-II.csv,217,12th,Math-II,A,ai_assisted_review_pass_v1,0,0,,,0,1.022,3|2|2|4|2|3|2|3|2|2|3|2|2|3,3|2|2|4|2|3|2|3|2|2|3|2|2|3,3|2|2|4|2|3|2|3|2|2|3|2|2|3
933,benqa_ext_10th-Biology_0274,literature/code/BEnQA/data/BEnQA/10th-Biology.csv,274,10th,Biology,C,ai_assisted_review_pass_v1,0,0,,,0,1.088,,,
934,benqa_ext_12th-Math-II_0317,literature/code/BEnQA/data/BEnQA/12th-Math-II.csv,317,12th,Math-II,B,ai_assisted_review_pass_v1,0,0,,,0,1.045,5|7|8|8|5|60|120|1|1|7|1|1|7,5|7|8|8|5|60|120|1|1|7|1|1|7,5|7|8|8|5|60|120|1|1|7|1|1|7
935,benqa_ext_8th-Science_0178,literature/code/BEnQA/data/BEnQA/8th-Science.csv,178,8th,Science,C,ai_assisted_review_pass_v1,0,0,,,0,1.055,,,
936,benqa_ext_10th-Physics_0206,literature/code/BEnQA/data/BEnQA/10th-Physics.csv,206,10th,Physics,C,ai_assisted_review_pass_v1,0,0,,,0,1.042,,,
937,benqa_ext_12th-Physics-II_0116,literature/code/BEnQA/data/BEnQA/12th-Physics-II.csv,116,12th,Physics-II,C,ai_assisted_review_pass_v1,0,0,,,0,1.103,1500|300|1200|1200|1800|1800,1500|300|1200|1200|1800|1800,1500|300|1200|1200|1800|1800
938,benqa_ext_12th-Chemistry-II_0215,literature/code/BEnQA/data/BEnQA/12th-Chemistry-II.csv,215,12th,Chemistry-II,A,ai_assisted_review_pass_v1,0,0,,,0,1.013,3|2|3|3|3,3|2|3|3|3,3|2|3|3|3
939,benqa_ext_12th-Physics-II_0100,literature/code/BEnQA/data/BEnQA/12th-Physics-II.csv,100,12th,Physics-II,B,ai_assisted_review_pass_v1,0,0,,,0,1.092,,,
940,benqa_ext_12th-Physics-I_0030,literature/code/BEnQA/data/BEnQA/12th-Physics-I.csv,30,12th,Physics-I,D,ai_assisted_review_pass_v1,0,0,,,0,1.11,,,
941,benqa_ext_8th-Math_0089,literature/code/BEnQA/data/BEnQA/8th-Math.csv,89,8th,Math,B,ai_assisted_review_warn_v1,0,1,,bangla_english_digit_mismatch,0,1.229,8|10|000|12|400|2|3|5|6,8|10|000|12|400|2|3|5|6,10|000|8|12|400|2|3|5|6
942,benqa_ext_10th-Chemistry_0221,literature/code/BEnQA/data/BEnQA/10th-Chemistry.csv,221,10th,Chemistry,A,ai_assisted_review_pass_v1,0,0,,,0,1.047,1|7|1|2|3|4,1|7|1|2|3|4,1|7|1|2|3|4
943,benqa_ext_10th-Math-II_0282,literature/code/BEnQA/data/BEnQA/10th-Math-II.csv,282,10th,Math-II,B,ai_assisted_review_warn_v1,0,1,,bangla_english_digit_mismatch,0,1.056,2|4|6|8|13|14|26|28|30,2|4|6|8|13|14|26|28|30,13|2|4|6|8|14|26|28|30
944,benqa_ext_12th-Biology-II_0304,literature/code/BEnQA/data/BEnQA/12th-Biology-II.csv,304,12th,Biology-II,D,ai_assisted_review_pass_v1,0,0,,,0,1.124,0|3,0|3,0|3
945,benqa_ext_10th-Biology_0085,literature/code/BEnQA/data/BEnQA/10th-Biology.csv,85,10th,Biology,D,ai_assisted_review_pass_v1,0,0,,,0,1.149,,,
946,benqa_ext_12th-Chemistry-II_0027,literature/code/BEnQA/data/BEnQA/12th-Chemistry-II.csv,27,12th,Chemistry-II,C,ai_assisted_review_pass_v1,0,0,,,0,1.07,2|3,2|3,2|3
947,benqa_ext_12th-Physics-II_0170,literature/code/BEnQA/data/BEnQA/12th-Physics-II.csv,170,12th,Physics-II,A,ai_assisted_review_pass_v1,0,0,,,0,1.025,,,
948,benqa_ext_12th-Math-II_0094,literature/code/BEnQA/data/BEnQA/12th-Math-II.csv,94,12th,Math-II,C,ai_assisted_review_pass_v1,0,0,,,0,1.037,2|1|1|3|2|1|2|1|2|3|2|1,2|1|1|3|2|1|2|1|2|3|2|1,2|1|1|3|2|1|2|1|2|3|2|1
949,benqa_ext_10th-Chemistry_0203,literature/code/BEnQA/data/BEnQA/10th-Chemistry.csv,203,10th,Chemistry,D,ai_assisted_review_pass_v1,0,0,,,0,1.065,,,
950,benqa_ext_12th-Math-II_0361,literature/code/BEnQA/data/BEnQA/12th-Math-II.csv,361,12th,Math-II,D,ai_assisted_review_pass_v1,0,0,,,0,1.058,0|90|120|180,0|90|120|180,0|90|120|180
951,benqa_ext_12th-Math-I_0339,literature/code/BEnQA/data/BEnQA/12th-Math-I.csv,339,12th,Math-I,A,ai_assisted_review_pass_v1,0,0,,,0,1.046,1|2|3|2|2|5|3|5|5|2|5|3,1|2|3|2|2|5|3|5|5|2|5|3,1|2|3|2|2|5|3|5|5|2|5|3
952,benqa_ext_10th-Math_0089,literature/code/BEnQA/data/BEnQA/10th-Math.csv,89,10th,Math,A,ai_assisted_review_pass_v1,0,0,,,0,1.021,2|2|3|125|2|5|2|2|5|2|25|2|5|2|2|5|2|25|2|5|2|2|5|2|25|2|5|2|2|5|2|25,2|2|3|125|2|5|2|2|5|2|25|2|5|2|2|5|2|25|2|5|2|2|5|2|25|2|5|2|2|5|2|25,2|2|3|125|2|5|2|2|5|2|25|2|5|2|2|5|2|25|2|5|2|2|5|2|25|2|5|2|2|5|2|25
953,benqa_ext_12th-Physics-II_0332,literature/code/BEnQA/data/BEnQA/12th-Physics-II.csv,332,12th,Physics-II,D,ai_assisted_review_pass_v1,0,0,,,0,1.074,,,
954,benqa_ext_12th-Biology-II_0117,literature/code/BEnQA/data/BEnQA/12th-Biology-II.csv,117,12th,Biology-II,B,ai_assisted_review_pass_v1,0,0,,,0,1.052,,,
955,benqa_ext_12th-Physics-II_0331,literature/code/BEnQA/data/BEnQA/12th-Physics-II.csv,331,12th,Physics-II,A,ai_assisted_review_pass_v1,0,0,,,0,1.089,,,
956,benqa_ext_12th-Biology-II_0284,literature/code/BEnQA/data/BEnQA/12th-Biology-II.csv,284,12th,Biology-II,B,ai_assisted_review_pass_v1,0,0,,,0,1.017,,,
957,benqa_ext_10th-Math_0158,literature/code/BEnQA/data/BEnQA/10th-Math.csv,158,10th,Math,D,ai_assisted_review_pass_v1,0,0,,,0,1.034,6|4|2|2|24|2|2|26|4|20,6|4|2|2|24|2|2|26|4|20,6|4|2|2|24|2|2|26|4|20
958,benqa_ext_10th-Biology_0340,literature/code/BEnQA/data/BEnQA/10th-Biology.csv,340,10th,Biology,A,ai_assisted_review_pass_v1,0,0,,,0,1.113,12|11|10|9,12|11|10|9,12|11|10|9
959,benqa_ext_8th-Science_0045,literature/code/BEnQA/data/BEnQA/8th-Science.csv,45,8th,Science,B,ai_assisted_review_warn_v1,0,1,,bangla_banglish_formulaish_token_mismatch,0,1.147,8|8|8|16|0|18,8|8|8|16|0|18,8|8|8|16|0|18
960,benqa_ext_12th-Biology-I_0196,literature/code/BEnQA/data/BEnQA/12th-Biology-I.csv,196,12th,Biology-I,A,ai_assisted_review_pass_v1,0,0,,,0,1.125,3|4|5|6,3|4|5|6,3|4|5|6
961,benqa_ext_12th-Math-II_0020,literature/code/BEnQA/data/BEnQA/12th-Math-II.csv,20,12th,Math-II,B,ai_assisted_review_pass_v1,0,0,,,0,1.058,2|1|0|2|3|1|0|1,2|1|0|2|3|1|0|1,2|1|0|2|3|1|0|1
962,benqa_ext_10th-Math-II_0082,literature/code/BEnQA/data/BEnQA/10th-Math-II.csv,82,10th,Math-II,D,ai_assisted_review_warn_v1,0,1,,bangla_english_digit_mismatch,0,1.069,1|1|5|2|5|3|2|1|0,1|1|5|2|5|3|2|1|0,5|1|1|5|2|3|2|1|0
963,benqa_ext_12th-Biology-II_0100,literature/code/BEnQA/data/BEnQA/12th-Biology-II.csv,100,12th,Biology-II,D,ai_assisted_review_pass_v1,0,0,,,0,1.108,,,
964,benqa_ext_8th-Math_0148,literature/code/BEnQA/data/BEnQA/8th-Math.csv,148,8th,Math,C,ai_assisted_review_pass_v1,0,0,,,0,1.016,1|2|1|1|1|2|2|2|4|4|2|2|4|2|2|2|2|2|2|4|2|2,1|2|1|1|1|2|2|2|4|4|2|2|4|2|2|2|2|2|2|4|2|2,1|2|1|1|1|2|2|2|4|4|2|2|4|2|2|2|2|2|2|4|2|2
965,benqa_ext_12th-Chemistry-II_0130,literature/code/BEnQA/data/BEnQA/12th-Chemistry-II.csv,130,12th,Chemistry-II,D,ai_assisted_review_pass_v1,0,0,,,0,1.025,2|3|4,2|3|4,2|3|4
966,benqa_ext_12th-Biology-II_0005,literature/code/BEnQA/data/BEnQA/12th-Biology-II.csv,5,12th,Biology-II,B,ai_assisted_review_pass_v1,0,0,,,0,1.021,50|50,50|50,50|50
967,benqa_ext_8th-Science_0124,literature/code/BEnQA/data/BEnQA/8th-Science.csv,124,8th,Science,D,ai_assisted_review_pass_v1,0,0,,,0,1.015,,,
968,benqa_ext_12th-Math-I_0095,literature/code/BEnQA/data/BEnQA/12th-Math-I.csv,95,12th,Math-I,B,ai_assisted_review_pass_v1,0,0,,,0,1.006,3|1|3|4|3|3|2|2|3|3|2|3|2|2|3|2|3,3|1|3|4|3|3|2|2|3|3|2|3|2|2|3|2|3,3|1|3|4|3|3|2|2|3|3|2|3|2|2|3|2|3
969,benqa_ext_12th-Math-I_0281,literature/code/BEnQA/data/BEnQA/12th-Math-I.csv,281,12th,Math-I,A,ai_assisted_review_warn_v1,0,1,,bangla_english_digit_mismatch,0,1.026,2|2|5|3|2|3|2|2|3|2|3|3|2,2|2|5|3|2|3|2|2|3|2|3|3|2,3|2|2|2|5|3|2|2|3|2|3|3|2
970,benqa_ext_10th-Biology_0247,literature/code/BEnQA/data/BEnQA/10th-Biology.csv,247,10th,Biology,B,ai_assisted_review_pass_v1,0,0,,,0,1.038,,,
971,benqa_ext_12th-Physics-I_0285,literature/code/BEnQA/data/BEnQA/12th-Physics-I.csv,285,12th,Physics-I,A,ai_assisted_review_pass_v1,0,0,,,0,1.16,,,
972,benqa_ext_12th-Biology-II_0076,literature/code/BEnQA/data/BEnQA/12th-Biology-II.csv,76,12th,Biology-II,C,ai_assisted_review_pass_v1,0,0,,,0,1.0,,,
973,benqa_ext_12th-Biology-II_0316,literature/code/BEnQA/data/BEnQA/12th-Biology-II.csv,316,12th,Biology-II,A,ai_assisted_review_pass_v1,0,0,,,0,1.125,,,
974,benqa_ext_12th-Physics-II_0307,literature/code/BEnQA/data/BEnQA/12th-Physics-II.csv,307,12th,Physics-II,B,ai_assisted_review_pass_v1,0,0,,,0,1.07,5|100|5|2|5|1|5|0|4|9,5|100|5|2|5|1|5|0|4|9,5|100|5|2|5|1|5|0|4|9
975,benqa_ext_8th-Math_0083,literature/code/BEnQA/data/BEnQA/8th-Math.csv,83,8th,Math,D,ai_assisted_review_warn_v1,0,1,,bangla_english_digit_mismatch,0,1.066,18|25|10|14|12|19|10|5|12|5|13|6|14|6,18|25|10|14|12|19|10|5|12|5|13|6|14|6,8|12|16|17|20|10|5|12|5|13|6|14|6
976,benqa_ext_10th-Physics_0179,literature/code/BEnQA/data/BEnQA/10th-Physics.csv,179,10th,Physics,B,ai_assisted_review_warn_v1,0,1,,bangla_english_digit_mismatch,0,1.022,5|10|3|10|20|30|50,5|10|3|10|20|30|50,5|10|10|20|30|40
977,benqa_ext_12th-Biology-II_0216,literature/code/BEnQA/data/BEnQA/12th-Biology-II.csv,216,12th,Biology-II,D,ai_assisted_review_pass_v1,0,0,,,0,1.047,,,
978,benqa_ext_8th-Math_0195,literature/code/BEnQA/data/BEnQA/8th-Math.csv,195,8th,Math,A,ai_assisted_review_pass_v1,0,0,,,0,1.022,1|4|1|20|18|14|12,1|4|1|20|18|14|12,1|4|1|20|18|14|12
979,benqa_ext_10th-Physics_0253,literature/code/BEnQA/data/BEnQA/10th-Physics.csv,253,10th,Physics,B,ai_assisted_review_warn_v1,0,1,,bangla_english_digit_mismatch,0,1.118,20|3|4,20|3|4,3|4|20
980,benqa_ext_12th-Physics-II_0279,literature/code/BEnQA/data/BEnQA/12th-Physics-II.csv,279,12th,Physics-II,B,ai_assisted_review_warn_v1,0,1,,bangla_english_digit_mismatch,0,1.083,5|100|0|02|0|98|1|02|50,5|100|0|02|0|98|1|02|50,0|5|100|0|02|0|98|1|02|50
981,benqa_ext_10th-Math_0067,literature/code/BEnQA/data/BEnQA/10th-Math.csv,67,10th,Math,D,ai_assisted_review_pass_v1,0,0,,,0,1.051,0|1|2,0|1|2,0|1|2
982,benqa_ext_12th-Chemistry-II_0018,literature/code/BEnQA/data/BEnQA/12th-Chemistry-II.csv,18,12th,Chemistry-II,A,ai_assisted_review_pass_v1,0,0,,,0,1.06,2|2|2|2,2|2|2|2,2|2|2|2
983,benqa_ext_12th-Biology-I_0275,literature/code/BEnQA/data/BEnQA/12th-Biology-I.csv,275,12th,Biology-I,D,ai_assisted_review_pass_v1,0,0,,,0,1.044,,,
984,benqa_ext_8th-Science_0004,literature/code/BEnQA/data/BEnQA/8th-Science.csv,4,8th,Science,C,ai_assisted_review_pass_v1,0,0,,,0,1.027,,,
985,benqa_ext_12th-Physics-I_0283,literature/code/BEnQA/data/BEnQA/12th-Physics-I.csv,283,12th,Physics-I,B,ai_assisted_review_warn_v1,0,1,,bangla_english_digit_mismatch,0,1.024,27|9|1|10|1|9|5|1|9|51|1|90|5|2|1|181|2|2,27|9|1|10|1|9|5|1|9|51|1|90|5|2|1|181|2|2,9|5|1|9|51|1|90|5|2|2|181|2|2
986,benqa_ext_10th-Math_0125,literature/code/BEnQA/data/BEnQA/10th-Math.csv,125,10th,Math,A,ai_assisted_review_pass_v1,0,0,,,0,1.0,2|1,2|1,2|1
987,benqa_ext_10th-Math_0302,literature/code/BEnQA/data/BEnQA/10th-Math.csv,302,10th,Math,C,ai_assisted_review_warn_v1,0,1,,bangla_banglish_formulaish_token_mismatch,0,1.104,7|2|3|5|7|7|10|15|7|5|7,7|2|3|5|7|7|10|15|7|5|7,7|2|3|5|7|7|10|15|7|5|7
988,benqa_ext_10th-Math-II_0124,literature/code/BEnQA/data/BEnQA/10th-Math-II.csv,124,10th,Math-II,B,ai_assisted_review_pass_v1,0,0,,,0,1.036,3|2|3|2|3|4|3|5|3,3|2|3|2|3|4|3|5|3,3|2|3|2|3|4|3|5|3
989,benqa_ext_10th-Physics_0034,literature/code/BEnQA/data/BEnQA/10th-Physics.csv,34,10th,Physics,D,ai_assisted_review_pass_v1,0,0,,,0,1.093,,,
990,benqa_ext_12th-Biology-II_0186,literature/code/BEnQA/data/BEnQA/12th-Biology-II.csv,186,12th,Biology-II,A,ai_assisted_review_pass_v1,0,0,,,0,1.068,,,
991,benqa_ext_10th-Chemistry_0050,literature/code/BEnQA/data/BEnQA/10th-Chemistry.csv,50,10th,Chemistry,B,ai_assisted_review_pass_v1,0,0,,,0,1.091,2|8|9|18,2|8|9|18,2|8|9|18
992,benqa_ext_10th-Physics_0190,literature/code/BEnQA/data/BEnQA/10th-Physics.csv,190,10th,Physics,A,ai_assisted_review_pass_v1,0,0,,,0,1.093,,,
993,benqa_ext_12th-Biology-I_0217,literature/code/BEnQA/data/BEnQA/12th-Biology-I.csv,217,12th,Biology-I,B,ai_assisted_review_pass_v1,0,0,,,0,1.048,,,
994,benqa_ext_12th-Math-I_0176,literature/code/BEnQA/data/BEnQA/12th-Math-I.csv,176,12th,Math-I,B,ai_assisted_review_pass_v1,0,0,,,0,1.01,0|1|2|0|1|2|1|2,0|1|2|0|1|2|1|2,0|1|2|0|1|2|1|2
995,benqa_ext_12th-Physics-I_0001,literature/code/BEnQA/data/BEnQA/12th-Physics-I.csv,1,12th,Physics-I,C,ai_assisted_review_warn_v1,0,1,,bangla_english_digit_mismatch,0,1.051,500|10|20|0|04|1|90|3|80|98,500|10|20|0|04|1|90|3|80|98,10|500|20|0|04|1|90|3|80|98
996,benqa_ext_10th-Chemistry_0331,literature/code/BEnQA/data/BEnQA/10th-Chemistry.csv,331,10th,Chemistry,C,ai_assisted_review_pass_v1,0,0,,,0,1.179,22|24|26|28,22|24|26|28,22|24|26|28
997,benqa_ext_12th-Math-I_0237,literature/code/BEnQA/data/BEnQA/12th-Math-I.csv,237,12th,Math-I,B,ai_assisted_review_pass_v1,0,0,,,0,1.008,4|2|4|2,4|2|4|2,4|2|4|2
998,benqa_ext_12th-Biology-I_0205,literature/code/BEnQA/data/BEnQA/12th-Biology-I.csv,205,12th,Biology-I,B,ai_assisted_review_pass_v1,0,0,,,0,1.028,,,
999,benqa_ext_12th-Chemistry-II_0145,literature/code/BEnQA/data/BEnQA/12th-Chemistry-II.csv,145,12th,Chemistry-II,D,ai_assisted_review_pass_v1,0,0,,,0,1.054,273|278|293|298,273|278|293|298,273|278|293|298
1000,benqa_ext_12th-Physics-II_0218,literature/code/BEnQA/data/BEnQA/12th-Physics-II.csv,218,12th,Physics-II,C,ai_assisted_review_pass_v1,0,0,,,0,1.0,1|1|1|1|1,1|1|1|1|1,1|1|1|1|1
