queue_index,id,subject,grade,answer,priority,quality_status,warnings,source_file,source_row
1,benqa_ext_12th-Biology-II_0261,Biology-II,12th,C,warning,ai_assisted_review_warn_v1,bangla_duplicate_option_text;banglish_duplicate_option_text;english_duplicate_option_text,literature/code/BEnQA/data/BEnQA/12th-Biology-II.csv,261
2,benqa_ext_10th-Math-II_0230,Math-II,10th,D,warning,ai_assisted_review_warn_v1,bangla_duplicate_option_text;banglish_duplicate_option_text;english_duplicate_option_text,literature/code/BEnQA/data/BEnQA/10th-Math-II.csv,230
3,benqa_ext_10th-Biology_0281,Biology,10th,B,warning,ai_assisted_review_warn_v1,bangla_english_digit_mismatch;bangla_banglish_formulaish_token_mismatch,literature/code/BEnQA/data/BEnQA/10th-Biology.csv,281
4,benqa_ext_12th-Biology-I_0207,Biology-I,12th,B,warning,ai_assisted_review_warn_v1,bangla_english_digit_mismatch;bangla_banglish_formulaish_token_mismatch,literature/code/BEnQA/data/BEnQA/12th-Biology-I.csv,207
5,benqa_ext_12th-Biology-II_0144,Biology-II,12th,B,warning,ai_assisted_review_warn_v1,bangla_english_digit_mismatch;bangla_banglish_formulaish_token_mismatch,literature/code/BEnQA/data/BEnQA/12th-Biology-II.csv,144
6,benqa_ext_12th-Biology-II_0222,Biology-II,12th,A,warning,ai_assisted_review_warn_v1,bangla_english_digit_mismatch;bangla_banglish_formulaish_token_mismatch,literature/code/BEnQA/data/BEnQA/12th-Biology-II.csv,222
7,benqa_ext_12th-Chemistry-I_0212,Chemistry-I,12th,C,warning,ai_assisted_review_warn_v1,bangla_english_digit_mismatch;bangla_banglish_formulaish_token_mismatch,literature/code/BEnQA/data/BEnQA/12th-Chemistry-I.csv,212
8,benqa_ext_12th-Chemistry-II_0005,Chemistry-II,12th,D,warning,ai_assisted_review_warn_v1,english_duplicate_option_text;bangla_english_digit_mismatch,literature/code/BEnQA/data/BEnQA/12th-Chemistry-II.csv,5
9,benqa_ext_12th-Chemistry-II_0183,Chemistry-II,12th,C,warning,ai_assisted_review_warn_v1,bangla_duplicate_option_text;banglish_duplicate_option_text,literature/code/BEnQA/data/BEnQA/12th-Chemistry-II.csv,183
10,benqa_ext_12th-Chemistry-II_0244,Chemistry-II,12th,C,warning,ai_assisted_review_warn_v1,english_duplicate_option_text;bangla_english_digit_mismatch,literature/code/BEnQA/data/BEnQA/12th-Chemistry-II.csv,244
11,benqa_ext_10th-Math-II_0239,Math-II,10th,A,warning,ai_assisted_review_warn_v1,bangla_english_digit_mismatch;bangla_banglish_formulaish_token_mismatch,literature/code/BEnQA/data/BEnQA/10th-Math-II.csv,239
12,benqa_ext_12th-Math-II_0269,Math-II,12th,B,warning,ai_assisted_review_warn_v1,bangla_english_digit_mismatch;bangla_banglish_formulaish_token_mismatch,literature/code/BEnQA/data/BEnQA/12th-Math-II.csv,269
13,benqa_ext_12th-Physics-II_0241,Physics-II,12th,B,warning,ai_assisted_review_warn_v1,bangla_english_digit_mismatch;bangla_banglish_formulaish_token_mismatch,literature/code/BEnQA/data/BEnQA/12th-Physics-II.csv,241
14,benqa_ext_8th-Science_0088,Science,8th,B,warning,ai_assisted_review_warn_v1,bangla_banglish_formulaish_token_mismatch;suspicious_romanization_pattern:\btb[a-z]+,literature/code/BEnQA/data/BEnQA/8th-Science.csv,88
15,benqa_ext_10th-Biology_0024,Biology,10th,C,warning,ai_assisted_review_warn_v1,bangla_english_digit_mismatch,literature/code/BEnQA/data/BEnQA/10th-Biology.csv,24
16,benqa_ext_10th-Biology_0031,Biology,10th,A,warning,ai_assisted_review_warn_v1,bangla_english_digit_mismatch,literature/code/BEnQA/data/BEnQA/10th-Biology.csv,31
17,benqa_ext_10th-Biology_0061,Biology,10th,A,warning,ai_assisted_review_warn_v1,bangla_banglish_formulaish_token_mismatch,literature/code/BEnQA/data/BEnQA/10th-Biology.csv,61
18,benqa_ext_10th-Biology_0068,Biology,10th,A,warning,ai_assisted_review_warn_v1,bangla_english_digit_mismatch,literature/code/BEnQA/data/BEnQA/10th-Biology.csv,68
19,benqa_ext_10th-Biology_0135,Biology,10th,D,warning,ai_assisted_review_warn_v1,bangla_english_digit_mismatch,literature/code/BEnQA/data/BEnQA/10th-Biology.csv,135
20,benqa_ext_10th-Biology_0141,Biology,10th,C,warning,ai_assisted_review_warn_v1,suspicious_romanization_pattern:\btb[a-z]+,literature/code/BEnQA/data/BEnQA/10th-Biology.csv,141
21,benqa_ext_10th-Biology_0201,Biology,10th,B,warning,ai_assisted_review_warn_v1,bangla_english_digit_mismatch,literature/code/BEnQA/data/BEnQA/10th-Biology.csv,201
22,benqa_ext_10th-Biology_0214,Biology,10th,D,warning,ai_assisted_review_warn_v1,bangla_english_digit_mismatch,literature/code/BEnQA/data/BEnQA/10th-Biology.csv,214
23,benqa_ext_12th-Biology-I_0021,Biology-I,12th,B,warning,ai_assisted_review_warn_v1,bangla_banglish_formulaish_token_mismatch,literature/code/BEnQA/data/BEnQA/12th-Biology-I.csv,21
24,benqa_ext_12th-Biology-I_0169,Biology-I,12th,C,warning,ai_assisted_review_warn_v1,bangla_banglish_formulaish_token_mismatch,literature/code/BEnQA/data/BEnQA/12th-Biology-I.csv,169
25,benqa_ext_12th-Biology-I_0189,Biology-I,12th,A,warning,ai_assisted_review_warn_v1,bangla_english_digit_mismatch,literature/code/BEnQA/data/BEnQA/12th-Biology-I.csv,189
26,benqa_ext_12th-Biology-I_0192,Biology-I,12th,B,warning,ai_assisted_review_warn_v1,bangla_english_digit_mismatch,literature/code/BEnQA/data/BEnQA/12th-Biology-I.csv,192
27,benqa_ext_12th-Biology-I_0211,Biology-I,12th,D,warning,ai_assisted_review_warn_v1,bangla_banglish_formulaish_token_mismatch,literature/code/BEnQA/data/BEnQA/12th-Biology-I.csv,211
28,benqa_ext_12th-Biology-I_0264,Biology-I,12th,A,warning,ai_assisted_review_warn_v1,bangla_banglish_formulaish_token_mismatch,literature/code/BEnQA/data/BEnQA/12th-Biology-I.csv,264
29,benqa_ext_12th-Biology-I_0290,Biology-I,12th,A,warning,ai_assisted_review_warn_v1,bangla_banglish_formulaish_token_mismatch,literature/code/BEnQA/data/BEnQA/12th-Biology-I.csv,290
30,benqa_ext_12th-Biology-II_0199,Biology-II,12th,C,warning,ai_assisted_review_warn_v1,bangla_english_digit_mismatch,literature/code/BEnQA/data/BEnQA/12th-Biology-II.csv,199
31,benqa_ext_12th-Biology-II_0245,Biology-II,12th,C,warning,ai_assisted_review_warn_v1,bangla_english_digit_mismatch,literature/code/BEnQA/data/BEnQA/12th-Biology-II.csv,245
32,benqa_ext_10th-Chemistry_0112,Chemistry,10th,D,warning,ai_assisted_review_warn_v1,bangla_english_digit_mismatch,literature/code/BEnQA/data/BEnQA/10th-Chemistry.csv,112
33,benqa_ext_10th-Chemistry_0137,Chemistry,10th,A,warning,ai_assisted_review_warn_v1,bangla_english_digit_mismatch,literature/code/BEnQA/data/BEnQA/10th-Chemistry.csv,137
34,benqa_ext_10th-Chemistry_0152,Chemistry,10th,A,warning,ai_assisted_review_warn_v1,bangla_banglish_formulaish_token_mismatch,literature/code/BEnQA/data/BEnQA/10th-Chemistry.csv,152
35,benqa_ext_10th-Chemistry_0154,Chemistry,10th,D,warning,ai_assisted_review_warn_v1,bangla_english_digit_mismatch,literature/code/BEnQA/data/BEnQA/10th-Chemistry.csv,154
36,benqa_ext_10th-Chemistry_0176,Chemistry,10th,D,warning,ai_assisted_review_warn_v1,bangla_english_digit_mismatch,literature/code/BEnQA/data/BEnQA/10th-Chemistry.csv,176
37,benqa_ext_10th-Chemistry_0185,Chemistry,10th,B,warning,ai_assisted_review_warn_v1,bangla_english_digit_mismatch,literature/code/BEnQA/data/BEnQA/10th-Chemistry.csv,185
38,benqa_ext_10th-Chemistry_0218,Chemistry,10th,B,warning,ai_assisted_review_warn_v1,bangla_banglish_formulaish_token_mismatch,literature/code/BEnQA/data/BEnQA/10th-Chemistry.csv,218
39,benqa_ext_10th-Chemistry_0238,Chemistry,10th,C,warning,ai_assisted_review_warn_v1,bangla_english_digit_mismatch,literature/code/BEnQA/data/BEnQA/10th-Chemistry.csv,238
40,benqa_ext_10th-Chemistry_0250,Chemistry,10th,D,warning,ai_assisted_review_warn_v1,bangla_english_digit_mismatch,literature/code/BEnQA/data/BEnQA/10th-Chemistry.csv,250
41,benqa_ext_10th-Chemistry_0259,Chemistry,10th,B,warning,ai_assisted_review_warn_v1,bangla_english_digit_mismatch,literature/code/BEnQA/data/BEnQA/10th-Chemistry.csv,259
42,benqa_ext_10th-Chemistry_0263,Chemistry,10th,C,warning,ai_assisted_review_warn_v1,bangla_banglish_formulaish_token_mismatch,literature/code/BEnQA/data/BEnQA/10th-Chemistry.csv,263
43,benqa_ext_10th-Chemistry_0274,Chemistry,10th,D,warning,ai_assisted_review_warn_v1,bangla_english_digit_mismatch,literature/code/BEnQA/data/BEnQA/10th-Chemistry.csv,274
44,benqa_ext_10th-Chemistry_0355,Chemistry,10th,C,warning,ai_assisted_review_warn_v1,bangla_english_digit_mismatch,literature/code/BEnQA/data/BEnQA/10th-Chemistry.csv,355
45,benqa_ext_10th-Chemistry_0382,Chemistry,10th,D,warning,ai_assisted_review_warn_v1,bangla_banglish_formulaish_token_mismatch,literature/code/BEnQA/data/BEnQA/10th-Chemistry.csv,382
46,benqa_ext_12th-Chemistry-I_0046,Chemistry-I,12th,D,warning,ai_assisted_review_warn_v1,bangla_english_digit_mismatch,literature/code/BEnQA/data/BEnQA/12th-Chemistry-I.csv,46
47,benqa_ext_12th-Chemistry-I_0063,Chemistry-I,12th,A,warning,ai_assisted_review_warn_v1,bangla_english_digit_mismatch,literature/code/BEnQA/data/BEnQA/12th-Chemistry-I.csv,63
48,benqa_ext_12th-Chemistry-I_0065,Chemistry-I,12th,B,warning,ai_assisted_review_warn_v1,suspicious_romanization_pattern:\bkhady[a-z]+,literature/code/BEnQA/data/BEnQA/12th-Chemistry-I.csv,65
49,benqa_ext_12th-Chemistry-I_0163,Chemistry-I,12th,B,warning,ai_assisted_review_warn_v1,bangla_english_digit_mismatch,literature/code/BEnQA/data/BEnQA/12th-Chemistry-I.csv,163
50,benqa_ext_12th-Chemistry-I_0178,Chemistry-I,12th,D,warning,ai_assisted_review_warn_v1,bangla_english_digit_mismatch,literature/code/BEnQA/data/BEnQA/12th-Chemistry-I.csv,178
51,benqa_ext_12th-Chemistry-I_0267,Chemistry-I,12th,C,warning,ai_assisted_review_warn_v1,bangla_english_digit_mismatch,literature/code/BEnQA/data/BEnQA/12th-Chemistry-I.csv,267
52,benqa_ext_12th-Chemistry-I_0346,Chemistry-I,12th,C,warning,ai_assisted_review_warn_v1,bangla_banglish_formulaish_token_mismatch,literature/code/BEnQA/data/BEnQA/12th-Chemistry-I.csv,346
53,benqa_ext_12th-Chemistry-II_0003,Chemistry-II,12th,A,warning,ai_assisted_review_warn_v1,bangla_banglish_formulaish_token_mismatch,literature/code/BEnQA/data/BEnQA/12th-Chemistry-II.csv,3
54,benqa_ext_12th-Chemistry-II_0017,Chemistry-II,12th,B,warning,ai_assisted_review_warn_v1,bangla_english_digit_mismatch,literature/code/BEnQA/data/BEnQA/12th-Chemistry-II.csv,17
55,benqa_ext_12th-Chemistry-II_0022,Chemistry-II,12th,D,warning,ai_assisted_review_warn_v1,bangla_english_digit_mismatch,literature/code/BEnQA/data/BEnQA/12th-Chemistry-II.csv,22
56,benqa_ext_12th-Chemistry-II_0037,Chemistry-II,12th,C,warning,ai_assisted_review_warn_v1,bangla_english_digit_mismatch,literature/code/BEnQA/data/BEnQA/12th-Chemistry-II.csv,37
57,benqa_ext_12th-Chemistry-II_0056,Chemistry-II,12th,B,warning,ai_assisted_review_warn_v1,bangla_english_digit_mismatch,literature/code/BEnQA/data/BEnQA/12th-Chemistry-II.csv,56
58,benqa_ext_12th-Chemistry-II_0125,Chemistry-II,12th,D,warning,ai_assisted_review_warn_v1,bangla_english_digit_mismatch,literature/code/BEnQA/data/BEnQA/12th-Chemistry-II.csv,125
59,benqa_ext_12th-Chemistry-II_0148,Chemistry-II,12th,A,warning,ai_assisted_review_warn_v1,bangla_banglish_formulaish_token_mismatch,literature/code/BEnQA/data/BEnQA/12th-Chemistry-II.csv,148
60,benqa_ext_12th-Chemistry-II_0176,Chemistry-II,12th,C,warning,ai_assisted_review_warn_v1,bangla_banglish_formulaish_token_mismatch,literature/code/BEnQA/data/BEnQA/12th-Chemistry-II.csv,176
61,benqa_ext_12th-Chemistry-II_0258,Chemistry-II,12th,D,warning,ai_assisted_review_warn_v1,bangla_english_digit_mismatch,literature/code/BEnQA/data/BEnQA/12th-Chemistry-II.csv,258
62,benqa_ext_12th-Chemistry-II_0291,Chemistry-II,12th,B,warning,ai_assisted_review_warn_v1,bangla_english_digit_mismatch,literature/code/BEnQA/data/BEnQA/12th-Chemistry-II.csv,291
63,benqa_ext_12th-Chemistry-II_0317,Chemistry-II,12th,B,warning,ai_assisted_review_warn_v1,bangla_banglish_formulaish_token_mismatch,literature/code/BEnQA/data/BEnQA/12th-Chemistry-II.csv,317
64,benqa_ext_12th-Chemistry-II_0357,Chemistry-II,12th,C,warning,ai_assisted_review_warn_v1,bangla_english_digit_mismatch,literature/code/BEnQA/data/BEnQA/12th-Chemistry-II.csv,357
65,benqa_ext_12th-Chemistry-II_0361,Chemistry-II,12th,B,warning,ai_assisted_review_warn_v1,bangla_english_digit_mismatch,literature/code/BEnQA/data/BEnQA/12th-Chemistry-II.csv,361
66,benqa_ext_12th-Chemistry-II_0362,Chemistry-II,12th,B,warning,ai_assisted_review_warn_v1,bangla_english_digit_mismatch,literature/code/BEnQA/data/BEnQA/12th-Chemistry-II.csv,362
67,benqa_ext_12th-Chemistry-II_0384,Chemistry-II,12th,A,warning,ai_assisted_review_warn_v1,bangla_english_digit_mismatch,literature/code/BEnQA/data/BEnQA/12th-Chemistry-II.csv,384
68,benqa_ext_12th-Chemistry-II_0387,Chemistry-II,12th,A,warning,ai_assisted_review_warn_v1,bangla_english_digit_mismatch,literature/code/BEnQA/data/BEnQA/12th-Chemistry-II.csv,387
69,benqa_ext_10th-Math_0025,Math,10th,D,warning,ai_assisted_review_warn_v1,bangla_english_digit_mismatch,literature/code/BEnQA/data/BEnQA/10th-Math.csv,25
70,benqa_ext_10th-Math_0035,Math,10th,B,warning,ai_assisted_review_warn_v1,bangla_english_digit_mismatch,literature/code/BEnQA/data/BEnQA/10th-Math.csv,35
71,benqa_ext_10th-Math_0136,Math,10th,D,warning,ai_assisted_review_warn_v1,bangla_english_digit_mismatch,literature/code/BEnQA/data/BEnQA/10th-Math.csv,136
72,benqa_ext_10th-Math_0160,Math,10th,C,warning,ai_assisted_review_warn_v1,bangla_banglish_formulaish_token_mismatch,literature/code/BEnQA/data/BEnQA/10th-Math.csv,160
73,benqa_ext_10th-Math_0161,Math,10th,B,warning,ai_assisted_review_warn_v1,bangla_banglish_formulaish_token_mismatch,literature/code/BEnQA/data/BEnQA/10th-Math.csv,161
74,benqa_ext_10th-Math_0189,Math,10th,B,warning,ai_assisted_review_warn_v1,bangla_english_digit_mismatch,literature/code/BEnQA/data/BEnQA/10th-Math.csv,189
75,benqa_ext_10th-Math_0259,Math,10th,B,warning,ai_assisted_review_warn_v1,bangla_english_digit_mismatch,literature/code/BEnQA/data/BEnQA/10th-Math.csv,259
76,benqa_ext_10th-Math_0302,Math,10th,C,warning,ai_assisted_review_warn_v1,bangla_banglish_formulaish_token_mismatch,literature/code/BEnQA/data/BEnQA/10th-Math.csv,302
77,benqa_ext_10th-Math_0310,Math,10th,A,warning,ai_assisted_review_warn_v1,bangla_english_digit_mismatch,literature/code/BEnQA/data/BEnQA/10th-Math.csv,310
78,benqa_ext_10th-Math_0351,Math,10th,C,warning,ai_assisted_review_warn_v1,bangla_banglish_formulaish_token_mismatch,literature/code/BEnQA/data/BEnQA/10th-Math.csv,351
79,benqa_ext_10th-Math_0372,Math,10th,C,warning,ai_assisted_review_warn_v1,bangla_banglish_formulaish_token_mismatch,literature/code/BEnQA/data/BEnQA/10th-Math.csv,372
80,benqa_ext_8th-Math_0020,Math,8th,C,warning,ai_assisted_review_warn_v1,bangla_banglish_formulaish_token_mismatch,literature/code/BEnQA/data/BEnQA/8th-Math.csv,20
81,benqa_ext_8th-Math_0055,Math,8th,C,warning,ai_assisted_review_warn_v1,bangla_english_digit_mismatch,literature/code/BEnQA/data/BEnQA/8th-Math.csv,55
82,benqa_ext_8th-Math_0074,Math,8th,C,warning,ai_assisted_review_warn_v1,bangla_english_digit_mismatch,literature/code/BEnQA/data/BEnQA/8th-Math.csv,74
83,benqa_ext_8th-Math_0083,Math,8th,D,warning,ai_assisted_review_warn_v1,bangla_english_digit_mismatch,literature/code/BEnQA/data/BEnQA/8th-Math.csv,83
84,benqa_ext_8th-Math_0084,Math,8th,C,warning,ai_assisted_review_warn_v1,bangla_english_digit_mismatch,literature/code/BEnQA/data/BEnQA/8th-Math.csv,84
85,benqa_ext_8th-Math_0089,Math,8th,B,warning,ai_assisted_review_warn_v1,bangla_english_digit_mismatch,literature/code/BEnQA/data/BEnQA/8th-Math.csv,89
86,benqa_ext_8th-Math_0092,Math,8th,D,warning,ai_assisted_review_warn_v1,bangla_english_digit_mismatch,literature/code/BEnQA/data/BEnQA/8th-Math.csv,92
87,benqa_ext_8th-Math_0154,Math,8th,B,warning,ai_assisted_review_warn_v1,english_duplicate_option_text,literature/code/BEnQA/data/BEnQA/8th-Math.csv,154
88,benqa_ext_8th-Math_0192,Math,8th,D,warning,ai_assisted_review_warn_v1,bangla_english_digit_mismatch,literature/code/BEnQA/data/BEnQA/8th-Math.csv,192
89,benqa_ext_12th-Math-I_0026,Math-I,12th,A,warning,ai_assisted_review_warn_v1,bangla_english_digit_mismatch,literature/code/BEnQA/data/BEnQA/12th-Math-I.csv,26
90,benqa_ext_12th-Math-I_0077,Math-I,12th,B,warning,ai_assisted_review_warn_v1,bangla_english_digit_mismatch,literature/code/BEnQA/data/BEnQA/12th-Math-I.csv,77
91,benqa_ext_12th-Math-I_0105,Math-I,12th,B,warning,ai_assisted_review_warn_v1,bangla_english_digit_mismatch,literature/code/BEnQA/data/BEnQA/12th-Math-I.csv,105
92,benqa_ext_12th-Math-I_0153,Math-I,12th,C,warning,ai_assisted_review_warn_v1,bangla_english_digit_mismatch,literature/code/BEnQA/data/BEnQA/12th-Math-I.csv,153
93,benqa_ext_12th-Math-I_0226,Math-I,12th,A,warning,ai_assisted_review_warn_v1,bangla_english_digit_mismatch,literature/code/BEnQA/data/BEnQA/12th-Math-I.csv,226
94,benqa_ext_12th-Math-I_0256,Math-I,12th,D,warning,ai_assisted_review_warn_v1,bangla_banglish_formulaish_token_mismatch,literature/code/BEnQA/data/BEnQA/12th-Math-I.csv,256
95,benqa_ext_12th-Math-I_0257,Math-I,12th,B,warning,ai_assisted_review_warn_v1,bangla_banglish_formulaish_token_mismatch,literature/code/BEnQA/data/BEnQA/12th-Math-I.csv,257
96,benqa_ext_12th-Math-I_0281,Math-I,12th,A,warning,ai_assisted_review_warn_v1,bangla_english_digit_mismatch,literature/code/BEnQA/data/BEnQA/12th-Math-I.csv,281
97,benqa_ext_12th-Math-I_0322,Math-I,12th,A,warning,ai_assisted_review_warn_v1,bangla_english_digit_mismatch,literature/code/BEnQA/data/BEnQA/12th-Math-I.csv,322
98,benqa_ext_10th-Math-II_0025,Math-II,10th,B,warning,ai_assisted_review_warn_v1,bangla_english_digit_mismatch,literature/code/BEnQA/data/BEnQA/10th-Math-II.csv,25
99,benqa_ext_10th-Math-II_0082,Math-II,10th,D,warning,ai_assisted_review_warn_v1,bangla_english_digit_mismatch,literature/code/BEnQA/data/BEnQA/10th-Math-II.csv,82
100,benqa_ext_10th-Math-II_0203,Math-II,10th,D,warning,ai_assisted_review_warn_v1,bangla_banglish_formulaish_token_mismatch,literature/code/BEnQA/data/BEnQA/10th-Math-II.csv,203
101,benqa_ext_10th-Math-II_0208,Math-II,10th,C,warning,ai_assisted_review_warn_v1,bangla_english_digit_mismatch,literature/code/BEnQA/data/BEnQA/10th-Math-II.csv,208
102,benqa_ext_10th-Math-II_0234,Math-II,10th,B,warning,ai_assisted_review_warn_v1,bangla_english_digit_mismatch,literature/code/BEnQA/data/BEnQA/10th-Math-II.csv,234
103,benqa_ext_10th-Math-II_0282,Math-II,10th,B,warning,ai_assisted_review_warn_v1,bangla_english_digit_mismatch,literature/code/BEnQA/data/BEnQA/10th-Math-II.csv,282
104,benqa_ext_10th-Math-II_0308,Math-II,10th,B,warning,ai_assisted_review_warn_v1,bangla_banglish_formulaish_token_mismatch,literature/code/BEnQA/data/BEnQA/10th-Math-II.csv,308
105,benqa_ext_10th-Physics_0002,Physics,10th,D,warning,ai_assisted_review_warn_v1,bangla_english_digit_mismatch,literature/code/BEnQA/data/BEnQA/10th-Physics.csv,2
106,benqa_ext_10th-Physics_0032,Physics,10th,D,warning,ai_assisted_review_warn_v1,bangla_english_digit_mismatch,literature/code/BEnQA/data/BEnQA/10th-Physics.csv,32
107,benqa_ext_10th-Physics_0110,Physics,10th,C,warning,ai_assisted_review_warn_v1,bangla_english_digit_mismatch,literature/code/BEnQA/data/BEnQA/10th-Physics.csv,110
108,benqa_ext_10th-Physics_0179,Physics,10th,B,warning,ai_assisted_review_warn_v1,bangla_english_digit_mismatch,literature/code/BEnQA/data/BEnQA/10th-Physics.csv,179
109,benqa_ext_10th-Physics_0229,Physics,10th,D,warning,ai_assisted_review_warn_v1,bangla_banglish_formulaish_token_mismatch,literature/code/BEnQA/data/BEnQA/10th-Physics.csv,229
110,benqa_ext_10th-Physics_0239,Physics,10th,A,warning,ai_assisted_review_warn_v1,bangla_english_digit_mismatch,literature/code/BEnQA/data/BEnQA/10th-Physics.csv,239
111,benqa_ext_10th-Physics_0253,Physics,10th,B,warning,ai_assisted_review_warn_v1,bangla_english_digit_mismatch,literature/code/BEnQA/data/BEnQA/10th-Physics.csv,253
112,benqa_ext_10th-Physics_0287,Physics,10th,C,warning,ai_assisted_review_warn_v1,bangla_english_digit_mismatch,literature/code/BEnQA/data/BEnQA/10th-Physics.csv,287
113,benqa_ext_10th-Physics_0307,Physics,10th,C,warning,ai_assisted_review_warn_v1,bangla_english_digit_mismatch,literature/code/BEnQA/data/BEnQA/10th-Physics.csv,307
114,benqa_ext_10th-Physics_0312,Physics,10th,B,warning,ai_assisted_review_warn_v1,bangla_english_digit_mismatch,literature/code/BEnQA/data/BEnQA/10th-Physics.csv,312
115,benqa_ext_10th-Physics_0315,Physics,10th,D,warning,ai_assisted_review_warn_v1,bangla_english_digit_mismatch,literature/code/BEnQA/data/BEnQA/10th-Physics.csv,315
116,benqa_ext_12th-Physics-I_0001,Physics-I,12th,C,warning,ai_assisted_review_warn_v1,bangla_english_digit_mismatch,literature/code/BEnQA/data/BEnQA/12th-Physics-I.csv,1
117,benqa_ext_12th-Physics-I_0003,Physics-I,12th,C,warning,ai_assisted_review_warn_v1,suspicious_romanization_pattern:\btb[a-z]+,literature/code/BEnQA/data/BEnQA/12th-Physics-I.csv,3
118,benqa_ext_12th-Physics-I_0004,Physics-I,12th,A,warning,ai_assisted_review_warn_v1,suspicious_romanization_pattern:\btb[a-z]+,literature/code/BEnQA/data/BEnQA/12th-Physics-I.csv,4
119,benqa_ext_12th-Physics-I_0013,Physics-I,12th,B,warning,ai_assisted_review_warn_v1,bangla_english_digit_mismatch,literature/code/BEnQA/data/BEnQA/12th-Physics-I.csv,13
120,benqa_ext_12th-Physics-I_0040,Physics-I,12th,A,warning,ai_assisted_review_warn_v1,suspicious_romanization_pattern:\btb[a-z]+,literature/code/BEnQA/data/BEnQA/12th-Physics-I.csv,40
121,benqa_ext_12th-Physics-I_0043,Physics-I,12th,C,warning,ai_assisted_review_warn_v1,bangla_english_digit_mismatch,literature/code/BEnQA/data/BEnQA/12th-Physics-I.csv,43
122,benqa_ext_12th-Physics-I_0059,Physics-I,12th,A,warning,ai_assisted_review_warn_v1,bangla_english_digit_mismatch,literature/code/BEnQA/data/BEnQA/12th-Physics-I.csv,59
123,benqa_ext_12th-Physics-I_0098,Physics-I,12th,D,warning,ai_assisted_review_warn_v1,bangla_english_digit_mismatch,literature/code/BEnQA/data/BEnQA/12th-Physics-I.csv,98
124,benqa_ext_12th-Physics-I_0117,Physics-I,12th,D,warning,ai_assisted_review_warn_v1,suspicious_romanization_pattern:\btb[a-z]+,literature/code/BEnQA/data/BEnQA/12th-Physics-I.csv,117
125,benqa_ext_12th-Physics-I_0137,Physics-I,12th,D,warning,ai_assisted_review_warn_v1,bangla_english_digit_mismatch,literature/code/BEnQA/data/BEnQA/12th-Physics-I.csv,137
126,benqa_ext_12th-Physics-I_0148,Physics-I,12th,D,warning,ai_assisted_review_warn_v1,bangla_english_digit_mismatch,literature/code/BEnQA/data/BEnQA/12th-Physics-I.csv,148
127,benqa_ext_12th-Physics-I_0170,Physics-I,12th,B,warning,ai_assisted_review_warn_v1,bangla_english_digit_mismatch,literature/code/BEnQA/data/BEnQA/12th-Physics-I.csv,170
128,benqa_ext_12th-Physics-I_0178,Physics-I,12th,B,warning,ai_assisted_review_warn_v1,bangla_english_digit_mismatch,literature/code/BEnQA/data/BEnQA/12th-Physics-I.csv,178
129,benqa_ext_12th-Physics-I_0186,Physics-I,12th,A,warning,ai_assisted_review_warn_v1,bangla_english_digit_mismatch,literature/code/BEnQA/data/BEnQA/12th-Physics-I.csv,186
130,benqa_ext_12th-Physics-I_0192,Physics-I,12th,D,warning,ai_assisted_review_warn_v1,bangla_english_digit_mismatch,literature/code/BEnQA/data/BEnQA/12th-Physics-I.csv,192
131,benqa_ext_12th-Physics-I_0205,Physics-I,12th,D,warning,ai_assisted_review_warn_v1,bangla_english_digit_mismatch,literature/code/BEnQA/data/BEnQA/12th-Physics-I.csv,205
132,benqa_ext_12th-Physics-I_0219,Physics-I,12th,B,warning,ai_assisted_review_warn_v1,bangla_english_digit_mismatch,literature/code/BEnQA/data/BEnQA/12th-Physics-I.csv,219
133,benqa_ext_12th-Physics-I_0283,Physics-I,12th,B,warning,ai_assisted_review_warn_v1,bangla_english_digit_mismatch,literature/code/BEnQA/data/BEnQA/12th-Physics-I.csv,283
134,benqa_ext_12th-Physics-I_0296,Physics-I,12th,C,warning,ai_assisted_review_warn_v1,suspicious_romanization_pattern:\btb[a-z]+,literature/code/BEnQA/data/BEnQA/12th-Physics-I.csv,296
135,benqa_ext_12th-Physics-II_0030,Physics-II,12th,B,warning,ai_assisted_review_warn_v1,bangla_english_digit_mismatch,literature/code/BEnQA/data/BEnQA/12th-Physics-II.csv,30
136,benqa_ext_12th-Physics-II_0035,Physics-II,12th,A,warning,ai_assisted_review_warn_v1,bangla_english_digit_mismatch,literature/code/BEnQA/data/BEnQA/12th-Physics-II.csv,35
137,benqa_ext_12th-Physics-II_0068,Physics-II,12th,A,warning,ai_assisted_review_warn_v1,bangla_english_digit_mismatch,literature/code/BEnQA/data/BEnQA/12th-Physics-II.csv,68
138,benqa_ext_12th-Physics-II_0207,Physics-II,12th,D,warning,ai_assisted_review_warn_v1,bangla_banglish_formulaish_token_mismatch,literature/code/BEnQA/data/BEnQA/12th-Physics-II.csv,207
139,benqa_ext_12th-Physics-II_0273,Physics-II,12th,C,warning,ai_assisted_review_warn_v1,suspicious_romanization_pattern:\bdurotb[a-z]*,literature/code/BEnQA/data/BEnQA/12th-Physics-II.csv,273
140,benqa_ext_12th-Physics-II_0279,Physics-II,12th,B,warning,ai_assisted_review_warn_v1,bangla_english_digit_mismatch,literature/code/BEnQA/data/BEnQA/12th-Physics-II.csv,279
141,benqa_ext_12th-Physics-II_0311,Physics-II,12th,B,warning,ai_assisted_review_warn_v1,bangla_english_digit_mismatch,literature/code/BEnQA/data/BEnQA/12th-Physics-II.csv,311
142,benqa_ext_12th-Physics-II_0322,Physics-II,12th,D,warning,ai_assisted_review_warn_v1,bangla_english_digit_mismatch,literature/code/BEnQA/data/BEnQA/12th-Physics-II.csv,322
143,benqa_ext_12th-Physics-II_0326,Physics-II,12th,B,warning,ai_assisted_review_warn_v1,bangla_english_digit_mismatch,literature/code/BEnQA/data/BEnQA/12th-Physics-II.csv,326
144,benqa_ext_8th-Science_0045,Science,8th,B,warning,ai_assisted_review_warn_v1,bangla_banglish_formulaish_token_mismatch,literature/code/BEnQA/data/BEnQA/8th-Science.csv,45
145,benqa_ext_8th-Science_0072,Science,8th,A,warning,ai_assisted_review_warn_v1,bangla_english_digit_mismatch,literature/code/BEnQA/data/BEnQA/8th-Science.csv,72
146,benqa_ext_8th-Science_0125,Science,8th,A,warning,ai_assisted_review_warn_v1,bangla_english_digit_mismatch,literature/code/BEnQA/data/BEnQA/8th-Science.csv,125
147,benqa_ext_8th-Science_0147,Science,8th,C,warning,ai_assisted_review_warn_v1,bangla_english_digit_mismatch,literature/code/BEnQA/data/BEnQA/8th-Science.csv,147
148,benqa_ext_8th-Science_0209,Science,8th,B,warning,ai_assisted_review_warn_v1,bangla_banglish_formulaish_token_mismatch,literature/code/BEnQA/data/BEnQA/8th-Science.csv,209
149,benqa_ext_8th-Science_0210,Science,8th,B,warning,ai_assisted_review_warn_v1,bangla_banglish_formulaish_token_mismatch,literature/code/BEnQA/data/BEnQA/8th-Science.csv,210
150,benqa_ext_10th-Biology_0001,Biology,10th,C,pass,ai_assisted_review_pass_v1,,literature/code/BEnQA/data/BEnQA/10th-Biology.csv,1
151,benqa_ext_10th-Biology_0002,Biology,10th,D,pass,ai_assisted_review_pass_v1,,literature/code/BEnQA/data/BEnQA/10th-Biology.csv,2
152,benqa_ext_10th-Biology_0018,Biology,10th,D,pass,ai_assisted_review_pass_v1,,literature/code/BEnQA/data/BEnQA/10th-Biology.csv,18
153,benqa_ext_10th-Biology_0023,Biology,10th,A,pass,ai_assisted_review_pass_v1,,literature/code/BEnQA/data/BEnQA/10th-Biology.csv,23
154,benqa_ext_10th-Biology_0032,Biology,10th,D,pass,ai_assisted_review_pass_v1,,literature/code/BEnQA/data/BEnQA/10th-Biology.csv,32
155,benqa_ext_10th-Biology_0034,Biology,10th,A,pass,ai_assisted_review_pass_v1,,literature/code/BEnQA/data/BEnQA/10th-Biology.csv,34
156,benqa_ext_10th-Biology_0045,Biology,10th,D,pass,ai_assisted_review_pass_v1,,literature/code/BEnQA/data/BEnQA/10th-Biology.csv,45
157,benqa_ext_10th-Biology_0049,Biology,10th,B,pass,ai_assisted_review_pass_v1,,literature/code/BEnQA/data/BEnQA/10th-Biology.csv,49
158,benqa_ext_10th-Biology_0054,Biology,10th,C,pass,ai_assisted_review_pass_v1,,literature/code/BEnQA/data/BEnQA/10th-Biology.csv,54
159,benqa_ext_10th-Biology_0056,Biology,10th,A,pass,ai_assisted_review_pass_v1,,literature/code/BEnQA/data/BEnQA/10th-Biology.csv,56
160,benqa_ext_10th-Biology_0063,Biology,10th,B,pass,ai_assisted_review_pass_v1,,literature/code/BEnQA/data/BEnQA/10th-Biology.csv,63
161,benqa_ext_10th-Biology_0065,Biology,10th,A,pass,ai_assisted_review_pass_v1,,literature/code/BEnQA/data/BEnQA/10th-Biology.csv,65
162,benqa_ext_10th-Biology_0067,Biology,10th,B,pass,ai_assisted_review_pass_v1,,literature/code/BEnQA/data/BEnQA/10th-Biology.csv,67
163,benqa_ext_10th-Biology_0069,Biology,10th,A,pass,ai_assisted_review_pass_v1,,literature/code/BEnQA/data/BEnQA/10th-Biology.csv,69
164,benqa_ext_10th-Biology_0070,Biology,10th,B,pass,ai_assisted_review_pass_v1,,literature/code/BEnQA/data/BEnQA/10th-Biology.csv,70
165,benqa_ext_10th-Biology_0072,Biology,10th,C,pass,ai_assisted_review_pass_v1,,literature/code/BEnQA/data/BEnQA/10th-Biology.csv,72
166,benqa_ext_10th-Biology_0074,Biology,10th,A,pass,ai_assisted_review_pass_v1,,literature/code/BEnQA/data/BEnQA/10th-Biology.csv,74
167,benqa_ext_10th-Biology_0084,Biology,10th,C,pass,ai_assisted_review_pass_v1,,literature/code/BEnQA/data/BEnQA/10th-Biology.csv,84
168,benqa_ext_10th-Biology_0085,Biology,10th,D,pass,ai_assisted_review_pass_v1,,literature/code/BEnQA/data/BEnQA/10th-Biology.csv,85
169,benqa_ext_10th-Biology_0087,Biology,10th,B,pass,ai_assisted_review_pass_v1,,literature/code/BEnQA/data/BEnQA/10th-Biology.csv,87
170,benqa_ext_10th-Biology_0091,Biology,10th,C,pass,ai_assisted_review_pass_v1,,literature/code/BEnQA/data/BEnQA/10th-Biology.csv,91
171,benqa_ext_10th-Biology_0100,Biology,10th,C,pass,ai_assisted_review_pass_v1,,literature/code/BEnQA/data/BEnQA/10th-Biology.csv,100
172,benqa_ext_10th-Biology_0102,Biology,10th,A,pass,ai_assisted_review_pass_v1,,literature/code/BEnQA/data/BEnQA/10th-Biology.csv,102
173,benqa_ext_10th-Biology_0110,Biology,10th,A,pass,ai_assisted_review_pass_v1,,literature/code/BEnQA/data/BEnQA/10th-Biology.csv,110
174,benqa_ext_10th-Biology_0115,Biology,10th,A,pass,ai_assisted_review_pass_v1,,literature/code/BEnQA/data/BEnQA/10th-Biology.csv,115
175,benqa_ext_10th-Biology_0120,Biology,10th,D,pass,ai_assisted_review_pass_v1,,literature/code/BEnQA/data/BEnQA/10th-Biology.csv,120
176,benqa_ext_10th-Biology_0123,Biology,10th,B,pass,ai_assisted_review_pass_v1,,literature/code/BEnQA/data/BEnQA/10th-Biology.csv,123
177,benqa_ext_10th-Biology_0125,Biology,10th,B,pass,ai_assisted_review_pass_v1,,literature/code/BEnQA/data/BEnQA/10th-Biology.csv,125
178,benqa_ext_10th-Biology_0137,Biology,10th,C,pass,ai_assisted_review_pass_v1,,literature/code/BEnQA/data/BEnQA/10th-Biology.csv,137
179,benqa_ext_10th-Biology_0138,Biology,10th,D,pass,ai_assisted_review_pass_v1,,literature/code/BEnQA/data/BEnQA/10th-Biology.csv,138
180,benqa_ext_10th-Biology_0142,Biology,10th,A,pass,ai_assisted_review_pass_v1,,literature/code/BEnQA/data/BEnQA/10th-Biology.csv,142
181,benqa_ext_10th-Biology_0145,Biology,10th,C,pass,ai_assisted_review_pass_v1,,literature/code/BEnQA/data/BEnQA/10th-Biology.csv,145
182,benqa_ext_10th-Biology_0148,Biology,10th,D,pass,ai_assisted_review_pass_v1,,literature/code/BEnQA/data/BEnQA/10th-Biology.csv,148
183,benqa_ext_10th-Biology_0151,Biology,10th,A,pass,ai_assisted_review_pass_v1,,literature/code/BEnQA/data/BEnQA/10th-Biology.csv,151
184,benqa_ext_10th-Biology_0174,Biology,10th,B,pass,ai_assisted_review_pass_v1,,literature/code/BEnQA/data/BEnQA/10th-Biology.csv,174
185,benqa_ext_10th-Biology_0175,Biology,10th,D,pass,ai_assisted_review_pass_v1,,literature/code/BEnQA/data/BEnQA/10th-Biology.csv,175
186,benqa_ext_10th-Biology_0177,Biology,10th,B,pass,ai_assisted_review_pass_v1,,literature/code/BEnQA/data/BEnQA/10th-Biology.csv,177
187,benqa_ext_10th-Biology_0179,Biology,10th,C,pass,ai_assisted_review_pass_v1,,literature/code/BEnQA/data/BEnQA/10th-Biology.csv,179
188,benqa_ext_10th-Biology_0180,Biology,10th,D,pass,ai_assisted_review_pass_v1,,literature/code/BEnQA/data/BEnQA/10th-Biology.csv,180
189,benqa_ext_10th-Biology_0184,Biology,10th,A,pass,ai_assisted_review_pass_v1,,literature/code/BEnQA/data/BEnQA/10th-Biology.csv,184
190,benqa_ext_10th-Biology_0186,Biology,10th,B,pass,ai_assisted_review_pass_v1,,literature/code/BEnQA/data/BEnQA/10th-Biology.csv,186
191,benqa_ext_10th-Biology_0196,Biology,10th,C,pass,ai_assisted_review_pass_v1,,literature/code/BEnQA/data/BEnQA/10th-Biology.csv,196
192,benqa_ext_10th-Biology_0203,Biology,10th,D,pass,ai_assisted_review_pass_v1,,literature/code/BEnQA/data/BEnQA/10th-Biology.csv,203
193,benqa_ext_10th-Biology_0204,Biology,10th,A,pass,ai_assisted_review_pass_v1,,literature/code/BEnQA/data/BEnQA/10th-Biology.csv,204
194,benqa_ext_10th-Biology_0206,Biology,10th,D,pass,ai_assisted_review_pass_v1,,literature/code/BEnQA/data/BEnQA/10th-Biology.csv,206
195,benqa_ext_10th-Biology_0218,Biology,10th,D,pass,ai_assisted_review_pass_v1,,literature/code/BEnQA/data/BEnQA/10th-Biology.csv,218
196,benqa_ext_10th-Biology_0225,Biology,10th,C,pass,ai_assisted_review_pass_v1,,literature/code/BEnQA/data/BEnQA/10th-Biology.csv,225
197,benqa_ext_10th-Biology_0227,Biology,10th,D,pass,ai_assisted_review_pass_v1,,literature/code/BEnQA/data/BEnQA/10th-Biology.csv,227
198,benqa_ext_10th-Biology_0238,Biology,10th,A,pass,ai_assisted_review_pass_v1,,literature/code/BEnQA/data/BEnQA/10th-Biology.csv,238
199,benqa_ext_10th-Biology_0243,Biology,10th,D,pass,ai_assisted_review_pass_v1,,literature/code/BEnQA/data/BEnQA/10th-Biology.csv,243
200,benqa_ext_10th-Biology_0247,Biology,10th,B,pass,ai_assisted_review_pass_v1,,literature/code/BEnQA/data/BEnQA/10th-Biology.csv,247
201,benqa_ext_10th-Biology_0250,Biology,10th,C,pass,ai_assisted_review_pass_v1,,literature/code/BEnQA/data/BEnQA/10th-Biology.csv,250
202,benqa_ext_10th-Biology_0252,Biology,10th,B,pass,ai_assisted_review_pass_v1,,literature/code/BEnQA/data/BEnQA/10th-Biology.csv,252
203,benqa_ext_10th-Biology_0260,Biology,10th,A,pass,ai_assisted_review_pass_v1,,literature/code/BEnQA/data/BEnQA/10th-Biology.csv,260
204,benqa_ext_10th-Biology_0269,Biology,10th,C,pass,ai_assisted_review_pass_v1,,literature/code/BEnQA/data/BEnQA/10th-Biology.csv,269
205,benqa_ext_10th-Biology_0274,Biology,10th,C,pass,ai_assisted_review_pass_v1,,literature/code/BEnQA/data/BEnQA/10th-Biology.csv,274
206,benqa_ext_10th-Biology_0278,Biology,10th,D,pass,ai_assisted_review_pass_v1,,literature/code/BEnQA/data/BEnQA/10th-Biology.csv,278
207,benqa_ext_10th-Biology_0287,Biology,10th,A,pass,ai_assisted_review_pass_v1,,literature/code/BEnQA/data/BEnQA/10th-Biology.csv,287
208,benqa_ext_10th-Biology_0298,Biology,10th,B,pass,ai_assisted_review_pass_v1,,literature/code/BEnQA/data/BEnQA/10th-Biology.csv,298
209,benqa_ext_10th-Biology_0305,Biology,10th,A,pass,ai_assisted_review_pass_v1,,literature/code/BEnQA/data/BEnQA/10th-Biology.csv,305
210,benqa_ext_10th-Biology_0316,Biology,10th,D,pass,ai_assisted_review_pass_v1,,literature/code/BEnQA/data/BEnQA/10th-Biology.csv,316
211,benqa_ext_10th-Biology_0334,Biology,10th,A,pass,ai_assisted_review_pass_v1,,literature/code/BEnQA/data/BEnQA/10th-Biology.csv,334
212,benqa_ext_10th-Biology_0340,Biology,10th,A,pass,ai_assisted_review_pass_v1,,literature/code/BEnQA/data/BEnQA/10th-Biology.csv,340
213,benqa_ext_10th-Biology_0342,Biology,10th,B,pass,ai_assisted_review_pass_v1,,literature/code/BEnQA/data/BEnQA/10th-Biology.csv,342
214,benqa_ext_10th-Biology_0344,Biology,10th,D,pass,ai_assisted_review_pass_v1,,literature/code/BEnQA/data/BEnQA/10th-Biology.csv,344
215,benqa_ext_10th-Biology_0346,Biology,10th,A,pass,ai_assisted_review_pass_v1,,literature/code/BEnQA/data/BEnQA/10th-Biology.csv,346
216,benqa_ext_10th-Biology_0350,Biology,10th,D,pass,ai_assisted_review_pass_v1,,literature/code/BEnQA/data/BEnQA/10th-Biology.csv,350
217,benqa_ext_10th-Biology_0351,Biology,10th,A,pass,ai_assisted_review_pass_v1,,literature/code/BEnQA/data/BEnQA/10th-Biology.csv,351
218,benqa_ext_12th-Biology-I_0002,Biology-I,12th,D,pass,ai_assisted_review_pass_v1,,literature/code/BEnQA/data/BEnQA/12th-Biology-I.csv,2
219,benqa_ext_12th-Biology-I_0003,Biology-I,12th,C,pass,ai_assisted_review_pass_v1,,literature/code/BEnQA/data/BEnQA/12th-Biology-I.csv,3
220,benqa_ext_12th-Biology-I_0013,Biology-I,12th,D,pass,ai_assisted_review_pass_v1,,literature/code/BEnQA/data/BEnQA/12th-Biology-I.csv,13
221,benqa_ext_12th-Biology-I_0016,Biology-I,12th,A,pass,ai_assisted_review_pass_v1,,literature/code/BEnQA/data/BEnQA/12th-Biology-I.csv,16
222,benqa_ext_12th-Biology-I_0017,Biology-I,12th,B,pass,ai_assisted_review_pass_v1,,literature/code/BEnQA/data/BEnQA/12th-Biology-I.csv,17
223,benqa_ext_12th-Biology-I_0024,Biology-I,12th,C,pass,ai_assisted_review_pass_v1,,literature/code/BEnQA/data/BEnQA/12th-Biology-I.csv,24
224,benqa_ext_12th-Biology-I_0025,Biology-I,12th,B,pass,ai_assisted_review_pass_v1,,literature/code/BEnQA/data/BEnQA/12th-Biology-I.csv,25
225,benqa_ext_12th-Biology-I_0026,Biology-I,12th,A,pass,ai_assisted_review_pass_v1,,literature/code/BEnQA/data/BEnQA/12th-Biology-I.csv,26
226,benqa_ext_12th-Biology-I_0027,Biology-I,12th,B,pass,ai_assisted_review_pass_v1,,literature/code/BEnQA/data/BEnQA/12th-Biology-I.csv,27
227,benqa_ext_12th-Biology-I_0030,Biology-I,12th,A,pass,ai_assisted_review_pass_v1,,literature/code/BEnQA/data/BEnQA/12th-Biology-I.csv,30
228,benqa_ext_12th-Biology-I_0041,Biology-I,12th,D,pass,ai_assisted_review_pass_v1,,literature/code/BEnQA/data/BEnQA/12th-Biology-I.csv,41
229,benqa_ext_12th-Biology-I_0043,Biology-I,12th,A,pass,ai_assisted_review_pass_v1,,literature/code/BEnQA/data/BEnQA/12th-Biology-I.csv,43
230,benqa_ext_12th-Biology-I_0049,Biology-I,12th,C,pass,ai_assisted_review_pass_v1,,literature/code/BEnQA/data/BEnQA/12th-Biology-I.csv,49
231,benqa_ext_12th-Biology-I_0059,Biology-I,12th,D,pass,ai_assisted_review_pass_v1,,literature/code/BEnQA/data/BEnQA/12th-Biology-I.csv,59
232,benqa_ext_12th-Biology-I_0066,Biology-I,12th,B,pass,ai_assisted_review_pass_v1,,literature/code/BEnQA/data/BEnQA/12th-Biology-I.csv,66
233,benqa_ext_12th-Biology-I_0076,Biology-I,12th,B,pass,ai_assisted_review_pass_v1,,literature/code/BEnQA/data/BEnQA/12th-Biology-I.csv,76
234,benqa_ext_12th-Biology-I_0080,Biology-I,12th,C,pass,ai_assisted_review_pass_v1,,literature/code/BEnQA/data/BEnQA/12th-Biology-I.csv,80
235,benqa_ext_12th-Biology-I_0081,Biology-I,12th,A,pass,ai_assisted_review_pass_v1,,literature/code/BEnQA/data/BEnQA/12th-Biology-I.csv,81
236,benqa_ext_12th-Biology-I_0085,Biology-I,12th,C,pass,ai_assisted_review_pass_v1,,literature/code/BEnQA/data/BEnQA/12th-Biology-I.csv,85
237,benqa_ext_12th-Biology-I_0092,Biology-I,12th,B,pass,ai_assisted_review_pass_v1,,literature/code/BEnQA/data/BEnQA/12th-Biology-I.csv,92
238,benqa_ext_12th-Biology-I_0094,Biology-I,12th,D,pass,ai_assisted_review_pass_v1,,literature/code/BEnQA/data/BEnQA/12th-Biology-I.csv,94
239,benqa_ext_12th-Biology-I_0098,Biology-I,12th,D,pass,ai_assisted_review_pass_v1,,literature/code/BEnQA/data/BEnQA/12th-Biology-I.csv,98
240,benqa_ext_12th-Biology-I_0106,Biology-I,12th,A,pass,ai_assisted_review_pass_v1,,literature/code/BEnQA/data/BEnQA/12th-Biology-I.csv,106
241,benqa_ext_12th-Biology-I_0110,Biology-I,12th,B,pass,ai_assisted_review_pass_v1,,literature/code/BEnQA/data/BEnQA/12th-Biology-I.csv,110
242,benqa_ext_12th-Biology-I_0122,Biology-I,12th,D,pass,ai_assisted_review_pass_v1,,literature/code/BEnQA/data/BEnQA/12th-Biology-I.csv,122
243,benqa_ext_12th-Biology-I_0129,Biology-I,12th,D,pass,ai_assisted_review_pass_v1,,literature/code/BEnQA/data/BEnQA/12th-Biology-I.csv,129
244,benqa_ext_12th-Biology-I_0132,Biology-I,12th,A,pass,ai_assisted_review_pass_v1,,literature/code/BEnQA/data/BEnQA/12th-Biology-I.csv,132
245,benqa_ext_12th-Biology-I_0141,Biology-I,12th,D,pass,ai_assisted_review_pass_v1,,literature/code/BEnQA/data/BEnQA/12th-Biology-I.csv,141
246,benqa_ext_12th-Biology-I_0144,Biology-I,12th,A,pass,ai_assisted_review_pass_v1,,literature/code/BEnQA/data/BEnQA/12th-Biology-I.csv,144
247,benqa_ext_12th-Biology-I_0147,Biology-I,12th,B,pass,ai_assisted_review_pass_v1,,literature/code/BEnQA/data/BEnQA/12th-Biology-I.csv,147
248,benqa_ext_12th-Biology-I_0151,Biology-I,12th,C,pass,ai_assisted_review_pass_v1,,literature/code/BEnQA/data/BEnQA/12th-Biology-I.csv,151
249,benqa_ext_12th-Biology-I_0157,Biology-I,12th,A,pass,ai_assisted_review_pass_v1,,literature/code/BEnQA/data/BEnQA/12th-Biology-I.csv,157
250,benqa_ext_12th-Biology-I_0163,Biology-I,12th,C,pass,ai_assisted_review_pass_v1,,literature/code/BEnQA/data/BEnQA/12th-Biology-I.csv,163
251,benqa_ext_12th-Biology-I_0185,Biology-I,12th,D,pass,ai_assisted_review_pass_v1,,literature/code/BEnQA/data/BEnQA/12th-Biology-I.csv,185
252,benqa_ext_12th-Biology-I_0188,Biology-I,12th,D,pass,ai_assisted_review_pass_v1,,literature/code/BEnQA/data/BEnQA/12th-Biology-I.csv,188
253,benqa_ext_12th-Biology-I_0190,Biology-I,12th,C,pass,ai_assisted_review_pass_v1,,literature/code/BEnQA/data/BEnQA/12th-Biology-I.csv,190
254,benqa_ext_12th-Biology-I_0196,Biology-I,12th,A,pass,ai_assisted_review_pass_v1,,literature/code/BEnQA/data/BEnQA/12th-Biology-I.csv,196
255,benqa_ext_12th-Biology-I_0200,Biology-I,12th,A,pass,ai_assisted_review_pass_v1,,literature/code/BEnQA/data/BEnQA/12th-Biology-I.csv,200
256,benqa_ext_12th-Biology-I_0203,Biology-I,12th,C,pass,ai_assisted_review_pass_v1,,literature/code/BEnQA/data/BEnQA/12th-Biology-I.csv,203
257,benqa_ext_12th-Biology-I_0204,Biology-I,12th,B,pass,ai_assisted_review_pass_v1,,literature/code/BEnQA/data/BEnQA/12th-Biology-I.csv,204
258,benqa_ext_12th-Biology-I_0205,Biology-I,12th,B,pass,ai_assisted_review_pass_v1,,literature/code/BEnQA/data/BEnQA/12th-Biology-I.csv,205
259,benqa_ext_12th-Biology-I_0216,Biology-I,12th,B,pass,ai_assisted_review_pass_v1,,literature/code/BEnQA/data/BEnQA/12th-Biology-I.csv,216
260,benqa_ext_12th-Biology-I_0217,Biology-I,12th,B,pass,ai_assisted_review_pass_v1,,literature/code/BEnQA/data/BEnQA/12th-Biology-I.csv,217
261,benqa_ext_12th-Biology-I_0220,Biology-I,12th,A,pass,ai_assisted_review_pass_v1,,literature/code/BEnQA/data/BEnQA/12th-Biology-I.csv,220
262,benqa_ext_12th-Biology-I_0224,Biology-I,12th,B,pass,ai_assisted_review_pass_v1,,literature/code/BEnQA/data/BEnQA/12th-Biology-I.csv,224
263,benqa_ext_12th-Biology-I_0233,Biology-I,12th,C,pass,ai_assisted_review_pass_v1,,literature/code/BEnQA/data/BEnQA/12th-Biology-I.csv,233
264,benqa_ext_12th-Biology-I_0234,Biology-I,12th,C,pass,ai_assisted_review_pass_v1,,literature/code/BEnQA/data/BEnQA/12th-Biology-I.csv,234
265,benqa_ext_12th-Biology-I_0235,Biology-I,12th,A,pass,ai_assisted_review_pass_v1,,literature/code/BEnQA/data/BEnQA/12th-Biology-I.csv,235
266,benqa_ext_12th-Biology-I_0236,Biology-I,12th,D,pass,ai_assisted_review_pass_v1,,literature/code/BEnQA/data/BEnQA/12th-Biology-I.csv,236
267,benqa_ext_12th-Biology-I_0241,Biology-I,12th,A,pass,ai_assisted_review_pass_v1,,literature/code/BEnQA/data/BEnQA/12th-Biology-I.csv,241
268,benqa_ext_12th-Biology-I_0242,Biology-I,12th,D,pass,ai_assisted_review_pass_v1,,literature/code/BEnQA/data/BEnQA/12th-Biology-I.csv,242
269,benqa_ext_12th-Biology-I_0244,Biology-I,12th,D,pass,ai_assisted_review_pass_v1,,literature/code/BEnQA/data/BEnQA/12th-Biology-I.csv,244
270,benqa_ext_12th-Biology-I_0246,Biology-I,12th,C,pass,ai_assisted_review_pass_v1,,literature/code/BEnQA/data/BEnQA/12th-Biology-I.csv,246
271,benqa_ext_12th-Biology-I_0253,Biology-I,12th,D,pass,ai_assisted_review_pass_v1,,literature/code/BEnQA/data/BEnQA/12th-Biology-I.csv,253
272,benqa_ext_12th-Biology-I_0254,Biology-I,12th,B,pass,ai_assisted_review_pass_v1,,literature/code/BEnQA/data/BEnQA/12th-Biology-I.csv,254
273,benqa_ext_12th-Biology-I_0255,Biology-I,12th,B,pass,ai_assisted_review_pass_v1,,literature/code/BEnQA/data/BEnQA/12th-Biology-I.csv,255
274,benqa_ext_12th-Biology-I_0267,Biology-I,12th,D,pass,ai_assisted_review_pass_v1,,literature/code/BEnQA/data/BEnQA/12th-Biology-I.csv,267
275,benqa_ext_12th-Biology-I_0268,Biology-I,12th,A,pass,ai_assisted_review_pass_v1,,literature/code/BEnQA/data/BEnQA/12th-Biology-I.csv,268
276,benqa_ext_12th-Biology-I_0271,Biology-I,12th,B,pass,ai_assisted_review_pass_v1,,literature/code/BEnQA/data/BEnQA/12th-Biology-I.csv,271
277,benqa_ext_12th-Biology-I_0272,Biology-I,12th,A,pass,ai_assisted_review_pass_v1,,literature/code/BEnQA/data/BEnQA/12th-Biology-I.csv,272
278,benqa_ext_12th-Biology-I_0275,Biology-I,12th,D,pass,ai_assisted_review_pass_v1,,literature/code/BEnQA/data/BEnQA/12th-Biology-I.csv,275
279,benqa_ext_12th-Biology-I_0282,Biology-I,12th,B,pass,ai_assisted_review_pass_v1,,literature/code/BEnQA/data/BEnQA/12th-Biology-I.csv,282
280,benqa_ext_12th-Biology-I_0287,Biology-I,12th,A,pass,ai_assisted_review_pass_v1,,literature/code/BEnQA/data/BEnQA/12th-Biology-I.csv,287
281,benqa_ext_12th-Biology-I_0294,Biology-I,12th,B,pass,ai_assisted_review_pass_v1,,literature/code/BEnQA/data/BEnQA/12th-Biology-I.csv,294
282,benqa_ext_12th-Biology-I_0296,Biology-I,12th,D,pass,ai_assisted_review_pass_v1,,literature/code/BEnQA/data/BEnQA/12th-Biology-I.csv,296
283,benqa_ext_12th-Biology-I_0298,Biology-I,12th,A,pass,ai_assisted_review_pass_v1,,literature/code/BEnQA/data/BEnQA/12th-Biology-I.csv,298
284,benqa_ext_12th-Biology-I_0300,Biology-I,12th,C,pass,ai_assisted_review_pass_v1,,literature/code/BEnQA/data/BEnQA/12th-Biology-I.csv,300
285,benqa_ext_12th-Biology-I_0302,Biology-I,12th,A,pass,ai_assisted_review_pass_v1,,literature/code/BEnQA/data/BEnQA/12th-Biology-I.csv,302
286,benqa_ext_12th-Biology-I_0307,Biology-I,12th,D,pass,ai_assisted_review_pass_v1,,literature/code/BEnQA/data/BEnQA/12th-Biology-I.csv,307
287,benqa_ext_12th-Biology-II_0005,Biology-II,12th,B,pass,ai_assisted_review_pass_v1,,literature/code/BEnQA/data/BEnQA/12th-Biology-II.csv,5
288,benqa_ext_12th-Biology-II_0011,Biology-II,12th,A,pass,ai_assisted_review_pass_v1,,literature/code/BEnQA/data/BEnQA/12th-Biology-II.csv,11
289,benqa_ext_12th-Biology-II_0014,Biology-II,12th,C,pass,ai_assisted_review_pass_v1,,literature/code/BEnQA/data/BEnQA/12th-Biology-II.csv,14
290,benqa_ext_12th-Biology-II_0015,Biology-II,12th,A,pass,ai_assisted_review_pass_v1,,literature/code/BEnQA/data/BEnQA/12th-Biology-II.csv,15
291,benqa_ext_12th-Biology-II_0018,Biology-II,12th,B,pass,ai_assisted_review_pass_v1,,literature/code/BEnQA/data/BEnQA/12th-Biology-II.csv,18
292,benqa_ext_12th-Biology-II_0033,Biology-II,12th,C,pass,ai_assisted_review_pass_v1,,literature/code/BEnQA/data/BEnQA/12th-Biology-II.csv,33
293,benqa_ext_12th-Biology-II_0037,Biology-II,12th,B,pass,ai_assisted_review_pass_v1,,literature/code/BEnQA/data/BEnQA/12th-Biology-II.csv,37
294,benqa_ext_12th-Biology-II_0044,Biology-II,12th,D,pass,ai_assisted_review_pass_v1,,literature/code/BEnQA/data/BEnQA/12th-Biology-II.csv,44
295,benqa_ext_12th-Biology-II_0059,Biology-II,12th,C,pass,ai_assisted_review_pass_v1,,literature/code/BEnQA/data/BEnQA/12th-Biology-II.csv,59
296,benqa_ext_12th-Biology-II_0069,Biology-II,12th,C,pass,ai_assisted_review_pass_v1,,literature/code/BEnQA/data/BEnQA/12th-Biology-II.csv,69
297,benqa_ext_12th-Biology-II_0071,Biology-II,12th,C,pass,ai_assisted_review_pass_v1,,literature/code/BEnQA/data/BEnQA/12th-Biology-II.csv,71
298,benqa_ext_12th-Biology-II_0076,Biology-II,12th,C,pass,ai_assisted_review_pass_v1,,literature/code/BEnQA/data/BEnQA/12th-Biology-II.csv,76
299,benqa_ext_12th-Biology-II_0081,Biology-II,12th,A,pass,ai_assisted_review_pass_v1,,literature/code/BEnQA/data/BEnQA/12th-Biology-II.csv,81
300,benqa_ext_12th-Biology-II_0085,Biology-II,12th,B,pass,ai_assisted_review_pass_v1,,literature/code/BEnQA/data/BEnQA/12th-Biology-II.csv,85
301,benqa_ext_12th-Biology-II_0088,Biology-II,12th,D,pass,ai_assisted_review_pass_v1,,literature/code/BEnQA/data/BEnQA/12th-Biology-II.csv,88
302,benqa_ext_12th-Biology-II_0090,Biology-II,12th,C,pass,ai_assisted_review_pass_v1,,literature/code/BEnQA/data/BEnQA/12th-Biology-II.csv,90
303,benqa_ext_12th-Biology-II_0097,Biology-II,12th,A,pass,ai_assisted_review_pass_v1,,literature/code/BEnQA/data/BEnQA/12th-Biology-II.csv,97
304,benqa_ext_12th-Biology-II_0098,Biology-II,12th,D,pass,ai_assisted_review_pass_v1,,literature/code/BEnQA/data/BEnQA/12th-Biology-II.csv,98
305,benqa_ext_12th-Biology-II_0099,Biology-II,12th,C,pass,ai_assisted_review_pass_v1,,literature/code/BEnQA/data/BEnQA/12th-Biology-II.csv,99
306,benqa_ext_12th-Biology-II_0100,Biology-II,12th,D,pass,ai_assisted_review_pass_v1,,literature/code/BEnQA/data/BEnQA/12th-Biology-II.csv,100
307,benqa_ext_12th-Biology-II_0107,Biology-II,12th,A,pass,ai_assisted_review_pass_v1,,literature/code/BEnQA/data/BEnQA/12th-Biology-II.csv,107
308,benqa_ext_12th-Biology-II_0117,Biology-II,12th,B,pass,ai_assisted_review_pass_v1,,literature/code/BEnQA/data/BEnQA/12th-Biology-II.csv,117
309,benqa_ext_12th-Biology-II_0123,Biology-II,12th,A,pass,ai_assisted_review_pass_v1,,literature/code/BEnQA/data/BEnQA/12th-Biology-II.csv,123
310,benqa_ext_12th-Biology-II_0127,Biology-II,12th,B,pass,ai_assisted_review_pass_v1,,literature/code/BEnQA/data/BEnQA/12th-Biology-II.csv,127
311,benqa_ext_12th-Biology-II_0140,Biology-II,12th,D,pass,ai_assisted_review_pass_v1,,literature/code/BEnQA/data/BEnQA/12th-Biology-II.csv,140
312,benqa_ext_12th-Biology-II_0143,Biology-II,12th,D,pass,ai_assisted_review_pass_v1,,literature/code/BEnQA/data/BEnQA/12th-Biology-II.csv,143
313,benqa_ext_12th-Biology-II_0145,Biology-II,12th,D,pass,ai_assisted_review_pass_v1,,literature/code/BEnQA/data/BEnQA/12th-Biology-II.csv,145
314,benqa_ext_12th-Biology-II_0150,Biology-II,12th,A,pass,ai_assisted_review_pass_v1,,literature/code/BEnQA/data/BEnQA/12th-Biology-II.csv,150
315,benqa_ext_12th-Biology-II_0151,Biology-II,12th,D,pass,ai_assisted_review_pass_v1,,literature/code/BEnQA/data/BEnQA/12th-Biology-II.csv,151
316,benqa_ext_12th-Biology-II_0155,Biology-II,12th,C,pass,ai_assisted_review_pass_v1,,literature/code/BEnQA/data/BEnQA/12th-Biology-II.csv,155
317,benqa_ext_12th-Biology-II_0165,Biology-II,12th,C,pass,ai_assisted_review_pass_v1,,literature/code/BEnQA/data/BEnQA/12th-Biology-II.csv,165
318,benqa_ext_12th-Biology-II_0166,Biology-II,12th,C,pass,ai_assisted_review_pass_v1,,literature/code/BEnQA/data/BEnQA/12th-Biology-II.csv,166
319,benqa_ext_12th-Biology-II_0167,Biology-II,12th,C,pass,ai_assisted_review_pass_v1,,literature/code/BEnQA/data/BEnQA/12th-Biology-II.csv,167
320,benqa_ext_12th-Biology-II_0172,Biology-II,12th,A,pass,ai_assisted_review_pass_v1,,literature/code/BEnQA/data/BEnQA/12th-Biology-II.csv,172
321,benqa_ext_12th-Biology-II_0173,Biology-II,12th,A,pass,ai_assisted_review_pass_v1,,literature/code/BEnQA/data/BEnQA/12th-Biology-II.csv,173
322,benqa_ext_12th-Biology-II_0176,Biology-II,12th,C,pass,ai_assisted_review_pass_v1,,literature/code/BEnQA/data/BEnQA/12th-Biology-II.csv,176
323,benqa_ext_12th-Biology-II_0178,Biology-II,12th,A,pass,ai_assisted_review_pass_v1,,literature/code/BEnQA/data/BEnQA/12th-Biology-II.csv,178
324,benqa_ext_12th-Biology-II_0186,Biology-II,12th,A,pass,ai_assisted_review_pass_v1,,literature/code/BEnQA/data/BEnQA/12th-Biology-II.csv,186
325,benqa_ext_12th-Biology-II_0188,Biology-II,12th,A,pass,ai_assisted_review_pass_v1,,literature/code/BEnQA/data/BEnQA/12th-Biology-II.csv,188
326,benqa_ext_12th-Biology-II_0198,Biology-II,12th,A,pass,ai_assisted_review_pass_v1,,literature/code/BEnQA/data/BEnQA/12th-Biology-II.csv,198
327,benqa_ext_12th-Biology-II_0201,Biology-II,12th,C,pass,ai_assisted_review_pass_v1,,literature/code/BEnQA/data/BEnQA/12th-Biology-II.csv,201
328,benqa_ext_12th-Biology-II_0204,Biology-II,12th,B,pass,ai_assisted_review_pass_v1,,literature/code/BEnQA/data/BEnQA/12th-Biology-II.csv,204
329,benqa_ext_12th-Biology-II_0205,Biology-II,12th,A,pass,ai_assisted_review_pass_v1,,literature/code/BEnQA/data/BEnQA/12th-Biology-II.csv,205
330,benqa_ext_12th-Biology-II_0208,Biology-II,12th,D,pass,ai_assisted_review_pass_v1,,literature/code/BEnQA/data/BEnQA/12th-Biology-II.csv,208
331,benqa_ext_12th-Biology-II_0210,Biology-II,12th,D,pass,ai_assisted_review_pass_v1,,literature/code/BEnQA/data/BEnQA/12th-Biology-II.csv,210
332,benqa_ext_12th-Biology-II_0213,Biology-II,12th,A,pass,ai_assisted_review_pass_v1,,literature/code/BEnQA/data/BEnQA/12th-Biology-II.csv,213
333,benqa_ext_12th-Biology-II_0216,Biology-II,12th,D,pass,ai_assisted_review_pass_v1,,literature/code/BEnQA/data/BEnQA/12th-Biology-II.csv,216
334,benqa_ext_12th-Biology-II_0218,Biology-II,12th,A,pass,ai_assisted_review_pass_v1,,literature/code/BEnQA/data/BEnQA/12th-Biology-II.csv,218
335,benqa_ext_12th-Biology-II_0220,Biology-II,12th,A,pass,ai_assisted_review_pass_v1,,literature/code/BEnQA/data/BEnQA/12th-Biology-II.csv,220
336,benqa_ext_12th-Biology-II_0226,Biology-II,12th,A,pass,ai_assisted_review_pass_v1,,literature/code/BEnQA/data/BEnQA/12th-Biology-II.csv,226
337,benqa_ext_12th-Biology-II_0227,Biology-II,12th,B,pass,ai_assisted_review_pass_v1,,literature/code/BEnQA/data/BEnQA/12th-Biology-II.csv,227
338,benqa_ext_12th-Biology-II_0228,Biology-II,12th,C,pass,ai_assisted_review_pass_v1,,literature/code/BEnQA/data/BEnQA/12th-Biology-II.csv,228
339,benqa_ext_12th-Biology-II_0234,Biology-II,12th,A,pass,ai_assisted_review_pass_v1,,literature/code/BEnQA/data/BEnQA/12th-Biology-II.csv,234
340,benqa_ext_12th-Biology-II_0239,Biology-II,12th,D,pass,ai_assisted_review_pass_v1,,literature/code/BEnQA/data/BEnQA/12th-Biology-II.csv,239
341,benqa_ext_12th-Biology-II_0248,Biology-II,12th,A,pass,ai_assisted_review_pass_v1,,literature/code/BEnQA/data/BEnQA/12th-Biology-II.csv,248
342,benqa_ext_12th-Biology-II_0251,Biology-II,12th,C,pass,ai_assisted_review_pass_v1,,literature/code/BEnQA/data/BEnQA/12th-Biology-II.csv,251
343,benqa_ext_12th-Biology-II_0256,Biology-II,12th,A,pass,ai_assisted_review_pass_v1,,literature/code/BEnQA/data/BEnQA/12th-Biology-II.csv,256
344,benqa_ext_12th-Biology-II_0258,Biology-II,12th,B,pass,ai_assisted_review_pass_v1,,literature/code/BEnQA/data/BEnQA/12th-Biology-II.csv,258
345,benqa_ext_12th-Biology-II_0270,Biology-II,12th,C,pass,ai_assisted_review_pass_v1,,literature/code/BEnQA/data/BEnQA/12th-Biology-II.csv,270
346,benqa_ext_12th-Biology-II_0271,Biology-II,12th,A,pass,ai_assisted_review_pass_v1,,literature/code/BEnQA/data/BEnQA/12th-Biology-II.csv,271
347,benqa_ext_12th-Biology-II_0275,Biology-II,12th,B,pass,ai_assisted_review_pass_v1,,literature/code/BEnQA/data/BEnQA/12th-Biology-II.csv,275
348,benqa_ext_12th-Biology-II_0280,Biology-II,12th,C,pass,ai_assisted_review_pass_v1,,literature/code/BEnQA/data/BEnQA/12th-Biology-II.csv,280
349,benqa_ext_12th-Biology-II_0284,Biology-II,12th,B,pass,ai_assisted_review_pass_v1,,literature/code/BEnQA/data/BEnQA/12th-Biology-II.csv,284
350,benqa_ext_12th-Biology-II_0288,Biology-II,12th,D,pass,ai_assisted_review_pass_v1,,literature/code/BEnQA/data/BEnQA/12th-Biology-II.csv,288
351,benqa_ext_12th-Biology-II_0292,Biology-II,12th,A,pass,ai_assisted_review_pass_v1,,literature/code/BEnQA/data/BEnQA/12th-Biology-II.csv,292
352,benqa_ext_12th-Biology-II_0295,Biology-II,12th,B,pass,ai_assisted_review_pass_v1,,literature/code/BEnQA/data/BEnQA/12th-Biology-II.csv,295
353,benqa_ext_12th-Biology-II_0296,Biology-II,12th,C,pass,ai_assisted_review_pass_v1,,literature/code/BEnQA/data/BEnQA/12th-Biology-II.csv,296
354,benqa_ext_12th-Biology-II_0303,Biology-II,12th,C,pass,ai_assisted_review_pass_v1,,literature/code/BEnQA/data/BEnQA/12th-Biology-II.csv,303
355,benqa_ext_12th-Biology-II_0304,Biology-II,12th,D,pass,ai_assisted_review_pass_v1,,literature/code/BEnQA/data/BEnQA/12th-Biology-II.csv,304
356,benqa_ext_12th-Biology-II_0316,Biology-II,12th,A,pass,ai_assisted_review_pass_v1,,literature/code/BEnQA/data/BEnQA/12th-Biology-II.csv,316
357,benqa_ext_12th-Biology-II_0317,Biology-II,12th,A,pass,ai_assisted_review_pass_v1,,literature/code/BEnQA/data/BEnQA/12th-Biology-II.csv,317
358,benqa_ext_12th-Biology-II_0326,Biology-II,12th,C,pass,ai_assisted_review_pass_v1,,literature/code/BEnQA/data/BEnQA/12th-Biology-II.csv,326
359,benqa_ext_10th-Chemistry_0006,Chemistry,10th,D,pass,ai_assisted_review_pass_v1,,literature/code/BEnQA/data/BEnQA/10th-Chemistry.csv,6
360,benqa_ext_10th-Chemistry_0014,Chemistry,10th,A,pass,ai_assisted_review_pass_v1,,literature/code/BEnQA/data/BEnQA/10th-Chemistry.csv,14
361,benqa_ext_10th-Chemistry_0016,Chemistry,10th,A,pass,ai_assisted_review_pass_v1,,literature/code/BEnQA/data/BEnQA/10th-Chemistry.csv,16
362,benqa_ext_10th-Chemistry_0027,Chemistry,10th,A,pass,ai_assisted_review_pass_v1,,literature/code/BEnQA/data/BEnQA/10th-Chemistry.csv,27
363,benqa_ext_10th-Chemistry_0029,Chemistry,10th,D,pass,ai_assisted_review_pass_v1,,literature/code/BEnQA/data/BEnQA/10th-Chemistry.csv,29
364,benqa_ext_10th-Chemistry_0034,Chemistry,10th,D,pass,ai_assisted_review_pass_v1,,literature/code/BEnQA/data/BEnQA/10th-Chemistry.csv,34
365,benqa_ext_10th-Chemistry_0050,Chemistry,10th,B,pass,ai_assisted_review_pass_v1,,literature/code/BEnQA/data/BEnQA/10th-Chemistry.csv,50
366,benqa_ext_10th-Chemistry_0056,Chemistry,10th,C,pass,ai_assisted_review_pass_v1,,literature/code/BEnQA/data/BEnQA/10th-Chemistry.csv,56
367,benqa_ext_10th-Chemistry_0058,Chemistry,10th,B,pass,ai_assisted_review_pass_v1,,literature/code/BEnQA/data/BEnQA/10th-Chemistry.csv,58
368,benqa_ext_10th-Chemistry_0061,Chemistry,10th,B,pass,ai_assisted_review_pass_v1,,literature/code/BEnQA/data/BEnQA/10th-Chemistry.csv,61
369,benqa_ext_10th-Chemistry_0072,Chemistry,10th,B,pass,ai_assisted_review_pass_v1,,literature/code/BEnQA/data/BEnQA/10th-Chemistry.csv,72
370,benqa_ext_10th-Chemistry_0075,Chemistry,10th,B,pass,ai_assisted_review_pass_v1,,literature/code/BEnQA/data/BEnQA/10th-Chemistry.csv,75
371,benqa_ext_10th-Chemistry_0080,Chemistry,10th,D,pass,ai_assisted_review_pass_v1,,literature/code/BEnQA/data/BEnQA/10th-Chemistry.csv,80
372,benqa_ext_10th-Chemistry_0082,Chemistry,10th,A,pass,ai_assisted_review_pass_v1,,literature/code/BEnQA/data/BEnQA/10th-Chemistry.csv,82
373,benqa_ext_10th-Chemistry_0088,Chemistry,10th,A,pass,ai_assisted_review_pass_v1,,literature/code/BEnQA/data/BEnQA/10th-Chemistry.csv,88
374,benqa_ext_10th-Chemistry_0095,Chemistry,10th,D,pass,ai_assisted_review_pass_v1,,literature/code/BEnQA/data/BEnQA/10th-Chemistry.csv,95
375,benqa_ext_10th-Chemistry_0099,Chemistry,10th,B,pass,ai_assisted_review_pass_v1,,literature/code/BEnQA/data/BEnQA/10th-Chemistry.csv,99
376,benqa_ext_10th-Chemistry_0102,Chemistry,10th,D,pass,ai_assisted_review_pass_v1,,literature/code/BEnQA/data/BEnQA/10th-Chemistry.csv,102
377,benqa_ext_10th-Chemistry_0104,Chemistry,10th,D,pass,ai_assisted_review_pass_v1,,literature/code/BEnQA/data/BEnQA/10th-Chemistry.csv,104
378,benqa_ext_10th-Chemistry_0108,Chemistry,10th,B,pass,ai_assisted_review_pass_v1,,literature/code/BEnQA/data/BEnQA/10th-Chemistry.csv,108
379,benqa_ext_10th-Chemistry_0128,Chemistry,10th,D,pass,ai_assisted_review_pass_v1,,literature/code/BEnQA/data/BEnQA/10th-Chemistry.csv,128
380,benqa_ext_10th-Chemistry_0134,Chemistry,10th,B,pass,ai_assisted_review_pass_v1,,literature/code/BEnQA/data/BEnQA/10th-Chemistry.csv,134
381,benqa_ext_10th-Chemistry_0144,Chemistry,10th,D,pass,ai_assisted_review_pass_v1,,literature/code/BEnQA/data/BEnQA/10th-Chemistry.csv,144
382,benqa_ext_10th-Chemistry_0149,Chemistry,10th,B,pass,ai_assisted_review_pass_v1,,literature/code/BEnQA/data/BEnQA/10th-Chemistry.csv,149
383,benqa_ext_10th-Chemistry_0157,Chemistry,10th,B,pass,ai_assisted_review_pass_v1,,literature/code/BEnQA/data/BEnQA/10th-Chemistry.csv,157
384,benqa_ext_10th-Chemistry_0163,Chemistry,10th,B,pass,ai_assisted_review_pass_v1,,literature/code/BEnQA/data/BEnQA/10th-Chemistry.csv,163
385,benqa_ext_10th-Chemistry_0181,Chemistry,10th,C,pass,ai_assisted_review_pass_v1,,literature/code/BEnQA/data/BEnQA/10th-Chemistry.csv,181
386,benqa_ext_10th-Chemistry_0183,Chemistry,10th,A,pass,ai_assisted_review_pass_v1,,literature/code/BEnQA/data/BEnQA/10th-Chemistry.csv,183
387,benqa_ext_10th-Chemistry_0195,Chemistry,10th,C,pass,ai_assisted_review_pass_v1,,literature/code/BEnQA/data/BEnQA/10th-Chemistry.csv,195
388,benqa_ext_10th-Chemistry_0196,Chemistry,10th,A,pass,ai_assisted_review_pass_v1,,literature/code/BEnQA/data/BEnQA/10th-Chemistry.csv,196
389,benqa_ext_10th-Chemistry_0197,Chemistry,10th,D,pass,ai_assisted_review_pass_v1,,literature/code/BEnQA/data/BEnQA/10th-Chemistry.csv,197
390,benqa_ext_10th-Chemistry_0201,Chemistry,10th,C,pass,ai_assisted_review_pass_v1,,literature/code/BEnQA/data/BEnQA/10th-Chemistry.csv,201
391,benqa_ext_10th-Chemistry_0203,Chemistry,10th,D,pass,ai_assisted_review_pass_v1,,literature/code/BEnQA/data/BEnQA/10th-Chemistry.csv,203
392,benqa_ext_10th-Chemistry_0221,Chemistry,10th,A,pass,ai_assisted_review_pass_v1,,literature/code/BEnQA/data/BEnQA/10th-Chemistry.csv,221
393,benqa_ext_10th-Chemistry_0232,Chemistry,10th,A,pass,ai_assisted_review_pass_v1,,literature/code/BEnQA/data/BEnQA/10th-Chemistry.csv,232
394,benqa_ext_10th-Chemistry_0246,Chemistry,10th,B,pass,ai_assisted_review_pass_v1,,literature/code/BEnQA/data/BEnQA/10th-Chemistry.csv,246
395,benqa_ext_10th-Chemistry_0252,Chemistry,10th,D,pass,ai_assisted_review_pass_v1,,literature/code/BEnQA/data/BEnQA/10th-Chemistry.csv,252
396,benqa_ext_10th-Chemistry_0269,Chemistry,10th,C,pass,ai_assisted_review_pass_v1,,literature/code/BEnQA/data/BEnQA/10th-Chemistry.csv,269
397,benqa_ext_10th-Chemistry_0275,Chemistry,10th,A,pass,ai_assisted_review_pass_v1,,literature/code/BEnQA/data/BEnQA/10th-Chemistry.csv,275
398,benqa_ext_10th-Chemistry_0285,Chemistry,10th,B,pass,ai_assisted_review_pass_v1,,literature/code/BEnQA/data/BEnQA/10th-Chemistry.csv,285
399,benqa_ext_10th-Chemistry_0288,Chemistry,10th,C,pass,ai_assisted_review_pass_v1,,literature/code/BEnQA/data/BEnQA/10th-Chemistry.csv,288
400,benqa_ext_10th-Chemistry_0295,Chemistry,10th,C,pass,ai_assisted_review_pass_v1,,literature/code/BEnQA/data/BEnQA/10th-Chemistry.csv,295
401,benqa_ext_10th-Chemistry_0318,Chemistry,10th,D,pass,ai_assisted_review_pass_v1,,literature/code/BEnQA/data/BEnQA/10th-Chemistry.csv,318
402,benqa_ext_10th-Chemistry_0319,Chemistry,10th,D,pass,ai_assisted_review_pass_v1,,literature/code/BEnQA/data/BEnQA/10th-Chemistry.csv,319
403,benqa_ext_10th-Chemistry_0327,Chemistry,10th,D,pass,ai_assisted_review_pass_v1,,literature/code/BEnQA/data/BEnQA/10th-Chemistry.csv,327
404,benqa_ext_10th-Chemistry_0328,Chemistry,10th,B,pass,ai_assisted_review_pass_v1,,literature/code/BEnQA/data/BEnQA/10th-Chemistry.csv,328
405,benqa_ext_10th-Chemistry_0330,Chemistry,10th,C,pass,ai_assisted_review_pass_v1,,literature/code/BEnQA/data/BEnQA/10th-Chemistry.csv,330
406,benqa_ext_10th-Chemistry_0331,Chemistry,10th,C,pass,ai_assisted_review_pass_v1,,literature/code/BEnQA/data/BEnQA/10th-Chemistry.csv,331
407,benqa_ext_10th-Chemistry_0332,Chemistry,10th,D,pass,ai_assisted_review_pass_v1,,literature/code/BEnQA/data/BEnQA/10th-Chemistry.csv,332
408,benqa_ext_10th-Chemistry_0333,Chemistry,10th,A,pass,ai_assisted_review_pass_v1,,literature/code/BEnQA/data/BEnQA/10th-Chemistry.csv,333
409,benqa_ext_10th-Chemistry_0341,Chemistry,10th,D,pass,ai_assisted_review_pass_v1,,literature/code/BEnQA/data/BEnQA/10th-Chemistry.csv,341
410,benqa_ext_10th-Chemistry_0342,Chemistry,10th,C,pass,ai_assisted_review_pass_v1,,literature/code/BEnQA/data/BEnQA/10th-Chemistry.csv,342
411,benqa_ext_10th-Chemistry_0349,Chemistry,10th,B,pass,ai_assisted_review_pass_v1,,literature/code/BEnQA/data/BEnQA/10th-Chemistry.csv,349
412,benqa_ext_10th-Chemistry_0357,Chemistry,10th,B,pass,ai_assisted_review_pass_v1,,literature/code/BEnQA/data/BEnQA/10th-Chemistry.csv,357
413,benqa_ext_10th-Chemistry_0358,Chemistry,10th,A,pass,ai_assisted_review_pass_v1,,literature/code/BEnQA/data/BEnQA/10th-Chemistry.csv,358
414,benqa_ext_10th-Chemistry_0366,Chemistry,10th,D,pass,ai_assisted_review_pass_v1,,literature/code/BEnQA/data/BEnQA/10th-Chemistry.csv,366
415,benqa_ext_10th-Chemistry_0367,Chemistry,10th,C,pass,ai_assisted_review_pass_v1,,literature/code/BEnQA/data/BEnQA/10th-Chemistry.csv,367
416,benqa_ext_10th-Chemistry_0369,Chemistry,10th,D,pass,ai_assisted_review_pass_v1,,literature/code/BEnQA/data/BEnQA/10th-Chemistry.csv,369
417,benqa_ext_10th-Chemistry_0376,Chemistry,10th,B,pass,ai_assisted_review_pass_v1,,literature/code/BEnQA/data/BEnQA/10th-Chemistry.csv,376
418,benqa_ext_10th-Chemistry_0383,Chemistry,10th,A,pass,ai_assisted_review_pass_v1,,literature/code/BEnQA/data/BEnQA/10th-Chemistry.csv,383
419,benqa_ext_10th-Chemistry_0384,Chemistry,10th,B,pass,ai_assisted_review_pass_v1,,literature/code/BEnQA/data/BEnQA/10th-Chemistry.csv,384
420,benqa_ext_10th-Chemistry_0386,Chemistry,10th,A,pass,ai_assisted_review_pass_v1,,literature/code/BEnQA/data/BEnQA/10th-Chemistry.csv,386
421,benqa_ext_10th-Chemistry_0387,Chemistry,10th,C,pass,ai_assisted_review_pass_v1,,literature/code/BEnQA/data/BEnQA/10th-Chemistry.csv,387
422,benqa_ext_12th-Chemistry-I_0001,Chemistry-I,12th,A,pass,ai_assisted_review_pass_v1,,literature/code/BEnQA/data/BEnQA/12th-Chemistry-I.csv,1
423,benqa_ext_12th-Chemistry-I_0003,Chemistry-I,12th,D,pass,ai_assisted_review_pass_v1,,literature/code/BEnQA/data/BEnQA/12th-Chemistry-I.csv,3
424,benqa_ext_12th-Chemistry-I_0023,Chemistry-I,12th,D,pass,ai_assisted_review_pass_v1,,literature/code/BEnQA/data/BEnQA/12th-Chemistry-I.csv,23
425,benqa_ext_12th-Chemistry-I_0024,Chemistry-I,12th,A,pass,ai_assisted_review_pass_v1,,literature/code/BEnQA/data/BEnQA/12th-Chemistry-I.csv,24
426,benqa_ext_12th-Chemistry-I_0039,Chemistry-I,12th,B,pass,ai_assisted_review_pass_v1,,literature/code/BEnQA/data/BEnQA/12th-Chemistry-I.csv,39
427,benqa_ext_12th-Chemistry-I_0050,Chemistry-I,12th,A,pass,ai_assisted_review_pass_v1,,literature/code/BEnQA/data/BEnQA/12th-Chemistry-I.csv,50
428,benqa_ext_12th-Chemistry-I_0051,Chemistry-I,12th,A,pass,ai_assisted_review_pass_v1,,literature/code/BEnQA/data/BEnQA/12th-Chemistry-I.csv,51
429,benqa_ext_12th-Chemistry-I_0068,Chemistry-I,12th,D,pass,ai_assisted_review_pass_v1,,literature/code/BEnQA/data/BEnQA/12th-Chemistry-I.csv,68
430,benqa_ext_12th-Chemistry-I_0070,Chemistry-I,12th,A,pass,ai_assisted_review_pass_v1,,literature/code/BEnQA/data/BEnQA/12th-Chemistry-I.csv,70
431,benqa_ext_12th-Chemistry-I_0081,Chemistry-I,12th,C,pass,ai_assisted_review_pass_v1,,literature/code/BEnQA/data/BEnQA/12th-Chemistry-I.csv,81
432,benqa_ext_12th-Chemistry-I_0089,Chemistry-I,12th,A,pass,ai_assisted_review_pass_v1,,literature/code/BEnQA/data/BEnQA/12th-Chemistry-I.csv,89
433,benqa_ext_12th-Chemistry-I_0096,Chemistry-I,12th,D,pass,ai_assisted_review_pass_v1,,literature/code/BEnQA/data/BEnQA/12th-Chemistry-I.csv,96
434,benqa_ext_12th-Chemistry-I_0102,Chemistry-I,12th,D,pass,ai_assisted_review_pass_v1,,literature/code/BEnQA/data/BEnQA/12th-Chemistry-I.csv,102
435,benqa_ext_12th-Chemistry-I_0103,Chemistry-I,12th,B,pass,ai_assisted_review_pass_v1,,literature/code/BEnQA/data/BEnQA/12th-Chemistry-I.csv,103
436,benqa_ext_12th-Chemistry-I_0107,Chemistry-I,12th,B,pass,ai_assisted_review_pass_v1,,literature/code/BEnQA/data/BEnQA/12th-Chemistry-I.csv,107
437,benqa_ext_12th-Chemistry-I_0116,Chemistry-I,12th,B,pass,ai_assisted_review_pass_v1,,literature/code/BEnQA/data/BEnQA/12th-Chemistry-I.csv,116
438,benqa_ext_12th-Chemistry-I_0127,Chemistry-I,12th,C,pass,ai_assisted_review_pass_v1,,literature/code/BEnQA/data/BEnQA/12th-Chemistry-I.csv,127
439,benqa_ext_12th-Chemistry-I_0130,Chemistry-I,12th,A,pass,ai_assisted_review_pass_v1,,literature/code/BEnQA/data/BEnQA/12th-Chemistry-I.csv,130
440,benqa_ext_12th-Chemistry-I_0132,Chemistry-I,12th,A,pass,ai_assisted_review_pass_v1,,literature/code/BEnQA/data/BEnQA/12th-Chemistry-I.csv,132
441,benqa_ext_12th-Chemistry-I_0133,Chemistry-I,12th,B,pass,ai_assisted_review_pass_v1,,literature/code/BEnQA/data/BEnQA/12th-Chemistry-I.csv,133
442,benqa_ext_12th-Chemistry-I_0142,Chemistry-I,12th,D,pass,ai_assisted_review_pass_v1,,literature/code/BEnQA/data/BEnQA/12th-Chemistry-I.csv,142
443,benqa_ext_12th-Chemistry-I_0147,Chemistry-I,12th,B,pass,ai_assisted_review_pass_v1,,literature/code/BEnQA/data/BEnQA/12th-Chemistry-I.csv,147
444,benqa_ext_12th-Chemistry-I_0151,Chemistry-I,12th,C,pass,ai_assisted_review_pass_v1,,literature/code/BEnQA/data/BEnQA/12th-Chemistry-I.csv,151
445,benqa_ext_12th-Chemistry-I_0153,Chemistry-I,12th,C,pass,ai_assisted_review_pass_v1,,literature/code/BEnQA/data/BEnQA/12th-Chemistry-I.csv,153
446,benqa_ext_12th-Chemistry-I_0154,Chemistry-I,12th,A,pass,ai_assisted_review_pass_v1,,literature/code/BEnQA/data/BEnQA/12th-Chemistry-I.csv,154
447,benqa_ext_12th-Chemistry-I_0157,Chemistry-I,12th,C,pass,ai_assisted_review_pass_v1,,literature/code/BEnQA/data/BEnQA/12th-Chemistry-I.csv,157
448,benqa_ext_12th-Chemistry-I_0161,Chemistry-I,12th,B,pass,ai_assisted_review_pass_v1,,literature/code/BEnQA/data/BEnQA/12th-Chemistry-I.csv,161
449,benqa_ext_12th-Chemistry-I_0169,Chemistry-I,12th,B,pass,ai_assisted_review_pass_v1,,literature/code/BEnQA/data/BEnQA/12th-Chemistry-I.csv,169
450,benqa_ext_12th-Chemistry-I_0175,Chemistry-I,12th,A,pass,ai_assisted_review_pass_v1,,literature/code/BEnQA/data/BEnQA/12th-Chemistry-I.csv,175
451,benqa_ext_12th-Chemistry-I_0177,Chemistry-I,12th,A,pass,ai_assisted_review_pass_v1,,literature/code/BEnQA/data/BEnQA/12th-Chemistry-I.csv,177
452,benqa_ext_12th-Chemistry-I_0185,Chemistry-I,12th,D,pass,ai_assisted_review_pass_v1,,literature/code/BEnQA/data/BEnQA/12th-Chemistry-I.csv,185
453,benqa_ext_12th-Chemistry-I_0189,Chemistry-I,12th,C,pass,ai_assisted_review_pass_v1,,literature/code/BEnQA/data/BEnQA/12th-Chemistry-I.csv,189
454,benqa_ext_12th-Chemistry-I_0198,Chemistry-I,12th,D,pass,ai_assisted_review_pass_v1,,literature/code/BEnQA/data/BEnQA/12th-Chemistry-I.csv,198
455,benqa_ext_12th-Chemistry-I_0199,Chemistry-I,12th,B,pass,ai_assisted_review_pass_v1,,literature/code/BEnQA/data/BEnQA/12th-Chemistry-I.csv,199
456,benqa_ext_12th-Chemistry-I_0200,Chemistry-I,12th,C,pass,ai_assisted_review_pass_v1,,literature/code/BEnQA/data/BEnQA/12th-Chemistry-I.csv,200
457,benqa_ext_12th-Chemistry-I_0205,Chemistry-I,12th,A,pass,ai_assisted_review_pass_v1,,literature/code/BEnQA/data/BEnQA/12th-Chemistry-I.csv,205
458,benqa_ext_12th-Chemistry-I_0207,Chemistry-I,12th,B,pass,ai_assisted_review_pass_v1,,literature/code/BEnQA/data/BEnQA/12th-Chemistry-I.csv,207
459,benqa_ext_12th-Chemistry-I_0215,Chemistry-I,12th,C,pass,ai_assisted_review_pass_v1,,literature/code/BEnQA/data/BEnQA/12th-Chemistry-I.csv,215
460,benqa_ext_12th-Chemistry-I_0220,Chemistry-I,12th,B,pass,ai_assisted_review_pass_v1,,literature/code/BEnQA/data/BEnQA/12th-Chemistry-I.csv,220
461,benqa_ext_12th-Chemistry-I_0222,Chemistry-I,12th,A,pass,ai_assisted_review_pass_v1,,literature/code/BEnQA/data/BEnQA/12th-Chemistry-I.csv,222
462,benqa_ext_12th-Chemistry-I_0226,Chemistry-I,12th,C,pass,ai_assisted_review_pass_v1,,literature/code/BEnQA/data/BEnQA/12th-Chemistry-I.csv,226
463,benqa_ext_12th-Chemistry-I_0229,Chemistry-I,12th,A,pass,ai_assisted_review_pass_v1,,literature/code/BEnQA/data/BEnQA/12th-Chemistry-I.csv,229
464,benqa_ext_12th-Chemistry-I_0231,Chemistry-I,12th,C,pass,ai_assisted_review_pass_v1,,literature/code/BEnQA/data/BEnQA/12th-Chemistry-I.csv,231
465,benqa_ext_12th-Chemistry-I_0237,Chemistry-I,12th,A,pass,ai_assisted_review_pass_v1,,literature/code/BEnQA/data/BEnQA/12th-Chemistry-I.csv,237
466,benqa_ext_12th-Chemistry-I_0250,Chemistry-I,12th,A,pass,ai_assisted_review_pass_v1,,literature/code/BEnQA/data/BEnQA/12th-Chemistry-I.csv,250
467,benqa_ext_12th-Chemistry-I_0252,Chemistry-I,12th,C,pass,ai_assisted_review_pass_v1,,literature/code/BEnQA/data/BEnQA/12th-Chemistry-I.csv,252
468,benqa_ext_12th-Chemistry-I_0258,Chemistry-I,12th,B,pass,ai_assisted_review_pass_v1,,literature/code/BEnQA/data/BEnQA/12th-Chemistry-I.csv,258
469,benqa_ext_12th-Chemistry-I_0262,Chemistry-I,12th,C,pass,ai_assisted_review_pass_v1,,literature/code/BEnQA/data/BEnQA/12th-Chemistry-I.csv,262
470,benqa_ext_12th-Chemistry-I_0264,Chemistry-I,12th,C,pass,ai_assisted_review_pass_v1,,literature/code/BEnQA/data/BEnQA/12th-Chemistry-I.csv,264
471,benqa_ext_12th-Chemistry-I_0274,Chemistry-I,12th,A,pass,ai_assisted_review_pass_v1,,literature/code/BEnQA/data/BEnQA/12th-Chemistry-I.csv,274
472,benqa_ext_12th-Chemistry-I_0280,Chemistry-I,12th,A,pass,ai_assisted_review_pass_v1,,literature/code/BEnQA/data/BEnQA/12th-Chemistry-I.csv,280
473,benqa_ext_12th-Chemistry-I_0285,Chemistry-I,12th,D,pass,ai_assisted_review_pass_v1,,literature/code/BEnQA/data/BEnQA/12th-Chemistry-I.csv,285
474,benqa_ext_12th-Chemistry-I_0287,Chemistry-I,12th,C,pass,ai_assisted_review_pass_v1,,literature/code/BEnQA/data/BEnQA/12th-Chemistry-I.csv,287
475,benqa_ext_12th-Chemistry-I_0299,Chemistry-I,12th,A,pass,ai_assisted_review_pass_v1,,literature/code/BEnQA/data/BEnQA/12th-Chemistry-I.csv,299
476,benqa_ext_12th-Chemistry-I_0300,Chemistry-I,12th,C,pass,ai_assisted_review_pass_v1,,literature/code/BEnQA/data/BEnQA/12th-Chemistry-I.csv,300
477,benqa_ext_12th-Chemistry-I_0320,Chemistry-I,12th,C,pass,ai_assisted_review_pass_v1,,literature/code/BEnQA/data/BEnQA/12th-Chemistry-I.csv,320
478,benqa_ext_12th-Chemistry-I_0325,Chemistry-I,12th,C,pass,ai_assisted_review_pass_v1,,literature/code/BEnQA/data/BEnQA/12th-Chemistry-I.csv,325
479,benqa_ext_12th-Chemistry-I_0330,Chemistry-I,12th,B,pass,ai_assisted_review_pass_v1,,literature/code/BEnQA/data/BEnQA/12th-Chemistry-I.csv,330
480,benqa_ext_12th-Chemistry-I_0335,Chemistry-I,12th,D,pass,ai_assisted_review_pass_v1,,literature/code/BEnQA/data/BEnQA/12th-Chemistry-I.csv,335
481,benqa_ext_12th-Chemistry-I_0336,Chemistry-I,12th,D,pass,ai_assisted_review_pass_v1,,literature/code/BEnQA/data/BEnQA/12th-Chemistry-I.csv,336
482,benqa_ext_12th-Chemistry-I_0337,Chemistry-I,12th,C,pass,ai_assisted_review_pass_v1,,literature/code/BEnQA/data/BEnQA/12th-Chemistry-I.csv,337
483,benqa_ext_12th-Chemistry-I_0338,Chemistry-I,12th,A,pass,ai_assisted_review_pass_v1,,literature/code/BEnQA/data/BEnQA/12th-Chemistry-I.csv,338
484,benqa_ext_12th-Chemistry-I_0345,Chemistry-I,12th,A,pass,ai_assisted_review_pass_v1,,literature/code/BEnQA/data/BEnQA/12th-Chemistry-I.csv,345
485,benqa_ext_12th-Chemistry-I_0347,Chemistry-I,12th,D,pass,ai_assisted_review_pass_v1,,literature/code/BEnQA/data/BEnQA/12th-Chemistry-I.csv,347
486,benqa_ext_12th-Chemistry-I_0351,Chemistry-I,12th,A,pass,ai_assisted_review_pass_v1,,literature/code/BEnQA/data/BEnQA/12th-Chemistry-I.csv,351
487,benqa_ext_12th-Chemistry-I_0357,Chemistry-I,12th,B,pass,ai_assisted_review_pass_v1,,literature/code/BEnQA/data/BEnQA/12th-Chemistry-I.csv,357
488,benqa_ext_12th-Chemistry-I_0359,Chemistry-I,12th,C,pass,ai_assisted_review_pass_v1,,literature/code/BEnQA/data/BEnQA/12th-Chemistry-I.csv,359
489,benqa_ext_12th-Chemistry-I_0366,Chemistry-I,12th,C,pass,ai_assisted_review_pass_v1,,literature/code/BEnQA/data/BEnQA/12th-Chemistry-I.csv,366
490,benqa_ext_12th-Chemistry-I_0367,Chemistry-I,12th,D,pass,ai_assisted_review_pass_v1,,literature/code/BEnQA/data/BEnQA/12th-Chemistry-I.csv,367
491,benqa_ext_12th-Chemistry-II_0004,Chemistry-II,12th,A,pass,ai_assisted_review_pass_v1,,literature/code/BEnQA/data/BEnQA/12th-Chemistry-II.csv,4
492,benqa_ext_12th-Chemistry-II_0009,Chemistry-II,12th,B,pass,ai_assisted_review_pass_v1,,literature/code/BEnQA/data/BEnQA/12th-Chemistry-II.csv,9
493,benqa_ext_12th-Chemistry-II_0018,Chemistry-II,12th,A,pass,ai_assisted_review_pass_v1,,literature/code/BEnQA/data/BEnQA/12th-Chemistry-II.csv,18
494,benqa_ext_12th-Chemistry-II_0021,Chemistry-II,12th,B,pass,ai_assisted_review_pass_v1,,literature/code/BEnQA/data/BEnQA/12th-Chemistry-II.csv,21
495,benqa_ext_12th-Chemistry-II_0026,Chemistry-II,12th,D,pass,ai_assisted_review_pass_v1,,literature/code/BEnQA/data/BEnQA/12th-Chemistry-II.csv,26
496,benqa_ext_12th-Chemistry-II_0027,Chemistry-II,12th,C,pass,ai_assisted_review_pass_v1,,literature/code/BEnQA/data/BEnQA/12th-Chemistry-II.csv,27
497,benqa_ext_12th-Chemistry-II_0034,Chemistry-II,12th,A,pass,ai_assisted_review_pass_v1,,literature/code/BEnQA/data/BEnQA/12th-Chemistry-II.csv,34
498,benqa_ext_12th-Chemistry-II_0038,Chemistry-II,12th,C,pass,ai_assisted_review_pass_v1,,literature/code/BEnQA/data/BEnQA/12th-Chemistry-II.csv,38
499,benqa_ext_12th-Chemistry-II_0039,Chemistry-II,12th,A,pass,ai_assisted_review_pass_v1,,literature/code/BEnQA/data/BEnQA/12th-Chemistry-II.csv,39
500,benqa_ext_12th-Chemistry-II_0047,Chemistry-II,12th,C,pass,ai_assisted_review_pass_v1,,literature/code/BEnQA/data/BEnQA/12th-Chemistry-II.csv,47
501,benqa_ext_12th-Chemistry-II_0048,Chemistry-II,12th,C,pass,ai_assisted_review_pass_v1,,literature/code/BEnQA/data/BEnQA/12th-Chemistry-II.csv,48
502,benqa_ext_12th-Chemistry-II_0053,Chemistry-II,12th,D,pass,ai_assisted_review_pass_v1,,literature/code/BEnQA/data/BEnQA/12th-Chemistry-II.csv,53
503,benqa_ext_12th-Chemistry-II_0057,Chemistry-II,12th,D,pass,ai_assisted_review_pass_v1,,literature/code/BEnQA/data/BEnQA/12th-Chemistry-II.csv,57
504,benqa_ext_12th-Chemistry-II_0060,Chemistry-II,12th,C,pass,ai_assisted_review_pass_v1,,literature/code/BEnQA/data/BEnQA/12th-Chemistry-II.csv,60
505,benqa_ext_12th-Chemistry-II_0077,Chemistry-II,12th,A,pass,ai_assisted_review_pass_v1,,literature/code/BEnQA/data/BEnQA/12th-Chemistry-II.csv,77
506,benqa_ext_12th-Chemistry-II_0094,Chemistry-II,12th,D,pass,ai_assisted_review_pass_v1,,literature/code/BEnQA/data/BEnQA/12th-Chemistry-II.csv,94
507,benqa_ext_12th-Chemistry-II_0100,Chemistry-II,12th,C,pass,ai_assisted_review_pass_v1,,literature/code/BEnQA/data/BEnQA/12th-Chemistry-II.csv,100
508,benqa_ext_12th-Chemistry-II_0109,Chemistry-II,12th,D,pass,ai_assisted_review_pass_v1,,literature/code/BEnQA/data/BEnQA/12th-Chemistry-II.csv,109
509,benqa_ext_12th-Chemistry-II_0110,Chemistry-II,12th,C,pass,ai_assisted_review_pass_v1,,literature/code/BEnQA/data/BEnQA/12th-Chemistry-II.csv,110
510,benqa_ext_12th-Chemistry-II_0118,Chemistry-II,12th,A,pass,ai_assisted_review_pass_v1,,literature/code/BEnQA/data/BEnQA/12th-Chemistry-II.csv,118
511,benqa_ext_12th-Chemistry-II_0121,Chemistry-II,12th,A,pass,ai_assisted_review_pass_v1,,literature/code/BEnQA/data/BEnQA/12th-Chemistry-II.csv,121
512,benqa_ext_12th-Chemistry-II_0130,Chemistry-II,12th,D,pass,ai_assisted_review_pass_v1,,literature/code/BEnQA/data/BEnQA/12th-Chemistry-II.csv,130
513,benqa_ext_12th-Chemistry-II_0135,Chemistry-II,12th,D,pass,ai_assisted_review_pass_v1,,literature/code/BEnQA/data/BEnQA/12th-Chemistry-II.csv,135
514,benqa_ext_12th-Chemistry-II_0144,Chemistry-II,12th,C,pass,ai_assisted_review_pass_v1,,literature/code/BEnQA/data/BEnQA/12th-Chemistry-II.csv,144
515,benqa_ext_12th-Chemistry-II_0145,Chemistry-II,12th,D,pass,ai_assisted_review_pass_v1,,literature/code/BEnQA/data/BEnQA/12th-Chemistry-II.csv,145
516,benqa_ext_12th-Chemistry-II_0157,Chemistry-II,12th,A,pass,ai_assisted_review_pass_v1,,literature/code/BEnQA/data/BEnQA/12th-Chemistry-II.csv,157
517,benqa_ext_12th-Chemistry-II_0160,Chemistry-II,12th,D,pass,ai_assisted_review_pass_v1,,literature/code/BEnQA/data/BEnQA/12th-Chemistry-II.csv,160
518,benqa_ext_12th-Chemistry-II_0161,Chemistry-II,12th,C,pass,ai_assisted_review_pass_v1,,literature/code/BEnQA/data/BEnQA/12th-Chemistry-II.csv,161
519,benqa_ext_12th-Chemistry-II_0164,Chemistry-II,12th,D,pass,ai_assisted_review_pass_v1,,literature/code/BEnQA/data/BEnQA/12th-Chemistry-II.csv,164
520,benqa_ext_12th-Chemistry-II_0167,Chemistry-II,12th,B,pass,ai_assisted_review_pass_v1,,literature/code/BEnQA/data/BEnQA/12th-Chemistry-II.csv,167
521,benqa_ext_12th-Chemistry-II_0173,Chemistry-II,12th,A,pass,ai_assisted_review_pass_v1,,literature/code/BEnQA/data/BEnQA/12th-Chemistry-II.csv,173
522,benqa_ext_12th-Chemistry-II_0179,Chemistry-II,12th,D,pass,ai_assisted_review_pass_v1,,literature/code/BEnQA/data/BEnQA/12th-Chemistry-II.csv,179
523,benqa_ext_12th-Chemistry-II_0191,Chemistry-II,12th,D,pass,ai_assisted_review_pass_v1,,literature/code/BEnQA/data/BEnQA/12th-Chemistry-II.csv,191
524,benqa_ext_12th-Chemistry-II_0206,Chemistry-II,12th,C,pass,ai_assisted_review_pass_v1,,literature/code/BEnQA/data/BEnQA/12th-Chemistry-II.csv,206
525,benqa_ext_12th-Chemistry-II_0213,Chemistry-II,12th,B,pass,ai_assisted_review_pass_v1,,literature/code/BEnQA/data/BEnQA/12th-Chemistry-II.csv,213
526,benqa_ext_12th-Chemistry-II_0215,Chemistry-II,12th,A,pass,ai_assisted_review_pass_v1,,literature/code/BEnQA/data/BEnQA/12th-Chemistry-II.csv,215
527,benqa_ext_12th-Chemistry-II_0224,Chemistry-II,12th,C,pass,ai_assisted_review_pass_v1,,literature/code/BEnQA/data/BEnQA/12th-Chemistry-II.csv,224
528,benqa_ext_12th-Chemistry-II_0234,Chemistry-II,12th,A,pass,ai_assisted_review_pass_v1,,literature/code/BEnQA/data/BEnQA/12th-Chemistry-II.csv,234
529,benqa_ext_12th-Chemistry-II_0239,Chemistry-II,12th,D,pass,ai_assisted_review_pass_v1,,literature/code/BEnQA/data/BEnQA/12th-Chemistry-II.csv,239
530,benqa_ext_12th-Chemistry-II_0246,Chemistry-II,12th,D,pass,ai_assisted_review_pass_v1,,literature/code/BEnQA/data/BEnQA/12th-Chemistry-II.csv,246
531,benqa_ext_12th-Chemistry-II_0248,Chemistry-II,12th,A,pass,ai_assisted_review_pass_v1,,literature/code/BEnQA/data/BEnQA/12th-Chemistry-II.csv,248
532,benqa_ext_12th-Chemistry-II_0259,Chemistry-II,12th,D,pass,ai_assisted_review_pass_v1,,literature/code/BEnQA/data/BEnQA/12th-Chemistry-II.csv,259
533,benqa_ext_12th-Chemistry-II_0262,Chemistry-II,12th,D,pass,ai_assisted_review_pass_v1,,literature/code/BEnQA/data/BEnQA/12th-Chemistry-II.csv,262
534,benqa_ext_12th-Chemistry-II_0268,Chemistry-II,12th,B,pass,ai_assisted_review_pass_v1,,literature/code/BEnQA/data/BEnQA/12th-Chemistry-II.csv,268
535,benqa_ext_12th-Chemistry-II_0271,Chemistry-II,12th,A,pass,ai_assisted_review_pass_v1,,literature/code/BEnQA/data/BEnQA/12th-Chemistry-II.csv,271
536,benqa_ext_12th-Chemistry-II_0283,Chemistry-II,12th,A,pass,ai_assisted_review_pass_v1,,literature/code/BEnQA/data/BEnQA/12th-Chemistry-II.csv,283
537,benqa_ext_12th-Chemistry-II_0284,Chemistry-II,12th,B,pass,ai_assisted_review_pass_v1,,literature/code/BEnQA/data/BEnQA/12th-Chemistry-II.csv,284
538,benqa_ext_12th-Chemistry-II_0308,Chemistry-II,12th,D,pass,ai_assisted_review_pass_v1,,literature/code/BEnQA/data/BEnQA/12th-Chemistry-II.csv,308
539,benqa_ext_12th-Chemistry-II_0330,Chemistry-II,12th,A,pass,ai_assisted_review_pass_v1,,literature/code/BEnQA/data/BEnQA/12th-Chemistry-II.csv,330
540,benqa_ext_12th-Chemistry-II_0339,Chemistry-II,12th,C,pass,ai_assisted_review_pass_v1,,literature/code/BEnQA/data/BEnQA/12th-Chemistry-II.csv,339
541,benqa_ext_12th-Chemistry-II_0341,Chemistry-II,12th,D,pass,ai_assisted_review_pass_v1,,literature/code/BEnQA/data/BEnQA/12th-Chemistry-II.csv,341
542,benqa_ext_12th-Chemistry-II_0355,Chemistry-II,12th,D,pass,ai_assisted_review_pass_v1,,literature/code/BEnQA/data/BEnQA/12th-Chemistry-II.csv,355
543,benqa_ext_12th-Chemistry-II_0366,Chemistry-II,12th,D,pass,ai_assisted_review_pass_v1,,literature/code/BEnQA/data/BEnQA/12th-Chemistry-II.csv,366
544,benqa_ext_12th-Chemistry-II_0367,Chemistry-II,12th,B,pass,ai_assisted_review_pass_v1,,literature/code/BEnQA/data/BEnQA/12th-Chemistry-II.csv,367
545,benqa_ext_12th-Chemistry-II_0371,Chemistry-II,12th,A,pass,ai_assisted_review_pass_v1,,literature/code/BEnQA/data/BEnQA/12th-Chemistry-II.csv,371
546,benqa_ext_12th-Chemistry-II_0377,Chemistry-II,12th,B,pass,ai_assisted_review_pass_v1,,literature/code/BEnQA/data/BEnQA/12th-Chemistry-II.csv,377
547,benqa_ext_12th-Chemistry-II_0385,Chemistry-II,12th,C,pass,ai_assisted_review_pass_v1,,literature/code/BEnQA/data/BEnQA/12th-Chemistry-II.csv,385
548,benqa_ext_12th-Chemistry-II_0389,Chemistry-II,12th,B,pass,ai_assisted_review_pass_v1,,literature/code/BEnQA/data/BEnQA/12th-Chemistry-II.csv,389
549,benqa_ext_10th-Math_0005,Math,10th,A,pass,ai_assisted_review_pass_v1,,literature/code/BEnQA/data/BEnQA/10th-Math.csv,5
550,benqa_ext_10th-Math_0012,Math,10th,C,pass,ai_assisted_review_pass_v1,,literature/code/BEnQA/data/BEnQA/10th-Math.csv,12
551,benqa_ext_10th-Math_0015,Math,10th,B,pass,ai_assisted_review_pass_v1,,literature/code/BEnQA/data/BEnQA/10th-Math.csv,15
552,benqa_ext_10th-Math_0019,Math,10th,C,pass,ai_assisted_review_pass_v1,,literature/code/BEnQA/data/BEnQA/10th-Math.csv,19
553,benqa_ext_10th-Math_0027,Math,10th,A,pass,ai_assisted_review_pass_v1,,literature/code/BEnQA/data/BEnQA/10th-Math.csv,27
554,benqa_ext_10th-Math_0028,Math,10th,A,pass,ai_assisted_review_pass_v1,,literature/code/BEnQA/data/BEnQA/10th-Math.csv,28
555,benqa_ext_10th-Math_0036,Math,10th,D,pass,ai_assisted_review_pass_v1,,literature/code/BEnQA/data/BEnQA/10th-Math.csv,36
556,benqa_ext_10th-Math_0050,Math,10th,D,pass,ai_assisted_review_pass_v1,,literature/code/BEnQA/data/BEnQA/10th-Math.csv,50
557,benqa_ext_10th-Math_0067,Math,10th,D,pass,ai_assisted_review_pass_v1,,literature/code/BEnQA/data/BEnQA/10th-Math.csv,67
558,benqa_ext_10th-Math_0084,Math,10th,C,pass,ai_assisted_review_pass_v1,,literature/code/BEnQA/data/BEnQA/10th-Math.csv,84
559,benqa_ext_10th-Math_0085,Math,10th,B,pass,ai_assisted_review_pass_v1,,literature/code/BEnQA/data/BEnQA/10th-Math.csv,85
560,benqa_ext_10th-Math_0089,Math,10th,A,pass,ai_assisted_review_pass_v1,,literature/code/BEnQA/data/BEnQA/10th-Math.csv,89
561,benqa_ext_10th-Math_0098,Math,10th,C,pass,ai_assisted_review_pass_v1,,literature/code/BEnQA/data/BEnQA/10th-Math.csv,98
562,benqa_ext_10th-Math_0105,Math,10th,B,pass,ai_assisted_review_pass_v1,,literature/code/BEnQA/data/BEnQA/10th-Math.csv,105
563,benqa_ext_10th-Math_0107,Math,10th,B,pass,ai_assisted_review_pass_v1,,literature/code/BEnQA/data/BEnQA/10th-Math.csv,107
564,benqa_ext_10th-Math_0115,Math,10th,C,pass,ai_assisted_review_pass_v1,,literature/code/BEnQA/data/BEnQA/10th-Math.csv,115
565,benqa_ext_10th-Math_0125,Math,10th,A,pass,ai_assisted_review_pass_v1,,literature/code/BEnQA/data/BEnQA/10th-Math.csv,125
566,benqa_ext_10th-Math_0140,Math,10th,B,pass,ai_assisted_review_pass_v1,,literature/code/BEnQA/data/BEnQA/10th-Math.csv,140
567,benqa_ext_10th-Math_0150,Math,10th,D,pass,ai_assisted_review_pass_v1,,literature/code/BEnQA/data/BEnQA/10th-Math.csv,150
568,benqa_ext_10th-Math_0158,Math,10th,D,pass,ai_assisted_review_pass_v1,,literature/code/BEnQA/data/BEnQA/10th-Math.csv,158
569,benqa_ext_10th-Math_0159,Math,10th,B,pass,ai_assisted_review_pass_v1,,literature/code/BEnQA/data/BEnQA/10th-Math.csv,159
570,benqa_ext_10th-Math_0163,Math,10th,C,pass,ai_assisted_review_pass_v1,,literature/code/BEnQA/data/BEnQA/10th-Math.csv,163
571,benqa_ext_10th-Math_0174,Math,10th,D,pass,ai_assisted_review_pass_v1,,literature/code/BEnQA/data/BEnQA/10th-Math.csv,174
572,benqa_ext_10th-Math_0197,Math,10th,B,pass,ai_assisted_review_pass_v1,,literature/code/BEnQA/data/BEnQA/10th-Math.csv,197
573,benqa_ext_10th-Math_0199,Math,10th,C,pass,ai_assisted_review_pass_v1,,literature/code/BEnQA/data/BEnQA/10th-Math.csv,199
574,benqa_ext_10th-Math_0207,Math,10th,A,pass,ai_assisted_review_pass_v1,,literature/code/BEnQA/data/BEnQA/10th-Math.csv,207
575,benqa_ext_10th-Math_0215,Math,10th,C,pass,ai_assisted_review_pass_v1,,literature/code/BEnQA/data/BEnQA/10th-Math.csv,215
576,benqa_ext_10th-Math_0227,Math,10th,C,pass,ai_assisted_review_pass_v1,,literature/code/BEnQA/data/BEnQA/10th-Math.csv,227
577,benqa_ext_10th-Math_0231,Math,10th,A,pass,ai_assisted_review_pass_v1,,literature/code/BEnQA/data/BEnQA/10th-Math.csv,231
578,benqa_ext_10th-Math_0258,Math,10th,A,pass,ai_assisted_review_pass_v1,,literature/code/BEnQA/data/BEnQA/10th-Math.csv,258
579,benqa_ext_10th-Math_0298,Math,10th,B,pass,ai_assisted_review_pass_v1,,literature/code/BEnQA/data/BEnQA/10th-Math.csv,298
580,benqa_ext_10th-Math_0301,Math,10th,A,pass,ai_assisted_review_pass_v1,,literature/code/BEnQA/data/BEnQA/10th-Math.csv,301
581,benqa_ext_10th-Math_0322,Math,10th,B,pass,ai_assisted_review_pass_v1,,literature/code/BEnQA/data/BEnQA/10th-Math.csv,322
582,benqa_ext_10th-Math_0325,Math,10th,D,pass,ai_assisted_review_pass_v1,,literature/code/BEnQA/data/BEnQA/10th-Math.csv,325
583,benqa_ext_10th-Math_0339,Math,10th,B,pass,ai_assisted_review_pass_v1,,literature/code/BEnQA/data/BEnQA/10th-Math.csv,339
584,benqa_ext_10th-Math_0347,Math,10th,D,pass,ai_assisted_review_pass_v1,,literature/code/BEnQA/data/BEnQA/10th-Math.csv,347
585,benqa_ext_10th-Math_0352,Math,10th,D,pass,ai_assisted_review_pass_v1,,literature/code/BEnQA/data/BEnQA/10th-Math.csv,352
586,benqa_ext_10th-Math_0355,Math,10th,C,pass,ai_assisted_review_pass_v1,,literature/code/BEnQA/data/BEnQA/10th-Math.csv,355
587,benqa_ext_10th-Math_0362,Math,10th,D,pass,ai_assisted_review_pass_v1,,literature/code/BEnQA/data/BEnQA/10th-Math.csv,362
588,benqa_ext_8th-Math_0003,Math,8th,C,pass,ai_assisted_review_pass_v1,,literature/code/BEnQA/data/BEnQA/8th-Math.csv,3
589,benqa_ext_8th-Math_0014,Math,8th,D,pass,ai_assisted_review_pass_v1,,literature/code/BEnQA/data/BEnQA/8th-Math.csv,14
590,benqa_ext_8th-Math_0016,Math,8th,D,pass,ai_assisted_review_pass_v1,,literature/code/BEnQA/data/BEnQA/8th-Math.csv,16
591,benqa_ext_8th-Math_0018,Math,8th,B,pass,ai_assisted_review_pass_v1,,literature/code/BEnQA/data/BEnQA/8th-Math.csv,18
592,benqa_ext_8th-Math_0036,Math,8th,A,pass,ai_assisted_review_pass_v1,,literature/code/BEnQA/data/BEnQA/8th-Math.csv,36
593,benqa_ext_8th-Math_0061,Math,8th,A,pass,ai_assisted_review_pass_v1,,literature/code/BEnQA/data/BEnQA/8th-Math.csv,61
594,benqa_ext_8th-Math_0103,Math,8th,A,pass,ai_assisted_review_pass_v1,,literature/code/BEnQA/data/BEnQA/8th-Math.csv,103
595,benqa_ext_8th-Math_0108,Math,8th,C,pass,ai_assisted_review_pass_v1,,literature/code/BEnQA/data/BEnQA/8th-Math.csv,108
596,benqa_ext_8th-Math_0111,Math,8th,A,pass,ai_assisted_review_pass_v1,,literature/code/BEnQA/data/BEnQA/8th-Math.csv,111
597,benqa_ext_8th-Math_0120,Math,8th,D,pass,ai_assisted_review_pass_v1,,literature/code/BEnQA/data/BEnQA/8th-Math.csv,120
598,benqa_ext_8th-Math_0142,Math,8th,D,pass,ai_assisted_review_pass_v1,,literature/code/BEnQA/data/BEnQA/8th-Math.csv,142
599,benqa_ext_8th-Math_0143,Math,8th,C,pass,ai_assisted_review_pass_v1,,literature/code/BEnQA/data/BEnQA/8th-Math.csv,143
600,benqa_ext_8th-Math_0148,Math,8th,C,pass,ai_assisted_review_pass_v1,,literature/code/BEnQA/data/BEnQA/8th-Math.csv,148
601,benqa_ext_8th-Math_0156,Math,8th,C,pass,ai_assisted_review_pass_v1,,literature/code/BEnQA/data/BEnQA/8th-Math.csv,156
602,benqa_ext_8th-Math_0157,Math,8th,A,pass,ai_assisted_review_pass_v1,,literature/code/BEnQA/data/BEnQA/8th-Math.csv,157
603,benqa_ext_8th-Math_0181,Math,8th,D,pass,ai_assisted_review_pass_v1,,literature/code/BEnQA/data/BEnQA/8th-Math.csv,181
604,benqa_ext_8th-Math_0195,Math,8th,A,pass,ai_assisted_review_pass_v1,,literature/code/BEnQA/data/BEnQA/8th-Math.csv,195
605,benqa_ext_8th-Math_0202,Math,8th,C,pass,ai_assisted_review_pass_v1,,literature/code/BEnQA/data/BEnQA/8th-Math.csv,202
606,benqa_ext_12th-Math-I_0009,Math-I,12th,A,pass,ai_assisted_review_pass_v1,,literature/code/BEnQA/data/BEnQA/12th-Math-I.csv,9
607,benqa_ext_12th-Math-I_0011,Math-I,12th,C,pass,ai_assisted_review_pass_v1,,literature/code/BEnQA/data/BEnQA/12th-Math-I.csv,11
608,benqa_ext_12th-Math-I_0014,Math-I,12th,B,pass,ai_assisted_review_pass_v1,,literature/code/BEnQA/data/BEnQA/12th-Math-I.csv,14
609,benqa_ext_12th-Math-I_0018,Math-I,12th,B,pass,ai_assisted_review_pass_v1,,literature/code/BEnQA/data/BEnQA/12th-Math-I.csv,18
610,benqa_ext_12th-Math-I_0022,Math-I,12th,D,pass,ai_assisted_review_pass_v1,,literature/code/BEnQA/data/BEnQA/12th-Math-I.csv,22
611,benqa_ext_12th-Math-I_0024,Math-I,12th,C,pass,ai_assisted_review_pass_v1,,literature/code/BEnQA/data/BEnQA/12th-Math-I.csv,24
612,benqa_ext_12th-Math-I_0030,Math-I,12th,A,pass,ai_assisted_review_pass_v1,,literature/code/BEnQA/data/BEnQA/12th-Math-I.csv,30
613,benqa_ext_12th-Math-I_0037,Math-I,12th,D,pass,ai_assisted_review_pass_v1,,literature/code/BEnQA/data/BEnQA/12th-Math-I.csv,37
614,benqa_ext_12th-Math-I_0044,Math-I,12th,B,pass,ai_assisted_review_pass_v1,,literature/code/BEnQA/data/BEnQA/12th-Math-I.csv,44
615,benqa_ext_12th-Math-I_0052,Math-I,12th,D,pass,ai_assisted_review_pass_v1,,literature/code/BEnQA/data/BEnQA/12th-Math-I.csv,52
616,benqa_ext_12th-Math-I_0054,Math-I,12th,C,pass,ai_assisted_review_pass_v1,,literature/code/BEnQA/data/BEnQA/12th-Math-I.csv,54
617,benqa_ext_12th-Math-I_0059,Math-I,12th,D,pass,ai_assisted_review_pass_v1,,literature/code/BEnQA/data/BEnQA/12th-Math-I.csv,59
618,benqa_ext_12th-Math-I_0065,Math-I,12th,B,pass,ai_assisted_review_pass_v1,,literature/code/BEnQA/data/BEnQA/12th-Math-I.csv,65
619,benqa_ext_12th-Math-I_0084,Math-I,12th,C,pass,ai_assisted_review_pass_v1,,literature/code/BEnQA/data/BEnQA/12th-Math-I.csv,84
620,benqa_ext_12th-Math-I_0090,Math-I,12th,A,pass,ai_assisted_review_pass_v1,,literature/code/BEnQA/data/BEnQA/12th-Math-I.csv,90
621,benqa_ext_12th-Math-I_0095,Math-I,12th,B,pass,ai_assisted_review_pass_v1,,literature/code/BEnQA/data/BEnQA/12th-Math-I.csv,95
622,benqa_ext_12th-Math-I_0106,Math-I,12th,C,pass,ai_assisted_review_pass_v1,,literature/code/BEnQA/data/BEnQA/12th-Math-I.csv,106
623,benqa_ext_12th-Math-I_0107,Math-I,12th,A,pass,ai_assisted_review_pass_v1,,literature/code/BEnQA/data/BEnQA/12th-Math-I.csv,107
624,benqa_ext_12th-Math-I_0108,Math-I,12th,B,pass,ai_assisted_review_pass_v1,,literature/code/BEnQA/data/BEnQA/12th-Math-I.csv,108
625,benqa_ext_12th-Math-I_0115,Math-I,12th,A,pass,ai_assisted_review_pass_v1,,literature/code/BEnQA/data/BEnQA/12th-Math-I.csv,115
626,benqa_ext_12th-Math-I_0121,Math-I,12th,A,pass,ai_assisted_review_pass_v1,,literature/code/BEnQA/data/BEnQA/12th-Math-I.csv,121
627,benqa_ext_12th-Math-I_0127,Math-I,12th,A,pass,ai_assisted_review_pass_v1,,literature/code/BEnQA/data/BEnQA/12th-Math-I.csv,127
628,benqa_ext_12th-Math-I_0131,Math-I,12th,C,pass,ai_assisted_review_pass_v1,,literature/code/BEnQA/data/BEnQA/12th-Math-I.csv,131
629,benqa_ext_12th-Math-I_0135,Math-I,12th,A,pass,ai_assisted_review_pass_v1,,literature/code/BEnQA/data/BEnQA/12th-Math-I.csv,135
630,benqa_ext_12th-Math-I_0141,Math-I,12th,C,pass,ai_assisted_review_pass_v1,,literature/code/BEnQA/data/BEnQA/12th-Math-I.csv,141
631,benqa_ext_12th-Math-I_0143,Math-I,12th,C,pass,ai_assisted_review_pass_v1,,literature/code/BEnQA/data/BEnQA/12th-Math-I.csv,143
632,benqa_ext_12th-Math-I_0160,Math-I,12th,A,pass,ai_assisted_review_pass_v1,,literature/code/BEnQA/data/BEnQA/12th-Math-I.csv,160
633,benqa_ext_12th-Math-I_0167,Math-I,12th,C,pass,ai_assisted_review_pass_v1,,literature/code/BEnQA/data/BEnQA/12th-Math-I.csv,167
634,benqa_ext_12th-Math-I_0169,Math-I,12th,A,pass,ai_assisted_review_pass_v1,,literature/code/BEnQA/data/BEnQA/12th-Math-I.csv,169
635,benqa_ext_12th-Math-I_0170,Math-I,12th,D,pass,ai_assisted_review_pass_v1,,literature/code/BEnQA/data/BEnQA/12th-Math-I.csv,170
636,benqa_ext_12th-Math-I_0176,Math-I,12th,B,pass,ai_assisted_review_pass_v1,,literature/code/BEnQA/data/BEnQA/12th-Math-I.csv,176
637,benqa_ext_12th-Math-I_0178,Math-I,12th,A,pass,ai_assisted_review_pass_v1,,literature/code/BEnQA/data/BEnQA/12th-Math-I.csv,178
638,benqa_ext_12th-Math-I_0180,Math-I,12th,C,pass,ai_assisted_review_pass_v1,,literature/code/BEnQA/data/BEnQA/12th-Math-I.csv,180
639,benqa_ext_12th-Math-I_0189,Math-I,12th,C,pass,ai_assisted_review_pass_v1,,literature/code/BEnQA/data/BEnQA/12th-Math-I.csv,189
640,benqa_ext_12th-Math-I_0192,Math-I,12th,D,pass,ai_assisted_review_pass_v1,,literature/code/BEnQA/data/BEnQA/12th-Math-I.csv,192
641,benqa_ext_12th-Math-I_0197,Math-I,12th,D,pass,ai_assisted_review_pass_v1,,literature/code/BEnQA/data/BEnQA/12th-Math-I.csv,197
642,benqa_ext_12th-Math-I_0200,Math-I,12th,A,pass,ai_assisted_review_pass_v1,,literature/code/BEnQA/data/BEnQA/12th-Math-I.csv,200
643,benqa_ext_12th-Math-I_0204,Math-I,12th,C,pass,ai_assisted_review_pass_v1,,literature/code/BEnQA/data/BEnQA/12th-Math-I.csv,204
644,benqa_ext_12th-Math-I_0214,Math-I,12th,B,pass,ai_assisted_review_pass_v1,,literature/code/BEnQA/data/BEnQA/12th-Math-I.csv,214
645,benqa_ext_12th-Math-I_0216,Math-I,12th,D,pass,ai_assisted_review_pass_v1,,literature/code/BEnQA/data/BEnQA/12th-Math-I.csv,216
646,benqa_ext_12th-Math-I_0221,Math-I,12th,A,pass,ai_assisted_review_pass_v1,,literature/code/BEnQA/data/BEnQA/12th-Math-I.csv,221
647,benqa_ext_12th-Math-I_0223,Math-I,12th,D,pass,ai_assisted_review_pass_v1,,literature/code/BEnQA/data/BEnQA/12th-Math-I.csv,223
648,benqa_ext_12th-Math-I_0228,Math-I,12th,B,pass,ai_assisted_review_pass_v1,,literature/code/BEnQA/data/BEnQA/12th-Math-I.csv,228
649,benqa_ext_12th-Math-I_0230,Math-I,12th,B,pass,ai_assisted_review_pass_v1,,literature/code/BEnQA/data/BEnQA/12th-Math-I.csv,230
650,benqa_ext_12th-Math-I_0237,Math-I,12th,B,pass,ai_assisted_review_pass_v1,,literature/code/BEnQA/data/BEnQA/12th-Math-I.csv,237
651,benqa_ext_12th-Math-I_0241,Math-I,12th,B,pass,ai_assisted_review_pass_v1,,literature/code/BEnQA/data/BEnQA/12th-Math-I.csv,241
652,benqa_ext_12th-Math-I_0243,Math-I,12th,D,pass,ai_assisted_review_pass_v1,,literature/code/BEnQA/data/BEnQA/12th-Math-I.csv,243
653,benqa_ext_12th-Math-I_0264,Math-I,12th,D,pass,ai_assisted_review_pass_v1,,literature/code/BEnQA/data/BEnQA/12th-Math-I.csv,264
654,benqa_ext_12th-Math-I_0275,Math-I,12th,A,pass,ai_assisted_review_pass_v1,,literature/code/BEnQA/data/BEnQA/12th-Math-I.csv,275
655,benqa_ext_12th-Math-I_0279,Math-I,12th,B,pass,ai_assisted_review_pass_v1,,literature/code/BEnQA/data/BEnQA/12th-Math-I.csv,279
656,benqa_ext_12th-Math-I_0282,Math-I,12th,D,pass,ai_assisted_review_pass_v1,,literature/code/BEnQA/data/BEnQA/12th-Math-I.csv,282
657,benqa_ext_12th-Math-I_0283,Math-I,12th,D,pass,ai_assisted_review_pass_v1,,literature/code/BEnQA/data/BEnQA/12th-Math-I.csv,283
658,benqa_ext_12th-Math-I_0295,Math-I,12th,D,pass,ai_assisted_review_pass_v1,,literature/code/BEnQA/data/BEnQA/12th-Math-I.csv,295
659,benqa_ext_12th-Math-I_0299,Math-I,12th,D,pass,ai_assisted_review_pass_v1,,literature/code/BEnQA/data/BEnQA/12th-Math-I.csv,299
660,benqa_ext_12th-Math-I_0300,Math-I,12th,A,pass,ai_assisted_review_pass_v1,,literature/code/BEnQA/data/BEnQA/12th-Math-I.csv,300
661,benqa_ext_12th-Math-I_0312,Math-I,12th,D,pass,ai_assisted_review_pass_v1,,literature/code/BEnQA/data/BEnQA/12th-Math-I.csv,312
662,benqa_ext_12th-Math-I_0315,Math-I,12th,C,pass,ai_assisted_review_pass_v1,,literature/code/BEnQA/data/BEnQA/12th-Math-I.csv,315
663,benqa_ext_12th-Math-I_0317,Math-I,12th,B,pass,ai_assisted_review_pass_v1,,literature/code/BEnQA/data/BEnQA/12th-Math-I.csv,317
664,benqa_ext_12th-Math-I_0334,Math-I,12th,C,pass,ai_assisted_review_pass_v1,,literature/code/BEnQA/data/BEnQA/12th-Math-I.csv,334
665,benqa_ext_12th-Math-I_0339,Math-I,12th,A,pass,ai_assisted_review_pass_v1,,literature/code/BEnQA/data/BEnQA/12th-Math-I.csv,339
666,benqa_ext_12th-Math-I_0347,Math-I,12th,B,pass,ai_assisted_review_pass_v1,,literature/code/BEnQA/data/BEnQA/12th-Math-I.csv,347
667,benqa_ext_12th-Math-I_0348,Math-I,12th,D,pass,ai_assisted_review_pass_v1,,literature/code/BEnQA/data/BEnQA/12th-Math-I.csv,348
668,benqa_ext_12th-Math-I_0364,Math-I,12th,B,pass,ai_assisted_review_pass_v1,,literature/code/BEnQA/data/BEnQA/12th-Math-I.csv,364
669,benqa_ext_12th-Math-I_0372,Math-I,12th,D,pass,ai_assisted_review_pass_v1,,literature/code/BEnQA/data/BEnQA/12th-Math-I.csv,372
670,benqa_ext_12th-Math-I_0373,Math-I,12th,C,pass,ai_assisted_review_pass_v1,,literature/code/BEnQA/data/BEnQA/12th-Math-I.csv,373
671,benqa_ext_12th-Math-I_0379,Math-I,12th,B,pass,ai_assisted_review_pass_v1,,literature/code/BEnQA/data/BEnQA/12th-Math-I.csv,379
672,benqa_ext_12th-Math-I_0384,Math-I,12th,A,pass,ai_assisted_review_pass_v1,,literature/code/BEnQA/data/BEnQA/12th-Math-I.csv,384
673,benqa_ext_12th-Math-I_0394,Math-I,12th,C,pass,ai_assisted_review_pass_v1,,literature/code/BEnQA/data/BEnQA/12th-Math-I.csv,394
674,benqa_ext_10th-Math-II_0003,Math-II,10th,A,pass,ai_assisted_review_pass_v1,,literature/code/BEnQA/data/BEnQA/10th-Math-II.csv,3
675,benqa_ext_10th-Math-II_0017,Math-II,10th,D,pass,ai_assisted_review_pass_v1,,literature/code/BEnQA/data/BEnQA/10th-Math-II.csv,17
676,benqa_ext_10th-Math-II_0024,Math-II,10th,D,pass,ai_assisted_review_pass_v1,,literature/code/BEnQA/data/BEnQA/10th-Math-II.csv,24
677,benqa_ext_10th-Math-II_0030,Math-II,10th,D,pass,ai_assisted_review_pass_v1,,literature/code/BEnQA/data/BEnQA/10th-Math-II.csv,30
678,benqa_ext_10th-Math-II_0078,Math-II,10th,A,pass,ai_assisted_review_pass_v1,,literature/code/BEnQA/data/BEnQA/10th-Math-II.csv,78
679,benqa_ext_10th-Math-II_0089,Math-II,10th,C,pass,ai_assisted_review_pass_v1,,literature/code/BEnQA/data/BEnQA/10th-Math-II.csv,89
680,benqa_ext_10th-Math-II_0100,Math-II,10th,B,pass,ai_assisted_review_pass_v1,,literature/code/BEnQA/data/BEnQA/10th-Math-II.csv,100
681,benqa_ext_10th-Math-II_0116,Math-II,10th,A,pass,ai_assisted_review_pass_v1,,literature/code/BEnQA/data/BEnQA/10th-Math-II.csv,116
682,benqa_ext_10th-Math-II_0119,Math-II,10th,B,pass,ai_assisted_review_pass_v1,,literature/code/BEnQA/data/BEnQA/10th-Math-II.csv,119
683,benqa_ext_10th-Math-II_0124,Math-II,10th,B,pass,ai_assisted_review_pass_v1,,literature/code/BEnQA/data/BEnQA/10th-Math-II.csv,124
684,benqa_ext_10th-Math-II_0135,Math-II,10th,B,pass,ai_assisted_review_pass_v1,,literature/code/BEnQA/data/BEnQA/10th-Math-II.csv,135
685,benqa_ext_10th-Math-II_0164,Math-II,10th,A,pass,ai_assisted_review_pass_v1,,literature/code/BEnQA/data/BEnQA/10th-Math-II.csv,164
686,benqa_ext_10th-Math-II_0181,Math-II,10th,D,pass,ai_assisted_review_pass_v1,,literature/code/BEnQA/data/BEnQA/10th-Math-II.csv,181
687,benqa_ext_10th-Math-II_0191,Math-II,10th,D,pass,ai_assisted_review_pass_v1,,literature/code/BEnQA/data/BEnQA/10th-Math-II.csv,191
688,benqa_ext_10th-Math-II_0192,Math-II,10th,B,pass,ai_assisted_review_pass_v1,,literature/code/BEnQA/data/BEnQA/10th-Math-II.csv,192
689,benqa_ext_10th-Math-II_0205,Math-II,10th,C,pass,ai_assisted_review_pass_v1,,literature/code/BEnQA/data/BEnQA/10th-Math-II.csv,205
690,benqa_ext_10th-Math-II_0217,Math-II,10th,B,pass,ai_assisted_review_pass_v1,,literature/code/BEnQA/data/BEnQA/10th-Math-II.csv,217
691,benqa_ext_10th-Math-II_0231,Math-II,10th,B,pass,ai_assisted_review_pass_v1,,literature/code/BEnQA/data/BEnQA/10th-Math-II.csv,231
692,benqa_ext_10th-Math-II_0240,Math-II,10th,C,pass,ai_assisted_review_pass_v1,,literature/code/BEnQA/data/BEnQA/10th-Math-II.csv,240
693,benqa_ext_10th-Math-II_0252,Math-II,10th,C,pass,ai_assisted_review_pass_v1,,literature/code/BEnQA/data/BEnQA/10th-Math-II.csv,252
694,benqa_ext_10th-Math-II_0258,Math-II,10th,B,pass,ai_assisted_review_pass_v1,,literature/code/BEnQA/data/BEnQA/10th-Math-II.csv,258
695,benqa_ext_10th-Math-II_0262,Math-II,10th,C,pass,ai_assisted_review_pass_v1,,literature/code/BEnQA/data/BEnQA/10th-Math-II.csv,262
696,benqa_ext_10th-Math-II_0287,Math-II,10th,A,pass,ai_assisted_review_pass_v1,,literature/code/BEnQA/data/BEnQA/10th-Math-II.csv,287
697,benqa_ext_10th-Math-II_0288,Math-II,10th,B,pass,ai_assisted_review_pass_v1,,literature/code/BEnQA/data/BEnQA/10th-Math-II.csv,288
698,benqa_ext_10th-Math-II_0300,Math-II,10th,D,pass,ai_assisted_review_pass_v1,,literature/code/BEnQA/data/BEnQA/10th-Math-II.csv,300
699,benqa_ext_10th-Math-II_0317,Math-II,10th,B,pass,ai_assisted_review_pass_v1,,literature/code/BEnQA/data/BEnQA/10th-Math-II.csv,317
700,benqa_ext_10th-Math-II_0328,Math-II,10th,C,pass,ai_assisted_review_pass_v1,,literature/code/BEnQA/data/BEnQA/10th-Math-II.csv,328
701,benqa_ext_10th-Math-II_0334,Math-II,10th,B,pass,ai_assisted_review_pass_v1,,literature/code/BEnQA/data/BEnQA/10th-Math-II.csv,334
702,benqa_ext_10th-Math-II_0336,Math-II,10th,C,pass,ai_assisted_review_pass_v1,,literature/code/BEnQA/data/BEnQA/10th-Math-II.csv,336
703,benqa_ext_10th-Math-II_0337,Math-II,10th,D,pass,ai_assisted_review_pass_v1,,literature/code/BEnQA/data/BEnQA/10th-Math-II.csv,337
704,benqa_ext_10th-Math-II_0355,Math-II,10th,C,pass,ai_assisted_review_pass_v1,,literature/code/BEnQA/data/BEnQA/10th-Math-II.csv,355
705,benqa_ext_10th-Math-II_0383,Math-II,10th,A,pass,ai_assisted_review_pass_v1,,literature/code/BEnQA/data/BEnQA/10th-Math-II.csv,383
706,benqa_ext_12th-Math-II_0010,Math-II,12th,B,pass,ai_assisted_review_pass_v1,,literature/code/BEnQA/data/BEnQA/12th-Math-II.csv,10
707,benqa_ext_12th-Math-II_0013,Math-II,12th,A,pass,ai_assisted_review_pass_v1,,literature/code/BEnQA/data/BEnQA/12th-Math-II.csv,13
708,benqa_ext_12th-Math-II_0020,Math-II,12th,B,pass,ai_assisted_review_pass_v1,,literature/code/BEnQA/data/BEnQA/12th-Math-II.csv,20
709,benqa_ext_12th-Math-II_0031,Math-II,12th,D,pass,ai_assisted_review_pass_v1,,literature/code/BEnQA/data/BEnQA/12th-Math-II.csv,31
710,benqa_ext_12th-Math-II_0049,Math-II,12th,C,pass,ai_assisted_review_pass_v1,,literature/code/BEnQA/data/BEnQA/12th-Math-II.csv,49
711,benqa_ext_12th-Math-II_0063,Math-II,12th,C,pass,ai_assisted_review_pass_v1,,literature/code/BEnQA/data/BEnQA/12th-Math-II.csv,63
712,benqa_ext_12th-Math-II_0075,Math-II,12th,C,pass,ai_assisted_review_pass_v1,,literature/code/BEnQA/data/BEnQA/12th-Math-II.csv,75
713,benqa_ext_12th-Math-II_0084,Math-II,12th,D,pass,ai_assisted_review_pass_v1,,literature/code/BEnQA/data/BEnQA/12th-Math-II.csv,84
714,benqa_ext_12th-Math-II_0090,Math-II,12th,A,pass,ai_assisted_review_pass_v1,,literature/code/BEnQA/data/BEnQA/12th-Math-II.csv,90
715,benqa_ext_12th-Math-II_0094,Math-II,12th,C,pass,ai_assisted_review_pass_v1,,literature/code/BEnQA/data/BEnQA/12th-Math-II.csv,94
716,benqa_ext_12th-Math-II_0113,Math-II,12th,B,pass,ai_assisted_review_pass_v1,,literature/code/BEnQA/data/BEnQA/12th-Math-II.csv,113
717,benqa_ext_12th-Math-II_0116,Math-II,12th,B,pass,ai_assisted_review_pass_v1,,literature/code/BEnQA/data/BEnQA/12th-Math-II.csv,116
718,benqa_ext_12th-Math-II_0119,Math-II,12th,D,pass,ai_assisted_review_pass_v1,,literature/code/BEnQA/data/BEnQA/12th-Math-II.csv,119
719,benqa_ext_12th-Math-II_0127,Math-II,12th,C,pass,ai_assisted_review_pass_v1,,literature/code/BEnQA/data/BEnQA/12th-Math-II.csv,127
720,benqa_ext_12th-Math-II_0140,Math-II,12th,A,pass,ai_assisted_review_pass_v1,,literature/code/BEnQA/data/BEnQA/12th-Math-II.csv,140
721,benqa_ext_12th-Math-II_0172,Math-II,12th,B,pass,ai_assisted_review_pass_v1,,literature/code/BEnQA/data/BEnQA/12th-Math-II.csv,172
722,benqa_ext_12th-Math-II_0185,Math-II,12th,C,pass,ai_assisted_review_pass_v1,,literature/code/BEnQA/data/BEnQA/12th-Math-II.csv,185
723,benqa_ext_12th-Math-II_0209,Math-II,12th,D,pass,ai_assisted_review_pass_v1,,literature/code/BEnQA/data/BEnQA/12th-Math-II.csv,209
724,benqa_ext_12th-Math-II_0217,Math-II,12th,A,pass,ai_assisted_review_pass_v1,,literature/code/BEnQA/data/BEnQA/12th-Math-II.csv,217
725,benqa_ext_12th-Math-II_0233,Math-II,12th,B,pass,ai_assisted_review_pass_v1,,literature/code/BEnQA/data/BEnQA/12th-Math-II.csv,233
726,benqa_ext_12th-Math-II_0245,Math-II,12th,B,pass,ai_assisted_review_pass_v1,,literature/code/BEnQA/data/BEnQA/12th-Math-II.csv,245
727,benqa_ext_12th-Math-II_0248,Math-II,12th,C,pass,ai_assisted_review_pass_v1,,literature/code/BEnQA/data/BEnQA/12th-Math-II.csv,248
728,benqa_ext_12th-Math-II_0264,Math-II,12th,B,pass,ai_assisted_review_pass_v1,,literature/code/BEnQA/data/BEnQA/12th-Math-II.csv,264
729,benqa_ext_12th-Math-II_0285,Math-II,12th,B,pass,ai_assisted_review_pass_v1,,literature/code/BEnQA/data/BEnQA/12th-Math-II.csv,285
730,benqa_ext_12th-Math-II_0287,Math-II,12th,A,pass,ai_assisted_review_pass_v1,,literature/code/BEnQA/data/BEnQA/12th-Math-II.csv,287
731,benqa_ext_12th-Math-II_0291,Math-II,12th,C,pass,ai_assisted_review_pass_v1,,literature/code/BEnQA/data/BEnQA/12th-Math-II.csv,291
732,benqa_ext_12th-Math-II_0317,Math-II,12th,B,pass,ai_assisted_review_pass_v1,,literature/code/BEnQA/data/BEnQA/12th-Math-II.csv,317
733,benqa_ext_12th-Math-II_0321,Math-II,12th,D,pass,ai_assisted_review_pass_v1,,literature/code/BEnQA/data/BEnQA/12th-Math-II.csv,321
734,benqa_ext_12th-Math-II_0322,Math-II,12th,D,pass,ai_assisted_review_pass_v1,,literature/code/BEnQA/data/BEnQA/12th-Math-II.csv,322
735,benqa_ext_12th-Math-II_0328,Math-II,12th,C,pass,ai_assisted_review_pass_v1,,literature/code/BEnQA/data/BEnQA/12th-Math-II.csv,328
736,benqa_ext_12th-Math-II_0347,Math-II,12th,A,pass,ai_assisted_review_pass_v1,,literature/code/BEnQA/data/BEnQA/12th-Math-II.csv,347
737,benqa_ext_12th-Math-II_0354,Math-II,12th,A,pass,ai_assisted_review_pass_v1,,literature/code/BEnQA/data/BEnQA/12th-Math-II.csv,354
738,benqa_ext_12th-Math-II_0359,Math-II,12th,B,pass,ai_assisted_review_pass_v1,,literature/code/BEnQA/data/BEnQA/12th-Math-II.csv,359
739,benqa_ext_12th-Math-II_0361,Math-II,12th,D,pass,ai_assisted_review_pass_v1,,literature/code/BEnQA/data/BEnQA/12th-Math-II.csv,361
740,benqa_ext_12th-Math-II_0375,Math-II,12th,A,pass,ai_assisted_review_pass_v1,,literature/code/BEnQA/data/BEnQA/12th-Math-II.csv,375
741,benqa_ext_10th-Physics_0016,Physics,10th,B,pass,ai_assisted_review_pass_v1,,literature/code/BEnQA/data/BEnQA/10th-Physics.csv,16
742,benqa_ext_10th-Physics_0031,Physics,10th,D,pass,ai_assisted_review_pass_v1,,literature/code/BEnQA/data/BEnQA/10th-Physics.csv,31
743,benqa_ext_10th-Physics_0033,Physics,10th,C,pass,ai_assisted_review_pass_v1,,literature/code/BEnQA/data/BEnQA/10th-Physics.csv,33
744,benqa_ext_10th-Physics_0034,Physics,10th,D,pass,ai_assisted_review_pass_v1,,literature/code/BEnQA/data/BEnQA/10th-Physics.csv,34
745,benqa_ext_10th-Physics_0035,Physics,10th,C,pass,ai_assisted_review_pass_v1,,literature/code/BEnQA/data/BEnQA/10th-Physics.csv,35
746,benqa_ext_10th-Physics_0041,Physics,10th,A,pass,ai_assisted_review_pass_v1,,literature/code/BEnQA/data/BEnQA/10th-Physics.csv,41
747,benqa_ext_10th-Physics_0070,Physics,10th,A,pass,ai_assisted_review_pass_v1,,literature/code/BEnQA/data/BEnQA/10th-Physics.csv,70
748,benqa_ext_10th-Physics_0071,Physics,10th,A,pass,ai_assisted_review_pass_v1,,literature/code/BEnQA/data/BEnQA/10th-Physics.csv,71
749,benqa_ext_10th-Physics_0073,Physics,10th,D,pass,ai_assisted_review_pass_v1,,literature/code/BEnQA/data/BEnQA/10th-Physics.csv,73
750,benqa_ext_10th-Physics_0080,Physics,10th,B,pass,ai_assisted_review_pass_v1,,literature/code/BEnQA/data/BEnQA/10th-Physics.csv,80
751,benqa_ext_10th-Physics_0085,Physics,10th,B,pass,ai_assisted_review_pass_v1,,literature/code/BEnQA/data/BEnQA/10th-Physics.csv,85
752,benqa_ext_10th-Physics_0091,Physics,10th,C,pass,ai_assisted_review_pass_v1,,literature/code/BEnQA/data/BEnQA/10th-Physics.csv,91
753,benqa_ext_10th-Physics_0098,Physics,10th,A,pass,ai_assisted_review_pass_v1,,literature/code/BEnQA/data/BEnQA/10th-Physics.csv,98
754,benqa_ext_10th-Physics_0104,Physics,10th,D,pass,ai_assisted_review_pass_v1,,literature/code/BEnQA/data/BEnQA/10th-Physics.csv,104
755,benqa_ext_10th-Physics_0111,Physics,10th,A,pass,ai_assisted_review_pass_v1,,literature/code/BEnQA/data/BEnQA/10th-Physics.csv,111
756,benqa_ext_10th-Physics_0118,Physics,10th,C,pass,ai_assisted_review_pass_v1,,literature/code/BEnQA/data/BEnQA/10th-Physics.csv,118
757,benqa_ext_10th-Physics_0119,Physics,10th,A,pass,ai_assisted_review_pass_v1,,literature/code/BEnQA/data/BEnQA/10th-Physics.csv,119
758,benqa_ext_10th-Physics_0120,Physics,10th,B,pass,ai_assisted_review_pass_v1,,literature/code/BEnQA/data/BEnQA/10th-Physics.csv,120
759,benqa_ext_10th-Physics_0137,Physics,10th,A,pass,ai_assisted_review_pass_v1,,literature/code/BEnQA/data/BEnQA/10th-Physics.csv,137
760,benqa_ext_10th-Physics_0140,Physics,10th,B,pass,ai_assisted_review_pass_v1,,literature/code/BEnQA/data/BEnQA/10th-Physics.csv,140
761,benqa_ext_10th-Physics_0141,Physics,10th,C,pass,ai_assisted_review_pass_v1,,literature/code/BEnQA/data/BEnQA/10th-Physics.csv,141
762,benqa_ext_10th-Physics_0143,Physics,10th,B,pass,ai_assisted_review_pass_v1,,literature/code/BEnQA/data/BEnQA/10th-Physics.csv,143
763,benqa_ext_10th-Physics_0146,Physics,10th,D,pass,ai_assisted_review_pass_v1,,literature/code/BEnQA/data/BEnQA/10th-Physics.csv,146
764,benqa_ext_10th-Physics_0151,Physics,10th,D,pass,ai_assisted_review_pass_v1,,literature/code/BEnQA/data/BEnQA/10th-Physics.csv,151
765,benqa_ext_10th-Physics_0154,Physics,10th,C,pass,ai_assisted_review_pass_v1,,literature/code/BEnQA/data/BEnQA/10th-Physics.csv,154
766,benqa_ext_10th-Physics_0156,Physics,10th,C,pass,ai_assisted_review_pass_v1,,literature/code/BEnQA/data/BEnQA/10th-Physics.csv,156
767,benqa_ext_10th-Physics_0164,Physics,10th,A,pass,ai_assisted_review_pass_v1,,literature/code/BEnQA/data/BEnQA/10th-Physics.csv,164
768,benqa_ext_10th-Physics_0167,Physics,10th,A,pass,ai_assisted_review_pass_v1,,literature/code/BEnQA/data/BEnQA/10th-Physics.csv,167
769,benqa_ext_10th-Physics_0170,Physics,10th,B,pass,ai_assisted_review_pass_v1,,literature/code/BEnQA/data/BEnQA/10th-Physics.csv,170
770,benqa_ext_10th-Physics_0173,Physics,10th,D,pass,ai_assisted_review_pass_v1,,literature/code/BEnQA/data/BEnQA/10th-Physics.csv,173
771,benqa_ext_10th-Physics_0174,Physics,10th,B,pass,ai_assisted_review_pass_v1,,literature/code/BEnQA/data/BEnQA/10th-Physics.csv,174
772,benqa_ext_10th-Physics_0180,Physics,10th,B,pass,ai_assisted_review_pass_v1,,literature/code/BEnQA/data/BEnQA/10th-Physics.csv,180
773,benqa_ext_10th-Physics_0182,Physics,10th,D,pass,ai_assisted_review_pass_v1,,literature/code/BEnQA/data/BEnQA/10th-Physics.csv,182
774,benqa_ext_10th-Physics_0189,Physics,10th,A,pass,ai_assisted_review_pass_v1,,literature/code/BEnQA/data/BEnQA/10th-Physics.csv,189
775,benqa_ext_10th-Physics_0190,Physics,10th,A,pass,ai_assisted_review_pass_v1,,literature/code/BEnQA/data/BEnQA/10th-Physics.csv,190
776,benqa_ext_10th-Physics_0194,Physics,10th,B,pass,ai_assisted_review_pass_v1,,literature/code/BEnQA/data/BEnQA/10th-Physics.csv,194
777,benqa_ext_10th-Physics_0195,Physics,10th,A,pass,ai_assisted_review_pass_v1,,literature/code/BEnQA/data/BEnQA/10th-Physics.csv,195
778,benqa_ext_10th-Physics_0199,Physics,10th,D,pass,ai_assisted_review_pass_v1,,literature/code/BEnQA/data/BEnQA/10th-Physics.csv,199
779,benqa_ext_10th-Physics_0204,Physics,10th,D,pass,ai_assisted_review_pass_v1,,literature/code/BEnQA/data/BEnQA/10th-Physics.csv,204
780,benqa_ext_10th-Physics_0206,Physics,10th,C,pass,ai_assisted_review_pass_v1,,literature/code/BEnQA/data/BEnQA/10th-Physics.csv,206
781,benqa_ext_10th-Physics_0208,Physics,10th,A,pass,ai_assisted_review_pass_v1,,literature/code/BEnQA/data/BEnQA/10th-Physics.csv,208
782,benqa_ext_10th-Physics_0212,Physics,10th,C,pass,ai_assisted_review_pass_v1,,literature/code/BEnQA/data/BEnQA/10th-Physics.csv,212
783,benqa_ext_10th-Physics_0218,Physics,10th,C,pass,ai_assisted_review_pass_v1,,literature/code/BEnQA/data/BEnQA/10th-Physics.csv,218
784,benqa_ext_10th-Physics_0221,Physics,10th,B,pass,ai_assisted_review_pass_v1,,literature/code/BEnQA/data/BEnQA/10th-Physics.csv,221
785,benqa_ext_10th-Physics_0223,Physics,10th,C,pass,ai_assisted_review_pass_v1,,literature/code/BEnQA/data/BEnQA/10th-Physics.csv,223
786,benqa_ext_10th-Physics_0227,Physics,10th,A,pass,ai_assisted_review_pass_v1,,literature/code/BEnQA/data/BEnQA/10th-Physics.csv,227
787,benqa_ext_10th-Physics_0228,Physics,10th,D,pass,ai_assisted_review_pass_v1,,literature/code/BEnQA/data/BEnQA/10th-Physics.csv,228
788,benqa_ext_10th-Physics_0230,Physics,10th,A,pass,ai_assisted_review_pass_v1,,literature/code/BEnQA/data/BEnQA/10th-Physics.csv,230
789,benqa_ext_10th-Physics_0231,Physics,10th,B,pass,ai_assisted_review_pass_v1,,literature/code/BEnQA/data/BEnQA/10th-Physics.csv,231
790,benqa_ext_10th-Physics_0235,Physics,10th,A,pass,ai_assisted_review_pass_v1,,literature/code/BEnQA/data/BEnQA/10th-Physics.csv,235
791,benqa_ext_10th-Physics_0237,Physics,10th,D,pass,ai_assisted_review_pass_v1,,literature/code/BEnQA/data/BEnQA/10th-Physics.csv,237
792,benqa_ext_10th-Physics_0242,Physics,10th,A,pass,ai_assisted_review_pass_v1,,literature/code/BEnQA/data/BEnQA/10th-Physics.csv,242
793,benqa_ext_10th-Physics_0246,Physics,10th,B,pass,ai_assisted_review_pass_v1,,literature/code/BEnQA/data/BEnQA/10th-Physics.csv,246
794,benqa_ext_10th-Physics_0247,Physics,10th,A,pass,ai_assisted_review_pass_v1,,literature/code/BEnQA/data/BEnQA/10th-Physics.csv,247
795,benqa_ext_10th-Physics_0249,Physics,10th,B,pass,ai_assisted_review_pass_v1,,literature/code/BEnQA/data/BEnQA/10th-Physics.csv,249
796,benqa_ext_10th-Physics_0251,Physics,10th,C,pass,ai_assisted_review_pass_v1,,literature/code/BEnQA/data/BEnQA/10th-Physics.csv,251
797,benqa_ext_10th-Physics_0255,Physics,10th,B,pass,ai_assisted_review_pass_v1,,literature/code/BEnQA/data/BEnQA/10th-Physics.csv,255
798,benqa_ext_10th-Physics_0270,Physics,10th,D,pass,ai_assisted_review_pass_v1,,literature/code/BEnQA/data/BEnQA/10th-Physics.csv,270
799,benqa_ext_10th-Physics_0271,Physics,10th,A,pass,ai_assisted_review_pass_v1,,literature/code/BEnQA/data/BEnQA/10th-Physics.csv,271
800,benqa_ext_10th-Physics_0274,Physics,10th,C,pass,ai_assisted_review_pass_v1,,literature/code/BEnQA/data/BEnQA/10th-Physics.csv,274
801,benqa_ext_10th-Physics_0275,Physics,10th,C,pass,ai_assisted_review_pass_v1,,literature/code/BEnQA/data/BEnQA/10th-Physics.csv,275
802,benqa_ext_10th-Physics_0276,Physics,10th,B,pass,ai_assisted_review_pass_v1,,literature/code/BEnQA/data/BEnQA/10th-Physics.csv,276
803,benqa_ext_10th-Physics_0282,Physics,10th,D,pass,ai_assisted_review_pass_v1,,literature/code/BEnQA/data/BEnQA/10th-Physics.csv,282
804,benqa_ext_10th-Physics_0297,Physics,10th,D,pass,ai_assisted_review_pass_v1,,literature/code/BEnQA/data/BEnQA/10th-Physics.csv,297
805,benqa_ext_10th-Physics_0302,Physics,10th,B,pass,ai_assisted_review_pass_v1,,literature/code/BEnQA/data/BEnQA/10th-Physics.csv,302
806,benqa_ext_10th-Physics_0304,Physics,10th,C,pass,ai_assisted_review_pass_v1,,literature/code/BEnQA/data/BEnQA/10th-Physics.csv,304
807,benqa_ext_12th-Physics-I_0010,Physics-I,12th,C,pass,ai_assisted_review_pass_v1,,literature/code/BEnQA/data/BEnQA/12th-Physics-I.csv,10
808,benqa_ext_12th-Physics-I_0014,Physics-I,12th,A,pass,ai_assisted_review_pass_v1,,literature/code/BEnQA/data/BEnQA/12th-Physics-I.csv,14
809,benqa_ext_12th-Physics-I_0021,Physics-I,12th,A,pass,ai_assisted_review_pass_v1,,literature/code/BEnQA/data/BEnQA/12th-Physics-I.csv,21
810,benqa_ext_12th-Physics-I_0028,Physics-I,12th,A,pass,ai_assisted_review_pass_v1,,literature/code/BEnQA/data/BEnQA/12th-Physics-I.csv,28
811,benqa_ext_12th-Physics-I_0030,Physics-I,12th,D,pass,ai_assisted_review_pass_v1,,literature/code/BEnQA/data/BEnQA/12th-Physics-I.csv,30
812,benqa_ext_12th-Physics-I_0031,Physics-I,12th,A,pass,ai_assisted_review_pass_v1,,literature/code/BEnQA/data/BEnQA/12th-Physics-I.csv,31
813,benqa_ext_12th-Physics-I_0034,Physics-I,12th,A,pass,ai_assisted_review_pass_v1,,literature/code/BEnQA/data/BEnQA/12th-Physics-I.csv,34
814,benqa_ext_12th-Physics-I_0037,Physics-I,12th,A,pass,ai_assisted_review_pass_v1,,literature/code/BEnQA/data/BEnQA/12th-Physics-I.csv,37
815,benqa_ext_12th-Physics-I_0039,Physics-I,12th,C,pass,ai_assisted_review_pass_v1,,literature/code/BEnQA/data/BEnQA/12th-Physics-I.csv,39
816,benqa_ext_12th-Physics-I_0047,Physics-I,12th,C,pass,ai_assisted_review_pass_v1,,literature/code/BEnQA/data/BEnQA/12th-Physics-I.csv,47
817,benqa_ext_12th-Physics-I_0052,Physics-I,12th,C,pass,ai_assisted_review_pass_v1,,literature/code/BEnQA/data/BEnQA/12th-Physics-I.csv,52
818,benqa_ext_12th-Physics-I_0057,Physics-I,12th,A,pass,ai_assisted_review_pass_v1,,literature/code/BEnQA/data/BEnQA/12th-Physics-I.csv,57
819,benqa_ext_12th-Physics-I_0062,Physics-I,12th,B,pass,ai_assisted_review_pass_v1,,literature/code/BEnQA/data/BEnQA/12th-Physics-I.csv,62
820,benqa_ext_12th-Physics-I_0069,Physics-I,12th,A,pass,ai_assisted_review_pass_v1,,literature/code/BEnQA/data/BEnQA/12th-Physics-I.csv,69
821,benqa_ext_12th-Physics-I_0086,Physics-I,12th,D,pass,ai_assisted_review_pass_v1,,literature/code/BEnQA/data/BEnQA/12th-Physics-I.csv,86
822,benqa_ext_12th-Physics-I_0088,Physics-I,12th,C,pass,ai_assisted_review_pass_v1,,literature/code/BEnQA/data/BEnQA/12th-Physics-I.csv,88
823,benqa_ext_12th-Physics-I_0096,Physics-I,12th,D,pass,ai_assisted_review_pass_v1,,literature/code/BEnQA/data/BEnQA/12th-Physics-I.csv,96
824,benqa_ext_12th-Physics-I_0097,Physics-I,12th,C,pass,ai_assisted_review_pass_v1,,literature/code/BEnQA/data/BEnQA/12th-Physics-I.csv,97
825,benqa_ext_12th-Physics-I_0103,Physics-I,12th,B,pass,ai_assisted_review_pass_v1,,literature/code/BEnQA/data/BEnQA/12th-Physics-I.csv,103
826,benqa_ext_12th-Physics-I_0110,Physics-I,12th,A,pass,ai_assisted_review_pass_v1,,literature/code/BEnQA/data/BEnQA/12th-Physics-I.csv,110
827,benqa_ext_12th-Physics-I_0112,Physics-I,12th,A,pass,ai_assisted_review_pass_v1,,literature/code/BEnQA/data/BEnQA/12th-Physics-I.csv,112
828,benqa_ext_12th-Physics-I_0116,Physics-I,12th,C,pass,ai_assisted_review_pass_v1,,literature/code/BEnQA/data/BEnQA/12th-Physics-I.csv,116
829,benqa_ext_12th-Physics-I_0118,Physics-I,12th,B,pass,ai_assisted_review_pass_v1,,literature/code/BEnQA/data/BEnQA/12th-Physics-I.csv,118
830,benqa_ext_12th-Physics-I_0130,Physics-I,12th,A,pass,ai_assisted_review_pass_v1,,literature/code/BEnQA/data/BEnQA/12th-Physics-I.csv,130
831,benqa_ext_12th-Physics-I_0131,Physics-I,12th,B,pass,ai_assisted_review_pass_v1,,literature/code/BEnQA/data/BEnQA/12th-Physics-I.csv,131
832,benqa_ext_12th-Physics-I_0132,Physics-I,12th,D,pass,ai_assisted_review_pass_v1,,literature/code/BEnQA/data/BEnQA/12th-Physics-I.csv,132
833,benqa_ext_12th-Physics-I_0135,Physics-I,12th,C,pass,ai_assisted_review_pass_v1,,literature/code/BEnQA/data/BEnQA/12th-Physics-I.csv,135
834,benqa_ext_12th-Physics-I_0138,Physics-I,12th,B,pass,ai_assisted_review_pass_v1,,literature/code/BEnQA/data/BEnQA/12th-Physics-I.csv,138
835,benqa_ext_12th-Physics-I_0150,Physics-I,12th,B,pass,ai_assisted_review_pass_v1,,literature/code/BEnQA/data/BEnQA/12th-Physics-I.csv,150
836,benqa_ext_12th-Physics-I_0152,Physics-I,12th,C,pass,ai_assisted_review_pass_v1,,literature/code/BEnQA/data/BEnQA/12th-Physics-I.csv,152
837,benqa_ext_12th-Physics-I_0159,Physics-I,12th,D,pass,ai_assisted_review_pass_v1,,literature/code/BEnQA/data/BEnQA/12th-Physics-I.csv,159
838,benqa_ext_12th-Physics-I_0161,Physics-I,12th,C,pass,ai_assisted_review_pass_v1,,literature/code/BEnQA/data/BEnQA/12th-Physics-I.csv,161
839,benqa_ext_12th-Physics-I_0163,Physics-I,12th,D,pass,ai_assisted_review_pass_v1,,literature/code/BEnQA/data/BEnQA/12th-Physics-I.csv,163
840,benqa_ext_12th-Physics-I_0166,Physics-I,12th,B,pass,ai_assisted_review_pass_v1,,literature/code/BEnQA/data/BEnQA/12th-Physics-I.csv,166
841,benqa_ext_12th-Physics-I_0173,Physics-I,12th,D,pass,ai_assisted_review_pass_v1,,literature/code/BEnQA/data/BEnQA/12th-Physics-I.csv,173
842,benqa_ext_12th-Physics-I_0182,Physics-I,12th,C,pass,ai_assisted_review_pass_v1,,literature/code/BEnQA/data/BEnQA/12th-Physics-I.csv,182
843,benqa_ext_12th-Physics-I_0189,Physics-I,12th,D,pass,ai_assisted_review_pass_v1,,literature/code/BEnQA/data/BEnQA/12th-Physics-I.csv,189
844,benqa_ext_12th-Physics-I_0195,Physics-I,12th,C,pass,ai_assisted_review_pass_v1,,literature/code/BEnQA/data/BEnQA/12th-Physics-I.csv,195
845,benqa_ext_12th-Physics-I_0204,Physics-I,12th,D,pass,ai_assisted_review_pass_v1,,literature/code/BEnQA/data/BEnQA/12th-Physics-I.csv,204
846,benqa_ext_12th-Physics-I_0223,Physics-I,12th,D,pass,ai_assisted_review_pass_v1,,literature/code/BEnQA/data/BEnQA/12th-Physics-I.csv,223
847,benqa_ext_12th-Physics-I_0225,Physics-I,12th,D,pass,ai_assisted_review_pass_v1,,literature/code/BEnQA/data/BEnQA/12th-Physics-I.csv,225
848,benqa_ext_12th-Physics-I_0227,Physics-I,12th,A,pass,ai_assisted_review_pass_v1,,literature/code/BEnQA/data/BEnQA/12th-Physics-I.csv,227
849,benqa_ext_12th-Physics-I_0229,Physics-I,12th,B,pass,ai_assisted_review_pass_v1,,literature/code/BEnQA/data/BEnQA/12th-Physics-I.csv,229
850,benqa_ext_12th-Physics-I_0238,Physics-I,12th,D,pass,ai_assisted_review_pass_v1,,literature/code/BEnQA/data/BEnQA/12th-Physics-I.csv,238
851,benqa_ext_12th-Physics-I_0245,Physics-I,12th,C,pass,ai_assisted_review_pass_v1,,literature/code/BEnQA/data/BEnQA/12th-Physics-I.csv,245
852,benqa_ext_12th-Physics-I_0247,Physics-I,12th,A,pass,ai_assisted_review_pass_v1,,literature/code/BEnQA/data/BEnQA/12th-Physics-I.csv,247
853,benqa_ext_12th-Physics-I_0251,Physics-I,12th,A,pass,ai_assisted_review_pass_v1,,literature/code/BEnQA/data/BEnQA/12th-Physics-I.csv,251
854,benqa_ext_12th-Physics-I_0259,Physics-I,12th,B,pass,ai_assisted_review_pass_v1,,literature/code/BEnQA/data/BEnQA/12th-Physics-I.csv,259
855,benqa_ext_12th-Physics-I_0274,Physics-I,12th,B,pass,ai_assisted_review_pass_v1,,literature/code/BEnQA/data/BEnQA/12th-Physics-I.csv,274
856,benqa_ext_12th-Physics-I_0278,Physics-I,12th,A,pass,ai_assisted_review_pass_v1,,literature/code/BEnQA/data/BEnQA/12th-Physics-I.csv,278
857,benqa_ext_12th-Physics-I_0282,Physics-I,12th,C,pass,ai_assisted_review_pass_v1,,literature/code/BEnQA/data/BEnQA/12th-Physics-I.csv,282
858,benqa_ext_12th-Physics-I_0285,Physics-I,12th,A,pass,ai_assisted_review_pass_v1,,literature/code/BEnQA/data/BEnQA/12th-Physics-I.csv,285
859,benqa_ext_12th-Physics-I_0286,Physics-I,12th,A,pass,ai_assisted_review_pass_v1,,literature/code/BEnQA/data/BEnQA/12th-Physics-I.csv,286
860,benqa_ext_12th-Physics-I_0287,Physics-I,12th,B,pass,ai_assisted_review_pass_v1,,literature/code/BEnQA/data/BEnQA/12th-Physics-I.csv,287
861,benqa_ext_12th-Physics-I_0294,Physics-I,12th,D,pass,ai_assisted_review_pass_v1,,literature/code/BEnQA/data/BEnQA/12th-Physics-I.csv,294
862,benqa_ext_12th-Physics-I_0295,Physics-I,12th,B,pass,ai_assisted_review_pass_v1,,literature/code/BEnQA/data/BEnQA/12th-Physics-I.csv,295
863,benqa_ext_12th-Physics-I_0299,Physics-I,12th,C,pass,ai_assisted_review_pass_v1,,literature/code/BEnQA/data/BEnQA/12th-Physics-I.csv,299
864,benqa_ext_12th-Physics-I_0303,Physics-I,12th,B,pass,ai_assisted_review_pass_v1,,literature/code/BEnQA/data/BEnQA/12th-Physics-I.csv,303
865,benqa_ext_12th-Physics-II_0004,Physics-II,12th,C,pass,ai_assisted_review_pass_v1,,literature/code/BEnQA/data/BEnQA/12th-Physics-II.csv,4
866,benqa_ext_12th-Physics-II_0010,Physics-II,12th,A,pass,ai_assisted_review_pass_v1,,literature/code/BEnQA/data/BEnQA/12th-Physics-II.csv,10
867,benqa_ext_12th-Physics-II_0013,Physics-II,12th,A,pass,ai_assisted_review_pass_v1,,literature/code/BEnQA/data/BEnQA/12th-Physics-II.csv,13
868,benqa_ext_12th-Physics-II_0016,Physics-II,12th,C,pass,ai_assisted_review_pass_v1,,literature/code/BEnQA/data/BEnQA/12th-Physics-II.csv,16
869,benqa_ext_12th-Physics-II_0020,Physics-II,12th,A,pass,ai_assisted_review_pass_v1,,literature/code/BEnQA/data/BEnQA/12th-Physics-II.csv,20
870,benqa_ext_12th-Physics-II_0022,Physics-II,12th,B,pass,ai_assisted_review_pass_v1,,literature/code/BEnQA/data/BEnQA/12th-Physics-II.csv,22
871,benqa_ext_12th-Physics-II_0032,Physics-II,12th,D,pass,ai_assisted_review_pass_v1,,literature/code/BEnQA/data/BEnQA/12th-Physics-II.csv,32
872,benqa_ext_12th-Physics-II_0033,Physics-II,12th,A,pass,ai_assisted_review_pass_v1,,literature/code/BEnQA/data/BEnQA/12th-Physics-II.csv,33
873,benqa_ext_12th-Physics-II_0043,Physics-II,12th,D,pass,ai_assisted_review_pass_v1,,literature/code/BEnQA/data/BEnQA/12th-Physics-II.csv,43
874,benqa_ext_12th-Physics-II_0044,Physics-II,12th,B,pass,ai_assisted_review_pass_v1,,literature/code/BEnQA/data/BEnQA/12th-Physics-II.csv,44
875,benqa_ext_12th-Physics-II_0049,Physics-II,12th,A,pass,ai_assisted_review_pass_v1,,literature/code/BEnQA/data/BEnQA/12th-Physics-II.csv,49
876,benqa_ext_12th-Physics-II_0054,Physics-II,12th,B,pass,ai_assisted_review_pass_v1,,literature/code/BEnQA/data/BEnQA/12th-Physics-II.csv,54
877,benqa_ext_12th-Physics-II_0062,Physics-II,12th,D,pass,ai_assisted_review_pass_v1,,literature/code/BEnQA/data/BEnQA/12th-Physics-II.csv,62
878,benqa_ext_12th-Physics-II_0066,Physics-II,12th,C,pass,ai_assisted_review_pass_v1,,literature/code/BEnQA/data/BEnQA/12th-Physics-II.csv,66
879,benqa_ext_12th-Physics-II_0072,Physics-II,12th,C,pass,ai_assisted_review_pass_v1,,literature/code/BEnQA/data/BEnQA/12th-Physics-II.csv,72
880,benqa_ext_12th-Physics-II_0090,Physics-II,12th,B,pass,ai_assisted_review_pass_v1,,literature/code/BEnQA/data/BEnQA/12th-Physics-II.csv,90
881,benqa_ext_12th-Physics-II_0096,Physics-II,12th,A,pass,ai_assisted_review_pass_v1,,literature/code/BEnQA/data/BEnQA/12th-Physics-II.csv,96
882,benqa_ext_12th-Physics-II_0098,Physics-II,12th,B,pass,ai_assisted_review_pass_v1,,literature/code/BEnQA/data/BEnQA/12th-Physics-II.csv,98
883,benqa_ext_12th-Physics-II_0100,Physics-II,12th,B,pass,ai_assisted_review_pass_v1,,literature/code/BEnQA/data/BEnQA/12th-Physics-II.csv,100
884,benqa_ext_12th-Physics-II_0108,Physics-II,12th,C,pass,ai_assisted_review_pass_v1,,literature/code/BEnQA/data/BEnQA/12th-Physics-II.csv,108
885,benqa_ext_12th-Physics-II_0115,Physics-II,12th,D,pass,ai_assisted_review_pass_v1,,literature/code/BEnQA/data/BEnQA/12th-Physics-II.csv,115
886,benqa_ext_12th-Physics-II_0116,Physics-II,12th,C,pass,ai_assisted_review_pass_v1,,literature/code/BEnQA/data/BEnQA/12th-Physics-II.csv,116
887,benqa_ext_12th-Physics-II_0123,Physics-II,12th,C,pass,ai_assisted_review_pass_v1,,literature/code/BEnQA/data/BEnQA/12th-Physics-II.csv,123
888,benqa_ext_12th-Physics-II_0128,Physics-II,12th,A,pass,ai_assisted_review_pass_v1,,literature/code/BEnQA/data/BEnQA/12th-Physics-II.csv,128
889,benqa_ext_12th-Physics-II_0135,Physics-II,12th,C,pass,ai_assisted_review_pass_v1,,literature/code/BEnQA/data/BEnQA/12th-Physics-II.csv,135
890,benqa_ext_12th-Physics-II_0140,Physics-II,12th,D,pass,ai_assisted_review_pass_v1,,literature/code/BEnQA/data/BEnQA/12th-Physics-II.csv,140
891,benqa_ext_12th-Physics-II_0156,Physics-II,12th,C,pass,ai_assisted_review_pass_v1,,literature/code/BEnQA/data/BEnQA/12th-Physics-II.csv,156
892,benqa_ext_12th-Physics-II_0165,Physics-II,12th,C,pass,ai_assisted_review_pass_v1,,literature/code/BEnQA/data/BEnQA/12th-Physics-II.csv,165
893,benqa_ext_12th-Physics-II_0167,Physics-II,12th,A,pass,ai_assisted_review_pass_v1,,literature/code/BEnQA/data/BEnQA/12th-Physics-II.csv,167
894,benqa_ext_12th-Physics-II_0170,Physics-II,12th,A,pass,ai_assisted_review_pass_v1,,literature/code/BEnQA/data/BEnQA/12th-Physics-II.csv,170
895,benqa_ext_12th-Physics-II_0171,Physics-II,12th,B,pass,ai_assisted_review_pass_v1,,literature/code/BEnQA/data/BEnQA/12th-Physics-II.csv,171
896,benqa_ext_12th-Physics-II_0182,Physics-II,12th,C,pass,ai_assisted_review_pass_v1,,literature/code/BEnQA/data/BEnQA/12th-Physics-II.csv,182
897,benqa_ext_12th-Physics-II_0185,Physics-II,12th,A,pass,ai_assisted_review_pass_v1,,literature/code/BEnQA/data/BEnQA/12th-Physics-II.csv,185
898,benqa_ext_12th-Physics-II_0188,Physics-II,12th,D,pass,ai_assisted_review_pass_v1,,literature/code/BEnQA/data/BEnQA/12th-Physics-II.csv,188
899,benqa_ext_12th-Physics-II_0191,Physics-II,12th,C,pass,ai_assisted_review_pass_v1,,literature/code/BEnQA/data/BEnQA/12th-Physics-II.csv,191
900,benqa_ext_12th-Physics-II_0194,Physics-II,12th,B,pass,ai_assisted_review_pass_v1,,literature/code/BEnQA/data/BEnQA/12th-Physics-II.csv,194
901,benqa_ext_12th-Physics-II_0196,Physics-II,12th,B,pass,ai_assisted_review_pass_v1,,literature/code/BEnQA/data/BEnQA/12th-Physics-II.csv,196
902,benqa_ext_12th-Physics-II_0202,Physics-II,12th,B,pass,ai_assisted_review_pass_v1,,literature/code/BEnQA/data/BEnQA/12th-Physics-II.csv,202
903,benqa_ext_12th-Physics-II_0209,Physics-II,12th,A,pass,ai_assisted_review_pass_v1,,literature/code/BEnQA/data/BEnQA/12th-Physics-II.csv,209
904,benqa_ext_12th-Physics-II_0210,Physics-II,12th,A,pass,ai_assisted_review_pass_v1,,literature/code/BEnQA/data/BEnQA/12th-Physics-II.csv,210
905,benqa_ext_12th-Physics-II_0218,Physics-II,12th,C,pass,ai_assisted_review_pass_v1,,literature/code/BEnQA/data/BEnQA/12th-Physics-II.csv,218
906,benqa_ext_12th-Physics-II_0223,Physics-II,12th,C,pass,ai_assisted_review_pass_v1,,literature/code/BEnQA/data/BEnQA/12th-Physics-II.csv,223
907,benqa_ext_12th-Physics-II_0224,Physics-II,12th,A,pass,ai_assisted_review_pass_v1,,literature/code/BEnQA/data/BEnQA/12th-Physics-II.csv,224
908,benqa_ext_12th-Physics-II_0226,Physics-II,12th,C,pass,ai_assisted_review_pass_v1,,literature/code/BEnQA/data/BEnQA/12th-Physics-II.csv,226
909,benqa_ext_12th-Physics-II_0238,Physics-II,12th,A,pass,ai_assisted_review_pass_v1,,literature/code/BEnQA/data/BEnQA/12th-Physics-II.csv,238
910,benqa_ext_12th-Physics-II_0244,Physics-II,12th,D,pass,ai_assisted_review_pass_v1,,literature/code/BEnQA/data/BEnQA/12th-Physics-II.csv,244
911,benqa_ext_12th-Physics-II_0253,Physics-II,12th,C,pass,ai_assisted_review_pass_v1,,literature/code/BEnQA/data/BEnQA/12th-Physics-II.csv,253
912,benqa_ext_12th-Physics-II_0259,Physics-II,12th,B,pass,ai_assisted_review_pass_v1,,literature/code/BEnQA/data/BEnQA/12th-Physics-II.csv,259
913,benqa_ext_12th-Physics-II_0261,Physics-II,12th,D,pass,ai_assisted_review_pass_v1,,literature/code/BEnQA/data/BEnQA/12th-Physics-II.csv,261
914,benqa_ext_12th-Physics-II_0268,Physics-II,12th,D,pass,ai_assisted_review_pass_v1,,literature/code/BEnQA/data/BEnQA/12th-Physics-II.csv,268
915,benqa_ext_12th-Physics-II_0275,Physics-II,12th,B,pass,ai_assisted_review_pass_v1,,literature/code/BEnQA/data/BEnQA/12th-Physics-II.csv,275
916,benqa_ext_12th-Physics-II_0282,Physics-II,12th,C,pass,ai_assisted_review_pass_v1,,literature/code/BEnQA/data/BEnQA/12th-Physics-II.csv,282
917,benqa_ext_12th-Physics-II_0284,Physics-II,12th,D,pass,ai_assisted_review_pass_v1,,literature/code/BEnQA/data/BEnQA/12th-Physics-II.csv,284
918,benqa_ext_12th-Physics-II_0288,Physics-II,12th,B,pass,ai_assisted_review_pass_v1,,literature/code/BEnQA/data/BEnQA/12th-Physics-II.csv,288
919,benqa_ext_12th-Physics-II_0291,Physics-II,12th,D,pass,ai_assisted_review_pass_v1,,literature/code/BEnQA/data/BEnQA/12th-Physics-II.csv,291
920,benqa_ext_12th-Physics-II_0296,Physics-II,12th,C,pass,ai_assisted_review_pass_v1,,literature/code/BEnQA/data/BEnQA/12th-Physics-II.csv,296
921,benqa_ext_12th-Physics-II_0307,Physics-II,12th,B,pass,ai_assisted_review_pass_v1,,literature/code/BEnQA/data/BEnQA/12th-Physics-II.csv,307
922,benqa_ext_12th-Physics-II_0308,Physics-II,12th,C,pass,ai_assisted_review_pass_v1,,literature/code/BEnQA/data/BEnQA/12th-Physics-II.csv,308
923,benqa_ext_12th-Physics-II_0309,Physics-II,12th,B,pass,ai_assisted_review_pass_v1,,literature/code/BEnQA/data/BEnQA/12th-Physics-II.csv,309
924,benqa_ext_12th-Physics-II_0314,Physics-II,12th,B,pass,ai_assisted_review_pass_v1,,literature/code/BEnQA/data/BEnQA/12th-Physics-II.csv,314
925,benqa_ext_12th-Physics-II_0320,Physics-II,12th,B,pass,ai_assisted_review_pass_v1,,literature/code/BEnQA/data/BEnQA/12th-Physics-II.csv,320
926,benqa_ext_12th-Physics-II_0321,Physics-II,12th,D,pass,ai_assisted_review_pass_v1,,literature/code/BEnQA/data/BEnQA/12th-Physics-II.csv,321
927,benqa_ext_12th-Physics-II_0323,Physics-II,12th,C,pass,ai_assisted_review_pass_v1,,literature/code/BEnQA/data/BEnQA/12th-Physics-II.csv,323
928,benqa_ext_12th-Physics-II_0329,Physics-II,12th,A,pass,ai_assisted_review_pass_v1,,literature/code/BEnQA/data/BEnQA/12th-Physics-II.csv,329
929,benqa_ext_12th-Physics-II_0330,Physics-II,12th,B,pass,ai_assisted_review_pass_v1,,literature/code/BEnQA/data/BEnQA/12th-Physics-II.csv,330
930,benqa_ext_12th-Physics-II_0331,Physics-II,12th,A,pass,ai_assisted_review_pass_v1,,literature/code/BEnQA/data/BEnQA/12th-Physics-II.csv,331
931,benqa_ext_12th-Physics-II_0332,Physics-II,12th,D,pass,ai_assisted_review_pass_v1,,literature/code/BEnQA/data/BEnQA/12th-Physics-II.csv,332
932,benqa_ext_8th-Science_0001,Science,8th,D,pass,ai_assisted_review_pass_v1,,literature/code/BEnQA/data/BEnQA/8th-Science.csv,1
933,benqa_ext_8th-Science_0002,Science,8th,C,pass,ai_assisted_review_pass_v1,,literature/code/BEnQA/data/BEnQA/8th-Science.csv,2
934,benqa_ext_8th-Science_0004,Science,8th,C,pass,ai_assisted_review_pass_v1,,literature/code/BEnQA/data/BEnQA/8th-Science.csv,4
935,benqa_ext_8th-Science_0007,Science,8th,A,pass,ai_assisted_review_pass_v1,,literature/code/BEnQA/data/BEnQA/8th-Science.csv,7
936,benqa_ext_8th-Science_0010,Science,8th,D,pass,ai_assisted_review_pass_v1,,literature/code/BEnQA/data/BEnQA/8th-Science.csv,10
937,benqa_ext_8th-Science_0011,Science,8th,A,pass,ai_assisted_review_pass_v1,,literature/code/BEnQA/data/BEnQA/8th-Science.csv,11
938,benqa_ext_8th-Science_0012,Science,8th,C,pass,ai_assisted_review_pass_v1,,literature/code/BEnQA/data/BEnQA/8th-Science.csv,12
939,benqa_ext_8th-Science_0020,Science,8th,A,pass,ai_assisted_review_pass_v1,,literature/code/BEnQA/data/BEnQA/8th-Science.csv,20
940,benqa_ext_8th-Science_0021,Science,8th,C,pass,ai_assisted_review_pass_v1,,literature/code/BEnQA/data/BEnQA/8th-Science.csv,21
941,benqa_ext_8th-Science_0028,Science,8th,B,pass,ai_assisted_review_pass_v1,,literature/code/BEnQA/data/BEnQA/8th-Science.csv,28
942,benqa_ext_8th-Science_0034,Science,8th,A,pass,ai_assisted_review_pass_v1,,literature/code/BEnQA/data/BEnQA/8th-Science.csv,34
943,benqa_ext_8th-Science_0038,Science,8th,C,pass,ai_assisted_review_pass_v1,,literature/code/BEnQA/data/BEnQA/8th-Science.csv,38
944,benqa_ext_8th-Science_0046,Science,8th,D,pass,ai_assisted_review_pass_v1,,literature/code/BEnQA/data/BEnQA/8th-Science.csv,46
945,benqa_ext_8th-Science_0048,Science,8th,B,pass,ai_assisted_review_pass_v1,,literature/code/BEnQA/data/BEnQA/8th-Science.csv,48
946,benqa_ext_8th-Science_0049,Science,8th,C,pass,ai_assisted_review_pass_v1,,literature/code/BEnQA/data/BEnQA/8th-Science.csv,49
947,benqa_ext_8th-Science_0050,Science,8th,A,pass,ai_assisted_review_pass_v1,,literature/code/BEnQA/data/BEnQA/8th-Science.csv,50
948,benqa_ext_8th-Science_0053,Science,8th,D,pass,ai_assisted_review_pass_v1,,literature/code/BEnQA/data/BEnQA/8th-Science.csv,53
949,benqa_ext_8th-Science_0057,Science,8th,A,pass,ai_assisted_review_pass_v1,,literature/code/BEnQA/data/BEnQA/8th-Science.csv,57
950,benqa_ext_8th-Science_0059,Science,8th,C,pass,ai_assisted_review_pass_v1,,literature/code/BEnQA/data/BEnQA/8th-Science.csv,59
951,benqa_ext_8th-Science_0060,Science,8th,B,pass,ai_assisted_review_pass_v1,,literature/code/BEnQA/data/BEnQA/8th-Science.csv,60
952,benqa_ext_8th-Science_0063,Science,8th,A,pass,ai_assisted_review_pass_v1,,literature/code/BEnQA/data/BEnQA/8th-Science.csv,63
953,benqa_ext_8th-Science_0077,Science,8th,D,pass,ai_assisted_review_pass_v1,,literature/code/BEnQA/data/BEnQA/8th-Science.csv,77
954,benqa_ext_8th-Science_0082,Science,8th,C,pass,ai_assisted_review_pass_v1,,literature/code/BEnQA/data/BEnQA/8th-Science.csv,82
955,benqa_ext_8th-Science_0083,Science,8th,D,pass,ai_assisted_review_pass_v1,,literature/code/BEnQA/data/BEnQA/8th-Science.csv,83
956,benqa_ext_8th-Science_0090,Science,8th,C,pass,ai_assisted_review_pass_v1,,literature/code/BEnQA/data/BEnQA/8th-Science.csv,90
957,benqa_ext_8th-Science_0095,Science,8th,C,pass,ai_assisted_review_pass_v1,,literature/code/BEnQA/data/BEnQA/8th-Science.csv,95
958,benqa_ext_8th-Science_0097,Science,8th,A,pass,ai_assisted_review_pass_v1,,literature/code/BEnQA/data/BEnQA/8th-Science.csv,97
959,benqa_ext_8th-Science_0103,Science,8th,A,pass,ai_assisted_review_pass_v1,,literature/code/BEnQA/data/BEnQA/8th-Science.csv,103
960,benqa_ext_8th-Science_0104,Science,8th,C,pass,ai_assisted_review_pass_v1,,literature/code/BEnQA/data/BEnQA/8th-Science.csv,104
961,benqa_ext_8th-Science_0110,Science,8th,D,pass,ai_assisted_review_pass_v1,,literature/code/BEnQA/data/BEnQA/8th-Science.csv,110
962,benqa_ext_8th-Science_0114,Science,8th,A,pass,ai_assisted_review_pass_v1,,literature/code/BEnQA/data/BEnQA/8th-Science.csv,114
963,benqa_ext_8th-Science_0116,Science,8th,B,pass,ai_assisted_review_pass_v1,,literature/code/BEnQA/data/BEnQA/8th-Science.csv,116
964,benqa_ext_8th-Science_0119,Science,8th,C,pass,ai_assisted_review_pass_v1,,literature/code/BEnQA/data/BEnQA/8th-Science.csv,119
965,benqa_ext_8th-Science_0124,Science,8th,D,pass,ai_assisted_review_pass_v1,,literature/code/BEnQA/data/BEnQA/8th-Science.csv,124
966,benqa_ext_8th-Science_0128,Science,8th,A,pass,ai_assisted_review_pass_v1,,literature/code/BEnQA/data/BEnQA/8th-Science.csv,128
967,benqa_ext_8th-Science_0129,Science,8th,A,pass,ai_assisted_review_pass_v1,,literature/code/BEnQA/data/BEnQA/8th-Science.csv,129
968,benqa_ext_8th-Science_0131,Science,8th,B,pass,ai_assisted_review_pass_v1,,literature/code/BEnQA/data/BEnQA/8th-Science.csv,131
969,benqa_ext_8th-Science_0134,Science,8th,D,pass,ai_assisted_review_pass_v1,,literature/code/BEnQA/data/BEnQA/8th-Science.csv,134
970,benqa_ext_8th-Science_0144,Science,8th,A,pass,ai_assisted_review_pass_v1,,literature/code/BEnQA/data/BEnQA/8th-Science.csv,144
971,benqa_ext_8th-Science_0146,Science,8th,D,pass,ai_assisted_review_pass_v1,,literature/code/BEnQA/data/BEnQA/8th-Science.csv,146
972,benqa_ext_8th-Science_0154,Science,8th,C,pass,ai_assisted_review_pass_v1,,literature/code/BEnQA/data/BEnQA/8th-Science.csv,154
973,benqa_ext_8th-Science_0155,Science,8th,A,pass,ai_assisted_review_pass_v1,,literature/code/BEnQA/data/BEnQA/8th-Science.csv,155
974,benqa_ext_8th-Science_0156,Science,8th,D,pass,ai_assisted_review_pass_v1,,literature/code/BEnQA/data/BEnQA/8th-Science.csv,156
975,benqa_ext_8th-Science_0168,Science,8th,B,pass,ai_assisted_review_pass_v1,,literature/code/BEnQA/data/BEnQA/8th-Science.csv,168
976,benqa_ext_8th-Science_0171,Science,8th,B,pass,ai_assisted_review_pass_v1,,literature/code/BEnQA/data/BEnQA/8th-Science.csv,171
977,benqa_ext_8th-Science_0173,Science,8th,A,pass,ai_assisted_review_pass_v1,,literature/code/BEnQA/data/BEnQA/8th-Science.csv,173
978,benqa_ext_8th-Science_0175,Science,8th,B,pass,ai_assisted_review_pass_v1,,literature/code/BEnQA/data/BEnQA/8th-Science.csv,175
979,benqa_ext_8th-Science_0178,Science,8th,C,pass,ai_assisted_review_pass_v1,,literature/code/BEnQA/data/BEnQA/8th-Science.csv,178
980,benqa_ext_8th-Science_0179,Science,8th,D,pass,ai_assisted_review_pass_v1,,literature/code/BEnQA/data/BEnQA/8th-Science.csv,179
981,benqa_ext_8th-Science_0180,Science,8th,C,pass,ai_assisted_review_pass_v1,,literature/code/BEnQA/data/BEnQA/8th-Science.csv,180
982,benqa_ext_8th-Science_0181,Science,8th,D,pass,ai_assisted_review_pass_v1,,literature/code/BEnQA/data/BEnQA/8th-Science.csv,181
983,benqa_ext_8th-Science_0182,Science,8th,A,pass,ai_assisted_review_pass_v1,,literature/code/BEnQA/data/BEnQA/8th-Science.csv,182
984,benqa_ext_8th-Science_0187,Science,8th,C,pass,ai_assisted_review_pass_v1,,literature/code/BEnQA/data/BEnQA/8th-Science.csv,187
985,benqa_ext_8th-Science_0188,Science,8th,D,pass,ai_assisted_review_pass_v1,,literature/code/BEnQA/data/BEnQA/8th-Science.csv,188
986,benqa_ext_8th-Science_0191,Science,8th,A,pass,ai_assisted_review_pass_v1,,literature/code/BEnQA/data/BEnQA/8th-Science.csv,191
987,benqa_ext_8th-Science_0194,Science,8th,D,pass,ai_assisted_review_pass_v1,,literature/code/BEnQA/data/BEnQA/8th-Science.csv,194
988,benqa_ext_8th-Science_0196,Science,8th,B,pass,ai_assisted_review_pass_v1,,literature/code/BEnQA/data/BEnQA/8th-Science.csv,196
989,benqa_ext_8th-Science_0199,Science,8th,D,pass,ai_assisted_review_pass_v1,,literature/code/BEnQA/data/BEnQA/8th-Science.csv,199
990,benqa_ext_8th-Science_0201,Science,8th,C,pass,ai_assisted_review_pass_v1,,literature/code/BEnQA/data/BEnQA/8th-Science.csv,201
991,benqa_ext_8th-Science_0203,Science,8th,C,pass,ai_assisted_review_pass_v1,,literature/code/BEnQA/data/BEnQA/8th-Science.csv,203
992,benqa_ext_8th-Science_0205,Science,8th,B,pass,ai_assisted_review_pass_v1,,literature/code/BEnQA/data/BEnQA/8th-Science.csv,205
993,benqa_ext_8th-Science_0206,Science,8th,D,pass,ai_assisted_review_pass_v1,,literature/code/BEnQA/data/BEnQA/8th-Science.csv,206
994,benqa_ext_8th-Science_0216,Science,8th,B,pass,ai_assisted_review_pass_v1,,literature/code/BEnQA/data/BEnQA/8th-Science.csv,216
995,benqa_ext_8th-Science_0222,Science,8th,B,pass,ai_assisted_review_pass_v1,,literature/code/BEnQA/data/BEnQA/8th-Science.csv,222
996,benqa_ext_8th-Science_0223,Science,8th,B,pass,ai_assisted_review_pass_v1,,literature/code/BEnQA/data/BEnQA/8th-Science.csv,223
997,benqa_ext_8th-Science_0224,Science,8th,B,pass,ai_assisted_review_pass_v1,,literature/code/BEnQA/data/BEnQA/8th-Science.csv,224
998,benqa_ext_8th-Science_0225,Science,8th,A,pass,ai_assisted_review_pass_v1,,literature/code/BEnQA/data/BEnQA/8th-Science.csv,225
999,benqa_ext_8th-Science_0226,Science,8th,C,pass,ai_assisted_review_pass_v1,,literature/code/BEnQA/data/BEnQA/8th-Science.csv,226
1000,benqa_ext_8th-Science_0228,Science,8th,C,pass,ai_assisted_review_pass_v1,,literature/code/BEnQA/data/BEnQA/8th-Science.csv,228
