queue_index,id,decision,reviewed_banglish,notes,subject,answer,quality_status,warnings
1,benqa_ext_12th-Biology-II_0261,,"bornandhotay akrant konyar bab-ma holo-
A. sbabhabik ma o bornandh baba
B. bahok ma o sbabhabik baba
C. bahok ma o sbabhabik baba
D. bornandh ma o sbabhabik baba
Answer with only A, B, C, or D.",,Biology-II,C,ai_assisted_review_warn_v1,bangla_duplicate_option_text;banglish_duplicate_option_text;english_duplicate_option_text
2,benqa_ext_10th-Math-II_0230,,"A(1, 1), B(2, 2) ebong C(0, 5) ekoti tribhujer tinoti shirshobindu. ABC tribhujer kshetrofol kot?
A. 17 square units
B. 8.5 units
C. 17 square units
D. 2.5 square units
Answer with only A, B, C, or D.",,Math-II,D,ai_assisted_review_warn_v1,bangla_duplicate_option_text;banglish_duplicate_option_text;english_duplicate_option_text
3,benqa_ext_10th-Biology_0281,,"E udbhidoh CO_{2} bijarone 1m sthayi podarth fosofoglisarik esid F udbhidoh CO_{2} bijarone 1m sthayi podarth oksalo esitik esid E udbhid holo- i. palong shak ii. bhutta iii. alu nicher konoti sothik?
A. i o ii
B. i o iii
C. ii o iii
D. i, ii o iii
Answer with only A, B, C, or D.",,Biology,B,ai_assisted_review_warn_v1,bangla_english_digit_mismatch;bangla_banglish_formulaish_token_mismatch
4,benqa_ext_12th-Biology-I_0207,,"kosh chokrer biram-1 (G-1) doshar byoyit somoy-
A. 10-20%
B. 30-40%
C. 30-50%
D. 90-95%
Answer with only A, B, C, or D.",,Biology-I,B,ai_assisted_review_warn_v1,bangla_english_digit_mismatch;bangla_banglish_formulaish_token_mismatch
5,benqa_ext_12th-Biology-II_0144,,"dwadosh shrenir chhatr kobirer uchchota 1.75 mitar ebong ojon 87 keji. uddipoke onusore kobirer sbasthyogot shreni-
A. 1m shrenir sthulota
B. otirikt ojon
C. 2y sheronir sthulota
D. sbabhabik
Answer with only A, B, C, or D.",,Biology-II,B,ai_assisted_review_warn_v1,bangla_english_digit_mismatch;bangla_banglish_formulaish_token_mismatch
6,benqa_ext_12th-Biology-II_0222,,"dwadosh shrenir chhatr joner uchchota 1.65 mitar ebong ojon 78 keji hole se sthulotar kon poryaye achhe?
A. otirikt ojon
B. 1m shrenir sthulota
C. 2y shrenir stholota
D. 3y shrenir stholota
Answer with only A, B, C, or D.",,Biology-II,A,ai_assisted_review_warn_v1,bangla_english_digit_mismatch;bangla_banglish_formulaish_token_mismatch
7,benqa_ext_12th-Chemistry-I_0212,,"H-poromanur 4rth kokshopother byasardh 7.5\times 10^{-10}m hole, oi kokshe ilekotronotir gotibeg kot? [ilekotroner tor = 9.1\times 10^{-31}Kg]
A. 4.5982\times 10^{5}ms^{-1}
B. 5.9482\times 10^{5}ms^{-1}
C. 6.1805\times 10^{5}ms^{-1}
D. 7.4805\times 10^{5}ms^{-1}
Answer with only A, B, C, or D.",,Chemistry-I,C,ai_assisted_review_warn_v1,bangla_english_digit_mismatch;bangla_banglish_formulaish_token_mismatch
8,benqa_ext_12th-Chemistry-II_0005,,"1.8 kg panite kotogulo haidrojen poromanu bidyoman?
A. 6.023 \times 10^{23} ti
B. 12.046 \times 10^{23} ti
C. 6.023 \times 10^{25} ti
D. 12.046 \times 10^{25} ti
Answer with only A, B, C, or D.",,Chemistry-II,D,ai_assisted_review_warn_v1,english_duplicate_option_text;bangla_english_digit_mismatch
9,benqa_ext_12th-Chemistry-II_0183,,"konoti sothik?
A. E^o_ {kosh} = E^o_{anod (jaron)} + E^o_{kyathod (jaron)}
B. E^o_ {kosh} = E^o_{anod (jaron)} - E^o_{kyathod (bijaron)}
C. E^o_ {kosh} = E^o_{anod (jaron)} + E^o_{kyathod (bijaron)}
D. E^o_ {kosh} = E^o_{anod (jaron)} - E^o_{kyathod (bijaron)}
Answer with only A, B, C, or D.",,Chemistry-II,C,ai_assisted_review_warn_v1,bangla_duplicate_option_text;banglish_duplicate_option_text
10,benqa_ext_12th-Chemistry-II_0244,,"NaOH er 2.5% droboner ghonomatra ppm ekoke kot?
A. 2.5 \times 10^{2}
B. 2.5 \times 10^{3}
C. 2.5 \times 10^{4}
D. 2.5 \times 10^{5}
Answer with only A, B, C, or D.",,Chemistry-II,C,ai_assisted_review_warn_v1,english_duplicate_option_text;bangla_english_digit_mismatch
11,benqa_ext_10th-Math-II_0239,,"(x - \frac{1}{x})^{6} er bistritite- i. podosongkhya 7 ii. 3y pod 15x^{2} iii. x mukt pod 200 nicher konoti sothik?
A. i o ii
B. i o iii
C. ii o iii
D. i, ii o iii
Answer with only A, B, C, or D.",,Math-II,A,ai_assisted_review_warn_v1,bangla_english_digit_mismatch;bangla_banglish_formulaish_token_mismatch
12,benqa_ext_12th-Math-II_0269,,"20 m/s bege o 4 m/s^{2} somotborone choloman bostukonar 5-tom sekende otikrant durotto-
A. 36 m
B. 38 m
C. 42 m
D. 150 m
Answer with only A, B, C, or D.",,Math-II,B,ai_assisted_review_warn_v1,bangla_english_digit_mismatch;bangla_banglish_formulaish_token_mismatch
13,benqa_ext_12th-Physics-II_0241,,"iyong er dwichir porikshay chirodboyer modhyoborti durotto 0.4 mm chirotike 6000 \AA toronggodoirghyer alo dwara alokit korole porday kendriy ujjbol hote 18 mm dure sorboshesh ujjbol dora paoya jay. chitr hote pordar durotto 1 m. dwitiy ujjbol dora hote 4rth ondhokar kendrer modhyoborti durotto kot?
A. 1.25 mm
B. 2.25 mm
C. 4.5 mm
D. 5.5 mm
Answer with only A, B, C, or D.",,Physics-II,B,ai_assisted_review_warn_v1,bangla_english_digit_mismatch;bangla_banglish_formulaish_token_mismatch
14,benqa_ext_8th-Science_0088,,"prithibir kon onchole obhikorshoj tboroner man9.78 mitar/sekend^{2} ?
A. meru onchole
B. bishubiy onchole
C. krastiy onchole
D. prithibir prishthe
Answer with only A, B, C, or D.",,Science,B,ai_assisted_review_warn_v1,bangla_banglish_formulaish_token_mismatch;suspicious_romanization_pattern:\btb[a-z]+
15,benqa_ext_10th-Biology_0024,,"amishe shotokora kot bhag naitrojen thake?
A. 14
B. 15
C. 16
D. 17
Answer with only A, B, C, or D.",,Biology,C,ai_assisted_review_warn_v1,bangla_english_digit_mismatch
16,benqa_ext_10th-Biology_0031,,"ekoti kromojomer doirghy sadharonot kot?
A. 3.5 theke 30.0 maikron
B. 3.5 theke 35.0 maikron
C. 4.5 theke 30.0 maikron
D. 55 theke 30.0 maikron
Answer with only A, B, C, or D.",,Biology,A,ai_assisted_review_warn_v1,bangla_english_digit_mismatch
17,benqa_ext_10th-Biology_0061,,"khaddo piramider upor theke 2y store kon khaddo royechhe?
A. dim o machh
B. kumora o am
C. mangs o tel
D. bhat o ruti
Answer with only A, B, C, or D.",,Biology,A,ai_assisted_review_warn_v1,bangla_banglish_formulaish_token_mismatch
18,benqa_ext_10th-Biology_0068,,"rotoner boyos 39 bochhor. tar ojon 69 keji ebong uchchota 170 se.mi.. rotoner BMR kot kyalori?
A. 1596
B. 1915
C. 2195
D. 2474
Answer with only A, B, C, or D.",,Biology,A,ai_assisted_review_warn_v1,bangla_english_digit_mismatch
19,benqa_ext_10th-Biology_0135,,"5ATP \rightarrow 5ADP + 5Pi + shokti uddipoke utoponn shoktir porimap kot kilokyalori?
A. 7.3
B. 21.6
C. 80.6
D. 36.5
Answer with only A, B, C, or D.",,Biology,D,ai_assisted_review_warn_v1,bangla_english_digit_mismatch
20,benqa_ext_10th-Biology_0141,,"liukemiya roge konoti hoy?
A. lohit roktokonika bere jay
B. shbet roktokonika kome jay
C. osthimojja kyansare akrant hoy
D. tboke chhot kal dag deya dey
Answer with only A, B, C, or D.",,Biology,C,ai_assisted_review_warn_v1,suspicious_romanization_pattern:\btb[a-z]+
21,benqa_ext_10th-Biology_0201,,"panite CO_{2} er poriman kot?
A. 0.40%
B. 0.30%
C. 0.04%
D. 0.03%
Answer with only A, B, C, or D.",,Biology,B,ai_assisted_review_warn_v1,bangla_english_digit_mismatch
22,benqa_ext_10th-Biology_0214,,"shbosoner jony uttom tapomatra konoti?
A. 20\degree se. - 30\degree se.
B. 20\degree se. - 35\degree se.
C. 20\degree se. - 40\degree se.
D. 20\degree se. - 45\degree se.
Answer with only A, B, C, or D.",,Biology,D,ai_assisted_review_warn_v1,bangla_english_digit_mismatch
23,benqa_ext_12th-Biology-I_0021,,"C_4 chokrer prothom sthayi joug konoti?
A. 3-fosofoglisarik esid
B. oksaloesitik esid
C. pairubhik esid
D. myalik esid
Answer with only A, B, C, or D.",,Biology-I,B,ai_assisted_review_warn_v1,bangla_banglish_formulaish_token_mismatch
24,benqa_ext_12th-Biology-I_0169,,"Cycas er shukranur kshetre projojy konoti?
A. brihot o flyajelobihin
B. kshudr o flyajelajukt
C. brihot o bohuflyajelajukt
D. brihot o 1ti flyajela
Answer with only A, B, C, or D.",,Biology-I,C,ai_assisted_review_warn_v1,bangla_banglish_formulaish_token_mismatch
25,benqa_ext_12th-Biology-I_0189,,"glaikolaisis prokriyay 1 onu glukoj theke kot onu pairubhik esid toiri hoy?
A. 2
B. 3
C. 4
D. 5
Answer with only A, B, C, or D.",,Biology-I,A,ai_assisted_review_warn_v1,bangla_english_digit_mismatch
26,benqa_ext_12th-Biology-I_0192,,"krebos chokrer madhyome 1 onu asitail ko-e hote mot kot onu ATP utoponn hoy?
A. 8
B. 12
C. 24
D. 30
Answer with only A, B, C, or D.",,Biology-I,B,ai_assisted_review_warn_v1,bangla_english_digit_mismatch
27,benqa_ext_12th-Biology-I_0211,,"mayosis profej-1 er sothik krom poryay konoti?
A. jaigotin \rightarrow diplotin \rightarrow pyakaitin \rightarrow dayakainesis
B. leptotin \rightarrow pyakaitin \rightarrow diplotin \rightarrow jaigotin
C. jaigotin \rightarrow leptotin \rightarrow pyakaitin \rightarrow diplotin
D. leptotin \rightarrow jaigotin \rightarrow pyakaitin \rightarrow diplotin
Answer with only A, B, C, or D.",,Biology-I,D,ai_assisted_review_warn_v1,bangla_banglish_formulaish_token_mismatch
28,benqa_ext_12th-Biology-I_0264,,"mi. 'k' byoboharik klase ekoti nomunar poryobekshon kore dekholo metajailem kendrer dike, bhaskular bandol 9ti ebong kichhu ekokoshi rom achhe. nomunati-
A. ekobijopotri mul
B. ekobijopotri kand
C. dwibijopotri mul
D. dwibijopotri kand
Answer with only A, B, C, or D.",,Biology-I,A,ai_assisted_review_warn_v1,bangla_banglish_formulaish_token_mismatch
29,benqa_ext_12th-Biology-I_0290,,"salokosongshleshon prokriyay alok niropeksh odhyayer duti gotipoth royechhe. tader ekotite 3-fosofoglisarik asid o onyotite oksalo asitik asid utoponn hoy. dwitiy gotipoth onusoronokari udbhider kshetre- i. dui dhoroner kloroplast ii. kryanj anatomi dekha jay iii. beshi ghonotber CO_2 proyojon nicher konoti sothik?
A. i o ii
B. ii o iii
C. i o iii
D. i, ii, o iii
Answer with only A, B, C, or D.",,Biology-I,A,ai_assisted_review_warn_v1,bangla_banglish_formulaish_token_mismatch
30,benqa_ext_12th-Biology-II_0199,,"duti kalo ginipiger modhye kros ghotanor fole sada o kalo ubhoy dhoroneroi opoty jonm nil. uddipoker aloke kalo o sada opotyer onupat kot?
A. 1 : 1
B. 2 : 1
C. 3 : 1
D. 1 : 2
Answer with only A, B, C, or D.",,Biology-II,C,ai_assisted_review_warn_v1,bangla_english_digit_mismatch
31,benqa_ext_12th-Biology-II_0245,,"joib prochchhonn epistyatis er onupat konoti?
A. 3:1
B. 13:3
C. 9:7
D. 2:1
Answer with only A, B, C, or D.",,Biology-II,C,ai_assisted_review_warn_v1,bangla_english_digit_mismatch
32,benqa_ext_10th-Chemistry_0112,,"myagonesiyam fosofeter songket konoti?
A. Mg(PO_{4})_{2}
B. Mg_{2}(PO_{4})_{2}
C. Mg_{2}(PO_{4})
D. Mg_{3}(PO_{4})_{2}
Answer with only A, B, C, or D.",,Chemistry,D,ai_assisted_review_warn_v1,bangla_english_digit_mismatch
33,benqa_ext_10th-Chemistry_0137,,"nicher konotir ilekotron binyas odhikotor susthit?
A. (n - 1)d^{10}ns^{1}
B. (n - 1)d^{8}ns^{2}
C. (n - 1)d^{7}ns^{2}
D. (n - 1)d^{4}ns^{2}
Answer with only A, B, C, or D.",,Chemistry,A,ai_assisted_review_warn_v1,bangla_english_digit_mismatch
34,benqa_ext_10th-Chemistry_0152,,"CH_{2} = CH - CH_{3} + Br_{2} \rightarrow Y ekhane Y jougotir nam-
A. 1, 2-daibromo propen
B. propail bromaid
C. propin bromaid
D. 2, 3-daibromo propen
Answer with only A, B, C, or D.",,Chemistry,A,ai_assisted_review_warn_v1,bangla_banglish_formulaish_token_mismatch
35,benqa_ext_10th-Chemistry_0154,,"ilekotriner apekshik bhor kot?
A. 9.11 \times 10^{-28}g
B. 1.673 \times 10^{-28}g
C. 1.675 \times 10^{-28}g
D. 0
Answer with only A, B, C, or D.",,Chemistry,D,ai_assisted_review_warn_v1,bangla_english_digit_mismatch
36,benqa_ext_10th-Chemistry_0176,,"panite odroboniy joug konoti?
A. NaCl
B. MgCl_{2}
C. AlCl_{2}
D. CCl_{4}
Answer with only A, B, C, or D.",,Chemistry,D,ai_assisted_review_warn_v1,bangla_english_digit_mismatch
37,benqa_ext_10th-Chemistry_0185,,"CH_{3}CH_{2}OH \xrightarrow{[O]} X \xrightarrow{[O]} Y X o Y er kshetre- i. X alodihaid, Y joib esid ii. X er 40% joliy drobon foromalin name porichit iii. Y er 4-10% joliy drobon bhinegar name porichit nicher konoti sothik?
A. i o ii
B. i o iii
C. ii o iii
D. i, ii o iii
Answer with only A, B, C, or D.",,Chemistry,B,ai_assisted_review_warn_v1,bangla_english_digit_mismatch
38,benqa_ext_10th-Chemistry_0218,,"2y poryayer sorboshesh moul konoti?
A. He
B. Ne
C. Ar
D. Kr
Answer with only A, B, C, or D.",,Chemistry,B,ai_assisted_review_warn_v1,bangla_banglish_formulaish_token_mismatch
39,benqa_ext_10th-Chemistry_0238,,"tiumarer uposthiti nirnoye konoti byobohrit hoy?
A. ^{32}P
B. ^{131}I
C. ^{60}Co
D. ^{99}Tc
Answer with only A, B, C, or D.",,Chemistry,C,ai_assisted_review_warn_v1,bangla_english_digit_mismatch
40,benqa_ext_10th-Chemistry_0250,,"nicher konoti plangk dhrubok (m^{2}Kg/s) er man?
A. 3.16 \times 10^{-23}
B. 1.66 \times 10^{-24}
C. 9.11 \times 10^{-31}
D. 6.62 \times 10^{-34}
Answer with only A, B, C, or D.",,Chemistry,D,ai_assisted_review_warn_v1,bangla_english_digit_mismatch
41,benqa_ext_10th-Chemistry_0259,,"nicher kon jougoti bromin droboner lal bornoke bornohin korote pare?
A. C_{3}H_{8}
B. C_{3}H_{6}
C. C_{2}H_{6}O
D. C_{3}H_{8}O
Answer with only A, B, C, or D.",,Chemistry,B,ai_assisted_review_warn_v1,bangla_english_digit_mismatch
42,benqa_ext_10th-Chemistry_0263,,"CH_{3} - C \equiv CH \xrightarrow{Br_{2}} 'M' \xrightarrow{Br_{2}} 'N' 'N' jougotir nam ki?
A. 1, 1-daibromo propen
B. 2, 2-daibromo propen
C. 1, 1, 2, 2-tettabromo propen
D. 1, 2-daibromo propin
Answer with only A, B, C, or D.",,Chemistry,C,ai_assisted_review_warn_v1,bangla_banglish_formulaish_token_mismatch
43,benqa_ext_10th-Chemistry_0274,,"2FeCl_{2} + Cl_{2} = 2FeCl_{3} bikriyatite- i. Fe^{2+} bijarok ii. Cl_{2} jarok iii. Fe^{2+} er jaron ghote nicher konoti sothik?
A. i o ii
B. ii o iii
C. i o iii
D. i, ii o iii
Answer with only A, B, C, or D.",,Chemistry,D,ai_assisted_review_warn_v1,bangla_english_digit_mismatch
44,benqa_ext_10th-Chemistry_0355,,"desimolar drobon bolote kot molar drobonoke bujhay?
A. 0.01 M
B. 0.05M
C. 0.01M
D. 0.5M
Answer with only A, B, C, or D.",,Chemistry,C,ai_assisted_review_warn_v1,bangla_english_digit_mismatch
45,benqa_ext_10th-Chemistry_0382,,"poryay saronir grup-18 te kototi moul achhe?
A. 4
B. 5
C. 6
D. 7
Answer with only A, B, C, or D.",,Chemistry,D,ai_assisted_review_warn_v1,bangla_banglish_formulaish_token_mismatch
46,benqa_ext_12th-Chemistry-I_0046,,"Mg(OH)_{2} ebong Al(OH)_{3} er modhye- i. Al(OH)_{3} odhik somojoji ii. Mg(OH)_{2} er golonangk beshi iii. Mg(OH)_{2} opeksha Al(OH)_{3} durbol ksharok nicher konoti sothik?
A. i o ii
B. ii o iii
C. i o iii
D. i, ii o iii
Answer with only A, B, C, or D.",,Chemistry-I,D,ai_assisted_review_warn_v1,bangla_english_digit_mismatch
47,benqa_ext_12th-Chemistry-I_0063,,"sbabhabik obosthay haidrojen poromanur abortonoshil ilekotroner kounik bhorobeg kot?
A. 1.05\times 10^{-34}Js
B. 2.11\times 10^{-34}Js
C. 3.16\times 10^{-34}Js
D. 4.22\times 10^{-34}Js
Answer with only A, B, C, or D.",,Chemistry-I,A,ai_assisted_review_warn_v1,bangla_english_digit_mismatch
48,benqa_ext_12th-Chemistry-I_0065,,"garh loboner drobone khadyodroby dubiye songrokshon korake ki bola hoy?
A. kiling
B. kiuring
C. smoking
D. kyaning
Answer with only A, B, C, or D.",,Chemistry-I,B,ai_assisted_review_warn_v1,suspicious_romanization_pattern:\bkhady[a-z]+
49,benqa_ext_12th-Chemistry-I_0163,,"50 mL 0.18 M CH_{3}COOH drobone 60 mL 0.10M NaOH drobon jog kora hol. pKa = 4.76 uddipoker droboner samany poriman H_{2}SO_{4} jog korole ki ghotobe?
A. pH barobe
B. pH sthir thakobe
C. H_{+} er ghonomatra barobe
D. OH^{-} ayoner ghonomatra komobe
Answer with only A, B, C, or D.",,Chemistry-I,B,ai_assisted_review_warn_v1,bangla_english_digit_mismatch
50,benqa_ext_12th-Chemistry-I_0178,,"450^{\circ}C tapomatray HI 35% biyojit hole K_{p} er man kot?
A. 0.8250 atm
B. 0.7250 atm
C. 0.0825 atm
D. 0.0725 atm
Answer with only A, B, C, or D.",,Chemistry-I,D,ai_assisted_review_warn_v1,bangla_english_digit_mismatch
51,benqa_ext_12th-Chemistry-I_0267,,"25^{\circ} se. tapomatray 150 gram somprikt drobone 50 gram droby drobibhut thakole oi drober drabyota kot?
A. 100
B. 75
C. 50
D. 25
Answer with only A, B, C, or D.",,Chemistry-I,C,ai_assisted_review_warn_v1,bangla_english_digit_mismatch
52,benqa_ext_12th-Chemistry-I_0346,,"bamar sirijer 2y lainer kshetre n-er man kot?
A. 2
B. 3
C. 4
D. 5
Answer with only A, B, C, or D.",,Chemistry-I,C,ai_assisted_review_warn_v1,bangla_banglish_formulaish_token_mismatch
53,benqa_ext_12th-Chemistry-II_0003,,"alok sokriy alokohol konoti?
A. 2-mithailobiutan-1-ol
B. 2-mithailobiutan-2-ol
C. 2-mithailopentan-3-ol
D. 2-mithailopentan-2-ol
Answer with only A, B, C, or D.",,Chemistry-II,A,ai_assisted_review_warn_v1,bangla_banglish_formulaish_token_mismatch
54,benqa_ext_12th-Chemistry-II_0017,,"AgNO_{3} drobone 0.1F torit chalona korole kyathode kot gram silobhar joma hobe?
A. 108
B. 10.8
C. 1.08
D. 0.108
Answer with only A, B, C, or D.",,Chemistry-II,B,ai_assisted_review_warn_v1,bangla_english_digit_mismatch
55,benqa_ext_12th-Chemistry-II_0022,,"konoti praimari styandard podarth?
A. H_{2}SO_{4}
B. HCl
C. KMnO_{4}
D. K_{2}Cr_{2}O_{7}
Answer with only A, B, C, or D.",,Chemistry-II,D,ai_assisted_review_warn_v1,bangla_english_digit_mismatch
56,benqa_ext_12th-Chemistry-II_0037,,"CuSO_{4} drobone 7.5 amp bidyut 50 min dhore chalona korole kyathode utoponn Cu er poriman gram ekoke kot?
A. 0.2463
B. 3.7
C. 7.4
D. 14.8
Answer with only A, B, C, or D.",,Chemistry-II,C,ai_assisted_review_warn_v1,bangla_english_digit_mismatch
57,benqa_ext_12th-Chemistry-II_0056,,"FeCl_{3} hote 55.85g Fe joma korote ki poriman bidyut lagobe?
A. 5F
B. 3F
C. 2F
D. 1F
Answer with only A, B, C, or D.",,Chemistry-II,B,ai_assisted_review_warn_v1,bangla_english_digit_mismatch
58,benqa_ext_12th-Chemistry-II_0125,,"25\degree C tapomatray 14g N_{2} gyaser gotishokti kot hobe?
A. 1.8588 J
B. 18.588 J
C. 185.88 J
D. 1858.8 J
Answer with only A, B, C, or D.",,Chemistry-II,D,ai_assisted_review_warn_v1,bangla_english_digit_mismatch
59,benqa_ext_12th-Chemistry-II_0148,,"glisaralodihaide kairal karbon koyoti?
A. 1ti
B. 2ti
C. 3ti
D. 4ti
Answer with only A, B, C, or D.",,Chemistry-II,A,ai_assisted_review_warn_v1,bangla_banglish_formulaish_token_mismatch
60,benqa_ext_12th-Chemistry-II_0176,,"kon jougoti totomarita prodorshon kore?
A. biut-2-in
B. daiithail ithar
C. propanon
D. ithanyal
Answer with only A, B, C, or D.",,Chemistry-II,C,ai_assisted_review_warn_v1,bangla_banglish_formulaish_token_mismatch
61,benqa_ext_12th-Chemistry-II_0258,,"konoti sothik?
A. C.G.S ekoke 'R' er man 8.316 \times 10^{7} Cal K^{-1} mol^{-1}
B. SI ekoke 'R' er man 0.0821 L-atm K^{-1} mol^{-1}
C. L-atm ekoke 'R' er man 8.314J K^{-1} mol^{-1}
D. P \propto T; ge-lusyaker sutr
Answer with only A, B, C, or D.",,Chemistry-II,D,ai_assisted_review_warn_v1,bangla_english_digit_mismatch
62,benqa_ext_12th-Chemistry-II_0291,,"1% \left ( \frac{2}{V} \right ) NaOH droboner ghonomatra hochchhe- i. 0.25M ii. 1.0M iii. 10,000 ppm nicher konoti sothik?
A. i
B. i o iii
C. ii o iii
D. i o ii
Answer with only A, B, C, or D.",,Chemistry-II,B,ai_assisted_review_warn_v1,bangla_english_digit_mismatch
63,benqa_ext_12th-Chemistry-II_0317,,"RCONH_{2} jougotir C - N, e \sigma-sigma-bondhon kon kon orobitaler odhikromoner fole srishti?
A. sp^3 - sp^3
B. sp^2 - sp^3
C. sp - sp^3
D. sp^2 - sp
Answer with only A, B, C, or D.",,Chemistry-II,B,ai_assisted_review_warn_v1,bangla_banglish_formulaish_token_mismatch
64,benqa_ext_12th-Chemistry-II_0357,,"grigonard bikarok theke konogulo songshleshon kora jay? i. CH_{3} - CH_{2} - OH ii. CH_{2} - NO_{2} iii. CH_{3} - CH_{2} - COOH nicher konoti sothik?
A. i o ii
B. ii o iii
C. i o iii
D. i, ii o iii
Answer with only A, B, C, or D.",,Chemistry-II,C,ai_assisted_review_warn_v1,bangla_english_digit_mismatch
65,benqa_ext_12th-Chemistry-II_0361,,"CH_{4}H_{10}O diye gothit sokol somanuker modhye konoti alok somanuta prodorshon korobe?
A. praimari biutanol
B. sekendari biutanol
C. tarososhiyari biutanol
D. biutanyal
Answer with only A, B, C, or D.",,Chemistry-II,B,ai_assisted_review_warn_v1,bangla_english_digit_mismatch
66,benqa_ext_12th-Chemistry-II_0362,,"sekendari nirdeshok toritodbar holo- i. Pt, H_{2}(1 atm)/H^{+} (1M ii. Ag(s), AgCl(s)/HCl(aq) iii. Hg(l), Hg_{2}Cl_{2}(s)/KCl(aq) nicher konoti sothik?
A. i o ii
B. ii o iii
C. i o iii
D. i, ii o iii
Answer with only A, B, C, or D.",,Chemistry-II,B,ai_assisted_review_warn_v1,bangla_english_digit_mismatch
67,benqa_ext_12th-Chemistry-II_0384,,"27\degree C tapomatray 22 g CO_{2} er gotishokti kot jul?
A. 1870.65
B. 168.36
C. 82.3
D. 18.47
Answer with only A, B, C, or D.",,Chemistry-II,A,ai_assisted_review_warn_v1,bangla_english_digit_mismatch
68,benqa_ext_12th-Chemistry-II_0387,,"A + O_{3} \xrightarrow{CCl_{4}} Q \xrightarrow[\Delta]{Zn, H_{2}O} X + Y X-jougoti tin karbonobishisht ebong Y-jougoti ek karbonobishisht. uddipoker kshetre- i. ubhoy utopad (X o Y) ke 1\degree alokohol theke prostut kora jay ii. ubhoy utopadoi karbonil joug iii. X-tolen bikaroker sathe bikriya dey na nicher konoti sothik?
A. i o ii
B. ii o iii
C. i o iii
D. i, ii o iii
Answer with only A, B, C, or D.",,Chemistry-II,A,ai_assisted_review_warn_v1,bangla_english_digit_mismatch
69,benqa_ext_10th-Math_0025,,"f(y) = y^{2} - \left ( a + \frac{1}{a} \right )y + 1 hole y er kon maner jony hobe?
A. 0, a
B. 0, \frac{1}{a}
C. a, -\frac{1}{a}
D. a, \frac{1}{a}
Answer with only A, B, C, or D.",,Math,D,ai_assisted_review_warn_v1,bangla_english_digit_mismatch
70,benqa_ext_10th-Math_0035,,"sec^{2}\theta + tan^{2}\theta = 3 hole cosec\theta er man kot? (jekhane, \theta sukshmokon)
A. \frac{2}{\sqrt{3}}
B. \sqrt{3}
C. 1
D. \frac{1}{\sqrt{2}}
Answer with only A, B, C, or D.",,Math,B,ai_assisted_review_warn_v1,bangla_english_digit_mismatch
71,benqa_ext_10th-Math_0136,,"(x + y)^{2} = \sqrt[3]{27} ebong xy = 0 hole- and xy = 0, then- i. x^{2} + y^{2} = 3 ii. x - y = \sqrt{3} iii. x^{3} + y^{3} = 3\sqrt{3} nicher konoti sothik?
A. i o ii
B. i o iii
C. ii o iii
D. i, ii o iii
Answer with only A, B, C, or D.",,Math,D,ai_assisted_review_warn_v1,bangla_english_digit_mismatch
72,benqa_ext_10th-Math_0160,,"ekoti beloner uchchota 8se.mi ebong bhumir byas 12 se.mi. belonotir bokroprishther kshetrofol kot borg si.mi.?
A. 37.7
B. 50.27
C. 301.59
D. 603.19
Answer with only A, B, C, or D.",,Math,C,ai_assisted_review_warn_v1,bangla_banglish_formulaish_token_mismatch
73,benqa_ext_10th-Math_0161,,"ekoti beloner uchchota 8se.mi ebong bhumir byas 12 se.mi. belonotir ayoton kot ghon se.mi.?
A. 3619.12
B. 904.78
C. 301.59
D. 150.8
Answer with only A, B, C, or D.",,Math,B,ai_assisted_review_warn_v1,bangla_banglish_formulaish_token_mismatch
74,benqa_ext_10th-Math_0189,,"x^{2} - 2x - 4 rashir utopadok konoti?
A. (x - 4)
B. (x - 2)
C. (x + 2)
D. (x + 4)
Answer with only A, B, C, or D.",,Math,B,ai_assisted_review_warn_v1,bangla_english_digit_mismatch
75,benqa_ext_10th-Math_0259,,"tan (2A - 45\degree) = 1 = 3sinB A er man kot?
A. 30\degree
B. 45\degree
C. 60\degree
D. 90\degree
Answer with only A, B, C, or D.",,Math,B,ai_assisted_review_warn_v1,bangla_english_digit_mismatch
76,benqa_ext_10th-Math_0302,,"ekoti ganitik somosyar somadhan korote 7 jon shikshorthir nimne ullikhit somoy(minit) lage- 2,3,5,7,7,10,15 i. songkhyagulor ganitik gor 7 ii.songkhyagulor modhyok hol 5m pod iii. songkhyagulor prochurok 7 nicher konoti sothik?
A. i o ii
B. i o iii
C. ii o iii
D. i, ii o iii
Answer with only A, B, C, or D.",,Math,C,ai_assisted_review_warn_v1,bangla_banglish_formulaish_token_mismatch
77,benqa_ext_10th-Math_0310,,"a + b = 3 ebong ab = 2 (a - b)^{3} = kot?
A. 1
B. 5
C. 9
D. 17
Answer with only A, B, C, or D.",,Math,A,ai_assisted_review_warn_v1,bangla_english_digit_mismatch
78,benqa_ext_10th-Math_0351,,"ekoti rombos anka jabe jodi deya thake- i. 1ti bahur doirghy ii. 1ti bahu o 1ti korner doirghy iii. 1ti bahu o ‍1ti kon nicher konoti sothik?
A. i o ii
B. i o iii
C. ii o iii
D. i, ii o iii
Answer with only A, B, C, or D.",,Math,C,ai_assisted_review_warn_v1,bangla_banglish_formulaish_token_mismatch
79,benqa_ext_10th-Math_0372,,"kono tribhuje koyoti bohibritt anka jay?
A. 1ti
B. 2ti
C. 3ti
D. 4ti
Answer with only A, B, C, or D.",,Math,C,ai_assisted_review_warn_v1,bangla_banglish_formulaish_token_mismatch
80,benqa_ext_8th-Math_0020,,"1, 3, 5, 7, .... pyatarnoti kon bijoganitik rashi dwara prokash kora jay?
A. k + 1
B. 2k + 1
C. 2k - 1
D. 3k - 2
Answer with only A, B, C, or D.",,Math,C,ai_assisted_review_warn_v1,bangla_banglish_formulaish_token_mismatch
81,benqa_ext_8th-Math_0055,,"ekoti ghonok akritir choubachchar ek bahur doirghy 4 mitar. choubachchatir ayoton kot ghon mitar?
A. 12 ghon mitar
B. 16 ghon mitar
C. 64 ghon mitar
D. 96 ghon mitar
Answer with only A, B, C, or D.",,Math,C,ai_assisted_review_warn_v1,bangla_english_digit_mismatch
82,benqa_ext_8th-Math_0074,,"kono asol 5 bochhore munafa-asole 15,000 takay hoy. munafa-asoler \frac{1}{4} ongsh. munafar har kot?
A. 3%
B. 4%
C. 5%
D. 6%
Answer with only A, B, C, or D.",,Math,C,ai_assisted_review_warn_v1,bangla_english_digit_mismatch
83,benqa_ext_8th-Math_0083,,"18, 25, 10, 14, 12, 19 songkhyagulor modhyok kot?
A. 10.5
B. 12.5
C. 13.6
D. 14.6
Answer with only A, B, C, or D.",,Math,D,ai_assisted_review_warn_v1,bangla_english_digit_mismatch
84,benqa_ext_8th-Math_0084,,"8, 12, 16, 17, 20 songkhyagulor gor kot?
A. 11.5
B. 14.5
C. 16
D. 18
Answer with only A, B, C, or D.",,Math,C,ai_assisted_review_warn_v1,bangla_english_digit_mismatch
85,benqa_ext_8th-Math_0089,,"mijan 8% munafay 10,000 taka rin niye x bochhor por 12,400 taka porishodh kore. x er man kot?
A. 2 bochhor
B. 3 bochhor
C. 5 bochhor
D. 6 bochhor
Answer with only A, B, C, or D.",,Math,B,ai_assisted_review_warn_v1,bangla_english_digit_mismatch
86,benqa_ext_8th-Math_0092,,"1 ki.mi. = kot mail?
A. 62 mail
B. 61.1 mail
C. 1.61 mail
D. 0.62 mail
Answer with only A, B, C, or D.",,Math,D,ai_assisted_review_warn_v1,bangla_english_digit_mismatch
87,benqa_ext_8th-Math_0154,,"O' kendrobishisht britte AB o CD britter duiti soman jya. OM \perp AB, ON \perp CD hole nicher konoti sothik?
A. OM < ON
B. OM = ON
C. OM > ON
D. AM = ON
Answer with only A, B, C, or D.",,Math,B,ai_assisted_review_warn_v1,english_duplicate_option_text
88,benqa_ext_8th-Math_0192,,"2 borg inchi soman kot borg sentimitar?
A. 0.16
B. 0.32
C. 6.45
D. 12.9
Answer with only A, B, C, or D.",,Math,D,ai_assisted_review_warn_v1,bangla_english_digit_mismatch
89,benqa_ext_12th-Math-I_0026,,"\begin{vmatrix} 1 & 2 & 3 \\ 2 & 3 & 4 \\ 1 & 5 & 7 \end{vmatrix} nirnayoker (3, 2) tom sohogunok konoti?
A. 2
B. 3
C. 4
D. 5
Answer with only A, B, C, or D.",,Math-I,A,ai_assisted_review_warn_v1,bangla_english_digit_mismatch
90,benqa_ext_12th-Math-I_0077,,"3x - 4y + 5 = 0 rekhar upor lomb ebong mul bindugami sorolorekhar somikoron konoti?
A. 4x - 3y = 0
B. 4x + 3y = 0
C. 3x + 4y = 0
D. 3x - 4y = 0
Answer with only A, B, C, or D.",,Math-I,B,ai_assisted_review_warn_v1,bangla_english_digit_mismatch
91,benqa_ext_12th-Math-I_0105,,"(\sqrt{3}, 1) bindu hote \sqrt{x}x - y + 8 = 0 rekhar lomb durotto-
A. 2
B. 5
C. 8
D. 5\sqrt{2}
Answer with only A, B, C, or D.",,Math-I,B,ai_assisted_review_warn_v1,bangla_english_digit_mismatch
92,benqa_ext_12th-Math-I_0153,,"\frac{d^{7}}{dx^{7}} (5x^{6}) er man kot?
A. 6!
B. 7!
C. 0
D. 30
Answer with only A, B, C, or D.",,Math-I,C,ai_assisted_review_warn_v1,bangla_english_digit_mismatch
93,benqa_ext_12th-Math-I_0226,,"x^{2} - 2y = 10 bokrorekhar (-4, 3) bindute sporshoker dhal kot?
A. \text{-4}
B. 4
C. 14
D. 2
Answer with only A, B, C, or D.",,Math-I,A,ai_assisted_review_warn_v1,bangla_english_digit_mismatch
94,benqa_ext_12th-Math-I_0256,,"x + y = 3 ebong x - y = 3n duti rekhar somikoron. rekhadboyer modhyoborti kon kot?
A. 30\degree
B. 45\degree
C. 60\degree
D. 90\degree
Answer with only A, B, C, or D.",,Math-I,D,ai_assisted_review_warn_v1,bangla_banglish_formulaish_token_mismatch
95,benqa_ext_12th-Math-I_0257,,"x + y = 3 ebong x - y = 3n duti rekhar somikoron. rekhadboy Y-oksher sathe je tribhuj utoponn kore tar kshetrofol kot borg ekok?
A. 6
B. 9
C. 12
D. 18
Answer with only A, B, C, or D.",,Math-I,B,ai_assisted_review_warn_v1,bangla_banglish_formulaish_token_mismatch
96,benqa_ext_12th-Math-I_0281,,"x^{2} - y^{2} = 5 bokrorekhar (-3, 2) bindute dhal kot?
A. - \frac{3}{2}
B. - \frac{2}{3}
C. \frac{2}{3}
D. \frac{3}{2}
Answer with only A, B, C, or D.",,Math-I,A,ai_assisted_review_warn_v1,bangla_english_digit_mismatch
97,benqa_ext_12th-Math-I_0322,,"x^{2} + y^{2} - 3x - 4y + 5 = 0 ebong 3x^{2} + 3y^{2} - 6x - 9y - 3 = 0, duiti britter somikoron. dwitiy britt dwara x-oksher chhedit ongsher doirghy kot?
A. 2\sqrt{2} ekok
B. \sqrt{13} ekok
C. \sqrt{2} ekok
D. \frac{\sqrt{13}}{2} ekok
Answer with only A, B, C, or D.",,Math-I,A,ai_assisted_review_warn_v1,bangla_english_digit_mismatch
98,benqa_ext_10th-Math-II_0025,,"\frac{1}{2}, \frac{1}{5}, \frac{1}{10}, \frac{1}{17}, ..... onukromotir shoshth pod kot?
A. \frac{1}{36}
B. \frac{1}{37}
C. \frac{1}{50}
D. \frac{1}{65}
Answer with only A, B, C, or D.",,Math-II,B,ai_assisted_review_warn_v1,bangla_english_digit_mismatch
99,benqa_ext_10th-Math-II_0082,,"kono ekoti onukromer n-tom pod U_{n} = \frac{1 + ( - 1)^{5n}}{2} hole, 5 tom pod konoti?
A. 3
B. 2
C. 1
D. 0
Answer with only A, B, C, or D.",,Math-II,D,ai_assisted_review_warn_v1,bangla_english_digit_mismatch
100,benqa_ext_10th-Math-II_0203,,"tan\theta er man kon choturbhage dhonatmok hoy?
A. 1m o 2y choturbhage
B. 2y o 3y choturbhage
C. 3y o 4rth choturbhage
D. 1m o 3y choturbhage
Answer with only A, B, C, or D.",,Math-II,D,ai_assisted_review_warn_v1,bangla_banglish_formulaish_token_mismatch
101,benqa_ext_10th-Math-II_0208,,"6 - 1 + \frac{1}{5} - \frac{1}{25} + ..... ekoti dhara. dharatir osimotok somoshti kot?
A. \frac{1}{6}
B. \frac{1}{4}
C. \frac{25}{6}
D. \frac{25}{4}
Answer with only A, B, C, or D.",,Math-II,C,ai_assisted_review_warn_v1,bangla_english_digit_mismatch
102,benqa_ext_10th-Math-II_0234,,"p(x) = x^{4} - ax^{3} + 7x^{2} - 4 er ekoti utopadok x - 2 . a er man kot?
A. 6
B. 4
C. -5
D. -6
Answer with only A, B, C, or D.",,Math-II,B,ai_assisted_review_warn_v1,bangla_english_digit_mismatch
103,benqa_ext_10th-Math-II_0282,,"2, 4, 6, 8, ........ onukromotir 13 tom pod konoti?
A. 14
B. 26
C. 28
D. 30
Answer with only A, B, C, or D.",,Math-II,B,ai_assisted_review_warn_v1,bangla_english_digit_mismatch
104,benqa_ext_10th-Math-II_0308,,"\frac{ - 85\pi}{18} rediyan konoti kon choturbhage obosthit?
A. 4rth
B. 3y
C. 2y
D. 1m
Answer with only A, B, C, or D.",,Math-II,B,ai_assisted_review_warn_v1,bangla_banglish_formulaish_token_mismatch
105,benqa_ext_10th-Physics_0002,,"ghorshonobihin kono mejhete 1 ms^{-1} bege gotishil 1 kg bhorer khelona garir gotir dike tumi 1 N bole dhakka dile. ukt ghotonar 5 s por- i. garitir gotishokti hobe 18 J ii. tomar kritokaj 17.5 J iii. shoktir poriborton 17.5 J nicher konoti sothik?
A. i
B. ii
C. iii
D. I,ii and iii
Answer with only A, B, C, or D.",,Physics,D,ai_assisted_review_warn_v1,bangla_english_digit_mismatch
106,benqa_ext_10th-Physics_0032,,"ekoti dontoke sniid kyaliparser sahajye poriman korote giye tar prodhan skel path 5 cm, bharniyar somopaton 7 cm ebong bharniyar dhrubok 0.1 mm . dondotir doirghy nirnoy kor.
A. 5.7 cm
B. 5.7 mm
C. 5.07 mm
D. 5.07 cm
Answer with only A, B, C, or D.",,Physics,D,ai_assisted_review_warn_v1,bangla_english_digit_mismatch
107,benqa_ext_10th-Physics_0110,,"kona slaid kyaliparse bharniyar dhruboker man 0.005 semi hole bharniyar skeler bhag songkhya kot? [prodhan skeler kshudrotom 1 ghor = 1mm]
A. 5
B. 10
C. 20
D. 200
Answer with only A, B, C, or D.",,Physics,C,ai_assisted_review_warn_v1,bangla_english_digit_mismatch
108,benqa_ext_10th-Physics_0179,,"ekoti slaid kyaliparser bharniyar dhrubok 5 \times 10^{-3} cm er bharniyar skeler ghorer songkhya kot?
A. 10 ti
B. 20 ti
C. 30 ti
D. 50 ti
Answer with only A, B, C, or D.",,Physics,B,ai_assisted_review_warn_v1,bangla_english_digit_mismatch
109,benqa_ext_10th-Physics_0229,,"iureniyam-235 e- i. 92 ti proton thake ii. 143 ti niutron thake iii. paromanobik songkhya 92 nicher konoti sothik?
A. i and ii
B. i and iii
C. ii and iii
D. i, ii and iii
Answer with only A, B, C, or D.",,Physics,D,ai_assisted_review_warn_v1,bangla_banglish_formulaish_token_mismatch
110,benqa_ext_10th-Physics_0239,,"90 kg bhorer ekoti motorosaikel 50 kmh^{-1} bege cholole er gotishokti kot jul (J) hobe?
A. 8680.56
B. 17361.11
C. 112500
D. 225000
Answer with only A, B, C, or D.",,Physics,A,ai_assisted_review_warn_v1,bangla_english_digit_mismatch
111,benqa_ext_10th-Physics_0253,,"ekojon chhele ekoti 20 m byasardher ekoti mathe poridhi borabor poridhir \frac{3}{4} ongsh gomon kore. uddipoker ghotonatite chheletir- i. beg nirdesh kore ii. druti nirdesh kore iii. poryayobritt goti nirdesh kore nicher konoti sothik?
A. i o ii
B. i o iii
C. ii o iii
D. i, ii o iii
Answer with only A, B, C, or D.",,Physics,B,ai_assisted_review_warn_v1,bangla_english_digit_mismatch
112,benqa_ext_10th-Physics_0287,,"100 mitar byasardhobishisht ekoti brittakar poth ekobar ghure asote ek byoktir somoy lage 2 minit. ek minit ghurar por tar soron kot hobe?
A. 0
B. 100 mitar
C. 200 mitar
D. 314.16 mitar
Answer with only A, B, C, or D.",,Physics,C,ai_assisted_review_warn_v1,bangla_english_digit_mismatch
113,benqa_ext_10th-Physics_0307,,"2kg bhorer ekoti sthir bostuke upor theke chhere dile 2 s-e 36 m poth otikrom kore. bostutir tworon kot?
A. 4ms^{-2}
B. 4.9 ms^{-2}
C. 8 ms^{-2}
D. 9.8 ms^{-2}
Answer with only A, B, C, or D.",,Physics,C,ai_assisted_review_warn_v1,bangla_english_digit_mismatch
114,benqa_ext_10th-Physics_0312,,"5 ms^{-1} bege gotishil 10 kg bhorer ekoti bostur upor gotir dike aro 20 J shokti prodan kora holo. bostutir beg kot hobe?
A. 3.8 ms^{-1}
B. 5.39 ms^{1}
C. 14.5 ms^{-1}
D. 29 ms^{-1}
Answer with only A, B, C, or D.",,Physics,B,ai_assisted_review_warn_v1,bangla_english_digit_mismatch
115,benqa_ext_10th-Physics_0315,,"12 v - 3 W er charoti balb sirije jukt hole tulyorodh kot hobe?
A. 0.021\Omega
B. 0.25\Omega
C. 48\Omega
D. 192\Omega
Answer with only A, B, C, or D.",,Physics,D,ai_assisted_review_warn_v1,bangla_english_digit_mismatch
116,benqa_ext_12th-Physics-I_0001,,"ekoti spring-e 500 N bol proyog koray springti 10 cm prosarit hoy. springtite 20 kg bhorer ekoti bojha khara nicher dike jhuliye deoya hole springtir sthiti shokti kot?
A. 0.04 J
B. 1.90 J
C. 3.80 J
D. 98 J
Answer with only A, B, C, or D.",,Physics-I,C,ai_assisted_review_warn_v1,bangla_english_digit_mismatch
117,benqa_ext_12th-Physics-I_0003,,"sorol chhondit gotite dolonorot ekoti konar sorbochch tboroner man jothakrome 15 cms^{-1} o 30 cms^{-2}. uddipoker konatir poryayokal kot?
A. 0.785 s
B. 1.57 s
C. 3.14 s
D. 6.28 s
Answer with only A, B, C, or D.",,Physics-I,C,ai_assisted_review_warn_v1,suspicious_romanization_pattern:\btb[a-z]+
118,benqa_ext_12th-Physics-I_0004,,"sorol chhondit gotite dolonorot ekoti konar sorbochch tboroner man jothakrome 15 cms^{-1} o 30 cms^{-2}. uddipoker dolonorot konar- i. bistar 7.5 cm ii. sorbochch bistare gotishokti shuny iii. samyabosthane bibhoboshokti sorbochch nicher konoti sothik?
A. i o ii
B. i o iii
C. ii o iii
D. i, ii o iii
Answer with only A, B, C, or D.",,Physics-I,A,ai_assisted_review_warn_v1,suspicious_romanization_pattern:\btb[a-z]+
119,benqa_ext_12th-Physics-I_0013,,"ekoti bostur utokshepon beg kot hole bostuti prithibir charidike chander moto upogrohe porinot hobe?
A. 11.2 kms^{-1}
B. 7.88 kms^{-1}
C. 5.7 kms^{-1}
D. 3.24 kms^{-1}
Answer with only A, B, C, or D.",,Physics-I,B,ai_assisted_review_warn_v1,bangla_english_digit_mismatch
120,benqa_ext_12th-Physics-I_0040,,"kot okshangshe obhikorshoj tboroner man sobocheye kom?
A. 0^{\circ}
B. 30^{\circ}
C. 45^{\circ}
D. 90^{\circ}
Answer with only A, B, C, or D.",,Physics-I,A,ai_assisted_review_warn_v1,suspicious_romanization_pattern:\btb[a-z]+
121,benqa_ext_12th-Physics-I_0043,,"sorolodol gotisomponn kono konar gotir somikoron, x=0.1 sin \left ( 6\pi t+\frac{\pi}{3} \right )m hole er- i. poryayokal 3s ii. sorbochch beg 1.88 ms iii. adi dosha 60^{\circ} nicher konoti sothik?
A. i o ii
B. i o iii
C. ii o iii
D. i, ii o iii
Answer with only A, B, C, or D.",,Physics-I,C,ai_assisted_review_warn_v1,bangla_english_digit_mismatch
122,benqa_ext_12th-Physics-I_0059,,"5 kg bhorer bostuke tene onubhumik borabor 5 m sorale obhikorshiy bol dwara kajer man kot hobe?
A. 0 J
B. 5 J
C. 25 J
D. 245 J
Answer with only A, B, C, or D.",,Physics-I,A,ai_assisted_review_warn_v1,bangla_english_digit_mismatch
123,benqa_ext_12th-Physics-I_0098,,"ekoti boidyutik pakhar bhor 10 kg ebong kono oksh sapekshe chokrogotir byasardh pakhatite 3 rad s^{-2} kounik tworon srishti korote kot mane tork proyog korote hobe?
A. 40 Nm
B. 20 Nm
C. 30 Nm
D. 120Nm
Answer with only A, B, C, or D.",,Physics-I,D,ai_assisted_review_warn_v1,bangla_english_digit_mismatch
124,benqa_ext_12th-Physics-I_0117,,"tork (\tau), jorotar bhramok (I) ebong kounik tboroner (\alpha ) modhye sompork ki?
A. \tau=\frac{1}{\alpha }
B. \tau=\sqrt{I\alpha }
C. \tau= I^{2}\alpha
D. \tau= I\alpha
Answer with only A, B, C, or D.",,Physics-I,D,ai_assisted_review_warn_v1,suspicious_romanization_pattern:\btb[a-z]+
125,benqa_ext_12th-Physics-I_0137,,"ekoti bayumondoliy chap soman- i. 1.013\times 10^{5}Nm^{-2} ii. 1.013\times 10^{5}Pa iiii. 760 mmHg nicher konoti sothik ?
A. i o ii
B. i o iii
C. ii o iii
D. i, ii o iii
Answer with only A, B, C, or D.",,Physics-I,D,ai_assisted_review_warn_v1,bangla_english_digit_mismatch
126,benqa_ext_12th-Physics-I_0148,,"1 kg-watt ghonta soman-
A. 1000 J
B. 3600 J
C. 600 J
D. J
Answer with only A, B, C, or D.",,Physics-I,D,ai_assisted_review_warn_v1,bangla_english_digit_mismatch
127,benqa_ext_12th-Physics-I_0170,,"R prithibir byasardh hole bhu-prishth hote kot uchchotay g er man bhu-prishthe maner ordhek hobe
A. 0.207 R
B. 0.414 R
C. 2R
D. 4R
Answer with only A, B, C, or D.",,Physics-I,B,ai_assisted_review_warn_v1,bangla_english_digit_mismatch
128,benqa_ext_12th-Physics-I_0178,,"sorol doloker kshetre sorbochch kounik bistar hobe-
A. r^{\circ}
B. 4^{\circ}
C. 30^{\circ}
D. 40^{\circ}
Answer with only A, B, C, or D.",,Physics-I,B,ai_assisted_review_warn_v1,bangla_english_digit_mismatch
129,benqa_ext_12th-Physics-I_0186,,"2m doirghy o 1mm^{2} prosthochchheder kshetrofolobishisht ekoti ispater tarer prante 20N bol proyog kora holo. [Y=2\times 10^{11}Nm^{-2}] prosthochchheder kshetrofol 2 o bol dwigun hole doirghy briddhi purber kotogun hobe?
A. 1 gun
B. 2 gun
C. 3 gun
D. 4 gun
Answer with only A, B, C, or D.",,Physics-I,A,ai_assisted_review_warn_v1,bangla_english_digit_mismatch
130,benqa_ext_12th-Physics-I_0192,,"bhu-prishther kachhakachhi brittakar pothe poribhromonorot kono upogrohoke otirikt kot beg dile seti prithibir akorshon chhariye chole jabe?
A. 10.8 kms^{-1}
B. 9.2 kms^{-1}
C. 7.8 kms^{-1}
D. 3.25 kms^{-1}
Answer with only A, B, C, or D.",,Physics-I,D,ai_assisted_review_warn_v1,bangla_english_digit_mismatch
131,benqa_ext_12th-Physics-I_0205,,"15m unchu ekoti gachher dal hote 200g bhorer ekoti am nicher kada matite pore 10 cm gorter srishti kore. [g = 9.8 ms^{-2}] kada matir gor protirodh bol kot?
A. 29.40 N
B. 292.04 N
C. 294.00 N
D. 295.96 N
Answer with only A, B, C, or D.",,Physics-I,D,ai_assisted_review_warn_v1,bangla_english_digit_mismatch
132,benqa_ext_12th-Physics-I_0219,,"poyosoner onupater man konoti?
A. -\frac{1}{2}\leq \sigma \leq 1
B. -1\leq \sigma \leq \frac{1}{2}
C. \frac{1}{2}\leq \sigma \leq 1
D. 1\leq \sigma \leq 2
Answer with only A, B, C, or D.",,Physics-I,B,ai_assisted_review_warn_v1,bangla_english_digit_mismatch
133,benqa_ext_12th-Physics-I_0283,,"ekoti silindare 27^{\circ}C tapomatray hiliyam gyas achhe. gyaser duti onur beg jothakrome 9 ms^{-1} o 10 ms^{-1}. onudboyer gor borgobeg kot?
A. 9.5 ms^{-1}
B. 9.51 ms^{-1}
C. 90.5 m^{2}s^{-1}
D. 181 m^{2}s^{-2}
Answer with only A, B, C, or D.",,Physics-I,B,ai_assisted_review_warn_v1,bangla_english_digit_mismatch
134,benqa_ext_12th-Physics-I_0296,,"kounik tboroner matra konoti?
A. [M\degree L\degree T^{-1}]
B. [M\degree LT^{-1}]
C. [M\degree L\degree T^{-2}]
D. [M^{-1} LT^{-2}]
Answer with only A, B, C, or D.",,Physics-I,C,ai_assisted_review_warn_v1,suspicious_romanization_pattern:\btb[a-z]+
135,benqa_ext_12th-Physics-II_0030,,"ekojon mohashunyojanochari A er bhor 60 kg ebong boyos 30 bochhor. se 2.4 \times 10^{8} ms^{-1} bege gotishil mohashunyojane chore chhayapoth onusondhane gel. ponjika onusare tar jomoj bhai B er boyos jokhon 80 bochhor holo tokhon se prithibite fire elo. mohashunyojane A er bhor kot hobe?
A. 90 kg
B. 100 kg
C. 110 kg
D. 120 kg
Answer with only A, B, C, or D.",,Physics-II,B,ai_assisted_review_warn_v1,bangla_english_digit_mismatch
136,benqa_ext_12th-Physics-II_0035,,"A = (101102)_{2}, B = (101)_{2}, C = (11011)_{2} i. A + C = (1100100)_{2} ii. A/B = (1001)_{2} iii. C - A = (101010)_{2} nicher konoti sothik?
A. i o ii
B. i o iii
C. ii o iii
D. i, ii o iii
Answer with only A, B, C, or D.",,Physics-II,A,ai_assisted_review_warn_v1,bangla_english_digit_mismatch
137,benqa_ext_12th-Physics-II_0068,,"ekoti karno injin 327\degree C tapomatray 800 J tap grohon kore 127\degree C tapomatray tapograhoke tap borjon kore. porobortite tap grahoker tapomatra 227\degree C e unnit kora hoy. poroborti obosthay dokshota purber-
A. ordhek
B. soman
C. dwigun
D. tinogun
Answer with only A, B, C, or D.",,Physics-II,A,ai_assisted_review_warn_v1,bangla_english_digit_mismatch
138,benqa_ext_12th-Physics-II_0207,,"iyong er dwi chir porikshay sodiyam alo (\gamma = 5898 \AA) byobohar korole porday 92ti dora paoya jay. jodi sobuj alo (\gamma = 5461\AA) byobohar kora hoy tobe kotogulo dora paoya jabe?
A. 62
B. 67
C. 90
D. 99
Answer with only A, B, C, or D.",,Physics-II,D,ai_assisted_review_warn_v1,bangla_banglish_formulaish_token_mismatch
139,benqa_ext_12th-Physics-II_0273,,"kono torit dwimerur oksher upor modhyobindu hote r durotbe kono bindute torit bibhob holo- (jekhane P = 2lq)
A. V = \frac{1}{4\pi \epsilon_{0}} = \frac{P}{r-l}
B. V = \frac{1}{4\pi \epsilon_{0}} = \frac{P}{r+l}
C. V = \frac{1}{4\pi \epsilon_{0}} = \frac{P}{r^{2}-l^{2}}
D. V = \frac{1}{4\pi \epsilon_{0}} = \frac{P}{r^{3}-l^{3}}
Answer with only A, B, C, or D.",,Physics-II,C,ai_assisted_review_warn_v1,suspicious_romanization_pattern:\bdurotb[a-z]*
140,benqa_ext_12th-Physics-II_0279,,"ekoti tranojistorer songgrahok probah 5 mA ebong bhumi probah 100 \mu A . probah bibordhok gunok \alpha kot hobe?
A. 0.02
B. 0.98
C. 1.02
D. 50
Answer with only A, B, C, or D.",,Physics-II,B,ai_assisted_review_warn_v1,bangla_english_digit_mismatch
141,benqa_ext_12th-Physics-II_0311,,"0.2 mm byobodhanobishisht duti chir hote 1.2 m dure obosthit porday srisht ujjbol dorar prosth 1.74 mm . byobohrit alor toronggodoirghy hol-
A. 4800 \AA
B. 5800 \AA
C. 6800 \AA
D. 7200 \AA
Answer with only A, B, C, or D.",,Physics-II,B,ai_assisted_review_warn_v1,bangla_english_digit_mismatch
142,benqa_ext_12th-Physics-II_0322,,"20 cm byasardher ekoti fanpa goloke 5\mu C charj prodan kora holo. goloker obhyontore torit praboly kot?
A. osim
B. 5.625 \times 10^{6} NC^{-1}
C. 1.125 \times 10^{6} NC^{-1}
D. shuny
Answer with only A, B, C, or D.",,Physics-II,D,ai_assisted_review_warn_v1,bangla_english_digit_mismatch
143,benqa_ext_12th-Physics-II_0326,,"drishyoman alor toronggodoirghyer palla konoti?
A. 100 nm hote 300 nm
B. 400 nm hote 780 nm
C. 1000 nm hote 1200 nm
D. 5000 nm hote 10,000 nm
Answer with only A, B, C, or D.",,Physics-II,B,ai_assisted_review_warn_v1,bangla_english_digit_mismatch
144,benqa_ext_8th-Science_0045,,"kon mouler ekoti poromanute 8ti proton o 8ti niutron achhe. moulotir bhorosongkhya kot?
A. 8
B. 16
C. 0
D. 18
Answer with only A, B, C, or D.",,Science,B,ai_assisted_review_warn_v1,bangla_banglish_formulaish_token_mismatch
145,benqa_ext_8th-Science_0072,,"dalaner chhade moni kriket khelochhil. ek poryaye 200 gram bhorer byatoti hat theke niche pore gel. monir byater ojon kot?
A. 19-6 niuton
B. 20-41 niuton
C. 196 niuton
D. 19600 niuton
Answer with only A, B, C, or D.",,Science,A,ai_assisted_review_warn_v1,bangla_english_digit_mismatch
146,benqa_ext_8th-Science_0125,,"nicher bikriya dutir aloke 26 o 27 nong proshner uttor dao: (1) Ca+O_{2} \rightarrow Y (2) Y + CH_{3}COOH \geq Z+ H_{2}O (1) nong bikriyati kon dhoroner?
A. dohon
B. biyojon
C. songjojon
D. protisthapon
Answer with only A, B, C, or D.",,Science,A,ai_assisted_review_warn_v1,bangla_english_digit_mismatch
147,benqa_ext_8th-Science_0147,,"konoti saban toirir mul upadan
A. A1(OH)_{3}
B. Ca(OH)_{2}
C. NaOH
D. NH_{4}OH
Answer with only A, B, C, or D.",,Science,C,ai_assisted_review_warn_v1,bangla_english_digit_mismatch
148,benqa_ext_8th-Science_0209,,"rimot senosing ba dur onudhaboner jony pathano prothom kritrim upogroher nam ki?
A. apolo-sujoj
B. lyandoset-1
C. bhostok-1
D. eksoplorar-1
Answer with only A, B, C, or D.",,Science,B,ai_assisted_review_warn_v1,bangla_banglish_formulaish_token_mismatch
149,benqa_ext_8th-Science_0210,,"nicher konoti sothik?
A. imobaibishon\rightarrow byapon \rightarrow obhisrobon\rightarrow prosbedon
B. imobaibishon\rightarrow obhisrobon\rightarrow byapon\rightarrow prosbedon
C. imobaibishon\rightarrow obhisrobon\rightarrow prosbedon\rightarrow byapon
D. imobaibishon\rightarrow byapon\rightarrow prosbedon \rightarrow obhisrobon
Answer with only A, B, C, or D.",,Science,B,ai_assisted_review_warn_v1,bangla_banglish_formulaish_token_mismatch
150,benqa_ext_10th-Biology_0001,,"salokosongshleshoner jony upojukt tapomatra konoti?
A. 12\degree C - 25\degree C
B. 17\degree C - 30\degree C
C. 22\degree C - 35\degree C
D. 27\degree C - 40\degree C
Answer with only A, B, C, or D.",,Biology,C,ai_assisted_review_pass_v1,
151,benqa_ext_10th-Biology_0002,,"konotite souroshokti sthiti shoktirupe sonchit thake?
A. oksijen
B. pani
C. karbon dai oksaid
D. shbetosar
Answer with only A, B, C, or D.",,Biology,D,ai_assisted_review_pass_v1,
152,benqa_ext_10th-Biology_0018,,"rokte joib ebong ojoib podarther poriman kot?
A. 2-4%
B. 3-5%
C. 5-7%
D. 8-9%
Answer with only A, B, C, or D.",,Biology,D,ai_assisted_review_pass_v1,
153,benqa_ext_10th-Biology_0023,,"nicher konoti khele kshariy mutr toiri hoy?
A. apel
B. katol machh
C. gorur mangs
D. chinabadam
Answer with only A, B, C, or D.",,Biology,A,ai_assisted_review_pass_v1,
154,benqa_ext_10th-Biology_0032,,"kon fuler sugondh nei?
A. golap
B. rojonigondha
C. sorisha
D. patasheola
Answer with only A, B, C, or D.",,Biology,D,ai_assisted_review_pass_v1,
155,benqa_ext_10th-Biology_0034,,"trakiyate paoya jay- i. siudo-stryatifaid aboroni tisyu ii. siliyajukt aboroni tisyu iii. kiuboyodal aboroni tisyu nicher konoti sothik?
A. i o ii
B. i o iii
C. ii o iii
D. i, ii o iii
Answer with only A, B, C, or D.",,Biology,A,ai_assisted_review_pass_v1,
156,benqa_ext_10th-Biology_0045,,"kiser sahajye bhrun jorayur sathe songsthapit hoy?
A. amoniyon
B. roktonali
C. ambilikal kord
D. omora
Answer with only A, B, C, or D.",,Biology,D,ai_assisted_review_pass_v1,
157,benqa_ext_10th-Biology_0049,,"konoti protin songshleshon kore?
A. kromoplast
B. raibojom
C. sentrojome
D. goloji bostu
Answer with only A, B, C, or D.",,Biology,B,ai_assisted_review_pass_v1,
158,benqa_ext_10th-Biology_0054,,"thairoksin horomoner kaj- i. doihik briddhi ii. manosik briddhi iii. bipake sohayota nicher konoti sothik?
A. i o ii
B. ii o iii
C. i o iii
D. i, ii o iii
Answer with only A, B, C, or D.",,Biology,C,ai_assisted_review_pass_v1,
159,benqa_ext_10th-Biology_0056,,"koshoroser poribohon kiser madhyome hoy?
A. trakid
B. sibhonol
C. songgikosh
D. bhesel
Answer with only A, B, C, or D.",,Biology,A,ai_assisted_review_pass_v1,
160,benqa_ext_10th-Biology_0063,,"dayatom kon rajyer jib?
A. monera
B. protista
C. fanojai
D. planoti
Answer with only A, B, C, or D.",,Biology,B,ai_assisted_review_pass_v1,
161,benqa_ext_10th-Biology_0065,,"nicher konoti C_{4} udbhid?
A. akh
B. am
C. shapola
D. joba
Answer with only A, B, C, or D.",,Biology,A,ai_assisted_review_pass_v1,
162,benqa_ext_10th-Biology_0067,,"rotoner boyos 39 bochhor. tar ojon 69 keji ebong uchchota 170 se.mi.. rotoner kshetre projojy-
A. shorirer ojon kom
B. susbasthyer odhikari
C. shorirer ojon otirikt
D. otirikt motatb
Answer with only A, B, C, or D.",,Biology,B,ai_assisted_review_pass_v1,
163,benqa_ext_10th-Biology_0069,,"jibanu bhokshon kore nicher kon konika?
A. niutrofil
B. iosinofil
C. besofil
D. thrombosait
Answer with only A, B, C, or D.",,Biology,A,ai_assisted_review_pass_v1,
164,benqa_ext_10th-Biology_0070,,"B rokter grupe kon antibodi thake?
A. b
B. a
C. nei
D. a, b
Answer with only A, B, C, or D.",,Biology,B,ai_assisted_review_pass_v1,
165,benqa_ext_10th-Biology_0072,,"kidoni protisthaponer jony aboshyokiy short konoti?
A. pitamata
B. roktogrup myach
C. tisyu myach
D. bren ded
Answer with only A, B, C, or D.",,Biology,C,ai_assisted_review_pass_v1,
166,benqa_ext_10th-Biology_0074,,"blyakomyan kot sale salokosongshleshon prokriyake duti poryaye bhag koren?
A. 1905
B. 1915
C. 1920
D. 1925
Answer with only A, B, C, or D.",,Biology,A,ai_assisted_review_pass_v1,
167,benqa_ext_10th-Biology_0084,,"jyanthofil thakole udbhid ki born dharon kore?
A. lal
B. nil
C. holud
D. komola
Answer with only A, B, C, or D.",,Biology,C,ai_assisted_review_pass_v1,
168,benqa_ext_10th-Biology_0085,,"laisojomer kaj konoti?
A. amish songshleshon
B. khaddo sonchoy
C. probah pother nirdeshona
D. jibanu dhbongs
Answer with only A, B, C, or D.",,Biology,D,ai_assisted_review_pass_v1,
169,benqa_ext_10th-Biology_0087,,"protimol ATP onur prantiy fosofet grupe kot kilokyalori shokti joma thakote pare?
A. 7.1 kCal
B. 7.3 kCal
C. 7.6 kCal
D. 7.9 kCal
Answer with only A, B, C, or D.",,Biology,B,ai_assisted_review_pass_v1,
170,benqa_ext_10th-Biology_0091,,"sugarobit er mul ebong kander briddhir jony kon pushti upadan proyojon?
A. boron
B. ayoron
C. klorin
D. potashiyam
Answer with only A, B, C, or D.",,Biology,C,ai_assisted_review_pass_v1,
171,benqa_ext_10th-Biology_0100,,"akotin o mayosin protin kon ongganute thake?
A. sentrojom
B. raibojom
C. koshokongkal
D. kloroplast
Answer with only A, B, C, or D.",,Biology,C,ai_assisted_review_pass_v1,
172,benqa_ext_10th-Biology_0102,,"jibodeher shboson, rechon ityadi somporkit bijnan konoti?
A. sharirobidya
B. chikitosabijnan
C. farmesi
D. pranorosayon
Answer with only A, B, C, or D.",,Biology,A,ai_assisted_review_pass_v1,
173,benqa_ext_10th-Biology_0110,,"C_{6}H_{12}O_{6} + [A] + \xrightarrow{bibhinn enojaim}6CO_{2} + 6H_{2}O + shokti uddipoker prokriyay A er onuposthitite kot onu ATP toiri hobe?
A. 2
B. 8
C. 20
D. 38
Answer with only A, B, C, or D.",,Biology,A,ai_assisted_review_pass_v1,
174,benqa_ext_10th-Biology_0115,,"kromosomer prodhan upadan konoti?
A. DNA
B. RNA
C. Gene
D. GMO
Answer with only A, B, C, or D.",,Biology,A,ai_assisted_review_pass_v1,
175,benqa_ext_10th-Biology_0120,,"byakoteriyate kon ongganuti uposthit?
A. maitokondriya
B. plastid
C. endoplajomik retikulam
D. raibojom
Answer with only A, B, C, or D.",,Biology,D,ai_assisted_review_pass_v1,
176,benqa_ext_10th-Biology_0123,,"mula matir niche hoy. kono karone matir baire beriye ele tar borner poriborton ghote. ukt mule paoya jete pare- i. liukoplast ii. kyarotin iii. klorofil nicher konoti sothik?
A. i o ii
B. i o iii
C. ii o iii
D. i, ii o iii
Answer with only A, B, C, or D.",,Biology,B,ai_assisted_review_pass_v1,
177,benqa_ext_10th-Biology_0125,,"bornandh roger jiner obosthan kothay?
A. otosom
B. seks kromosom
C. niukliyas
D. maitokondriya
Answer with only A, B, C, or D.",,Biology,B,ai_assisted_review_pass_v1,
178,benqa_ext_10th-Biology_0137,,"kon khaddo theke drut shokti paoya jay?
A. doi
B. akher gur
C. amer ros
D. bhat
Answer with only A, B, C, or D.",,Biology,C,ai_assisted_review_pass_v1,
179,benqa_ext_10th-Biology_0138,,"25 gram ghi theke kot kilokyalori shokti paoya jay?
A. 100
B. 125
C. 175
D. 225
Answer with only A, B, C, or D.",,Biology,D,ai_assisted_review_pass_v1,
180,benqa_ext_10th-Biology_0142,,"konoti altrafilotret toiri kore?
A. glomerulas
B. hailas
C. renal kyaposul
D. bomyans kyaposul
Answer with only A, B, C, or D.",,Biology,A,ai_assisted_review_pass_v1,
181,benqa_ext_10th-Biology_0145,,"koy soptah por bhrunoke fitas bola hoy?
A. 4
B. 5
C. 8
D. 28
Answer with only A, B, C, or D.",,Biology,C,ai_assisted_review_pass_v1,
182,benqa_ext_10th-Biology_0148,,"kon besoti shudhu RNA te paoya jay?
A. edinin
B. guyanin
C. thayamin
D. iurosil
Answer with only A, B, C, or D.",,Biology,D,ai_assisted_review_pass_v1,
183,benqa_ext_10th-Biology_0151,,"patar mesofil tisyur kosher omlotb bere jay konotir karone?
A. CO_{2} er matra khub beshi bere gele
B. O_{2} er beshi matra khub kome gele
C. khub beshi kloroplaster uposthitite
D. enojaimer beshi ghatoti thakole
Answer with only A, B, C, or D.",,Biology,A,ai_assisted_review_pass_v1,
184,benqa_ext_10th-Biology_0174,,"obat shbosone 1 onu glukoj hote jototi ATP toiri hoy ta hote kot kilokyalori shokti utoponn hoy?
A. 12.6
B. 14.6
C. 16.6
D. 18.6
Answer with only A, B, C, or D.",,Biology,B,ai_assisted_review_pass_v1,
185,benqa_ext_10th-Biology_0175,,"dolologn pungstobok kon fule dekha jay?
A. shimul
B. joba
C. shim
D. dhutura
Answer with only A, B, C, or D.",,Biology,D,ai_assisted_review_pass_v1,
186,benqa_ext_10th-Biology_0177,,"gorbhabostha sadharonot kot soptah poryont bidyoman thake?
A. 36 - 38
B. 38 - 40
C. 40 - 42
D. 42 - 44
Answer with only A, B, C, or D.",,Biology,B,ai_assisted_review_pass_v1,
187,benqa_ext_10th-Biology_0179,,"HIV susth dehe probesher por pray kot mas pore eidos roger lokshon prokash pay?
A. 2
B. 4
C. 6
D. 8
Answer with only A, B, C, or D.",,Biology,C,ai_assisted_review_pass_v1,
188,benqa_ext_10th-Biology_0180,,"polash ekoti ujjbol komola rong er bor akorshoniy ful. ete kiser madhyome poragayon ghote?
A. bayu
B. pani
C. potongg
D. prani
Answer with only A, B, C, or D.",,Biology,D,ai_assisted_review_pass_v1,
189,benqa_ext_10th-Biology_0184,,"bagh o horiner modhye songgram bidyoman- i. antohprojatik ii. ontohprojatik iii. poribesher songge nicher konoti sothik?
A. i
B. ii
C. i o ii
D. ii o iii
Answer with only A, B, C, or D.",,Biology,A,ai_assisted_review_pass_v1,
190,benqa_ext_10th-Biology_0186,,"lau gachher kande drirhota prodan kore konoti?
A. pyarenokaima
B. kolenokaima
C. faibar
D. skleraid
Answer with only A, B, C, or D.",,Biology,B,ai_assisted_review_pass_v1,
191,benqa_ext_10th-Biology_0196,,"chalota kon dhoroner fol?
A. jougik
B. guchchh
C. oprokrit
D. prokrit
Answer with only A, B, C, or D.",,Biology,C,ai_assisted_review_pass_v1,
192,benqa_ext_10th-Biology_0203,,"nicher konoti C_{3} udbhid?
A. akh
B. bhutta
C. muthaghas
D. dhan
Answer with only A, B, C, or D.",,Biology,D,ai_assisted_review_pass_v1,
193,benqa_ext_10th-Biology_0204,,"gom gachhe nicher konoti onuposthit thake?
A. floyem pyarenokaima
B. floyem faibar
C. jailem faibar
D. jailem pyarenokaima
Answer with only A, B, C, or D.",,Biology,A,ai_assisted_review_pass_v1,
194,benqa_ext_10th-Biology_0206,,"shimul o shila sbami-stri. tara dujonoi susth kintu thyalasemiyar bahok. tader char sontaner modhye- (mendeler sutr mote) i. ekojon thyalasemiya akrant ii. duijon bahok kintu susth iii. ekojon puropuri susth nicher konoti sothik?
A. i o ii
B. i o iii
C. ii o iii
D. i, ii o iii
Answer with only A, B, C, or D.",,Biology,D,ai_assisted_review_pass_v1,
195,benqa_ext_10th-Biology_0218,,"nicher konotite ston sel bidyoman?
A. tal
B. kola
C. bansh
D. saikas
Answer with only A, B, C, or D.",,Biology,D,ai_assisted_review_pass_v1,
196,benqa_ext_10th-Biology_0225,,"jhillibihin saitoplajomiy ongganu konoti?
A. goloji bostu
B. laisosom
C. raibosom
D. kosh gohbor
Answer with only A, B, C, or D.",,Biology,C,ai_assisted_review_pass_v1,
197,benqa_ext_10th-Biology_0227,,"morula dosha kot songkhyok koshobishisht?
A. 2
B. 4
C. 8
D. 16
Answer with only A, B, C, or D.",,Biology,D,ai_assisted_review_pass_v1,
198,benqa_ext_10th-Biology_0238,,"himoglobin bohonokari konikati nosht hole kon rogoti hote pare?
A. thyalasemiya
B. liukemiya
C. bondhyatb
D. kalar blaind
Answer with only A, B, C, or D.",,Biology,A,ai_assisted_review_pass_v1,
199,benqa_ext_10th-Biology_0243,,"ilekotron transoport sistem ghote konotite?
A. niukliyas
B. raibojom
C. laisojom
D. maitokondriya
Answer with only A, B, C, or D.",,Biology,D,ai_assisted_review_pass_v1,
200,benqa_ext_10th-Biology_0247,,"nicher konoti smriti songrokshone sahajy kore?
A. jojok tisyu
B. snaju tisyu
C. aboroni tisyu
D. peshi tisyu
Answer with only A, B, C, or D.",,Biology,B,ai_assisted_review_pass_v1,
201,benqa_ext_10th-Biology_0250,,"sobur saheber rokter grup emon- tini sobar theke rokt grohon korote paren. ukt rokter boishishty holo- i. lohit rokt konikar poriman kom ii. antijen achhe iii. antibodi nei nicher konoti sothik?
A. i o ii
B. i o iii
C. ii o iii
D. i, ii o iii
Answer with only A, B, C, or D.",,Biology,C,ai_assisted_review_pass_v1,
202,benqa_ext_10th-Biology_0252,,"durba ghaser shorkora toirir prodhan sthan konoti?
A. ful
B. mesofil tisyu
C. mul
D. jailem tisyu
Answer with only A, B, C, or D.",,Biology,B,ai_assisted_review_pass_v1,
203,benqa_ext_10th-Biology_0260,,"baba, ma ebong sabina, sabiha dui bon mile tader poribar. ukt poribare kar brikke pathor hooyay sombhabona beshi?
A. baba
B. ma
C. sabina
D. sabiha
Answer with only A, B, C, or D.",,Biology,A,ai_assisted_review_pass_v1,
204,benqa_ext_10th-Biology_0269,,"konotir koshoprachir kaitin diye toiri?
A. amiba
B. dayoyatom
C. penisiliyam
D. pyaramesiyam
Answer with only A, B, C, or D.",,Biology,C,ai_assisted_review_pass_v1,
205,benqa_ext_10th-Biology_0274,,"akosmik kidoni bikol hooyar karon konoti?
A. nefraitis
B. dayabetis
C. kichhu oshudher parshboprotikriya
D. uchch roktochap
Answer with only A, B, C, or D.",,Biology,C,ai_assisted_review_pass_v1,
206,benqa_ext_10th-Biology_0278,,"kidoni bikol hole rokte konotir poriman briddhi pay?
A. amaino esid
B. iurik esid
C. iurokrom
D. kriyetinin
Answer with only A, B, C, or D.",,Biology,D,ai_assisted_review_pass_v1,
207,benqa_ext_10th-Biology_0287,,"kon khabar otirikt grohone mutrer omlota briddhi pay?
A. machh
B. bhat
C. makhon
D. am
Answer with only A, B, C, or D.",,Biology,A,ai_assisted_review_pass_v1,
208,benqa_ext_10th-Biology_0298,,"kromoplast- i. gajorer mule paoya jay ii. khaddo toiri kore iii. poragayone sahajy kore nicher konoti sothik?
A. i o ii
B. i o iii
C. ii o iii
D. i, ii o iii
Answer with only A, B, C, or D.",,Biology,B,ai_assisted_review_pass_v1,
209,benqa_ext_10th-Biology_0305,,"konoti potongg poragi ful?
A. joba
B. kodom
C. shimul
D. kochu
Answer with only A, B, C, or D.",,Biology,A,ai_assisted_review_pass_v1,
210,benqa_ext_10th-Biology_0316,,"kon grupodhari byoktideroke sorbojonin roktodata bola hoy?
A. A
B. B
C. AB
D. O
Answer with only A, B, C, or D.",,Biology,D,ai_assisted_review_pass_v1,
211,benqa_ext_10th-Biology_0334,,"konotite floyem faibar paoya jay?
A. pat
B. akh
C. bhutta
D. sorisha
Answer with only A, B, C, or D.",,Biology,A,ai_assisted_review_pass_v1,
212,benqa_ext_10th-Biology_0340,,"nisheker kot soptaher modhye omora gothit hoy?
A. 12
B. 11
C. 10
D. 9
Answer with only A, B, C, or D.",,Biology,A,ai_assisted_review_pass_v1,
213,benqa_ext_10th-Biology_0342,,"mi. X er ekotana ek maseroo beshi jbor, patola payokhana, ebong shukono kashi. tar ghar o bogole byatha onubhut hoy. mukhomondol khosokhose hoye gechhe. chikitosoker kachhe gele chikitosok poriksha-niriksha kore janalen, tini emon ek roge akrant hoyechhen, jar oushodh ekhono abishkar hoyoni. ukt roger fole- i. rokter shbetokonika nosht hoye jay ii. kosher entibodi utopadon byohot hoy na iii. akrant baba theke sorasori sontane chhoray na nicher konoti sothik?
A. i o ii
B. i o iii
C. ii o iii
D. i, ii o iii
Answer with only A, B, C, or D.",,Biology,B,ai_assisted_review_pass_v1,
214,benqa_ext_10th-Biology_0344,,"kon poddhotite gyamet srishti hoy?
A. Fragmentation
B. Amitosis
C. Mitosis
D. Meiosis
Answer with only A, B, C, or D.",,Biology,D,ai_assisted_review_pass_v1,
215,benqa_ext_10th-Biology_0346,,"konoti bongshogotir prodhan upadan?
A. kromosom
B. sentrojom
C. laisojom
D. niukliolas
Answer with only A, B, C, or D.",,Biology,A,ai_assisted_review_pass_v1,
216,benqa_ext_10th-Biology_0350,,"uttor o modhy amerikar koyel pakhi bilupt hooyar karon konoti?
A. prokoroner poriborton
B. antohprojatik songgram
C. ontohprojatik songgram
D. poribesher sathe songgram
Answer with only A, B, C, or D.",,Biology,D,ai_assisted_review_pass_v1,
217,benqa_ext_10th-Biology_0351,,"nicher kon projatir choritrogot bishuddhota bojay thake ebong obhijojon kshomota kom?
A. sorisha
B. penpe
C. shimul
D. kodom
Answer with only A, B, C, or D.",,Biology,A,ai_assisted_review_pass_v1,
218,benqa_ext_12th-Biology-I_0002,,"koshogohoborer charidike saitoplajomer haloka storoke ki bole?
A. hayaloplajom
B. ektoplajom
C. endoplajom
D. tonoplajom
Answer with only A, B, C, or D.",,Biology-I,D,ai_assisted_review_pass_v1,
219,benqa_ext_12th-Biology-I_0003,,"sab metasentrik kromosom kosh bibhajoner anafej doshay ingreji kon okshorer akriti dharon kore?
A. T
B. J
C. L
D. V
Answer with only A, B, C, or D.",,Biology-I,C,ai_assisted_review_pass_v1,
220,benqa_ext_12th-Biology-I_0013,,"sokriy khonij lobon porishoshoner kshetre proyojon hoy- i. bipakiy shokti ii. saitokrom bahok iii. anayon o kyatayon nicher konoti sothik?
A. i o ii
B. ii o iii
C. i o iii
D. i, ii, o iii
Answer with only A, B, C, or D.",,Biology-I,D,ai_assisted_review_pass_v1,
221,benqa_ext_12th-Biology-I_0016,,"Cycas er boishishty konoti?
A. koraloyed mul
B. triployed shosy
C. fol hoy
D. dwi-nishek ghote
Answer with only A, B, C, or D.",,Biology-I,A,ai_assisted_review_pass_v1,
222,benqa_ext_12th-Biology-I_0017,,"imaskuleshoner boishishty holo- i. pungkeshor oposaron ii. ekolingg fule ghote iii. sboporagayon rodh nicher konoti sothik?
A. i o ii
B. i o iii
C. ii o iii
D. i, ii, o iii
Answer with only A, B, C, or D.",,Biology-I,B,ai_assisted_review_pass_v1,
223,benqa_ext_12th-Biology-I_0024,,"nicher kon folotite kyarioposis dekhote paoya jay?
A. kola
B. toromuj
C. dhan
D. dhenros
Answer with only A, B, C, or D.",,Biology-I,C,ai_assisted_review_pass_v1,
224,benqa_ext_12th-Biology-I_0025,,"nicher konotir madhyome matriudbhider boishishtyer poriborton hoy?
A. bulobuli
B. songkorayon
C. mukulodogom
D. dabakolom
Answer with only A, B, C, or D.",,Biology-I,B,ai_assisted_review_pass_v1,
225,benqa_ext_12th-Biology-I_0026,,"glaikolaisis prokriyay byojit shokti kot onu ATP?
A. 2
B. 4
C. 6
D. 8
Answer with only A, B, C, or D.",,Biology-I,A,ai_assisted_review_pass_v1,
226,benqa_ext_12th-Biology-I_0027,,"patar graund tisyuke ki bole?
A. karteks
B. mesofil
C. perisaikel
D. mojja
Answer with only A, B, C, or D.",,Biology-I,B,ai_assisted_review_pass_v1,
227,benqa_ext_12th-Biology-I_0030,,"kon prokriyati nishek kriya chhara dimbanu theke kormokshom bhrun utopadone sokshom?
A. parthenojenesis
B. apospori
C. apogyami
D. androjenesis
Answer with only A, B, C, or D.",,Biology-I,A,ai_assisted_review_pass_v1,
228,benqa_ext_12th-Biology-I_0041,,"ilektron probah tontre ATP srishti hoy- i. NADH_2 jarone ii. Cyt b jarone iii. Cyt a jarone nicher konoti sothik?
A. i o ii
B. i o iii
C. ii o iii
D. i, ii, o iii
Answer with only A, B, C, or D.",,Biology-I,D,ai_assisted_review_pass_v1,
229,benqa_ext_12th-Biology-I_0043,,"joba fuler boishishty konoti?
A. upopotrojukt
B. ekoprotisom
C. gorbhokoti
D. muliy omorabinyas
Answer with only A, B, C, or D.",,Biology-I,A,ai_assisted_review_pass_v1,
230,benqa_ext_12th-Biology-I_0049,,"kon alote salokosongshleshoner har sorbochch?
A. holud
B. nil
C. lal
D. komola
Answer with only A, B, C, or D.",,Biology-I,C,ai_assisted_review_pass_v1,
231,benqa_ext_12th-Biology-I_0059,,"sobat shboson o obat shbosoner obhinn dhap konoti?
A. krebos chokr
B. asitail ko-e srishti
C. ETS
D. glaikolaisis
Answer with only A, B, C, or D.",,Biology-I,D,ai_assisted_review_pass_v1,
232,benqa_ext_12th-Biology-I_0066,,"konoti Poaceae gotrer boishishty?
A. pungkesher osongkhy
B. sorbomukh poragodhani
C. mukt parshbiy upopotr
D. okshiy omora binyas
Answer with only A, B, C, or D.",,Biology-I,B,ai_assisted_review_pass_v1,
233,benqa_ext_12th-Biology-I_0076,,"nicher konoti myakroniutriyent?
A. myangganij
B. naitrojen
C. kopar
D. louh
Answer with only A, B, C, or D.",,Biology-I,B,ai_assisted_review_pass_v1,
234,benqa_ext_12th-Biology-I_0080,,"kochur muler bhaskular bandol holo-
A. leptosentrik
B. hyadrosentrik
C. oriy
D. songjukt
Answer with only A, B, C, or D.",,Biology-I,C,ai_assisted_review_pass_v1,
235,benqa_ext_12th-Biology-I_0081,,"je bhajok tisyur koshogulo ek tole bibhajit hoy take ki bole?
A. rib
B. mas
C. plet
D. shirshosth
Answer with only A, B, C, or D.",,Biology-I,A,ai_assisted_review_pass_v1,
236,benqa_ext_12th-Biology-I_0085,,"nicher kon ayon drut gotite shoshit hoy?
A. Ca
B. SO_4
C. K
D. Mg
Answer with only A, B, C, or D.",,Biology-I,C,ai_assisted_review_pass_v1,
237,benqa_ext_12th-Biology-I_0092,,"bheksilari estibheshon dekha jay kon udbhide?
A. Solanum tuberausm
B. Pisum satvum
C. Brassica napus
D. Colotropis procera
Answer with only A, B, C, or D.",,Biology-I,B,ai_assisted_review_pass_v1,
238,benqa_ext_12th-Biology-I_0094,,"nimner kon poryaye koshoplet toiri hoy?
A. profej
B. anafej
C. telofej
D. saitokainesis
Answer with only A, B, C, or D.",,Biology-I,D,ai_assisted_review_pass_v1,
239,benqa_ext_12th-Biology-I_0098,,"sorishate nimnolikhit kon prokarer dimbok dekha jay?
A. urdhbomukhi
B. nimnomukhi
C. parshbomukhi
D. bokromukhi
Answer with only A, B, C, or D.",,Biology-I,D,ai_assisted_review_pass_v1,
240,benqa_ext_12th-Biology-I_0106,,"potrorondhrer khola o bondh hooyake niyontron kore- i. starch ii. pH iii. Na nicher konoti sothik?
A. i o ii
B. i o iii
C. ii o iii
D. i, ii, o iii
Answer with only A, B, C, or D.",,Biology-I,A,ai_assisted_review_pass_v1,
241,benqa_ext_12th-Biology-I_0110,,"nisheker fole- i. projatir kromosom songkhyar sthirota roksha hoy ii. notun projati srishtir sombhabona thake na iii. odhik folonoshil o sohonoshil fosol utoponn hoy nicher konoti sothik?
A. i o ii
B. i o iii
C. ii o iii
D. i, ii, o iii
Answer with only A, B, C, or D.",,Biology-I,B,ai_assisted_review_pass_v1,
242,benqa_ext_12th-Biology-I_0122,,"Draccaena udbhide kon dhoroner bhaskular bandol bortoman?
A. somoparshbiy
B. somodbiparshbiy
C. jailem kendrik
D. floyem kendrik
Answer with only A, B, C, or D.",,Biology-I,D,ai_assisted_review_pass_v1,
243,benqa_ext_12th-Biology-I_0129,,"sthayi tisyur boishishty konoti?
A. koshogulo ghon sonnibeshit
B. antohkoshiy fank nai
C. koshoprachir seluloj nirmit
D. koshogulo porinot
Answer with only A, B, C, or D.",,Biology-I,D,ai_assisted_review_pass_v1,
244,benqa_ext_12th-Biology-I_0132,,"endoplajomik retikulamer kaj- i. protoplajomer kathamo toiri hoy ii. Ribosome toiri kora iii. Keratin toiri kora nicher konoti sothik?
A. i o ii
B. i o iii
C. ii o iii
D. i, ii, o iii
Answer with only A, B, C, or D.",,Biology-I,A,ai_assisted_review_pass_v1,
245,benqa_ext_12th-Biology-I_0141,,"eksoplant nirbachon \rightarrow abad madhyom toiri \rightarrow \fbox{A} \rightarrow \fbox{B} \rightarrow \fbox{C} \rightarrow \fbox{D} \rightarrow chara tobe sthanantor . uddipoker prokriyar proyog- i. rogomukt udbhid srishti ii. transojenik udbhid utopadon iii. biluptopray udbhid songrokshon nicher konoti sothik?
A. i o ii
B. ii o iii
C. i o iii
D. i, ii, o iii
Answer with only A, B, C, or D.",,Biology-I,D,ai_assisted_review_pass_v1,
246,benqa_ext_12th-Biology-I_0144,,"obat shbosoner kshetre projojy- i. lyakotik esid toiri hoy ii. iste prokriyati songghotir hoy iii. oksijener proyojon hoy nicher konoti sothik?
A. i o ii
B. ii o iii
C. i o iii
D. i, ii, o iii
Answer with only A, B, C, or D.",,Biology-I,A,ai_assisted_review_pass_v1,
247,benqa_ext_12th-Biology-I_0147,,"maitosis kosh bibhajoner kon dhape spindol jontrer srishti hoy?
A. profej
B. pro-metafej
C. metafej
D. anafej
Answer with only A, B, C, or D.",,Biology-I,B,ai_assisted_review_pass_v1,
248,benqa_ext_12th-Biology-I_0151,,"DNA theke mRNA toirir prokriyake ki bola hoy?
A. replikeshon
B. miuteshon
C. transokriposhon
D. transoleshon
Answer with only A, B, C, or D.",,Biology-I,C,ai_assisted_review_pass_v1,
249,benqa_ext_12th-Biology-I_0157,,"bhairaser kshetre konoti sothik noy?
A. DNA o RNA ubhoy prokar niuklik esid thake
B. doihik briddhi nei
C. poribesher uddiponay sara dey na
D. kelasit kora jay
Answer with only A, B, C, or D.",,Biology-I,A,ai_assisted_review_pass_v1,
250,benqa_ext_12th-Biology-I_0163,,"potrorondhr khole jokhon- i. rokshikoshe K^+ probesh kore ii. koshe CO_2 er poriman bere jay iii. rokshikosh theke sokriyobhabe H^+ ber hoye jay nicher konoti sothik?
A. i o ii
B. ii o iii
C. i o iii
D. i, ii, o iii
Answer with only A, B, C, or D.",,Biology-I,C,ai_assisted_review_pass_v1,
251,benqa_ext_12th-Biology-I_0185,,"intaroferon nihsrit hoy-
A. mast kosh hote
B. byakoteriya akrant kosh hote
C. kyansar kosh hote
D. bhairas akrant kosh hote
Answer with only A, B, C, or D.",,Biology-I,D,ai_assisted_review_pass_v1,
252,benqa_ext_12th-Biology-I_0188,,"restrikoshon enojaim noy konoti?
A. Bco Rl
B. Hind III
C. Hpa-II
D. All-Po
Answer with only A, B, C, or D.",,Biology-I,D,ai_assisted_review_pass_v1,
253,benqa_ext_12th-Biology-I_0190,,"Cycas udbhider koraloyed muler bhitore bas kore- i. Rhizobium ii. Nostoe iii. Anabaena nicher konoti sothik?
A. i o ii
B. i o iii
C. ii o iii
D. i, ii, o iii
Answer with only A, B, C, or D.",,Biology-I,C,ai_assisted_review_pass_v1,
254,benqa_ext_12th-Biology-I_0196,,"kyalobhin chokrer prothom sthayi jougoti kot karbonobishisht?
A. 3
B. 4
C. 5
D. 6
Answer with only A, B, C, or D.",,Biology-I,A,ai_assisted_review_pass_v1,
255,benqa_ext_12th-Biology-I_0200,,"leptosentrik bhaskular bandoler udahoron holo-
A. Dracaena sp
B. Mangifera sp
C. Oryza sp
D. Triticum sp
Answer with only A, B, C, or D.",,Biology-I,A,ai_assisted_review_pass_v1,
256,benqa_ext_12th-Biology-I_0203,,"fruktoj 1, 6 bisofosofet \xleftrightarrow{P} 3 fosofoglisareldihaid + daihaidroksi esiton fosofet. uddipoker bikriyati nicher kon bikriya pothe songghotit hoy?
A. krebos chokr
B. kyalobhin chokr
C. glaikolaisis
D. hyach-slyak chokr
Answer with only A, B, C, or D.",,Biology-I,C,ai_assisted_review_pass_v1,
257,benqa_ext_12th-Biology-I_0204,,"fruktoj 1, 6 bisofosofet \xleftrightarrow{P} 3 fosofoglisareldihaid + daihaidroksi esiton fosofet. uddipoker bikrijay ongshogrohonokari P-er nam ki?
A. heksokainej
B. alodolej
C. dihaidrojinej
D. miutej
Answer with only A, B, C, or D.",,Biology-I,B,ai_assisted_review_pass_v1,
258,benqa_ext_12th-Biology-I_0205,,"kon udbhidoke 'pam farn' bola hoy?
A. Gnetum
B. Cycas
C. Pinus
D. Ephedra
Answer with only A, B, C, or D.",,Biology-I,B,ai_assisted_review_pass_v1,
259,benqa_ext_12th-Biology-I_0216,,"sorbomukh poragodhani kon udbhide paoya jay?
A. joba
B. dhane
C. karpas
D. dhenros
Answer with only A, B, C, or D.",,Biology-I,B,ai_assisted_review_pass_v1,
260,benqa_ext_12th-Biology-I_0217,,"nognobiji udbhide- i. arkigoniyam uposthit ii. shosy triployed iii. bij utoponn hoy nicher konoti sothik?
A. i o ii
B. i o iii
C. ii o iii
D. i, ii, o iii
Answer with only A, B, C, or D.",,Biology-I,B,ai_assisted_review_pass_v1,
261,benqa_ext_12th-Biology-I_0220,,"udbhider mul o kander shirsher tisyu konoti?
A. bhajok tisyu
B. sorol tisyu
C. jotil tisyu
D. kshoronokari tisyu
Answer with only A, B, C, or D.",,Biology-I,A,ai_assisted_review_pass_v1,
262,benqa_ext_12th-Biology-I_0224,,"C_{6}H_{12}O_{6} \longrightarrow 2C_{2}H_{5}OH + 2CO_{2} uporokt bikriyati kon joibik prokriyay songghotit hoy?
A. sobat shboson
B. obat shboson
C. kelobhin chokr
D. hyach o snyak chokr
Answer with only A, B, C, or D.",,Biology-I,B,ai_assisted_review_pass_v1,
263,benqa_ext_12th-Biology-I_0233,,"stok' o 'sayon' shobdogulo nimner konotir kshetre projojy?
A. kating
B. bading
C. grafoting
D. leyaring
Answer with only A, B, C, or D.",,Biology-I,C,ai_assisted_review_pass_v1,
264,benqa_ext_12th-Biology-I_0234,,"miyosis kosh bibhajone X akritir gothon dekha jay nimner konotite?
A. leptotin
B. jaigotin
C. pyakaitin
D. dayakainesis
Answer with only A, B, C, or D.",,Biology-I,C,ai_assisted_review_pass_v1,
265,benqa_ext_12th-Biology-I_0235,,"farmenteshon prokriyay nimner kon enojaimoti sobocheye beshi kriyashil hoy?
A. jaimej
B. kainej
C. aisomarej
D. haidrojinej
Answer with only A, B, C, or D.",,Biology-I,A,ai_assisted_review_pass_v1,
266,benqa_ext_12th-Biology-I_0236,,"nicher kon bakyoti sothik?
A. bhajok tisyur koshogulor bipakiy har kome
B. jailem o floyem ek dhoroner bhajok tisyu
C. muler bohirabonoke epidarmis bole
D. kander jailem binyas endark
Answer with only A, B, C, or D.",,Biology-I,D,ai_assisted_review_pass_v1,
267,benqa_ext_12th-Biology-I_0241,,"Cycas udbhider kon onggoti saper fonar nyay?
A. megasporofil
B. maikrosporofil
C. strobilas
D. koraloyed mul
Answer with only A, B, C, or D.",,Biology-I,A,ai_assisted_review_pass_v1,
268,benqa_ext_12th-Biology-I_0242,,"shbosoner kon poryaye O_2 er proyojon hoy?
A. glaikolaisis
B. asitail Co-e
C. krebos chokr
D. ilektron probah tontr
Answer with only A, B, C, or D.",,Biology-I,D,ai_assisted_review_pass_v1,
269,benqa_ext_12th-Biology-I_0244,,"nicher kon dhoroner koshe miyosis kosh bibhajon songghotit hoy?
A. poragorenute
B. jononokoshe
C. doihik koshe
D. porag matrikoshe
Answer with only A, B, C, or D.",,Biology-I,D,ai_assisted_review_pass_v1,
270,benqa_ext_12th-Biology-I_0246,,"sentromiyarer purnobibhajon ghote nimner kon dhape?
A. prometafej
B. metafej
C. anafej
D. telofej
Answer with only A, B, C, or D.",,Biology-I,C,ai_assisted_review_pass_v1,
271,benqa_ext_12th-Biology-I_0253,,"Cycas-er mule bosobas kore- i. byakoteriya ii. Nostoc iii. Anabaena nicher konoti sothik?
A. i o ii
B. i o iii
C. ii o iii
D. i, ii, o iii
Answer with only A, B, C, or D.",,Biology-I,D,ai_assisted_review_pass_v1,
272,benqa_ext_12th-Biology-I_0254,,"udbhider bhrunabosthay utopottilabh kore konoti?
A. promeristem
B. praimari bhajok tisyu
C. prokyambiyam
D. kork kyambiyam
Answer with only A, B, C, or D.",,Biology-I,B,ai_assisted_review_pass_v1,
273,benqa_ext_12th-Biology-I_0255,,"epidarmiser ontorbhukt holo-
A. stomata
B. traikom
C. rokshikosh
D. haidathod
Answer with only A, B, C, or D.",,Biology-I,B,ai_assisted_review_pass_v1,
274,benqa_ext_12th-Biology-I_0267,,"shbosone oksijener upothitite ADP hote ATP toirir prokriya konoti?
A. fotofosoforaileshon
B. fotosithesis
C. fosoforaileshon
D. oksidetibh fosoforaileshon
Answer with only A, B, C, or D.",,Biology-I,D,ai_assisted_review_pass_v1,
275,benqa_ext_12th-Biology-I_0268,,"DNA-er monomaroke bola hoy-
A. dioksiraiboniukliotaid
B. raiboniukliotaid
C. poliraibojom
D. niuklik esid
Answer with only A, B, C, or D.",,Biology-I,A,ai_assisted_review_pass_v1,
276,benqa_ext_12th-Biology-I_0271,,"mi. 'k' duti gachher modhye kros ghotanor purbe ekoti gachher pungkeshor soriye felolen. mi. 'k' er poddhotitir nam ki?
A. sboporagayon
B. imaskuleshon
C. haibridaijeshon
D. byaging
Answer with only A, B, C, or D.",,Biology-I,B,ai_assisted_review_pass_v1,
277,benqa_ext_12th-Biology-I_0272,,"mi. 'k' duti gachher modhye kros ghotanor purbe ekoti gachher pungkeshor soriye felolen. mi. 'k' ullikhit ghotonati ken ghotalen? i. fulotike stri fule porinot korar jony ii. sboporagayon na ghotar jony iii. sb-poragi fule porinot korar jony nicher konoti sothik?
A. i o ii
B. ii o iii
C. i o iii
D. i, ii, o iii
Answer with only A, B, C, or D.",,Biology-I,A,ai_assisted_review_pass_v1,
278,benqa_ext_12th-Biology-I_0275,,"ekoti jinoke drut bohu kopi jine porinot kora jay kon poddhotite?
A. riprodaktibh kloning
B. tisyu kalochar
C. rikombinent DNA projukti
D. PCR
Answer with only A, B, C, or D.",,Biology-I,D,ai_assisted_review_pass_v1,
279,benqa_ext_12th-Biology-I_0282,,"nimner konoti golakar bhairas?
A. TMV
B. HIV
C. T_2 faj
D. Ebola
Answer with only A, B, C, or D.",,Biology-I,B,ai_assisted_review_pass_v1,
280,benqa_ext_12th-Biology-I_0287,,"hedrosentrik bhaskular bandol kon udbhide paoya jay?
A. Pteris
B. Dracaena
C. Gnetum
D. Yucca
Answer with only A, B, C, or D.",,Biology-I,A,ai_assisted_review_pass_v1,
281,benqa_ext_12th-Biology-I_0294,,"nicher kon ongganute otolaisis ghote?
A. goloji bodi
B. laisosom
C. endoplajomik retikulam
D. raibosom
Answer with only A, B, C, or D.",,Biology-I,B,ai_assisted_review_pass_v1,
282,benqa_ext_12th-Biology-I_0296,,"mayosis koshobibhajon prokriyay niukliyaser prothom o dwitiy bibhajoner modhyoborti somoyoke bole-
A. kyariokainesis
B. saitokainesis
C. metakainesis
D. intarokainesis
Answer with only A, B, C, or D.",,Biology-I,D,ai_assisted_review_pass_v1,
283,benqa_ext_12th-Biology-I_0298,,"kon udbhide dui dhoroner kloroplast paoya jay?
A. ikshu
B. dhan
C. am
D. jam
Answer with only A, B, C, or D.",,Biology-I,A,ai_assisted_review_pass_v1,
284,benqa_ext_12th-Biology-I_0300,,"konoti anobik kanchi name porichit?
A. plajomid
B. laigej enojaim
C. restrikoshon enojaim
D. praimej
Answer with only A, B, C, or D.",,Biology-I,C,ai_assisted_review_pass_v1,
285,benqa_ext_12th-Biology-I_0302,,"plet bhajok tisyur udahoron-
A. pata
B. kande mojja
C. karteks
D. renutholi
Answer with only A, B, C, or D.",,Biology-I,A,ai_assisted_review_pass_v1,
286,benqa_ext_12th-Biology-I_0307,,"nicher kon jailem o floyem ubhoy tisyutei bidyoman?
A. trakid
B. bhesel
C. sibhonol
D. faibar
Answer with only A, B, C, or D.",,Biology-I,D,ai_assisted_review_pass_v1,
287,benqa_ext_12th-Biology-II_0005,,"ekoti sbabhabik dompotir somost sontan-sontotir 50% putr himofilik ebong 50% putr o konyara sbabhabik. uddipok onusare dompotir jinotaip holo-
A. \male _{x}B_{y}, \female _{x}B_{x}B
B. \male _{X}B_{Y}, \female _{X}B_{X}b
C. \male _{X}B_{Y}, \female _{X}b_{X}b
D. \male _{X}b_{Y}, \female _{X}b_{X}b
Answer with only A, B, C, or D.",,Biology-II,B,ai_assisted_review_pass_v1,
288,benqa_ext_12th-Biology-II_0011,,"sompurn rupantorer kshetre nicher konoti sothik?
A. dim \rightarrow larbha \rightarrow piupa \rightarrow imago
B. dim \rightarrow piupa \rightarrow larbha \rightarrow imago
C. larbha \rightarrow dim \rightarrow piupa \rightarrow imago
D. imago \rightarrow dim \rightarrow piupa \rightarrow larbha
Answer with only A, B, C, or D.",,Biology-II,A,ai_assisted_review_pass_v1,
289,benqa_ext_12th-Biology-II_0014,,"Archaeopteryx e kon kon shrenir boishisht royechhe?
A. stonyopayi o pakhi
B. seraisrip o ubhochor
C. sorisrip o pakhi
D. stonyopayi o sorisrip
Answer with only A, B, C, or D.",,Biology-II,C,ai_assisted_review_pass_v1,
290,benqa_ext_12th-Biology-II_0015,,"kon shrenite 5-15 jora golobiliy fuloka rondhr paoya jay?
A. Myxini
B. Petromyzontida
C. Chondrichlhyes
D. Actinopterygii
Answer with only A, B, C, or D.",,Biology-II,A,ai_assisted_review_pass_v1,
291,benqa_ext_12th-Biology-II_0018,,"nimner kon praniti asilomit?
A. golokrimi
B. fitakrimi
C. kencho
D. shamuk
Answer with only A, B, C, or D.",,Biology-II,B,ai_assisted_review_pass_v1,
292,benqa_ext_12th-Biology-II_0033,,"jonab naim dompotir sontander 50% lingg nirdharit roge akrant ebong 50% bahok hooyar sombhabona royechhe. uddipoker aloke sontanora kokhon emon hote pare?
A. baba akrant, ma sbabhabik
B. baba sbabhabik, ma akrant
C. -baba akrant, ma bahok
D. baba-ma ubhoyei akrant
Answer with only A, B, C, or D.",,Biology-II,C,ai_assisted_review_pass_v1,
293,benqa_ext_12th-Biology-II_0037,,"himosilojukt porb i. Mollusca ii. Annelida iii. Arthropoda nicher konoti sothik?
A. i o ii
B. i o iii
C. ii o iii
D. i, ii, o iii
Answer with only A, B, C, or D.",,Biology-II,B,ai_assisted_review_pass_v1,
294,benqa_ext_12th-Biology-II_0044,,"shbosoner snayubik niyontrone kon snayu bhumika rakhe?
A. abodusens
B. iliyak
C. olofyaktori
D. bhyagas
Answer with only A, B, C, or D.",,Biology-II,D,ai_assisted_review_pass_v1,
295,benqa_ext_12th-Biology-II_0059,,"intakyaleted disk paoya jay kon peshite?
A. mosrin peshi
B. kongkal peshi
C. kaardiyak peshi
D. oichchhik peshi
Answer with only A, B, C, or D.",,Biology-II,C,ai_assisted_review_pass_v1,
296,benqa_ext_12th-Biology-II_0069,,"nicher konoti fusofuser ekok?
A. niuron
B. nefron
C. alobhiolas
D. brongkiol
Answer with only A, B, C, or D.",,Biology-II,C,ai_assisted_review_pass_v1,
297,benqa_ext_12th-Biology-II_0071,,"kon roktogrup bohonokari byoktike sorbojonin data bola hoy?
A. A
B. B
C. O
D. AB
Answer with only A, B, C, or D.",,Biology-II,C,ai_assisted_review_pass_v1,
298,benqa_ext_12th-Biology-II_0076,,"pranijogoter dwitiy brihottom porboti holo-
A. nematoda
B. anilida
C. molaska
D. arthropoda
Answer with only A, B, C, or D.",,Biology-II,C,ai_assisted_review_pass_v1,
299,benqa_ext_12th-Biology-II_0081,,"gyastrik rose konogulo bidyoman?
A. peposin, renin, miusin,
B. triposin, renin, laipej
C. peposin, triposin, laipej
D. peposin, triposin, renin
Answer with only A, B, C, or D.",,Biology-II,A,ai_assisted_review_pass_v1,
300,benqa_ext_12th-Biology-II_0085,,"hridopeshite rokt sonchalon hras pele buker majhokhane je byatha onubhob hoy take-
A. arithomiya
B. koronari thrambosis
C. moyokardiyal inofarkoshon
D. anojaina pekotoris
Answer with only A, B, C, or D.",,Biology-II,B,ai_assisted_review_pass_v1,
301,benqa_ext_12th-Biology-II_0088,,"proshbas kriyar somoy- i. dayafram mnigami hoy ii. intarokostal peshi songkuchit hoy iii. porshukagulo uporer dike uttolit hoy nicher konoti sothik?
A. i o ii
B. i o iii
C. ii o iii
D. i, ii, o iii
Answer with only A, B, C, or D.",,Biology-II,D,ai_assisted_review_pass_v1,
302,benqa_ext_12th-Biology-II_0090,,"mendeler prothom sutrer byotikrom noy konoti?
A. ostimpurn prokotota
B. ghatok jin
C. poripurok jin
D. somoprokotota
Answer with only A, B, C, or D.",,Biology-II,C,ai_assisted_review_pass_v1,
303,benqa_ext_12th-Biology-II_0097,,"ghasoforing er rupantorer sothik krom konoti?
A. dim \rightarrow nisf \rightarrow purnangg prani
B. dim \rightarrow larbha piupa \rightarrow imago
C. dim \rightarrow piupa \rightarrow purnangg prani
D. dim \rightarrow larbha \rightarrow nisf \rightarrow purnangg prani
Answer with only A, B, C, or D.",,Biology-II,A,ai_assisted_review_pass_v1,
304,benqa_ext_12th-Biology-II_0098,,"ognyashoy theke nihsrit horomon konoti?
A. inosulin o oksitosin
B. somatostyatin o dopamin
C. glukagon o oksitosin
D. inosulin o glukagon
Answer with only A, B, C, or D.",,Biology-II,D,ai_assisted_review_pass_v1,
305,benqa_ext_12th-Biology-II_0099,,"sorboprothom 'Genetics' shobd ke procholon koren?
A. mendel
B. karl korens
C. uiliyam betoson
D. hugo dya bhris
Answer with only A, B, C, or D.",,Biology-II,C,ai_assisted_review_pass_v1,
306,benqa_ext_12th-Biology-II_0100,,"Hydra lomba durotto otikrom korar jony kon cholon somponn kore?
A. somarosonting
B. glaiding
C. kroling
D. luping
Answer with only A, B, C, or D.",,Biology-II,D,ai_assisted_review_pass_v1,
307,benqa_ext_12th-Biology-II_0107,,"asthir matrikay kon kosh thake?
A. ostioblast o ostio sait
B. ostioblast o kondrosait
C. kondrosait o ostio sait
D. kondromiukoyed o kondroojalobunoyed
Answer with only A, B, C, or D.",,Biology-II,A,ai_assisted_review_pass_v1,
308,benqa_ext_12th-Biology-II_0117,,"shofik saheber roktalpotar somosyar jony daktar rokt poriksha kore bololen, aponi jekono susth loker rokt nite paren. uddipoke ullekhit somosya nimner kon upadan kome gele hoy?
A. shbet rokt konika
B. lohit rokt konika
C. onuchokrika
D. heparin
Answer with only A, B, C, or D.",,Biology-II,B,ai_assisted_review_pass_v1,
309,benqa_ext_12th-Biology-II_0123,,"kon pranite protip rupantor ghote?
A. Ascidia mentula
B. Eusphyrna blochii
C. Myxine glutinosa
D. Neoceratiodus frosteri
Answer with only A, B, C, or D.",,Biology-II,A,ai_assisted_review_pass_v1,
310,benqa_ext_12th-Biology-II_0127,,"shboson tontrer kon ongshe olofyaktori kosh thake?
A. bhestibiul
B. nasagohbor
C. poshchat nasarondhr
D. nasa golobil
Answer with only A, B, C, or D.",,Biology-II,B,ai_assisted_review_pass_v1,
311,benqa_ext_12th-Biology-II_0140,,"omatidiyamer kon ongsh protibimb gothit hoy?
A. korniya
B. kristalain kon
C. r‌j
D. r‌jabodom
Answer with only A, B, C, or D.",,Biology-II,D,ai_assisted_review_pass_v1,
312,benqa_ext_12th-Biology-II_0143,,"manobodeher pakostholir ontorgothone miukosa store rugi thake. ei store gyastrik gronthi thake. ei sob gronthi hote enojaim, miukaser pashapashi bishesh ek dhoroner ojoib esidoo kshorit hoy. uddipoke ullikhit bishesh dhoroner ojoib bostutir kaj holo- i. omliy madhyom toiri kora ii. nishkriy enojaimoke sokriy kora iii. byokoteriya dhbongs kora nicher konoti sothik?
A. i o ii
B. i o iii
C. ii o iii
D. i, ii, o iii
Answer with only A, B, C, or D.",,Biology-II,D,ai_assisted_review_pass_v1,
313,benqa_ext_12th-Biology-II_0145,,"dwadosh shrenir chhatr kobirer uchchota 1.75 mitar ebong ojon 87 keji. uddipoke ullekhit byoktir e obosthar karon- i. jinogot ii. paribarik jibon jatra iii. nidrahinota nicher konoti sothik?
A. i o ii
B. i o iii
C. ii o iii
D. i, ii, o iii
Answer with only A, B, C, or D.",,Biology-II,D,ai_assisted_review_pass_v1,
314,benqa_ext_12th-Biology-II_0150,,"dugdh protin + pani \xrightarrow{renin} pyarakesin \xrightarrow{A} pepoton uddipoker A chihnit sthane kriyashil enojaimoti kshorit hoy kon kosh theke?
A. jaimujenik
B. arjentafin
C. miukas
D. pyaraital
Answer with only A, B, C, or D.",,Biology-II,A,ai_assisted_review_pass_v1,
315,benqa_ext_12th-Biology-II_0151,,"gregor johan mendel kon deshe jonmogrohon koren?
A. frans
B. inglyand
C. itali
D. ostriya
Answer with only A, B, C, or D.",,Biology-II,D,ai_assisted_review_pass_v1,
316,benqa_ext_12th-Biology-II_0155,,"nicher konoti sothik?
A. pyarapodiya \rightarrow Mollusca
B. r‌jadula \rightarrow Arthropoda
C. sponjosil \rightarrow Porifera
D. notokord \rightarrow Echinodermata
Answer with only A, B, C, or D.",,Biology-II,C,ai_assisted_review_pass_v1,
317,benqa_ext_12th-Biology-II_0165,,"aksis kosherukar boishishty konoti?
A. osthiti dekhote angtir moto
B. sentram o spainal proses onuposthit
C. sentramer sommukh prante odontoyed proses thake
D. bhartibral foremen bor o golakar
Answer with only A, B, C, or D.",,Biology-II,C,ai_assisted_review_pass_v1,
318,benqa_ext_12th-Biology-II_0166,,"nicher konoti ghasoforing er stri jonon tontrer ongsh?
A. bhas difarens
B. seminal bhesikol
C. sparmathika
D. kshepononali
Answer with only A, B, C, or D.",,Biology-II,C,ai_assisted_review_pass_v1,
319,benqa_ext_12th-Biology-II_0167,,"antibodihin roktogrup konoti?
A. A
B. B
C. AB
D. O
Answer with only A, B, C, or D.",,Biology-II,C,ai_assisted_review_pass_v1,
320,benqa_ext_12th-Biology-II_0172,,"nicher konotite oriy proti samyota dekha jay?
A. jeli fish
B. shamuk
C. manush
D. projapoti
Answer with only A, B, C, or D.",,Biology-II,A,ai_assisted_review_pass_v1,
321,benqa_ext_12th-Biology-II_0173,,"iurokordata up porber pranite- i. larbha doshay kebol leje notokord thake ii. he tiuni namok achchhodone abrit iii. deher ongkiy deshe oral hud thake nicher konoti sothik?
A. i o ii
B. i o iii
C. ii o iii
D. i, ii, o iii
Answer with only A, B, C, or D.",,Biology-II,A,ai_assisted_review_pass_v1,
322,benqa_ext_12th-Biology-II_0176,,"Hydra-r gyastrordamiser kosh konoti?
A. nidosait
B. jonon kosh
C. pushti kosh
D. pyaraital kosh
Answer with only A, B, C, or D.",,Biology-II,C,ai_assisted_review_pass_v1,
323,benqa_ext_12th-Biology-II_0178,,"nicher konoti sothik?
A. SA nod \rightarrow AV nod \rightarrow bandol ob hij \rightarrow parokinji tontu
B. SA nod \rightarrow AV nod \rightarrow parokinji tontu \rightarrow bandol ob hij
C. AV nod \rightarrow SA nod \rightarrow parokinji tontu \rightarrow bandol ob hij
D. AV nod \rightarrow bandol ob hij \rightarrow SA nod \rightarrow parokinji tontu
Answer with only A, B, C, or D.",,Biology-II,A,ai_assisted_review_pass_v1,
324,benqa_ext_12th-Biology-II_0186,,"iurokordata upoporber boishishty- i. deh tiunik dwara abrit ii. porinot pranira nishchol iii. ajibon notokord uposthit nicher konoti sothik?
A. i o ii
B. i o iii
C. ii o iii
D. i, ii, o iii
Answer with only A, B, C, or D.",,Biology-II,A,ai_assisted_review_pass_v1,
325,benqa_ext_12th-Biology-II_0188,,"ghasoforing er udorer khondoke bidyoman- i. targam ii. starnam iii. pliuron nicher konoti sothik?
A. i o ii
B. i o iii
C. ii o iii
D. i, ii, o iii
Answer with only A, B, C, or D.",,Biology-II,A,ai_assisted_review_pass_v1,
326,benqa_ext_12th-Biology-II_0198,,"duti kalo ginipiger modhye kros ghotanor fole sada o kalo ubhoy dhoroneroi opoty jonm nil. uddipoke ullekhit ginipiger mata-pitar jinoip ki dhoroner?
A. Bb,Bb
B. BB,Bb
C. Bb, bb
D. BB,bb
Answer with only A, B, C, or D.",,Biology-II,A,ai_assisted_review_pass_v1,
327,benqa_ext_12th-Biology-II_0201,,"kshotosthane thrombosaiter bhangoner fole je utosechokoti ber hoy tar nam ki?
A. foibrinojen
B. prothrombin
C. thromboplastin
D. kainej
Answer with only A, B, C, or D.",,Biology-II,C,ai_assisted_review_pass_v1,
328,benqa_ext_12th-Biology-II_0204,,"dan olind o dan niloyer majhe ki bhalobh thake?
A. baikasopid
B. traikasopid
C. iustoshiyan
D. semilunar
Answer with only A, B, C, or D.",,Biology-II,B,ai_assisted_review_pass_v1,
329,benqa_ext_12th-Biology-II_0205,,"atriyamer sistoler sthitikal kot sekend?
A. 0.1
B. 0.3
C. 0.5
D. 0.7
Answer with only A, B, C, or D.",,Biology-II,A,ai_assisted_review_pass_v1,
330,benqa_ext_12th-Biology-II_0208,,"O' rokt grupodhari rokt dite pare jaderoke- i. 'A' rokt grup ii. 'B' rokt grup iii. 'AB' rokt grup nicher konoti sothik?
A. i o ii
B. i o iii
C. ii o iii
D. i, ii, o iii
Answer with only A, B, C, or D.",,Biology-II,D,ai_assisted_review_pass_v1,
331,benqa_ext_12th-Biology-II_0210,,"amosit (Ammocete ) larbha dosha dekha jay konotite?
A. hyagofis
B. hangor
C. stingre
D. lyamopre
Answer with only A, B, C, or D.",,Biology-II,D,ai_assisted_review_pass_v1,
332,benqa_ext_12th-Biology-II_0213,,"sukroj enojaim sukrojoke bhengge ki toiri kore?
A. glukoj+fruktoj
B. moltoj+glukoj
C. maltoj+gyalakotoj
D. glukoj+gyalakotoj
Answer with only A, B, C, or D.",,Biology-II,A,ai_assisted_review_pass_v1,
333,benqa_ext_12th-Biology-II_0216,,"iuriya kothay toiri hoy?
A. brikk
B. agnyashoy
C. fusofus
D. jokrit
Answer with only A, B, C, or D.",,Biology-II,D,ai_assisted_review_pass_v1,
334,benqa_ext_12th-Biology-II_0218,,"ghasoforing er payer gothoner sothik krom holo-
A. koksa \rightarrow trokyantar \rightarrow fimar \rightarrow tibiya \rightarrow tarsas
B. trokyantar \rightarrow fimar \rightarrow tibiya \rightarrow koksa \rightarrow tarsas
C. koksa \rightarrow fimar \rightarrow trokyantar \rightarrow tibiya \rightarrow tarsas
D. trokyantar \rightarrow koksa \rightarrow tibiya \rightarrow fimar \rightarrow tarsas
Answer with only A, B, C, or D.",,Biology-II,A,ai_assisted_review_pass_v1,
335,benqa_ext_12th-Biology-II_0220,,"rofik sbabhabik born dorshone okshom holeo tar bon shahonaj sbabhabik born dorshone sokshom. jodio tar pita-mata ubhoyei sbabhabik born dorshone sokshom. uddipok onusare rofiker pita-matar jinotaip hobe-
A. _{X}B_{X}b, _{X}B_{Y}
B. _{X}B_{X}B, _{X}b_{Y}
C. _{X}b_{X}b, _{X}B_{Y}
D. _{X}B_{X}B, _{X}B_{Y}
Answer with only A, B, C, or D.",,Biology-II,A,ai_assisted_review_pass_v1,
336,benqa_ext_12th-Biology-II_0226,,"orjit boishishtyer uttoradhikar'- motobader probortok kon bijnani?
A. lyamark
B. charlos darouin
C. hu go da bhris
D. al frend rasel
Answer with only A, B, C, or D.",,Biology-II,A,ai_assisted_review_pass_v1,
337,benqa_ext_12th-Biology-II_0227,,"rokt songbohon o shbosonotontr onuposthit- i. Nematoda ii. Mollasca iii. Platyhelminthes nicher konoti sothik?
A. i o ii
B. i o iii
C. ii o iii
D. i, ii, o iii
Answer with only A, B, C, or D.",,Biology-II,B,ai_assisted_review_pass_v1,
338,benqa_ext_12th-Biology-II_0228,,"myantol' namok patola aboron thake-
A. porifera
B. nematoda
C. mollasca
D. Annelida
Answer with only A, B, C, or D.",,Biology-II,C,ai_assisted_review_pass_v1,
339,benqa_ext_12th-Biology-II_0234,,"nicher konoti protisoronoshil ongg hisebe kaj kore?
A. kristalain kon
B. kresta lain kon kosh
C. r‌jabodom kosh
D. korniya jen kosh
Answer with only A, B, C, or D.",,Biology-II,A,ai_assisted_review_pass_v1,
340,benqa_ext_12th-Biology-II_0239,,"ghasoforing er udor onchole koyoti shbas rondhr thake?
A. 4
B. 8
C. 20
D. 16
Answer with only A, B, C, or D.",,Biology-II,D,ai_assisted_review_pass_v1,
341,benqa_ext_12th-Biology-II_0248,,"kon juge udbhob hoyechhil?
A. jurasik
B. karboniferas
C. ordeobhisiyan
D. kyamobriyan
Answer with only A, B, C, or D.",,Biology-II,A,ai_assisted_review_pass_v1,
342,benqa_ext_12th-Biology-II_0251,,"lyabram er kaj hol- i. khaddo bostu kata ii. khaddo dhore rakha iii. sbad grohon kora nicher konoti sothik?
A. i o ii
B. i o iii
C. ii o iii
D. i, ii, o iii
Answer with only A, B, C, or D.",,Biology-II,C,ai_assisted_review_pass_v1,
343,benqa_ext_12th-Biology-II_0256,,"kon porber pranira somudrer rain forest name porichit?
A. Cnidria
B. Nematoda
C. Arthropoda
D. Echainodarmata
Answer with only A, B, C, or D.",,Biology-II,A,ai_assisted_review_pass_v1,
344,benqa_ext_12th-Biology-II_0258,,"manusher brihottom osthir ongsh konoti?
A. tiubarkol
B. kondail
C. trokoliya
D. deltoyed rij
Answer with only A, B, C, or D.",,Biology-II,B,ai_assisted_review_pass_v1,
345,benqa_ext_12th-Biology-II_0270,,"bohubhujakar kosh dekha jay konotite?
A. pakostholite
B. kshudrantre
C. jokrite
D. ognyashoye
Answer with only A, B, C, or D.",,Biology-II,C,ai_assisted_review_pass_v1,
346,benqa_ext_12th-Biology-II_0271,,"afarent (Afferent) dhomoni holo- i. hritopind theke fulokay rokt bohon kore ii. CO_{2} jukt rokt bohon kore iii. O_{2} jukt rokt bohon kore nicher konoti sothik?
A. i o ii
B. i o iii
C. ii o iii
D. i, ii, o iii
Answer with only A, B, C, or D.",,Biology-II,A,ai_assisted_review_pass_v1,
347,benqa_ext_12th-Biology-II_0275,,"hrid chokrer kon poryaye prothom hrid shobd srishti hoy?
A. atriyamer dayastol
B. bhentrikoler sistol
C. atriyamer sistol
D. bhentrikoler dayastol
Answer with only A, B, C, or D.",,Biology-II,B,ai_assisted_review_pass_v1,
348,benqa_ext_12th-Biology-II_0280,,"ghasoforing er rechon ongg konoti?
A. nefridiya
B. shikha kosh
C. malopijiyan nalika
D. malopijiyan bodi
Answer with only A, B, C, or D.",,Biology-II,C,ai_assisted_review_pass_v1,
349,benqa_ext_12th-Biology-II_0284,,"lyabiyam er ongsh- i. mentam ii. geliya iii. ligiul nicher konoti sothik?
A. i o ii
B. i o iii
C. ii o iii
D. i, ii, o iii
Answer with only A, B, C, or D.",,Biology-II,B,ai_assisted_review_pass_v1,
350,benqa_ext_12th-Biology-II_0288,,"uddipoker aloke ja hote pare- i. erithroblastosis fitalis ii. sontaner rokt Rh + (Rh pojitibh) fyaktorojukt iii. sontaner rokt Rh - (Rh negetibh) fyaktorojukt nicher konoti sothik?
A. i o ii
B. i o iii
C. ii o iii
D. i, ii, o iii
Answer with only A, B, C, or D.",,Biology-II,D,ai_assisted_review_pass_v1,
351,benqa_ext_12th-Biology-II_0292,,"prakritik nirbachon motobader probortok ke?
A. darouin
B. lyamark
C. bhaijomyan
D. spensar
Answer with only A, B, C, or D.",,Biology-II,A,ai_assisted_review_pass_v1,
352,benqa_ext_12th-Biology-II_0295,,"konoti ghasoforingyer dehe dekha jay?
A. mesogliya
B. himosil
C. silenteron
D. somokhondokayon
Answer with only A, B, C, or D.",,Biology-II,B,ai_assisted_review_pass_v1,
353,benqa_ext_12th-Biology-II_0296,,"ghasoforingyer porisfutoner sothik dhap konoti?
A. dim \rightarrow larbha \rightarrow piupa \rightarrow imago
B. dim \rightarrow nimf \rightarrow piupa \rightarrow imago
C. dim \rightarrow nimf \rightarrow imago
D. dim \rightarrow larbha \rightarrow imago
Answer with only A, B, C, or D.",,Biology-II,C,ai_assisted_review_pass_v1,
354,benqa_ext_12th-Biology-II_0303,,"traikasopid o baipasopid kopatika bondher karone niloy theke rokt jothakrome palomonari o sistemik mohadhomonite jay. uddipoke ullikhit ghotonatir kshetre nicher konoti sothik?
A. olinder dayastol
B. olinder sistol
C. niloyer sistol
D. niloyer dayastol
Answer with only A, B, C, or D.",,Biology-II,C,ai_assisted_review_pass_v1,
355,benqa_ext_12th-Biology-II_0304,,"traikasopid o baipasopid kopatika bondher karone niloy theke rokt jothakrome palomonari o sistemik mohadhomonite jay. uddipoke ullikhit kopatika duti bondh thake jokhon, tokhon- i. ete lyab sodrish shobd srishti hoy ii. dam sodrish shobd srishti hoy iii. 0.3 se. somoy lage nicher konoti sothik?
A. i o ii
B. i o iii
C. ii o iii
D. i, ii, o iii
Answer with only A, B, C, or D.",,Biology-II,D,ai_assisted_review_pass_v1,
356,benqa_ext_12th-Biology-II_0316,,"oroikhik peshi paoya jay
A. jorayu nalite
B. jihbay
C. medhyochchhoda
D. golobile
Answer with only A, B, C, or D.",,Biology-II,A,ai_assisted_review_pass_v1,
357,benqa_ext_12th-Biology-II_0317,,"kot soptah boyosk manobobhrune sorboprothom sarofyakotyant kshoron shuru hoy?
A. 23
B. 24
C. 20
D. 25
Answer with only A, B, C, or D.",,Biology-II,A,ai_assisted_review_pass_v1,
358,benqa_ext_12th-Biology-II_0326,,"5 fut 4 inchi uchchotay muhotasim er ojon 65 keji, tanr BMI kg/m^{2}?
A. 23.5
B. 24.01
C. 24.8
D. 25.15
Answer with only A, B, C, or D.",,Biology-II,C,ai_assisted_review_pass_v1,
359,benqa_ext_10th-Chemistry_0006,,"konoti tap utopadi bikriya?
A. SO_{2}(g) \rightarrow S(s) + O_{2}(g)
B. H_{2}O(g) \rightarrow H_{2}(g) + O_{2}(g)
C. N_{2}(g) + O_{2}(g) \rightarrow NO(g)
D. N_{2}(g) + H_{2}(g) \rightarrow NH_{3}(g)
Answer with only A, B, C, or D.",,Chemistry,D,ai_assisted_review_pass_v1,
360,benqa_ext_10th-Chemistry_0014,,"konotir mul upodan haidrokarbon?
A. kerosin
B. foromalin
C. bhinegar
D. methileted spirit
Answer with only A, B, C, or D.",,Chemistry,A,ai_assisted_review_pass_v1,
361,benqa_ext_10th-Chemistry_0016,,"konoti dahy podarth?
A. ithar
B. ti.en.ti
C. benojin
D. toluin
Answer with only A, B, C, or D.",,Chemistry,A,ai_assisted_review_pass_v1,
362,benqa_ext_10th-Chemistry_0027,,"(n - 1) d^{3} ns^{2} ilekotron binyas n = 4 mouloti nicher konoti?
A. V
B. Mn
C. Co
D. Ni
Answer with only A, B, C, or D.",,Chemistry,A,ai_assisted_review_pass_v1,
363,benqa_ext_10th-Chemistry_0029,,"salofar poryay saronir kon gruper moul?
A. 3
B. 6
C. 8
D. 16
Answer with only A, B, C, or D.",,Chemistry,D,ai_assisted_review_pass_v1,
364,benqa_ext_10th-Chemistry_0034,,"tunter ekoti onute koyoti poromanu thake?
A. 5
B. 6
C. 11
D. 21
Answer with only A, B, C, or D.",,Chemistry,D,ai_assisted_review_pass_v1,
365,benqa_ext_10th-Chemistry_0050,,"potasiyam er 'M' shoktistor kototi ilekotron thake?
A. 2
B. 8
C. 9
D. 18
Answer with only A, B, C, or D.",,Chemistry,B,ai_assisted_review_pass_v1,
366,benqa_ext_10th-Chemistry_0056,,"xH_{2} + yO_{2} = Z H_{2}O; bikriyati somotakrit obosthay thakole, x : y : z = kot?
A. 1 : 1 : 2
B. 1 : 2 : 1
C. 2 : 1 : 2
D. 2 : 1 : 1
Answer with only A, B, C, or D.",,Chemistry,C,ai_assisted_review_pass_v1,
367,benqa_ext_10th-Chemistry_0058,,"hyalojen gruper moulogulor jojyota ilekotron koyoti?
A. 1
B. 7
C. 8
D. 17
Answer with only A, B, C, or D.",,Chemistry,B,ai_assisted_review_pass_v1,
368,benqa_ext_10th-Chemistry_0061,,"200 mL drobone kot gram sodiyam haidroksaid drobibhut thakole er ghonomatra semimolar hobe?
A. 20
B. 4
C. 1.25
D. 0.5
Answer with only A, B, C, or D.",,Chemistry,B,ai_assisted_review_pass_v1,
369,benqa_ext_10th-Chemistry_0072,,"nicher konotir paromanobik byasardh sobocheye kom?
A. Na^{+}
B. Mg^{2+}
C. S^{2-}
D. Cl^{-}
Answer with only A, B, C, or D.",,Chemistry,B,ai_assisted_review_pass_v1,
370,benqa_ext_10th-Chemistry_0075,,"hiliyamer niukliyase koyoti proton thake?
A. 1
B. 2
C. 3
D. 4
Answer with only A, B, C, or D.",,Chemistry,B,ai_assisted_review_pass_v1,
371,benqa_ext_10th-Chemistry_0080,,"kyalosiyam fosofet jouger apekshik anobik bhor kot?
A. 139
B. 154
C. 279
D. 310
Answer with only A, B, C, or D.",,Chemistry,D,ai_assisted_review_pass_v1,
372,benqa_ext_10th-Chemistry_0082,,"kon mouloti rasayonikobhabe asoktihin?
A. Ne
B. Na
C. Cl
D. Ca
Answer with only A, B, C, or D.",,Chemistry,A,ai_assisted_review_pass_v1,
373,benqa_ext_10th-Chemistry_0088,,"adhan shuny konika- i. ilekotron ii. proton iii. niutron nicher konoti sothik?
A. iii
B. i o ii
C. i o iii
D. ii o iii
Answer with only A, B, C, or D.",,Chemistry,A,ai_assisted_review_pass_v1,
374,benqa_ext_10th-Chemistry_0095,,"CH_{3} - C \equiv CH jougotir IUPAC nam ki?
A. propail
B. propen
C. propin
D. propain
Answer with only A, B, C, or D.",,Chemistry,D,ai_assisted_review_pass_v1,
375,benqa_ext_10th-Chemistry_0099,,"mritokshar dhatusomuher bohihsth store kototi ilekotron thake?
A. 1
B. 2
C. 3
D. 4
Answer with only A, B, C, or D.",,Chemistry,B,ai_assisted_review_pass_v1,
376,benqa_ext_10th-Chemistry_0102,,"naitrojen kon gruper moul?
A. 12
B. 13
C. 14
D. 15
Answer with only A, B, C, or D.",,Chemistry,D,ai_assisted_review_pass_v1,
377,benqa_ext_10th-Chemistry_0104,,"lyatin bhasha theke grihit protik konoti?
A. N
B. Ca
C. Co
D. K
Answer with only A, B, C, or D.",,Chemistry,D,ai_assisted_review_pass_v1,
378,benqa_ext_10th-Chemistry_0108,,"mendelif kototi abishkrit moul niye poryay saroni koren?
A. 33
B. 63
C. 64
D. 67
Answer with only A, B, C, or D.",,Chemistry,B,ai_assisted_review_pass_v1,
379,benqa_ext_10th-Chemistry_0128,,"prakritik gyase pentener shotokora poriman kot?
A. 7%
B. 6%
C. 4%
D. 3%
Answer with only A, B, C, or D.",,Chemistry,D,ai_assisted_review_pass_v1,
380,benqa_ext_10th-Chemistry_0134,,"potasoshiyam er lyatin nam konoti?
A. Plumbum
B. Kaium
C. Stannum
D. Natrium
Answer with only A, B, C, or D.",,Chemistry,B,ai_assisted_review_pass_v1,
381,benqa_ext_10th-Chemistry_0144,,"sadharon tapomatray kothin obosthay thake- i. C_{10}H_{8} ii. S_{8} iii. l_{2} nicher konoti sothik?
A. i o ii
B. ii o iii
C. i o iii
D. i, ii o iii
Answer with only A, B, C, or D.",,Chemistry,D,ai_assisted_review_pass_v1,
382,benqa_ext_10th-Chemistry_0149,,"nicher kon mouloti odhikotor torit rinatmok?
A. C
B. F
C. O
D. N
Answer with only A, B, C, or D.",,Chemistry,B,ai_assisted_review_pass_v1,
383,benqa_ext_10th-Chemistry_0157,,"ekoti mouler poromanute a songkhyok proton, b songkhyok ilekotron ebong c songkhyok niuton achhe. moulotir bhor songkhya kot?
A. a + b
B. a + c
C. b + c
D. a + b + c
Answer with only A, B, C, or D.",,Chemistry,B,ai_assisted_review_pass_v1,
384,benqa_ext_10th-Chemistry_0163,,"fosofeter muloker jojoni kot?
A. 4
B. 3
C. 2
D. 1
Answer with only A, B, C, or D.",,Chemistry,B,ai_assisted_review_pass_v1,
385,benqa_ext_10th-Chemistry_0181,,"_{19}X moulotir obosthan kon poryaye?
A. 1
B. 3
C. 4
D. 5
Answer with only A, B, C, or D.",,Chemistry,C,ai_assisted_review_pass_v1,
386,benqa_ext_10th-Chemistry_0183,,"prakritik gyaser dohone utoponn hoy- i. CO_{2} ii. H_{2}O iii. NO_{2} nicher konoti sothik?
A. i o ii
B. i o iii
C. ii o iii
D. i, ii o iii
Answer with only A, B, C, or D.",,Chemistry,A,ai_assisted_review_pass_v1,
387,benqa_ext_10th-Chemistry_0195,,"_{6}X _{17}Y _{12}Z Y mouler jojyota ilekotron kototi?
A. 1
B. 5
C. 7
D. 17
Answer with only A, B, C, or D.",,Chemistry,C,ai_assisted_review_pass_v1,
388,benqa_ext_10th-Chemistry_0196,,"_{6}X _{17}Y _{12}Z Y o Z dwara gothit joug- i. uchch golonangkobishisht ii. somojoji iii. panite odroboniy nicher konoti sothik?
A. i
B. i o ii
C. ii o iii
D. i o iii
Answer with only A, B, C, or D.",,Chemistry,A,ai_assisted_review_pass_v1,
389,benqa_ext_10th-Chemistry_0197,,"prakritik gyase pentener shotokora poriman kot?
A. 7%
B. 6%
C. 4%
D. 3%
Answer with only A, B, C, or D.",,Chemistry,D,ai_assisted_review_pass_v1,
390,benqa_ext_10th-Chemistry_0201,,"konoti panite odroboniy?
A. LiCl
B. MgCl_{2}
C. CH_{4}
D. NaF
Answer with only A, B, C, or D.",,Chemistry,C,ai_assisted_review_pass_v1,
391,benqa_ext_10th-Chemistry_0203,,"kon moulotir jojoni shuny?
A. Na
B. Ni
C. K
D. Kr
Answer with only A, B, C, or D.",,Chemistry,D,ai_assisted_review_pass_v1,
392,benqa_ext_10th-Chemistry_0221,,"_{1}X, _{7}Y [X o Y protiki moul] X o Y dwara gothit jouger onute mukt jor ilekotron kototi?
A. 1
B. 2
C. 3
D. 4
Answer with only A, B, C, or D.",,Chemistry,A,ai_assisted_review_pass_v1,
393,benqa_ext_10th-Chemistry_0232,,"kon mouler poromanute niutron nei?
A. H
B. He
C. Li
D. Be
Answer with only A, B, C, or D.",,Chemistry,A,ai_assisted_review_pass_v1,
394,benqa_ext_10th-Chemistry_0246,,"nicher konoti mudra dhatu?
A. Rg
B. Au
C. Al
D. As
Answer with only A, B, C, or D.",,Chemistry,B,ai_assisted_review_pass_v1,
395,benqa_ext_10th-Chemistry_0252,,"FeCl_{3} jouge Fe er supt jojoni kot?
A. 3
B. 2
C. 1
D. 0
Answer with only A, B, C, or D.",,Chemistry,D,ai_assisted_review_pass_v1,
396,benqa_ext_10th-Chemistry_0269,,"poribesher jony kshotikor konoti?
A. florin
B. sijiyam
C. led
D. boron
Answer with only A, B, C, or D.",,Chemistry,C,ai_assisted_review_pass_v1,
397,benqa_ext_10th-Chemistry_0275,,"Na_{2}S_{2}O_{3} jouge salofarer jaron man kot?
A. \text{+ 2}
B. \text{+ 4}
C. \text {+ 5}
D. \text{+ 6}
Answer with only A, B, C, or D.",,Chemistry,A,ai_assisted_review_pass_v1,
398,benqa_ext_10th-Chemistry_0285,,"ghonibhoboner kshetre- i. podarth taposhokti nirgot kore ii. konar gotishokti briddhi pay iii. ayoton hras pay nicher konoti sothik?
A. i o ii
B. i o iii
C. ii o iii
D. i, ii o iii
Answer with only A, B, C, or D.",,Chemistry,B,ai_assisted_review_pass_v1,
399,benqa_ext_10th-Chemistry_0288,,"konoti poribortonoshil jojyota prodorshon kore?
A. Ca
B. Al
C. Fe
D. Zn
Answer with only A, B, C, or D.",,Chemistry,C,ai_assisted_review_pass_v1,
400,benqa_ext_10th-Chemistry_0295,,"kon mouler ilekotron, proton o niutron songkhya soman?
A. Na
B. K
C. Ca
D. Cl
Answer with only A, B, C, or D.",,Chemistry,C,ai_assisted_review_pass_v1,
401,benqa_ext_10th-Chemistry_0318,,"konoti urdhbopatit podarth?
A. SiO_{2}
B. C_{20}H_{42}
C. Br_{2}
D. C_{10}H_{8}
Answer with only A, B, C, or D.",,Chemistry,D,ai_assisted_review_pass_v1,
402,benqa_ext_10th-Chemistry_0319,,"konoti morichar songket?
A. FeO.3H_{2}O
B. Fe_{2}O_{3}.H_{2}O
C. Fe_{2}O_{3}.2H_{2}O
D. Fe_{2}O_{3}.nH_{2}O
Answer with only A, B, C, or D.",,Chemistry,D,ai_assisted_review_pass_v1,
403,benqa_ext_10th-Chemistry_0327,,"kon moulotir dhatob dhorm beshi?
A. Na
B. Mg
C. Ca
D. K
Answer with only A, B, C, or D.",,Chemistry,D,ai_assisted_review_pass_v1,
404,benqa_ext_10th-Chemistry_0328,,"Al^{3+} ayone kototi proton achhe?
A. 10
B. 13
C. 16
D. 27
Answer with only A, B, C, or D.",,Chemistry,B,ai_assisted_review_pass_v1,
405,benqa_ext_10th-Chemistry_0330,,"mendelifer poryay saronite kototi anubhumik sari chhil?
A. 7
B. 8
C. 12
D. 18
Answer with only A, B, C, or D.",,Chemistry,C,ai_assisted_review_pass_v1,
406,benqa_ext_10th-Chemistry_0331,,"amader shorire kot dhoroner moul royechhe?
A. 22
B. 24
C. 26
D. 28
Answer with only A, B, C, or D.",,Chemistry,C,ai_assisted_review_pass_v1,
407,benqa_ext_10th-Chemistry_0332,,"poromanute ilekotron- i. brittakar kokshopothe ghure ii. upobrittakar kokshopothe ghure iii. kendromukhi bol onubhob kore nicher konoti sothik?
A. i o ii
B. i o iii
C. ii o iii
D. i, ii o iii
Answer with only A, B, C, or D.",,Chemistry,D,ai_assisted_review_pass_v1,
408,benqa_ext_10th-Chemistry_0333,,"Zn + H_{2}SO_{4} \rightarrow ZnSO_{4} + H_{2} bikriyati- i. protisthapon bikriya ii. redoks bikriya iii. proshomon bikriya nicher konoti sothik?
A. i o ii
B. i o iii
C. ii o iii
D. i, ii o iii
Answer with only A, B, C, or D.",,Chemistry,A,ai_assisted_review_pass_v1,
409,benqa_ext_10th-Chemistry_0341,,"_{11}P^{14}Q, _{17}R [P, Q o R protiki orthe] Q' mouloti kon gruper?
A. 2 nong
B. 4 nong
C. 12 nong
D. 14 nong
Answer with only A, B, C, or D.",,Chemistry,D,ai_assisted_review_pass_v1,
410,benqa_ext_10th-Chemistry_0342,,"_{11}P^{14}Q, _{17}R [P, Q o R protiki orthe] P o R mouler- i. joug nimn golonangk bishisht ii. jouge ayonik bondhon bidyoman iii. dhorm porosporer biporit nicher konoti sothik?
A. i o ii
B. i o iii
C. ii o iii
D. i, ii o iii
Answer with only A, B, C, or D.",,Chemistry,C,ai_assisted_review_pass_v1,
411,benqa_ext_10th-Chemistry_0349,,"Ti mouloti poryay saronir kon grupe obosthit?
A. 2
B. 4
C. 10
D. 14
Answer with only A, B, C, or D.",,Chemistry,B,ai_assisted_review_pass_v1,
412,benqa_ext_10th-Chemistry_0357,,"nicher kon mouloti poribortonoshil jojoni prodorshon kore?
A. Al
B. Cu
C. Ca
D. K
Answer with only A, B, C, or D.",,Chemistry,B,ai_assisted_review_pass_v1,
413,benqa_ext_10th-Chemistry_0358,,"1 g KCl lobone koyoti onu achhe?
A. 8.084 \times 10^{21}
B. 8.084 \times 10^{22}
C. 8.084 \times 10^{23}
D. 8.084 \times 10^{24}
Answer with only A, B, C, or D.",,Chemistry,A,ai_assisted_review_pass_v1,
414,benqa_ext_10th-Chemistry_0366,,"osomprikt haidrokarbon- i. C_{3}H_{6} ii. C_{4}H_{10} iii. C_{5}H_{8} nicher konoti sothik?
A. i
B. iii
C. i o ii
D. i o iii
Answer with only A, B, C, or D.",,Chemistry,D,ai_assisted_review_pass_v1,
415,benqa_ext_10th-Chemistry_0367,,"sodiyam thayosalofet jouge S er jaron songkhya kot?
A. 6
B. 4
C. 2
D. 3
Answer with only A, B, C, or D.",,Chemistry,C,ai_assisted_review_pass_v1,
416,benqa_ext_10th-Chemistry_0369,,"AlCl_{3} jouge- i. Al er jaron songkhya + 3 ii. ayonik bondhon bidyoman iii. panite droboniy nicher konoti sothik?
A. i o ii
B. i o iii
C. ii o iii
D. i, ii o iii
Answer with only A, B, C, or D.",,Chemistry,D,ai_assisted_review_pass_v1,
417,benqa_ext_10th-Chemistry_0376,,"konoti prakritik polimar?
A. polithin
B. rabar
C. pibhisi
D. polipropin
Answer with only A, B, C, or D.",,Chemistry,B,ai_assisted_review_pass_v1,
418,benqa_ext_10th-Chemistry_0383,,"kon mouloti hyalojen gruper ontorbhukt?
A. astatin
B. sijiyam
C. silobhar
D. stronosiyam
Answer with only A, B, C, or D.",,Chemistry,A,ai_assisted_review_pass_v1,
419,benqa_ext_10th-Chemistry_0384,,"H_{2 }S jougotite S er supt jojoni kot?
A. 6
B. 4
C. 2
D. 0
Answer with only A, B, C, or D.",,Chemistry,B,ai_assisted_review_pass_v1,
420,benqa_ext_10th-Chemistry_0386,,"ilekotroner prokrit bhor kot?
A. 9.110 \times 10^{-28} g
B. 1.675 \times 10^{-24} g
C. 1.673 \times 10^{-24} g
D. 1.66 \times 10^{-24} g
Answer with only A, B, C, or D.",,Chemistry,A,ai_assisted_review_pass_v1,
421,benqa_ext_10th-Chemistry_0387,,"propener onute kototi ekok bondhon achhe?
A. 6
B. 8
C. 10
D. 12
Answer with only A, B, C, or D.",,Chemistry,C,ai_assisted_review_pass_v1,
422,benqa_ext_12th-Chemistry-I_0001,,"nicher kon orobital hunder niti prodorshone okshom?
A. s
B. p
C. d
D. f
Answer with only A, B, C, or D.",,Chemistry-I,A,ai_assisted_review_pass_v1,
423,benqa_ext_12th-Chemistry-I_0003,,"kyalosiyam fosofeter drabyota gunofol konoti?
A. 27S^{3}
B. S^{5}
C. 27S^{5}
D. 108S^{5}
Answer with only A, B, C, or D.",,Chemistry-I,D,ai_assisted_review_pass_v1,
424,benqa_ext_12th-Chemistry-I_0023,,"onughotok- i. bikriyar goti baray ii. bikriyar goti komay iii. drototor samyabosthay niye ase nicher konoti sothik?
A. i o ii
B. ii o iii
C. i o iii
D. i, ii o iii
Answer with only A, B, C, or D.",,Chemistry-I,D,ai_assisted_review_pass_v1,
425,benqa_ext_12th-Chemistry-I_0024,,"1% HCl droboner pH kot?
A. 0.56
B. 2
C. 2.5
D. 5.6
Answer with only A, B, C, or D.",,Chemistry-I,A,ai_assisted_review_pass_v1,
426,benqa_ext_12th-Chemistry-I_0039,,"nicher konoti bafar drobon hisebe kaj korobe?
A. HF(aq) + NaF
B. CH_{3}COOH + CH_{3}COONa
C. HCOOH + CH_{3}COONa
D. NH_{4}OH + (NH_{4})_{2}CO_{3}
Answer with only A, B, C, or D.",,Chemistry-I,B,ai_assisted_review_pass_v1,
427,benqa_ext_12th-Chemistry-I_0050,,"konoti rongin joug?
A. NiSO_{4|
B. Al_{2}(SO_{4})_{3}
C. ZnSO_{4|
D. Sc_{2}(SO_{4})_{3}
Answer with only A, B, C, or D.",,Chemistry-I,A,ai_assisted_review_pass_v1,
428,benqa_ext_12th-Chemistry-I_0051,,"kiser poribortoner fole samyodhruboker man poribortit hoy?
A. tapomatra
B. ghonomatra
C. ayoton
D. probhabok
Answer with only A, B, C, or D.",,Chemistry-I,A,ai_assisted_review_pass_v1,
429,benqa_ext_12th-Chemistry-I_0068,,"kon bijnanir mote abortonoshil ilekotron kromagot shokti bikiron kore?
A. haijenobarg
B. ainostain
C. myaks plangk
D. myaksooyel
Answer with only A, B, C, or D.",,Chemistry-I,D,ai_assisted_review_pass_v1,
430,benqa_ext_12th-Chemistry-I_0070,,"A_{2}B_{3} jouger drabyota, S o drabyota gunofol, K_{sp} er modhye sothik sompork konoti?
A. K_{sp}=108 S^{5}
B. K_{sp}=36 S^{5}
C. K_{sp}=6 S^{5}
D. K_{sp}=6 S^{2}
Answer with only A, B, C, or D.",,Chemistry-I,A,ai_assisted_review_pass_v1,
431,benqa_ext_12th-Chemistry-I_0081,,"bhinegar- i. byakoteriya dhbongs kore ii. haidrojen bondhon gothon kore iii. tibr oml nicher konoti sothik?
A. i
B. iii
C. i o ii
D. i, ii o iii
Answer with only A, B, C, or D.",,Chemistry-I,C,ai_assisted_review_pass_v1,
432,benqa_ext_12th-Chemistry-I_0089,,"konotiir prothom ayonikoron bibhob odhik?
A. N
B. C
C. B
D. O
Answer with only A, B, C, or D.",,Chemistry-I,A,ai_assisted_review_pass_v1,
433,benqa_ext_12th-Chemistry-I_0096,,"antohanobik haidrojen bondhon gothon kore- i. orthonaitrofenol ii. orthonaitrotoluin iii. orthohaidroksi benojalodihaid nicher konoti sothik
A. i o ii
B. i o iii
C. ii o iii
D. i, ii o iii
Answer with only A, B, C, or D.",,Chemistry-I,D,ai_assisted_review_pass_v1,
434,benqa_ext_12th-Chemistry-I_0102,,"A_{3}B_{2} er drabyota S molL^{-1} hole K_{sp} kot?
A. 8S^{3}
B. 16S^{4}
C. 27S^{3}
D. 108S^{5}
Answer with only A, B, C, or D.",,Chemistry-I,D,ai_assisted_review_pass_v1,
435,benqa_ext_12th-Chemistry-I_0103,,"NH_{4}^{+} ayoner songkoron konoti?
A. dsp^{2}
B. sp^{3}
C. sp^{2}
D. sp
Answer with only A, B, C, or D.",,Chemistry-I,B,ai_assisted_review_pass_v1,
436,benqa_ext_12th-Chemistry-I_0107,,"beriyam karbaid +HCl\rightarrow A+B(g); ekhane B er kshetre projojy, ete bidyoman- i. sp songkoron ii. haidrojen bondhon iii. S blok moul
A. i
B. i o iii
C. ii o iii
D. i, ii o iii
Answer with only A, B, C, or D.",,Chemistry-I,B,ai_assisted_review_pass_v1,
437,benqa_ext_12th-Chemistry-I_0116,,"nicher konotir jony bor poromanu model projojy?
A. H^{+}
B. He^{+}
C. Li^{+}
D. Be^{+}
Answer with only A, B, C, or D.",,Chemistry-I,B,ai_assisted_review_pass_v1,
438,benqa_ext_12th-Chemistry-I_0127,,"pani torol hooyar jony nicher kon bondhon dayi
A. ayonik bondhon
B. somojoji bondhon
C. haidrojen bondhon
D. dhatob bondhob
Answer with only A, B, C, or D.",,Chemistry-I,C,ai_assisted_review_pass_v1,
439,benqa_ext_12th-Chemistry-I_0130,,"panir ayonik gunofoler man kot?
A. 1.0 \times 10^{-14}
B. 1.0 \times 10^{-7}
C. 1.0 \times 10^{-12}
D. 1.0 \times 10^{-15}
Answer with only A, B, C, or D.",,Chemistry-I,A,ai_assisted_review_pass_v1,
440,benqa_ext_12th-Chemistry-I_0132,,"K_{c} er maner kshetre konoti sothik?
A. er man 1 hote pare
B. er man probhaboker upor nirbhor kore
C. er man chaper upor nirbhor kore
D. er man osim hote pare
Answer with only A, B, C, or D.",,Chemistry-I,A,ai_assisted_review_pass_v1,
441,benqa_ext_12th-Chemistry-I_0133,,"manobodehe kon bafaroti pH niyontr kore?
A. CH_{3}COOH + HCO_{3}^{-}
B. H_{2}CO_{3} + NaHCO_{3}
C. NH_{4}OH + NH_{4}Cl
D. CH_{3}COOH + CH_{3}COONa
Answer with only A, B, C, or D.",,Chemistry-I,B,ai_assisted_review_pass_v1,
442,benqa_ext_12th-Chemistry-I_0142,,"konotite somojoji bondhon onuposthit?
A. HBr
B. H_{2}S
C. BeCl_{2}
D. CaF_{2}
Answer with only A, B, C, or D.",,Chemistry-I,D,ai_assisted_review_pass_v1,
443,benqa_ext_12th-Chemistry-I_0147,,"A_{2}(g)+B_{2}(g)\rightleftharpoons 2AB(g); \bigtriangleup H = +X Kj/mol; bikriyatite- i. chaper probhab bidyoman ii. tapomatrar probhab bidyoman iii. probhaboker bhumika bidyoman nicher konoti sothik?
A. i
B. ii
C. i o ii
D. i, ii o iii
Answer with only A, B, C, or D.",,Chemistry-I,B,ai_assisted_review_pass_v1,
444,benqa_ext_12th-Chemistry-I_0151,,"konotir kshetre bornalir byakhya sombhob?
A. H^{-}
B. He^{2+}
C. Li^{2+}
D. Be^{2+}
Answer with only A, B, C, or D.",,Chemistry-I,C,ai_assisted_review_pass_v1,
445,benqa_ext_12th-Chemistry-I_0153,,"konoti akriti prokash kore?
A. prodhan koyantam songkhya
B. choumbok koyantam songkhya
C. sohokari koyantam songkhya
D. ghurnon koyantam songkhya
Answer with only A, B, C, or D.",,Chemistry-I,C,ai_assisted_review_pass_v1,
446,benqa_ext_12th-Chemistry-I_0154,,"kon orobitaloti sombhob?
A. 5s
B. 3f
C. 2d
D. 1p
Answer with only A, B, C, or D.",,Chemistry-I,A,ai_assisted_review_pass_v1,
447,benqa_ext_12th-Chemistry-I_0157,,"sp-songkorit hole onur akriti ki hobe?
A. piramidiy
B. trikonakar tribhuj
C. soroloroikhik
D. chotustolokiy
Answer with only A, B, C, or D.",,Chemistry-I,C,ai_assisted_review_pass_v1,
448,benqa_ext_12th-Chemistry-I_0161,,"0.05M H_{2}SO_{4} er pH kot?
A. 0.1
B. 1
C. 1.3
D. 2
Answer with only A, B, C, or D.",,Chemistry-I,B,ai_assisted_review_pass_v1,
449,benqa_ext_12th-Chemistry-I_0169,,"sobuj rosaayoner ontorbhukt- i. koksh tapomatra o chape bikriya songghotoner cheshta ii. nobayonojogy kanchamal kom byobohar kora iii. madhyomik goun utopad hras kora nicher konoti sothik?
A. i o ii
B. i o iii
C. ii o iii
D. i, ii o iii
Answer with only A, B, C, or D.",,Chemistry-I,B,ai_assisted_review_pass_v1,
450,benqa_ext_12th-Chemistry-I_0175,,"konotir ayonikoron shokti beshi?
A. Be
B. B
C. Mg
D. Al
Answer with only A, B, C, or D.",,Chemistry-I,A,ai_assisted_review_pass_v1,
451,benqa_ext_12th-Chemistry-I_0177,,"[Zn(NH_{3})_{4}]^{2+} e Zn er songkoron konoti?
A. sp^{3}
B. sp^{3}d
C. sp^{3}d^{2}
D. sp^{2}d
Answer with only A, B, C, or D.",,Chemistry-I,A,ai_assisted_review_pass_v1,
452,benqa_ext_12th-Chemistry-I_0185,,"konoti enti oksident?
A. C_{6}H_{5}COONa
B. NaNO_{2}
C. EDTA
D. BHT
Answer with only A, B, C, or D.",,Chemistry-I,D,ai_assisted_review_pass_v1,
453,benqa_ext_12th-Chemistry-I_0189,,"drabyota gunofol nicher kon kshetre projojy?
A. odhik droboniy ayonik joug
B. odhik droboniy somojoji joug
C. sbolp droboniy ayonik joug
D. sbolp droboniy somojoji joug
Answer with only A, B, C, or D.",,Chemistry-I,C,ai_assisted_review_pass_v1,
454,benqa_ext_12th-Chemistry-I_0198,,"bhinegar prostutite amoniyam fosofeter bhumika ki?
A. faromenteshon
B. byakoteriya protirodhok
C. pH niyontrok
D. byakoteriya briddhi sohayok
Answer with only A, B, C, or D.",,Chemistry-I,D,ai_assisted_review_pass_v1,
455,benqa_ext_12th-Chemistry-I_0199,,"H-poromaanur bornalir bamar sirijer sorbonimn torongg songkhyar bikirit roshmi konoti?
A. 3R_{H}/4
B. 5R_{H}/36
C. 8R_{H}/9
D. 9R_{H}/144
Answer with only A, B, C, or D.",,Chemistry-I,B,ai_assisted_review_pass_v1,
456,benqa_ext_12th-Chemistry-I_0200,,"pyashchen sirijer kshetre nimn shoktistorer man kot?
A. 5
B. 4
C. 3
D. 2
Answer with only A, B, C, or D.",,Chemistry-I,C,ai_assisted_review_pass_v1,
457,benqa_ext_12th-Chemistry-I_0205,,"konotir jyamitik akriti sorol roikhik?
A. Co_{2}
B. H_{2}O
C. H_{2}S
D. SO_{2}
Answer with only A, B, C, or D.",,Chemistry-I,A,ai_assisted_review_pass_v1,
458,benqa_ext_12th-Chemistry-I_0207,,"droboner pH = 3.6 hole H^{+} ayoner ghonomatra kot?
A. 3.5\times 10^{-4} M
B. 2.5\times 10^{-4} M
C. 1.5\times 10^{-4} M
D. 0.5\times 10^{-4}
Answer with only A, B, C, or D.",,Chemistry-I,B,ai_assisted_review_pass_v1,
459,benqa_ext_12th-Chemistry-I_0215,,"nimner konoti som-ayoton 1M NaOH droboner sathe bafar gothon korobe?
A. 0.1 M CH_{3}COOH
B. 0.2 M CH_{3}COOH
C. 1.0 M CH_{3}COOH
D. 2.0 M CH_{3}COOH
Answer with only A, B, C, or D.",,Chemistry-I,C,ai_assisted_review_pass_v1,
460,benqa_ext_12th-Chemistry-I_0220,,"A+O_{2}\xrightarrow[]{asitobyaktor}CH_{3}COOH bikriyatite 'A' jougoti holo-
A. mithanol
B. ithanol
C. mithanyal
D. ithanyal
Answer with only A, B, C, or D.",,Chemistry-I,B,ai_assisted_review_pass_v1,
461,benqa_ext_12th-Chemistry-I_0222,,"3.5% Na_{2}CO_{3} droboner pH kot?
A. 13.8
B. 12.7
C. 11.5
D. 10.5
Answer with only A, B, C, or D.",,Chemistry-I,A,ai_assisted_review_pass_v1,
462,benqa_ext_12th-Chemistry-I_0226,,"ilekotron asokti je sokol niyamok dwara probhabit hoy- i. paromanobik bhor ii. poromanur akar iii. karyokor niukliyar adhan nicher konoti sothik?
A. i o ii
B. i o iii
C. ii o iii
D. i, ii o iii
Answer with only A, B, C, or D.",,Chemistry-I,C,ai_assisted_review_pass_v1,
463,benqa_ext_12th-Chemistry-I_0229,,"prakritik anti oksident konoti?
A. bita kyarotin
B. bhinegar
C. BHT
D. BHA
Answer with only A, B, C, or D.",,Chemistry-I,A,ai_assisted_review_pass_v1,
464,benqa_ext_12th-Chemistry-I_0231,,"H_{2}S onur bondhon kon kot?
A. 109^{\circ}
B. 107^{\circ}
C. 92^{\circ}
D. 72^{\circ}
Answer with only A, B, C, or D.",,Chemistry-I,C,ai_assisted_review_pass_v1,
465,benqa_ext_12th-Chemistry-I_0237,,"sour model konoti?
A. radarofard poromanu model
B. bor poromanu model
C. thomoson poromanu model
D. dalton poromanu model
Answer with only A, B, C, or D.",,Chemistry-I,A,ai_assisted_review_pass_v1,
466,benqa_ext_12th-Chemistry-I_0250,,"MX_{2} er drabyota gunofol konoti?
A. [M^{2+}]\times [X^{-}]^{2}
B. [M^{2+}]^{2}\times [X^{-}]
C. [M^{2+}]\times [X^{-2}]
D. [M^{2+}]\times [X^{-2}]^{2}
Answer with only A, B, C, or D.",,Chemistry-I,A,ai_assisted_review_pass_v1,
467,benqa_ext_12th-Chemistry-I_0252,,"Fe^{2+} ayoner ilekotron binyase bijor ilekotron songkhya kototi?
A. 2
B. 3
C. 4
D. 6
Answer with only A, B, C, or D.",,Chemistry-I,C,ai_assisted_review_pass_v1,
468,benqa_ext_12th-Chemistry-I_0258,,"rongin joug konoti?
A. TiCl_{4}
B. MnO_{2}
C. ScCl_{3}
D. ZnSO_{4}
Answer with only A, B, C, or D.",,Chemistry-I,B,ai_assisted_review_pass_v1,
469,benqa_ext_12th-Chemistry-I_0262,,"nimner kon mouloti byotikromi ilekotron binyas dekhay?
A. Zn
B. Fe
C. Cu
D. Pb
Answer with only A, B, C, or D.",,Chemistry-I,C,ai_assisted_review_pass_v1,
470,benqa_ext_12th-Chemistry-I_0264,,"nimner konoti bafar drobon?
A. 30 mL 0.1M NH_{4}OH + 20mL 0.2M HCl
B. 40 mL 0.2M CH_{3}COOH + 30mL 0.3M NaOH
C. 50 mL 0.1M NaOH + 40mL 0.2M H_{2}CO_{3}
D. 60 mL 0.1M NaOH + 70mL 0.2M HCL
Answer with only A, B, C, or D.",,Chemistry-I,C,ai_assisted_review_pass_v1,
471,benqa_ext_12th-Chemistry-I_0274,,"chalokojen grup konoti?
A. 16
B. 15
C. 14
D. 11
Answer with only A, B, C, or D.",,Chemistry-I,A,ai_assisted_review_pass_v1,
472,benqa_ext_12th-Chemistry-I_0280,,"konotir paromanobik byasardh beshi?
A. Na
B. Mg
C. Si
D. S
Answer with only A, B, C, or D.",,Chemistry-I,A,ai_assisted_review_pass_v1,
473,benqa_ext_12th-Chemistry-I_0285,,"nicher konoti obhijat gyas
A. H_{2}
B. N_{2}
C. F_{2}
D. Xe
Answer with only A, B, C, or D.",,Chemistry-I,D,ai_assisted_review_pass_v1,
474,benqa_ext_12th-Chemistry-I_0287,,"NH_{4}^{+} er akriti konoti?
A. oshtotolokiy
B. dwi-piramidiy
C. chotustolokiy
D. piramidiy
Answer with only A, B, C, or D.",,Chemistry-I,C,ai_assisted_review_pass_v1,
475,benqa_ext_12th-Chemistry-I_0299,,"asomani alor toronggodoirghyer cheye chhot toronggodoirghyer alo konoti?
A. nil
B. sobuj
C. komola
D. lal
Answer with only A, B, C, or D.",,Chemistry-I,A,ai_assisted_review_pass_v1,
476,benqa_ext_12th-Chemistry-I_0300,,"gukloj theke ithanol prostutite kon enojaimoti byobohrit hoy?
A. dayastej
B. moltej
C. jaimej
D. inobhartej
Answer with only A, B, C, or D.",,Chemistry-I,C,ai_assisted_review_pass_v1,
477,benqa_ext_12th-Chemistry-I_0320,,"NH_{4}^{+} ayone N er songkoron konoti?
A. sp
B. sp^{2}
C. sp^{3}
D. sp^{3}d
Answer with only A, B, C, or D.",,Chemistry-I,C,ai_assisted_review_pass_v1,
478,benqa_ext_12th-Chemistry-I_0325,,"konotir kshetre bor poromanu model projojy?
A. H^{+}
B. He^{2+}
C. Li^{2+}
D. Be^{4+}
Answer with only A, B, C, or D.",,Chemistry-I,C,ai_assisted_review_pass_v1,
479,benqa_ext_12th-Chemistry-I_0330,,"konoti mriritokshar dhatu?
A. Na
B. Ca
C. Al
D. Zn
Answer with only A, B, C, or D.",,Chemistry-I,B,ai_assisted_review_pass_v1,
480,benqa_ext_12th-Chemistry-I_0335,,"s-bloker orntobhukt mouler songkhya koyoti?
A. 6
B. 7
C. 10
D. 14
Answer with only A, B, C, or D.",,Chemistry-I,D,ai_assisted_review_pass_v1,
481,benqa_ext_12th-Chemistry-I_0336,,"CH_{4}(g)+2O_{2}(g)\rightleftharpoons CO_{2}(g)+2H_{2}O(l); samy bikriyatir kshetre konoti projojy
A. ayoton oporibortit
B. ayoton somprosarit
C. samyabosthay chap niropeksh
D. chap proyoge samyabostha danodike sthanantorit hoy
Answer with only A, B, C, or D.",,Chemistry-I,D,ai_assisted_review_pass_v1,
482,benqa_ext_12th-Chemistry-I_0337,,"kon lobonotir joliy droboner pH > 7?
A. NaCl
B. CuSO_{4}
C. Na_{2}CO_{3}
D. NH_{4}Cl
Answer with only A, B, C, or D.",,Chemistry-I,C,ai_assisted_review_pass_v1,
483,benqa_ext_12th-Chemistry-I_0338,,"ayoner polarayon beshi hole songshlisht jouger- i. somojoji boishishty beshi hoy ii. panite drabyota kom hoy iii. ardrobishleshon probonota briddhi pay nicher konoti sothik?
A. i o ii
B. i o iii
C. ii o iii
D. i, ii o iii
Answer with only A, B, C, or D.",,Chemistry-I,A,ai_assisted_review_pass_v1,
484,benqa_ext_12th-Chemistry-I_0345,,"hebar bos poddhotite NH_{3} milpotopadone probhabok sohayok hisebe konoti byobohrit hoy?
A. MO
B. Ee
C. Ni
D. V
Answer with only A, B, C, or D.",,Chemistry-I,A,ai_assisted_review_pass_v1,
485,benqa_ext_12th-Chemistry-I_0347,,"nicher kon ayonik jouger sobocheye beshi polarayon ghote?
A. HCl
B. NaCl
C. MgCl_{2}
D. BeCl_{2}
Answer with only A, B, C, or D.",,Chemistry-I,D,ai_assisted_review_pass_v1,
486,benqa_ext_12th-Chemistry-I_0351,,"CO_{2} jouger kendriy mouler songkorayon holo-
A. sp
B. sp^{2}
C. sp^{3}
D. sp^{3}d
Answer with only A, B, C, or D.",,Chemistry-I,A,ai_assisted_review_pass_v1,
487,benqa_ext_12th-Chemistry-I_0357,,"ekoti droboner OH^{-} ayoner ghonomatra 3.5\times 10^{-4} hole, oi droboner pH kot?
A. 3.55
B. 10.54
C. 12.55
D. 13.54
Answer with only A, B, C, or D.",,Chemistry-I,B,ai_assisted_review_pass_v1,
488,benqa_ext_12th-Chemistry-I_0359,,"nicher kon jougotir bondhon kon sobocheye kshudr?
A. NH_{3}
B. H_{2}O
C. PH_{3}
D. BH_{3}
Answer with only A, B, C, or D.",,Chemistry-I,C,ai_assisted_review_pass_v1,
489,benqa_ext_12th-Chemistry-I_0366,,"bhinegar kibhabe byakoteriya dhbongs kore?
A. protiner gothon bhengge diye
B. drirobone glukojer man komiye
C. drobone pH er man komiye diye
D. drobone pH er man briddhi kore
Answer with only A, B, C, or D.",,Chemistry-I,C,ai_assisted_review_pass_v1,
490,benqa_ext_12th-Chemistry-I_0367,,"2.5% H_{2}SO_{4} droboner OH^{-} er ghonomatra holo
A. 3.92\times 10^{-7}
B. 1.95\times 10^{-7}
C. 3.92\times 10^{-14}
D. 1.95\times 10^{-14}
Answer with only A, B, C, or D.",,Chemistry-I,D,ai_assisted_review_pass_v1,
491,benqa_ext_12th-Chemistry-II_0004,,"nimner konoti sekendari styandard podarth?
A. KMnO_{4}
B. K_{2}Cr_{2}O_{7}
C. Na_{2}CO_{3}
D. Na_{2}C_{2}O_{4}.2H_{2}O
Answer with only A, B, C, or D.",,Chemistry-II,A,ai_assisted_review_pass_v1,
492,benqa_ext_12th-Chemistry-II_0009,,"Br^{-} + BrO_{3}^{-} + 6H^{+} \rightarrow Br_{2} + 3H_{2}O; e bikriyatite- i. Br^{-} bijarok ii. BrO_{3}^{-} er bijaron ghotechhe iii. H^{+} jarok nicher konoti sothik?
A. i
B. i o ii
C. ii o iii
D. i, ii o iii
Answer with only A, B, C, or D.",,Chemistry-II,B,ai_assisted_review_pass_v1,
493,benqa_ext_12th-Chemistry-II_0018,,"torit bishleshone konoti age charjomukt hobe?
A. Pt^{2+}
B. Cu^{2+}
C. Cd^{2+}
D. Mn^{2+}
Answer with only A, B, C, or D.",,Chemistry-II,A,ai_assisted_review_pass_v1,
494,benqa_ext_12th-Chemistry-II_0021,,"adorsh panir DO porisima kot?
A. 2-4 mg\L
B. 4-8 mg\L
C. 8-10 mg\L
D. 10-12 mg\L
Answer with only A, B, C, or D.",,Chemistry-II,B,ai_assisted_review_pass_v1,
495,benqa_ext_12th-Chemistry-II_0026,,"0.15M HCl droboner ghonomatra ppm ekoke kot?
A. 3.65
B. 1500
C. 3650
D. 5475
Answer with only A, B, C, or D.",,Chemistry-II,D,ai_assisted_review_pass_v1,
496,benqa_ext_12th-Chemistry-II_0027,,"kon ayonoti sohoje charjomukt hobe?
A. Cu^{2+}
B. H^{+}
C. Au^{3+}
D. Ag^{+}
Answer with only A, B, C, or D.",,Chemistry-II,C,ai_assisted_review_pass_v1,
497,benqa_ext_12th-Chemistry-II_0034,,"Zn/Zn^{2+} ebong Ag/Ag^{+} toritodbarer jaron bibhob jothakrome + 0.76V ebong -0.769V hole, torit koshotir mot bibhob kot?
A. \text{+ 1.529V}
B. \text{+ 0.779V}
C. \text{+ 0.039V}
D. \text{- 1.529V}
Answer with only A, B, C, or D.",,Chemistry-II,A,ai_assisted_review_pass_v1,
498,benqa_ext_12th-Chemistry-II_0038,,"S_{N}2 bikriyar boishishty hochchhe- i. polar draboke e koushol dekha jay ii. ek dhape somponn hoy iii. sokriyotar krom: CH_{3}X > 1\degree RX > 2\degree RX > 3\degree RX nicher konoti sothik?
A. i o ii
B. i o iii
C. ii o iii
D. i, ii o iii
Answer with only A, B, C, or D.",,Chemistry-II,C,ai_assisted_review_pass_v1,
499,benqa_ext_12th-Chemistry-II_0039,,"proman obosthay 9.0 g panite haidrojen poromanu thake?
A. 6.023 \times 10^{23}
B. 3.0115 \times 10^{23}
C. 6.023 \times 10^{21}
D. 12.046 \times 10^{23}
Answer with only A, B, C, or D.",,Chemistry-II,A,ai_assisted_review_pass_v1,
500,benqa_ext_12th-Chemistry-II_0047,,"0.05M glukoj droboner ghonomatra ppm ekoke kot hobe?
A. 900
B. 4500
C. 9000
D. 18000
Answer with only A, B, C, or D.",,Chemistry-II,C,ai_assisted_review_pass_v1,
501,benqa_ext_12th-Chemistry-II_0048,,"brainer torit bishleshon korole ki utoponn hoy?
A. NaCl
B. NaHCO_{3}
C. NaOH
D. NaClO
Answer with only A, B, C, or D.",,Chemistry-II,C,ai_assisted_review_pass_v1,
502,benqa_ext_12th-Chemistry-II_0053,,"joib jouge moul shonaktokoroner jony kon poriksha byobohar kora hoy?
A. ayodoform poriksha
B. karbiloojamin poriksha
C. beyar poriksha
D. lesain poriksha
Answer with only A, B, C, or D.",,Chemistry-II,D,ai_assisted_review_pass_v1,
503,benqa_ext_12th-Chemistry-II_0057,,"Cr_{2}O_{7}^{2-} + H^{+} + Fe^{2+} \rightarrow ei bikriyay- i. Cr_{2}O_{7}^{2-} bijarit hoy ii. Fe^{2+} jarit hoy iii. 6 ti ilekotron sthanantorit hoy nicher konoti sothik?
A. i o ii
B. i o iii
C. ii o iii
D. i, ii o iii
Answer with only A, B, C, or D.",,Chemistry-II,D,ai_assisted_review_pass_v1,
504,benqa_ext_12th-Chemistry-II_0060,,"konoti panir osthayi khorotar jony dayi?
A. CaCO_{3}
B. AlCl_{3}
C. Mg(HCO_{3})_{2}
D. FeSO_{4}
Answer with only A, B, C, or D.",,Chemistry-II,C,ai_assisted_review_pass_v1,
505,benqa_ext_12th-Chemistry-II_0077,,"nimner bikriyay kototi ilekotron adan prodan hoy? 2Na_{2}S_{2}O_{3} + I_[2} \rightarrow Na_{2}S_{4}O_{6} + 2NaI
A. 2
B. 3
C. 4
D. 6
Answer with only A, B, C, or D.",,Chemistry-II,A,ai_assisted_review_pass_v1,
506,benqa_ext_12th-Chemistry-II_0094,,"konoti poromoshuny tapomatra?
A. 0^oC
B. 25^oC
C. 273K
D. -273^oC
Answer with only A, B, C, or D.",,Chemistry-II,D,ai_assisted_review_pass_v1,
507,benqa_ext_12th-Chemistry-II_0100,,"somoayoton 0.1 M NaOH ebong 0.1 H_{2}SO_{4} droboner prokriti ki hobe?
A. niropeksh
B. ubhodhormi
C. omliy
D. kshariy
Answer with only A, B, C, or D.",,Chemistry-II,C,ai_assisted_review_pass_v1,
508,benqa_ext_12th-Chemistry-II_0109,,"5H_{2}C_{2}O_{4} + 2KMnO_{4} + 3H_{2}SO_{4} \rightarrow 10C_{2} + 2MnSO{4} + 8H_{2}O + K_{2}SO_{4} uddipoker bikriyay kot mol ilekotron adan-prodan hoyechhe?
A. 2
B. 5
C. 6
D. 10
Answer with only A, B, C, or D.",,Chemistry-II,D,ai_assisted_review_pass_v1,
509,benqa_ext_12th-Chemistry-II_0110,,"5H_{2}C_{2}O_{4} + 2KMnO_{4} + 3H_{2}SO_{4} \rightarrow 10C_{2} + 2MnSO{4} + 8H_{2}O + K_{2}SO_{4} bikriyatite- i. H_{2}SO_{4} ekoti jarok ii. KMnO_{4} e Mn er jaron man = +7 iii. H_{2}C_{2}O_{4} bijarok podarth nicher konoti sothik?
A. i o ii
B. i o iii
C. ii o iii
D. i, ii o iii
Answer with only A, B, C, or D.",,Chemistry-II,C,ai_assisted_review_pass_v1,
510,benqa_ext_12th-Chemistry-II_0118,,"Zn/Zn^{2+} (E\degree = 0.76V) anod hole nimner konoti kyathodorupe byobohar kora jabe?
A. Co/Co^{2+} (E\degree = +0.28V)
B. Mg/Mg^{2+} (E\degree = +2.36V)
C. Ca/Ca^{2+} (E\degree = +2.87V)
D. Al/Al^{3+} (E\degree = +1.66V)
Answer with only A, B, C, or D.",,Chemistry-II,A,ai_assisted_review_pass_v1,
511,benqa_ext_12th-Chemistry-II_0121,,"22g CO_{2} er jony adorsh gyas somikoron konoti?
A. 2PV = RT
B. PV = 2RT
C. PV = 22RT
D. PV = RT
Answer with only A, B, C, or D.",,Chemistry-II,A,ai_assisted_review_pass_v1,
512,benqa_ext_12th-Chemistry-II_0130,,"kon jouge kloriner jaron man sorbochch?
A. HClO
B. HClO_2
C. HClO_{3}
D. HClO_{4}
Answer with only A, B, C, or D.",,Chemistry-II,D,ai_assisted_review_pass_v1,
513,benqa_ext_12th-Chemistry-II_0135,,"1 mol gyaser gotishokti hochchhe-
A. \frac{3RT}{N_A}
B. \frac{3nRT}{2}
C. \frac{3R}{N_A}
D. \frac{3RT}{2}
Answer with only A, B, C, or D.",,Chemistry-II,D,ai_assisted_review_pass_v1,
514,benqa_ext_12th-Chemistry-II_0144,,"alokiner sadharon songket konoti?
A. C_nH_{2n+2}
B. C_nH_{2n+1}
C. C_nH_{2n}
D. C_nH{2n-2}
Answer with only A, B, C, or D.",,Chemistry-II,C,ai_assisted_review_pass_v1,
515,benqa_ext_12th-Chemistry-II_0145,,"SATP te tapomatra kot kelobhin?
A. 273
B. 278
C. 293
D. 298
Answer with only A, B, C, or D.",,Chemistry-II,D,ai_assisted_review_pass_v1,
516,benqa_ext_12th-Chemistry-II_0157,,"konoti niukliofail-
A. H_{2}O
B. AlCl_{3}
C. BF_{3}
D. SO_{3}
Answer with only A, B, C, or D.",,Chemistry-II,A,ai_assisted_review_pass_v1,
517,benqa_ext_12th-Chemistry-II_0160,,"torit bishloshonokale nicher kon ayonoti age charjomukt hobe?
A. NO_{3}^{-}
B. Cl^{-}
C. SO_{4}^{2-}
D. OH_{-}
Answer with only A, B, C, or D.",,Chemistry-II,D,ai_assisted_review_pass_v1,
518,benqa_ext_12th-Chemistry-II_0161,,"naitrailer karyokori mulok konoti?
A. \text{- NO_{2}}
B. \text{- NC}
C. \text{- CN}
D. \text{- NH_{2}}
Answer with only A, B, C, or D.",,Chemistry-II,C,ai_assisted_review_pass_v1,
519,benqa_ext_12th-Chemistry-II_0164,,"khaddo loboner joliy drobonoke torit bishleshon korole kyathode kon gyasoti mukt hoy?
A. O_{2}
B. N_{2}
C. Cl_{2}
D. H_{2}
Answer with only A, B, C, or D.",,Chemistry-II,D,ai_assisted_review_pass_v1,
520,benqa_ext_12th-Chemistry-II_0167,,"R - CONH_{2} + Br_{2} + KOH \rightarrow 'X' (prodhan utopad 'X' jougoti holo-
A. alokohol
B. amin
C. alodihaid
D. ithar
Answer with only A, B, C, or D.",,Chemistry-II,B,ai_assisted_review_pass_v1,
521,benqa_ext_12th-Chemistry-II_0173,,"praimari amin shonaktokorone byobohrit hoy-
A. CHCl_{3} + KOH
B. Br_{2} + KOH
C. Cu(OH)_2 + NaOH
D. KMnO_{4} + KOH
Answer with only A, B, C, or D.",,Chemistry-II,A,ai_assisted_review_pass_v1,
522,benqa_ext_12th-Chemistry-II_0179,,"ithin o ithainer parthokyokorone byobohrit drobon- i. [Ag(NH_{3})_2]NO_{3} ii. [Cu(NH_{3})_2]Cl iii. Br_{2} + CCl_4 nicher konoti sothik?
A. i o ii
B. i o iii
C. ii o iii
D. i, ii o iii
Answer with only A, B, C, or D.",,Chemistry-II,D,ai_assisted_review_pass_v1,
523,benqa_ext_12th-Chemistry-II_0191,,"3H_{2}S + 2HNO_{3} \rightarrow 2NO + 3S + 4H_{2}O bikriyatite H_{2}S er bhumika ki?
A. taitrant
B. taitret
C. jarok
D. bijarok
Answer with only A, B, C, or D.",,Chemistry-II,D,ai_assisted_review_pass_v1,
524,benqa_ext_12th-Chemistry-II_0206,,"anothraisin onute \pi (pai) ilekotron songkhya kot?
A. 6
B. 10
C. 14
D. 16
Answer with only A, B, C, or D.",,Chemistry-II,C,ai_assisted_review_pass_v1,
525,benqa_ext_12th-Chemistry-II_0213,,"RMgX + CH_{3}COCH_{3} \rightarrow A \xrigharrow[H^{+}]{H_{2}O} B; B jougoti ki?
A. joib esid
B. 3\degree alokohol
C. 2\degree alokohol
D. 1\degree alokohol
Answer with only A, B, C, or D.",,Chemistry-II,B,ai_assisted_review_pass_v1,
526,benqa_ext_12th-Chemistry-II_0215,,"nicher konoti niukliofail?
A. CH_{3}CH_{2}OH
B. FeCl_{3}
C. SO_{3}
D. BF_{3}
Answer with only A, B, C, or D.",,Chemistry-II,A,ai_assisted_review_pass_v1,
527,benqa_ext_12th-Chemistry-II_0224,,"mithail red er born poribortoner pH sima-
A. 10 - 4
B. 10 - 8
C. 7 - 4
D. 1 - 3
Answer with only A, B, C, or D.",,Chemistry-II,C,ai_assisted_review_pass_v1,
528,benqa_ext_12th-Chemistry-II_0234,,"grin haus gyaser modhye nimner konoti bayumondole sobocheye beshi thake?
A. CO_{2}
B. CH_{4}
C. O_{3}
D. CFC
Answer with only A, B, C, or D.",,Chemistry-II,A,ai_assisted_review_pass_v1,
529,benqa_ext_12th-Chemistry-II_0239,,"CH_{3} - CH_{2} - COONa + NaOH \xrigharrow[\Delta]{CaO} A + Na_{2}CO_{3} uddipoker 'A' jougoti-
A. propen
B. propin
C. biuten
D. ithen
Answer with only A, B, C, or D.",,Chemistry-II,D,ai_assisted_review_pass_v1,
530,benqa_ext_12th-Chemistry-II_0246,,"A + O_{3} \xrightarrow{CCl_{4}} B \xrightarrow{H_{2}O/Zn} 2CH_{3}CHO uddipoker bikriyay 'Zn' byobohar na korole ki utoponn hoy?
A. H - COOH
B. H - CHO
C. CH_{3} - CH_{2} - OH
D. CH_{3} - COOH
Answer with only A, B, C, or D.",,Chemistry-II,D,ai_assisted_review_pass_v1,
531,benqa_ext_12th-Chemistry-II_0248,,"proman haidrojen toritodbarer bibhober man kot?
A. 0.0 V
B. \text{1.34 V}
C. \text{+ 1.00 V}
D. \text{+ 1.76 V}
Answer with only A, B, C, or D.",,Chemistry-II,A,ai_assisted_review_pass_v1,
532,benqa_ext_12th-Chemistry-II_0259,,"daltoner angshik chap sutr projojy kon kshetre?
A. F{2}, H_{2}
B. CH_{4}, Cl_{2}
C. NH_{3}, HCl
D. N_{2}, O_{2}
Answer with only A, B, C, or D.",,Chemistry-II,D,ai_assisted_review_pass_v1,
533,benqa_ext_12th-Chemistry-II_0262,,"konoti niukliofail?
A. AlCl_{3}
B. FeCl_{3}
C. BF_{3}
D. H_{2}O
Answer with only A, B, C, or D.",,Chemistry-II,D,ai_assisted_review_pass_v1,
534,benqa_ext_12th-Chemistry-II_0268,,"mithail orenjer born poribortoner pH sima kot?
A. 7-10
B. 3-5
C. 5-8
D. 10-12
Answer with only A, B, C, or D.",,Chemistry-II,B,ai_assisted_review_pass_v1,
535,benqa_ext_12th-Chemistry-II_0271,,"proman drobon konoti?
A. 1.0 M H_{2}SO_{4}
B. 1.0 g H_{2}SO_{4}
C. 1.0 m H_{2}SO_{4}
D. 1.0 mol H_{2}SO_{4}
Answer with only A, B, C, or D.",,Chemistry-II,A,ai_assisted_review_pass_v1,
536,benqa_ext_12th-Chemistry-II_0283,,"WHO kortrik onumodit paniy joler pH man-
A. 6.5-8.5
B. 6.5-9.2
C. 4.5-9.5
D. 4.5-9.8
Answer with only A, B, C, or D.",,Chemistry-II,A,ai_assisted_review_pass_v1,
537,benqa_ext_12th-Chemistry-II_0284,,"konotite ekoi sathe alokohol o esider karyokori mulok bidyoman?
A. oksalik esid
B. lyakotik esid
C. myaleyik esid
D. fiumarik esid
Answer with only A, B, C, or D.",,Chemistry-II,B,ai_assisted_review_pass_v1,
538,benqa_ext_12th-Chemistry-II_0308,,"proman obosthay 10 cm^3 NH_{3} gyaser bhor kot?
A. 5.583\times 10^{-3}g
B. 6.589\times 10^{-3}g
C. 7.589\times 10^{-2}g
D. 7.589\times 10^{-3}g
Answer with only A, B, C, or D.",,Chemistry-II,D,ai_assisted_review_pass_v1,
539,benqa_ext_12th-Chemistry-II_0330,,"S_{N}1 bikriyay- i. bikriya dhap duti ii. sokriyotar kroy- 3\degree RX > 2\degree RX > 1\degree RX > CH_{3}X iii. bikriya har hyalojeno aloken o niukliofail ubhoyer upor nirbhoshil nicher konoti sothik?
A. i o ii
B. i o iii
C. ii o iii
D. i, ii o iii
Answer with only A, B, C, or D.",,Chemistry-II,A,ai_assisted_review_pass_v1,
540,benqa_ext_12th-Chemistry-II_0339,,"joib jouge -COOH mulok shonaktokorone nicher konoti byobohrit hoy?
A. FeCl_{3}
B. AgNO_{3}
C. NaHCO_{3}
D. NaNO_{3}
Answer with only A, B, C, or D.",,Chemistry-II,C,ai_assisted_review_pass_v1,
541,benqa_ext_12th-Chemistry-II_0341,,"fyarader sutr projojy- i. ilekotroner charj gononay ii. dhatur poriman nirnoye iii. torit bishleshy poribahir kshetre nicher konoti sothik?
A. i o ii
B. ii o iii
C. i o iii
D. i, ii o iii
Answer with only A, B, C, or D.",,Chemistry-II,D,ai_assisted_review_pass_v1,
542,benqa_ext_12th-Chemistry-II_0355,,"STP te 3.2g ekoti gyas 2.24 litar ayoton dokhol korole gyasoti hote pare-
A. Cl_{2}
B. CO_{2}
C. N_{2}
D. O_{2}
Answer with only A, B, C, or D.",,Chemistry-II,D,ai_assisted_review_pass_v1,
543,benqa_ext_12th-Chemistry-II_0366,,"bikriyakale omliy KMnO_{4} er kendriy poromanu koyoti ilekotron grohon kore?
A. 2
B. 3
C. 4
D. 5
Answer with only A, B, C, or D.",,Chemistry-II,D,ai_assisted_review_pass_v1,
544,benqa_ext_12th-Chemistry-II_0367,,"uddipoker stopokork khule dile (A + B) mishroner mot chap kot hobe?
A. 535.80 mm(Hg)
B. 765.45 mm(Hg)
C. 612.36 mm(Hg)
D. 1148.17 mm(Hg)
Answer with only A, B, C, or D.",,Chemistry-II,B,ai_assisted_review_pass_v1,
545,benqa_ext_12th-Chemistry-II_0371,,"chaper sathe gyaser ayotoner poriborton hoy konotite?
A. boyeler sutr
B. charloser sutr
C. abhogedrar sutr
D. grahamer sutr
Answer with only A, B, C, or D.",,Chemistry-II,A,ai_assisted_review_pass_v1,
546,benqa_ext_12th-Chemistry-II_0377,,"0.25 M H_{2}SO_{4} er ghonomatra ppm ekoke kot hobe?
A. 24600
B. 24500
C. 24400
D. 24300
Answer with only A, B, C, or D.",,Chemistry-II,B,ai_assisted_review_pass_v1,
547,benqa_ext_12th-Chemistry-II_0385,,"paniy jole WHO onumodit TDS er sorbochch man kot?
A. 10 ppm
B. 100 ppm
C. 500 ppm
D. 6000 ppm
Answer with only A, B, C, or D.",,Chemistry-II,C,ai_assisted_review_pass_v1,
548,benqa_ext_12th-Chemistry-II_0389,,"(i) HNO_{3} + HCO_{3}^{-} \rightleftharpoons H_{2}CO_{3} + NO_{3}^{-} (ii) HCO_{3}^{-} + H_{2}O \rightleftharpoons H_{3}O^{+} + CO_{3}^{2-} uddipok onusare ubhodhormi podarth konoti?
A. HCl
B. HCO_{3}^{-}
C. H_{2}O
D. H_{3}O^{+}
Answer with only A, B, C, or D.",,Chemistry-II,B,ai_assisted_review_pass_v1,
549,benqa_ext_10th-Math_0005,,"x + y = 2, xy = 1 hole (x - y)^{2} er man kot?
A. 0
B. 2
C. 6
D. 8
Answer with only A, B, C, or D.",,Math,A,ai_assisted_review_pass_v1,
550,benqa_ext_10th-Math_0012,,"0.\dot{3} \dot{3} er sadharon bhognangsh konoti?
A. \frac{33}{100}
B. \frac{33}{90}
C. \frac{33}{99}
D. \frac{30}{90}
Answer with only A, B, C, or D.",,Math,C,ai_assisted_review_pass_v1,
551,benqa_ext_10th-Math_0015,,"0.000060302 songkhyatir adorsh rup konoti?
A. 0.60302 \times 10^{-4}
B. 6.0302 \times 10^{-5}
C. 60.302 \times 10^{-6}
D. 603.02 \times 10^{-7}
Answer with only A, B, C, or D.",,Math,B,ai_assisted_review_pass_v1,
552,benqa_ext_10th-Math_0019,,"kono britter sporshok o sporshobindugami byasadher modhyoborti kon kot?
A. 45\degree
B. 60\degree
C. 90\degree
D. 180\degree
Answer with only A, B, C, or D.",,Math,C,ai_assisted_review_pass_v1,
553,benqa_ext_10th-Math_0027,,"x^{2} - 1 + 2y - y^{2} er ekoti utopadok nicher konoti?
A. x+y-1
B. x+y+1
C. y-x+1
D. x-y-1
Answer with only A, B, C, or D.",,Math,A,ai_assisted_review_pass_v1,
554,benqa_ext_10th-Math_0028,,"(x + y)^{2} er sathe kot jog korole jogofol hobe (x - y)^{2}?
A. -4xy
B. 4xy
C. -2xy
D. 2xy
Answer with only A, B, C, or D.",,Math,A,ai_assisted_review_pass_v1,
555,benqa_ext_10th-Math_0036,,"\sin A = \sqrt{(2)^{-1}} hole, secA er man kot?
A. 0
B. 1
C. \frac{2}{\sqrt{3}}
D. \sqrt{2}
Answer with only A, B, C, or D.",,Math,D,ai_assisted_review_pass_v1,
556,benqa_ext_10th-Math_0050,,"sthulokoni tribhujer porikendr kothay obosthit?
A. brihottor bahur upor
B. kshudrotor bahur upor
C. tribhujer obhyontore
D. tribhujer bohirbhage
Answer with only A, B, C, or D.",,Math,D,ai_assisted_review_pass_v1,
557,benqa_ext_10th-Math_0067,,"britter ghurnon protisomotar matra kot?
A. 0
B. 1
C. 2
D. osim
Answer with only A, B, C, or D.",,Math,D,ai_assisted_review_pass_v1,
558,benqa_ext_10th-Math_0084,,"\log_{p} 324 = 4 hole, p = kot?
A. 1
B. 2\sqrt{3}
C. 3\sqrt{2}
D. 81
Answer with only A, B, C, or D.",,Math,C,ai_assisted_review_pass_v1,
559,benqa_ext_10th-Math_0085,,"(x - 4)^{2} = 0 somikoroner mul kototi?
A. 1
B. 2
C. 3
D. 4
Answer with only A, B, C, or D.",,Math,B,ai_assisted_review_pass_v1,
560,benqa_ext_10th-Math_0089,,"2\sqrt{2}x^{3} + 125 er utopadoke bishleshit rup nicher konoti?
A. (\sqrt{2}x + 5) (2x^{2} - 5\sqrt{2}x + 25)
B. (\sqrt{2}x - 5) (2x^{2} + 5\sqrt{2}x + 25)
C. (\sqrt{2}x + 5) (2x^{2} + 5\sqrt{2}x + 25)
D. (\sqrt{2}x - 5) (2x^{2} - 5\sqrt{2}x + 25)
Answer with only A, B, C, or D.",,Math,A,ai_assisted_review_pass_v1,
561,benqa_ext_10th-Math_0098,,"ekoti somobrittobhumik beloner bhumir byasardh 3 se.mi. ebong uchchota 5 se.mi. . belonotir- i. bhumir poridhi 3\pi ghon se.mi. ii. bhumir kshetrofol 9\pi ghon se.mi. iii. bokrotole kshetrofol 30\pi ghon se.mi. nicher konoti sothik?
A. i o ii
B. i o iii
C. ii o iii
D. i, ii o iii
Answer with only A, B, C, or D.",,Math,C,ai_assisted_review_pass_v1,
562,benqa_ext_10th-Math_0105,,"nicher tinoti rekhangsher doirghy deoya holo. kon kshetre tribhuj ongkon kora sombhob?
A. 3 se.mi., 4 se.mi., 5 se.mi.
B. 4 se.mi., 5 se.mi., 10 se.mi.
C. 5 se.mi., 6 se.mi., 8 se.mi.
D. 8 se.mi., 3 se.mi., 9 se.mi.
Answer with only A, B, C, or D.",,Math,B,ai_assisted_review_pass_v1,
563,benqa_ext_10th-Math_0107,,"ekoti droby 20% kshotite bikroy kora holo. bikroyomuly o kroyomulyer onupat kot?
A. 01:05
B. 04:05
C. 06:05
D. 05:04
Answer with only A, B, C, or D.",,Math,B,ai_assisted_review_pass_v1,
564,benqa_ext_10th-Math_0115,,"\log_{36} 6 + \log_{\sqrt{6}} 6 = kot?
A. \frac{1}{\sqrt{6}}
B. 1
C. 2\frac{1}{2}
D. 5
Answer with only A, B, C, or D.",,Math,C,ai_assisted_review_pass_v1,
565,benqa_ext_10th-Math_0125,,"\cosec \theta \sqrt{\sec^{2} \theta - 1} = ?
A. \sec \theta
B. \cos \theta
C. \sin \theta
D. \tan \theta
Answer with only A, B, C, or D.",,Math,A,ai_assisted_review_pass_v1,
566,benqa_ext_10th-Math_0140,,"kono britter upochape ontolikhit kon nicher konoti?
A. sukshmokon
B. sthulokon
C. somokon
D. sorolokon
Answer with only A, B, C, or D.",,Math,B,ai_assisted_review_pass_v1,
567,benqa_ext_10th-Math_0150,,"\tan (\theta - 30\degree) = \sqrt{3} hole \sin \theta er man kot?
A. 0
B. \frac{1}{2}
C. \frac{\sqrt{3}}{2}
D. 1
Answer with only A, B, C, or D.",,Math,D,ai_assisted_review_pass_v1,
568,benqa_ext_10th-Math_0158,,"a+b = 6, a-b= 4 hole- i. a^{2} - b^{2} = 24 ii. a^{2} + b^{2} = 26 iii. 4ab = 20 nicher konoti sothik?
A. i o ii
B. i o iii
C. ii o iii
D. i, ii o iii
Answer with only A, B, C, or D.",,Math,D,ai_assisted_review_pass_v1,
569,benqa_ext_10th-Math_0159,,"ekoti somobahu tribhujer porisima 12 se.mi. hole kshetrofol kot borg se.mi.
A. 36\sqrt{3}
B. 4\sqrt{3}
C. 3\sqrt{3}
D. \sqrt{3}
Answer with only A, B, C, or D.",,Math,B,ai_assisted_review_pass_v1,
570,benqa_ext_10th-Math_0163,,"brittosth samontorik ekoti-
A. rombos
B. borg
C. ayot
D. trapijiyam
Answer with only A, B, C, or D.",,Math,C,ai_assisted_review_pass_v1,
571,benqa_ext_10th-Math_0174,,"25% labhe kroyomuly o bikroyomulyer onupat kot?
A. 01:04
B. 04:03
C. 05:04
D. 04:05
Answer with only A, B, C, or D.",,Math,D,ai_assisted_review_pass_v1,
572,benqa_ext_10th-Math_0197,,"\log_{3}\left ( \sqrt[3]{3}.\sqrt{3} \right ) = kot?
A. \frac{1}{6}
B. \frac{5}{6}
C. \frac{1}{3}
D. \frac{2}{3}
Answer with only A, B, C, or D.",,Math,B,ai_assisted_review_pass_v1,
573,benqa_ext_10th-Math_0199,,"y^{2} = \sqrt{7}y somikoroner somadharon set nicher konoti?
A. \{0, -\sqrt{7}\}
B. \{\sqrt{7}\}
C. \{0, \sqrt{7}\}
D. \{0, 7\}
Answer with only A, B, C, or D.",,Math,C,ai_assisted_review_pass_v1,
574,benqa_ext_10th-Math_0207,,"somobrittobhumik beloner bhumir byasardh 3 se.mi ebong uchchota 7 se.mi hole er bokrotoler kshetrofol kot?
A. 131.95 borg se.mi
B. 188.50 borg se.mi
C. 197.95 borg se.mi
D. 395.84 borg se.mi
Answer with only A, B, C, or D.",,Math,A,ai_assisted_review_pass_v1,
575,benqa_ext_10th-Math_0215,,"nicher konoti x^{3} - 2x^{2} - 5x + 6 er utopadok?
A. x+1
B. x-2
C. x-3
D. x+3
Answer with only A, B, C, or D.",,Math,C,ai_assisted_review_pass_v1,
576,benqa_ext_10th-Math_0227,,"\cot\theta = \frac{\sqrt{16}}{3} hole, \cos\theta er man kot?
A. \frac{3}{5}
B. \frac{5}{3}
C. \frac{4}{5}
D. \frac{5}{4}
Answer with only A, B, C, or D.",,Math,C,ai_assisted_review_pass_v1,
577,benqa_ext_10th-Math_0231,,"a^{2} + frac{1}{a^{2}} = 11 hole- i. a - \frac{1}{a} = 3 ii. \left (a + \frac{1}{a} \right)^{2} = 13 iii. a^{3} - \frac{1}{a^{3}} = 18 nicher konoti sothik?
A. i o ii
B. i o iii
C. ii o iii
D. i, ii o iii
Answer with only A, B, C, or D.",,Math,A,ai_assisted_review_pass_v1,
578,benqa_ext_10th-Math_0258,,"0.0625 songkhyati sadharon loger purnok kot?
A. \bar{2}
B. \bar{1}
C. 1
D. 2
Answer with only A, B, C, or D.",,Math,A,ai_assisted_review_pass_v1,
579,benqa_ext_10th-Math_0298,,"jodi \frac{secx + tanx}{secx - tanx} = 3 hoy, tobe sinx er man kot?
A. - \frac{1}{2}
B. \frac{1}{2}
C. 1
D. 2
Answer with only A, B, C, or D.",,Math,B,ai_assisted_review_pass_v1,
580,benqa_ext_10th-Math_0301,,"32\sqrt{2} se.mitar porisimobishisht borgokshetrer kshetrofol kot?
A. 128 borg se.mi.
B. 164 borg se.mi.
C. 180 borg se.mi.
D. 185 borg se.mi.
Answer with only A, B, C, or D.",,Math,A,ai_assisted_review_pass_v1,
581,benqa_ext_10th-Math_0322,,"1 hote 22 poryont sbabhabik songkhyar modhye 3 dwara bibhajy songkhyagulor modhyok konoti?
A. 9
B. 12
C. 15
D. 18
Answer with only A, B, C, or D.",,Math,B,ai_assisted_review_pass_v1,
582,benqa_ext_10th-Math_0325,,"{x \in \mathbb{N} : x^{2} > 15 ebong x^{3} < 36} setotir taliak rup konoti?
A. \{4, 5, 6\}
B. \{1, 2, 3\}
C. \{3\}
D. \phi
Answer with only A, B, C, or D.",,Math,D,ai_assisted_review_pass_v1,
583,benqa_ext_10th-Math_0339,,"porikshay prapt jipie kon dhoroner cholok?
A. bichchhinn cholok
B. obichchhinn cholok
C. obinyost cholok
D. binyast cholok
Answer with only A, B, C, or D.",,Math,B,ai_assisted_review_pass_v1,
584,benqa_ext_10th-Math_0347,,"\frac{a}{b} + \frac{b}{a} = 2 \left ( \frac{a}{b} \right )^{3} + \left ( \frac{b}{a} \right )^{3} er man nicher konoti?
A. 8
B. 6
C. 4
D. 2
Answer with only A, B, C, or D.",,Math,D,ai_assisted_review_pass_v1,
585,benqa_ext_10th-Math_0352,,"\triangle PQR somobahu tribhujer porikendr C hole \angle{QCR} = kot?
A. 45\degree
B. 60\degree
C. 90\degree
D. 120\degree
Answer with only A, B, C, or D.",,Math,D,ai_assisted_review_pass_v1,
586,benqa_ext_10th-Math_0355,,"2+p+q+r+162 gunottor dharatir choturth pod konoti?
A. 18
B. 27
C. 54
D. 81
Answer with only A, B, C, or D.",,Math,C,ai_assisted_review_pass_v1,
587,benqa_ext_10th-Math_0362,,"cosA = \frac{1}{2} hole sin^{2}A er man kot?
A. \frac{1}{2}
B. \frac{\sqrt{3}}{2}
C. \frac{\sqrt{3}}{4}
D. \frac{3}{4}
Answer with only A, B, C, or D.",,Math,D,ai_assisted_review_pass_v1,
588,benqa_ext_8th-Math_0003,,"\left ( 3a + \frac{3}{a} \right ) = 9 hole- i. \left ( a + \frac{1}{a} \right )^{2} = 3 ii. a + \frac{1}{a} = 1 iii. a^{2} + \frac{1}{a^{2}} = - 1 nicher konoti sothik?
A. i o ii
B. i o iii
C. ii o iii
D. i, ii o iii
Answer with only A, B, C, or D.",,Math,C,ai_assisted_review_pass_v1,
589,benqa_ext_8th-Math_0014,,"ghurir char koner somoshti kot?
A. 180\degree
B. 270\degree
C. 300\degree
D. 360\degree
Answer with only A, B, C, or D.",,Math,D,ai_assisted_review_pass_v1,
590,benqa_ext_8th-Math_0016,,"\frac{1}{a - 2} - \frac{a}{a^{2} -4} er sorol man konoti?
A. \frac{2}{a - 2}
B. \frac{-2}{a + 2}
C. \frac{-2}{a^{2} + 4}
D. \frac{a^{2} - 4}
Answer with only A, B, C, or D.",,Math,D,ai_assisted_review_pass_v1,
591,benqa_ext_8th-Math_0018,,"“6 - 10” shrenir shrenibyapti kot?
A. 4
B. 5
C. 6
D. 10
Answer with only A, B, C, or D.",,Math,B,ai_assisted_review_pass_v1,
592,benqa_ext_8th-Math_0036,,"U = {1, 2, 3, 4, 5, 6, 7}, A = {3, 5, 6, 7, } hole A^{c} soman kot hobe?
A. {1, 2, 4}
B. {2, 4, 5}
C. {2, 4, 6}
D. {3, 5, 6, 7}
Answer with only A, B, C, or D.",,Math,A,ai_assisted_review_pass_v1,
593,benqa_ext_8th-Math_0061,,"\frac{x^{2} - x - 6}{x^{2} - 4} er loghishth rup konoti?
A. \frac{x - 3}{x - 2}
B. \frac{x + 3}{x + 2}
C. \frac{x - 3}{x + 2}
D. \frac{x + 3}{x - 2}
Answer with only A, B, C, or D.",,Math,A,ai_assisted_review_pass_v1,
594,benqa_ext_8th-Math_0103,,"x + 2y = 1, x - y = 7 somikoron joter bhuj nicher konoti?
A. 5
B. 2
C. -2
D. -5
Answer with only A, B, C, or D.",,Math,A,ai_assisted_review_pass_v1,
595,benqa_ext_8th-Math_0108,,"ekoti trapijiyamer somantoral bahudboyer modhyoborti durotto 5 cm ebong kshetrofol 40 borg se.mi. er somantoral bahudboyer somoshti kot?
A. 8 se.mi.
B. 13 se.mi.
C. 16 se.mi.
D. 21 se.mi.
Answer with only A, B, C, or D.",,Math,C,ai_assisted_review_pass_v1,
596,benqa_ext_8th-Math_0111,,"25, 15, 19, 23, 30, 12, 27, 35, 17, 21 songkhyagulor modhyok kot?
A. 22
B. 23
C. 26
D. 30
Answer with only A, B, C, or D.",,Math,A,ai_assisted_review_pass_v1,
597,benqa_ext_8th-Math_0120,,"ekoti borgakar baganer kshetrofol 225 borgomitar. baganotir porisima kot?
A. 15 mitar
B. 30 mitar
C. 45 mitar
D. 60 mitar
Answer with only A, B, C, or D.",,Math,D,ai_assisted_review_pass_v1,
598,benqa_ext_8th-Math_0142,,"18x^{3}y^{2}, 27x^{2}y, 45xy^{3} er g.sa.gu konoti?
A. 9x^{2}y^{2}
B. 9xy^{2}
C. 9x^{2}y
D. 9xy
Answer with only A, B, C, or D.",,Math,D,ai_assisted_review_pass_v1,
599,benqa_ext_8th-Math_0143,,"2x^{2} + 7x - 4 er utopadoke bishleshit rup konoti?
A. (2x - 1) (x - 4)
B. (2x + 1) (x - 4)
C. (2x - 1) (x + 4)
D. (2x + 1) (x + 4)
Answer with only A, B, C, or D.",,Math,C,ai_assisted_review_pass_v1,
600,benqa_ext_8th-Math_0148,,"\left ( \frac{1}{2x} + \frac{1}{y} \right ) \div \left ( \frac{1}{y} - \frac{1}{2x} \right ) er sorol man nicher konoti?
A. \frac{(2x + y)^{2}}{4xy}
B. \frac{4x^{2} - y^{2}}{4x^{2}y^{2}}
C. \frac{2x + y}{2x - y}
D. \frac{(2x + y)^{2}}{4x^{2}y^{2}}
Answer with only A, B, C, or D.",,Math,C,ai_assisted_review_pass_v1,
601,benqa_ext_8th-Math_0156,,"2 bigha = ?
A. 1600 borg goj
B. 1337.8 borg goj
C. 3200 borg goj
D. 2672.8 borg goj
Answer with only A, B, C, or D.",,Math,C,ai_assisted_review_pass_v1,
602,benqa_ext_8th-Math_0157,,"a + \frac{1}{a} = 2 hole- i. a^{2} + \frac{1}{a^{2}} = 2 ii. a^{3} + \frac{1}{^{3}} = 2 iii. a^{4} + \frac{1}{a^{4}} = 5 nicher konoti sothik?
A. i o ii
B. i o iii
C. ii o iii
D. i, ii o iii
Answer with only A, B, C, or D.",,Math,A,ai_assisted_review_pass_v1,
603,benqa_ext_8th-Math_0181,,"ghurir char koner somoshti kot?
A. 120\degree
B. 180\degree
C. 270\degree
D. 360\degree
Answer with only A, B, C, or D.",,Math,D,ai_assisted_review_pass_v1,
604,benqa_ext_8th-Math_0195,,"m - \frac{1}{m} = 4 hole, \left ( m + \frac{1}{m} \right ) er man kot?
A. 20
B. 18
C. 14
D. 12
Answer with only A, B, C, or D.",,Math,A,ai_assisted_review_pass_v1,
605,benqa_ext_8th-Math_0202,,"U = {a, b, c, p, q, r, s} A = {b, c, q}, B = {a, p, r} A \cap B = kot?
A. {\varphi}
B. {0}
C. { }
D. 0
Answer with only A, B, C, or D.",,Math,C,ai_assisted_review_pass_v1,
606,benqa_ext_12th-Math-I_0009,,"A = \begin{bmatrix} 3 & 0 & 0 \\ 0 & 3 & 0 \\ 0 & 0 & 3 \end{bmatrix} A myatriksoti holo- i. borg myatriks ii. korn myatriks iii. somoghati myatriks nicher konoti sothik?
A. i ebong ii
B. i ebong iii
C. ii ebong iii
D. i, ii ebong iii
Answer with only A, B, C, or D.",,Math-I,A,ai_assisted_review_pass_v1,
607,benqa_ext_12th-Math-I_0011,,"nicher konoti obyotikromi myatriks?
A. \begin{bmatrix} 3 & 6 \\ 2 & 4 \end{bmatrix}
B. \begin{bmatrix} 4 & 1 \\ 8 & 2 \end{bmatrix}
C. \begin{bmatrix} 4 & 1 \\ 2 & 3 \end{bmatrix}
D. \begin{bmatrix} 4 & 10 \\ 2 & 5 \end{bmatrix}
Answer with only A, B, C, or D.",,Math-I,C,ai_assisted_review_pass_v1,
608,benqa_ext_12th-Math-I_0014,,"A = \begin{bmatrix} 1 & 3& 5 \\ 2 & 4 & 6 \\ 4 & 6 & 8 \end{bmatrix}, B = \begin{bmatrix} 1 \\ 2 \\ 3 \end{bmatrix} AB myatriksoti hobe-
A. \begin{bmatrix} 28 \\ 22 \\ 40 \end{bmatrix}
B. \begin{bmatrix} 22 \\ 28 \\ 40 \end{bmatrix}
C. \begin{bmatrix} 22 & 28 & 40 \end{bmatrix}
D. \begin{bmatrix} 28 & 22 & 40 \end{bmatrix}
Answer with only A, B, C, or D.",,Math-I,B,ai_assisted_review_pass_v1,
609,benqa_ext_12th-Math-I_0018,,"(-1, -1) bindur polar sthanangk konoti?
A. \left ( \sqrt{2}, 3\frac{\pi}{4} \right )
B. \left ( \sqrt{2}, 5\frac{\pi}{4} \right )
C. \left ( 2, 3\frac{\pi}{4} \right )
D. \left ( 2, 5\frac{\pi}{4} \right )
Answer with only A, B, C, or D.",,Math-I,B,ai_assisted_review_pass_v1,
610,benqa_ext_12th-Math-I_0022,,"cos(ax + b) er n-tom ontorok sohog kot?
A. (-1)^{n} a^{n} sin \left ( \frac{n\pi}{2} + ax + b \right )
B. a^{n} sin \left ( \frac{n\pi}{2} + ax + b \right )
C. cos \left ( \frac{n\pi}{2} + ax + b \right )
D. a^{n} cos \left ( \frac{n\pi}{2} + ax + b \right )
Answer with only A, B, C, or D.",,Math-I,D,ai_assisted_review_pass_v1,
611,benqa_ext_12th-Math-I_0024,,"\begin{bmatrix} 4 & 3 \\ 3 & 2 \end{bmatrix} myatrikser biporit myatriks konoti?
A. \begin{bmatrix} 2 & -3 \\ -3 & 4 \end{bmatrix}
B. \begin{bmatrix} 2 & 3 \\ -3 & 4 \end{bmatrix}
C. \begin{bmatrix} -2 & 3 \\ 3 & -4 \end{bmatrix}
D. \begin{bmatrix} -4 & 3 \\ 3 & -2 \end{bmatrix}
Answer with only A, B, C, or D.",,Math-I,C,ai_assisted_review_pass_v1,
612,benqa_ext_12th-Math-I_0030,,"A(-1, 0) binduti y = x^{3} - 3x^{2} - x + 3 bokrorekhar upor hole- i. A bindur dhal = 8 ii. A bindute sporshoker somikoron 8x - y + 8 = 0 iii. A bindute obhilomber somikoron x - 8y - 1 = 0 nicher konoti sothik?
A. i ebong ii
B. i ebong iii
C. ii ebong iii
D. i, ii ebong iii
Answer with only A, B, C, or D.",,Math-I,A,ai_assisted_review_pass_v1,
613,benqa_ext_12th-Math-I_0037,,"A(3, -2), B(4, 6) ebong C(5, 7) kono tribhujer shirshobindu hole- i. bharokendr \left ( 4, \frac{11}{3} \right ) ii. BC er modhyobindu \left ( \frac{9}{2}, \frac{13}{2} \right ) iii. AB er somikoron 8x - y - 26 = 0 nicher konoti sothik?
A. i ebong ii
B. i ebong iii
C. ii ebong iii
D. i, ii ebong iii
Answer with only A, B, C, or D.",,Math-I,D,ai_assisted_review_pass_v1,
614,benqa_ext_12th-Math-I_0044,,"jekono tribhujer bahu a, b, c ebong er kshetrofol \Delta hole, sinA = kot?
A. \frac{2\Delta}{ca}
B. \frac{2\Delta}{bc}
C. \frac{2\Delta}{ab}
D. \frac{2\Delta}{abc}
Answer with only A, B, C, or D.",,Math-I,B,ai_assisted_review_pass_v1,
615,benqa_ext_12th-Math-I_0052,,"x = a bindute f(x) fangshon kromobordhoman hobe jodi-
A. f'(a) = 0
B. f'(a) < 0
C. f'(a) \neq 0
D. f'(a) > 0
Answer with only A, B, C, or D.",,Math-I,D,ai_assisted_review_pass_v1,
616,benqa_ext_12th-Math-I_0054,,"f(x) = x(2a - x) er sorbochch man konoti?
A. a
B. 2a
C. a^{2}
D. 2a^{2}
Answer with only A, B, C, or D.",,Math-I,C,ai_assisted_review_pass_v1,
617,benqa_ext_12th-Math-I_0059,,"y - x = 4 ebong y = x sorolorekhadboyer modhyoborti lomb durotto kot ekok?
A. 4
B. 2
C. 4\sqrt{2}
D. 2\sqrt{2}
Answer with only A, B, C, or D.",,Math-I,D,ai_assisted_review_pass_v1,
618,benqa_ext_12th-Math-I_0065,,"\int 10^{5x} dx = kot?
A. \frac{10^{5x}}{ln10} + c
B. \frac{10^{5x}}{5ln 10} + c
C. 5.10^{5x} ln10 + c
D. 10^{5x} ln 10 + c
Answer with only A, B, C, or D.",,Math-I,B,ai_assisted_review_pass_v1,
619,benqa_ext_12th-Math-I_0084,,"x^{2} + y^{2} - 12x + 8y + c = 0 brittoti x-okshoke sporsh kore. sporsh bindur sthanangk kot?
A. (0, -4)
B. (0, 4)
C. (6, 0)
D. (-6, 0)
Answer with only A, B, C, or D.",,Math-I,C,ai_assisted_review_pass_v1,
620,benqa_ext_12th-Math-I_0090,,"y = e^{-\frac{3}{2}x} hole \frac{dy}{dx} = kot?
A. - \frac{3}{2} e^{- \frac{3x}{2}}
B. \frac{3}{2} e^{- \frac{3x}{2}}
C. \frac{2}{3} e^{- \frac{3x}{2}}
D. - \frac{2}{3} e^{- \frac{3x}{2}}
Answer with only A, B, C, or D.",,Math-I,A,ai_assisted_review_pass_v1,
621,benqa_ext_12th-Math-I_0095,,"\int \frac{dx}{\sqrt[3]{x}} soman-
A. - \frac{1}{3} x^{\frac{4}{3}} + c
B. \frac{3}{2} x^{\frac{2}{3}} + c
C. \frac{3}{2} x^{-\frac{3}{2}} + c
D. \frac{2}{3} x^{-\frac{2}{3}} + c
Answer with only A, B, C, or D.",,Math-I,B,ai_assisted_review_pass_v1,
622,benqa_ext_12th-Math-I_0106,,"(-1, \sqrt{3}) bindutir polar sthanangk-
A. (2, -60\degree)
B. (2, 30\degree)
C. (2, 120\degree)
D. (2, 240\degree)
Answer with only A, B, C, or D.",,Math-I,C,ai_assisted_review_pass_v1,
623,benqa_ext_12th-Math-I_0107,,"\frac{3}{2} dhalobishisht sorolorekhati \lambda x + 3y - 7 = 0 sorolorekhar upor lomb hole \lambda er man-
A. 2
B. 3
C. \frac{9}{2}
D. \frac{9}{4}
Answer with only A, B, C, or D.",,Math-I,A,ai_assisted_review_pass_v1,
624,benqa_ext_12th-Math-I_0108,,"px + qy = pq sorolorekhatir x o y okshodboy hote jothakrome je je ongsh khondon kore tader doirghy-
A. p, q
B. q, p
C. \frac{1}{p}, \frac{1}{q}
D. \frac{1}{q}, \frac{1}{p}
Answer with only A, B, C, or D.",,Math-I,B,ai_assisted_review_pass_v1,
625,benqa_ext_12th-Math-I_0115,,"A = \begin{bmatrix} 0 & -3 & 2 \\ 3 & 0 & 4 \\ -2 & -4 & 0 \end{bmatrix} hole A ekoti- i. biprotisom myatriks ii. byotikromi myatriks iii. korn myatriks nicher konoti sothik?
A. i ebong ii
B. i ebong iii
C. ii ebong iii
D. i, ii ebong iii
Answer with only A, B, C, or D.",,Math-I,A,ai_assisted_review_pass_v1,
626,benqa_ext_12th-Math-I_0121,,"A, B, C myatriksogulor akar jothakrome 5 \times 3, 3 \times 5 ebong 4 \times 5 hole C(A + B^{T}) er akar kot?
A. 4 \times 3
B. 3 \times 4
C. 5 \times 5
D. 5 \times 3
Answer with only A, B, C, or D.",,Math-I,A,ai_assisted_review_pass_v1,
627,benqa_ext_12th-Math-I_0127,,"\begin{bmatrix} 2 & -1 \\ 5 & -3 \end{bmatrix} er biporit myatriks konoti?
A. \begin{bmatrix} 3 & -1 \\ 5 & -2 \end{bmatrix}
B. \begin{bmatrix} -3 & 1 \\ -5 & 2 \end{bmatrix}
C. \begin{bmatrix} -3 & 5 \\ -1 & 2 \end{bmatrix}
D. \begin{bmatrix} 3 & 1 \\ -5 & -2 \end{bmatrix}
Answer with only A, B, C, or D.",,Math-I,A,ai_assisted_review_pass_v1,
628,benqa_ext_12th-Math-I_0131,,"k er kon maner jony \begin{bmatrix} k & -2 \\ 2 & k-4 \end{bmatrix} myatriksoti byotikromi hobe?
A. \text{-4}
B. \text{-2}
C. 2
D. 4
Answer with only A, B, C, or D.",,Math-I,C,ai_assisted_review_pass_v1,
629,benqa_ext_12th-Math-I_0135,,"f(x) = tanx ebong g(x) = sec^{2}x. \int f(x) dx = kot?
A. - ln cosx + c
B. - ln secx + c
C. ln cosx + c
D. ln sinx + c
Answer with only A, B, C, or D.",,Math-I,A,ai_assisted_review_pass_v1,
630,benqa_ext_12th-Math-I_0141,,"y = x lnx bokrorekhar je bindute sporshok x oksher somantoral tar bhuj kot?
A. e
B. - e
C. \frac{1}{e}
D. - \frac{1}{e}
Answer with only A, B, C, or D.",,Math-I,C,ai_assisted_review_pass_v1,
631,benqa_ext_12th-Math-I_0143,,"\int \frac{4x^{x}}{1 + x^{8}} dx = f(x) + c hole f(x) er man kot?
A. \frac{1}{1 + x^{2}}
B. sin^{-1} x^{3}
C. tan^{-1}x^{4}
D. tan^{-1}x^{3}
Answer with only A, B, C, or D.",,Math-I,C,ai_assisted_review_pass_v1,
632,benqa_ext_12th-Math-I_0160,,"\frac{d}{dx} (a^{10}) er man konoti?
A. 0
B. a^{10}
C. 10a^{9}
D. a^{10}lna
Answer with only A, B, C, or D.",,Math-I,A,ai_assisted_review_pass_v1,
633,benqa_ext_12th-Math-I_0167,,"\begin{bmatrix} a-3 & -1 \\ -8 & a + 4 \end{bmatrix} myatriksoti byotikromi hole, a er man konoti?
A. 0
B. 3
C. 4, -5
D. 5, -4
Answer with only A, B, C, or D.",,Math-I,C,ai_assisted_review_pass_v1,
634,benqa_ext_12th-Math-I_0169,,"\int_{0}^{\pi} \frac{sin x}{1 + cos^{2}x} dx = kot?
A. \frac{\pi}{2}
B. \frac{\pi}{4}
C. \frac{\pi}{6}
D. \frac{2\pi}{3}
Answer with only A, B, C, or D.",,Math-I,A,ai_assisted_review_pass_v1,
635,benqa_ext_12th-Math-I_0170,,"\int \frac{x^{2}}{x^{2} - 4} dx er man kot?
A. ln \left | \frac{x - 2}{x + 2} \right | + c
B. \frac{1}{x} ln \left | \frac{x - 2}{x + 2} \right | + c
C. x - ln \left | \frac{x - 2}{x + 2} \right | + c
D. x + ln \left | \frac{x - 2}{x + 2} \right | + c
Answer with only A, B, C, or D.",,Math-I,D,ai_assisted_review_pass_v1,
636,benqa_ext_12th-Math-I_0176,,"\lim_{\theta \to 0} \frac{tan^{-1} \frac{\theta}{2}}{\theta} er man kot?
A. 0
B. \frac{1}{2}
C. 1
D. 2
Answer with only A, B, C, or D.",,Math-I,B,ai_assisted_review_pass_v1,
637,benqa_ext_12th-Math-I_0178,,"(3, - 4) bindugami ebong y-oksher somantoral sorolorekhar somikoron konoti?
A. x - 3 = 0
B. x + 3 = 0
C. y - 4 = 0
D. y + 4 = 0
Answer with only A, B, C, or D.",,Math-I,A,ai_assisted_review_pass_v1,
638,benqa_ext_12th-Math-I_0180,,"\begin{vmatrix} 3 & -2 & 5 \\ 4 & 0 & 6 \\ -1 & 7 & 10 \end{vmatrix} nirnayoker (2, 3) tom bhuktir sohogunok kot?
A. 114
B. 19
C. \text{- 19}
D. \text{- 114}
Answer with only A, B, C, or D.",,Math-I,C,ai_assisted_review_pass_v1,
639,benqa_ext_12th-Math-I_0189,,"\begin{bmatrix} 0 & 5 & -3 \\ -5 & 0 & y \\ x & 4 & 0 \end{bmatrix} biprotisom myatriks hole (x, y) = ?
A. (-3, -4)
B. (-3, 4)
C. (3, -4)
D. (3, 4)
Answer with only A, B, C, or D.",,Math-I,C,ai_assisted_review_pass_v1,
640,benqa_ext_12th-Math-I_0192,,"x^{2} + y^{2} = 13 britter (-2, 3) bindute sporshoker somikoron konoti?
A. 2x + 3y + 13 = 0
B. 2x + 3y - 13 = 0
C. 2x - 3y - 13 = 0
D. 2x - 3y + 13 = 0
Answer with only A, B, C, or D.",,Math-I,D,ai_assisted_review_pass_v1,
641,benqa_ext_12th-Math-I_0197,,"f(x) = x^{2} + 1 hole- i. (1, 2) bindute obhilomber dhal - frac{1}{2} ii. \int_{0}^{1} \frac{2x}{f(x)} dx = ln2 iii. fangshonotir chorom bindur sthanangk (0, 1) nicher konoti sothik?
A. i ebong ii
B. ii ebong iii
C. i ebong iii
D. i, ii ebong iii
Answer with only A, B, C, or D.",,Math-I,D,ai_assisted_review_pass_v1,
642,benqa_ext_12th-Math-I_0200,,"cot\theta = \frac{3}{4} ebong \pi < \theta < \frac{3\pi}{2} hole sec\theta er man kot?
A. \frac{-5}{3}
B. \frac{-5}{4}
C. \frac{5}{4}
D. \frac{5}{3}
Answer with only A, B, C, or D.",,Math-I,A,ai_assisted_review_pass_v1,
643,benqa_ext_12th-Math-I_0204,,"\int^{1}_{0} \frac{dx}{x^{2} + 1} er man-
A. \frac{\pi}{2}
B. \frac{\pi}{3}
C. \frac{\pi}{4}
D. \frac{\pi}{6}
Answer with only A, B, C, or D.",,Math-I,C,ai_assisted_review_pass_v1,
644,benqa_ext_12th-Math-I_0214,,"r - 4 = 0 polar somikoronoti nirdesh kore-
A. porabritt
B. britt
C. upobritt
D. odhibritt
Answer with only A, B, C, or D.",,Math-I,B,ai_assisted_review_pass_v1,
645,benqa_ext_12th-Math-I_0216,,"x^{2} + y^{2} - 4x - 6y - 7 = 0 britter (-2, 1) bindute sporshoker somikoron-
A. x + 2y + 3 = 0
B. 2x - y + 3 = 0
C. x - 2y + 3 = 1
D. 2x + y + 3 = 1
Answer with only A, B, C, or D.",,Math-I,D,ai_assisted_review_pass_v1,
646,benqa_ext_12th-Math-I_0221,,"y = ln(x) bokrorekhatir x = 1 bindute dhal-
A. 1
B. 2
C. 3
D. 4
Answer with only A, B, C, or D.",,Math-I,A,ai_assisted_review_pass_v1,
647,benqa_ext_12th-Math-I_0223,,"\frac{d}{dx}(2^{x}) = kot?
A. x2^{x - 1}
B. x2^{x+1}
C. 2lnx
D. 22^{x} ln2
Answer with only A, B, C, or D.",,Math-I,D,ai_assisted_review_pass_v1,
648,benqa_ext_12th-Math-I_0228,,"4x - 3y + 2 = 0 ebong 8x - 6y - 9 = 0 rekhadboyer modhyoborti durotto kot?
A. \frac{11}{5}
B. \frac{13}{10}
C. \frac{11}{10}
D. \frac{13{5}
Answer with only A, B, C, or D.",,Math-I,B,ai_assisted_review_pass_v1,
649,benqa_ext_12th-Math-I_0230,,"\int_{0}^{\frac{\pi}{4}} \frac{dx}{1 + cos2x} dx er man kot?
A. 0
B. \frac{1}{2}
C. 1
D. \frac{3}{2}
Answer with only A, B, C, or D.",,Math-I,B,ai_assisted_review_pass_v1,
650,benqa_ext_12th-Math-I_0237,,"f(x) = secx ebong g(x) = tanx \int f(x) dx = ?
A. ln \left | tan \left ( \frac{\pi}{4} - \frac{x}{2} \right ) \right | + c
B. ln \left | tan \left ( \frac{\pi}{4} + \frac{x}{2} \right ) \right | + c
C. ln |secx - tanx| + c
D. ln |tanx - secx| + c
Answer with only A, B, C, or D.",,Math-I,B,ai_assisted_review_pass_v1,
651,benqa_ext_12th-Math-I_0241,,"(3, 270\degree) bindutir kartesiy sthanangk-
A. (-3, 0)
B. (0, -3)
C. (3, -3)
D. (0, 0)
Answer with only A, B, C, or D.",,Math-I,B,ai_assisted_review_pass_v1,
652,benqa_ext_12th-Math-I_0243,,"(- \sqrt{2}, - \sqrt{2}) bindur polar sthanangk konoti?
A. \left ( 2, - \frac{3\pi}{2} \right )
B. \left ( 2, \frac{3\pi}{2} \right )
C. \left ( 2, - \frac{5\pi}{2} \right )
D. \left ( 2, \frac{5\pi}{2} \right )
Answer with only A, B, C, or D.",,Math-I,D,ai_assisted_review_pass_v1,
653,benqa_ext_12th-Math-I_0264,,"konoti byotikromi myatriks?
A. \begin{bmatrix} 1 & 1 \\ -1 & 1 \end{bmatrix}
B. \begin{bmatrix} 2 & 6 \\ 3 & 7 \end{bmatrix}
C. \begin{bmatrix} 1 & -3 \\ 3 & 9 \end{bmatrix}
D. \begin{bmatrix} 1 & 3 \\ 3 & 9 \end{bmatrix}
Answer with only A, B, C, or D.",,Math-I,D,ai_assisted_review_pass_v1,
654,benqa_ext_12th-Math-I_0275,,"2x + 2y - \sqrt{5} = 0 ekoti sorolorekhar somikoron. uddipoker sorolorekhati dwara sthanangker okshodboyer sohit utoponn tribhujer kshetrofol nicher konoti?
A. \frac{5}{8} borg ekok
B. \frac{5}{4} borg ekok
C. \frac{5}{2} borg ekok
D. 4\sqrt{5} borg ekok
Answer with only A, B, C, or D.",,Math-I,A,ai_assisted_review_pass_v1,
655,benqa_ext_12th-Math-I_0279,,"f(x) fangshon x = b bindute obichchhinn hole- i. f(b) songjnayit hoy ii. \lim_{x \to b} f(x) bidyoman thake na iii. \lim_{x \to b} f(x) = f(b) nicher konoti sothik?
A. i ebong ii
B. i ebong iii
C. ii ebong iii
D. i, ii ebong iii
Answer with only A, B, C, or D.",,Math-I,B,ai_assisted_review_pass_v1,
656,benqa_ext_12th-Math-I_0282,,"x er ekoti fangshon f(x) hole, \int \frac{f'(x)}{f(x)} dx = kot?
A. f'(x) + c
B. f(x) + c
C. ln |f'(x) | + c
D. ln |f(X)| + c
Answer with only A, B, C, or D.",,Math-I,D,ai_assisted_review_pass_v1,
657,benqa_ext_12th-Math-I_0283,,"jogojikoroner kshetre projojy- i. \int f(x) dx = F(x) + , jekhane c hol jogojikoron dhrubok ii. f(x) ke jojy (Integrand) bole iii. \frac{d}{dx} o \int dx porospor biporit prokriya nicher konoti sothik?
A. i ebong ii
B. i ebong iii
C. ii ebong iii
D. i, ii ebong iii
Answer with only A, B, C, or D.",,Math-I,D,ai_assisted_review_pass_v1,
658,benqa_ext_12th-Math-I_0295,,"A ekoti borg myatriks ebong K ekoti skelar hole- i. (A^{t})^{t} = A ii. (KA)^{t} = KA^{t} iii. jodi |A| \neq 0 hoy, tahole |A^{-1}| = \frac{1}{|A|} nicher konoti sothik?
A. i ebong ii
B. i ebong iii
C. ii ebong iii
D. i, ii ebong iii
Answer with only A, B, C, or D.",,Math-I,D,ai_assisted_review_pass_v1,
659,benqa_ext_12th-Math-I_0299,,"\underset{x \to 0}{Lt} \frac{\sqrt{1 + sinx} - \sqrt{1 - sinx}}{x} er man kot?
A. \frac{1}{2}
B. \text{- 2}
C. 2
D. 1
Answer with only A, B, C, or D.",,Math-I,D,ai_assisted_review_pass_v1,
660,benqa_ext_12th-Math-I_0300,,"\int \frac{cotx}{\sqrt{sinx}} dx = kot?
A. \frac{- 2}{\sqrt{sinx}} + c
B. \frac{- 1}{2\sqrt{sinx}} + c
C. \frac{1}{2\sqrt{sinx}} + c
D. 2\sqrt{sinx} + c
Answer with only A, B, C, or D.",,Math-I,A,ai_assisted_review_pass_v1,
661,benqa_ext_12th-Math-I_0312,,"f(x) = 4x hole- i. \int \frac{dx}{f(x)} = \frac{1}{4} lnx + c ii. \int e^{f(x)}dx = \frac{1}{4}e^{4x} + c iii. \int_{0}^{2} f(x) dx = 8 nicher konoti sothik?
A. i ebong ii
B. i ebong iii
C. ii ebong iii
D. i, ii ebong iii
Answer with only A, B, C, or D.",,Math-I,D,ai_assisted_review_pass_v1,
662,benqa_ext_12th-Math-I_0315,,"A = \begin{bmatrix} 2 & -1 \\ 5 & -3 \end{bmatrix} hole, nicher konotir A^{-1}?
A. \begin{bmatrix} 2 & -1 \\ 5 & -3 \end{bmatrix}
B. \begin{bmatrix} -3 & -1 \\ -5 & -2 \end{bmatrix}
C. \begin{bmatrix} 3 & -1 \\ 5 & -2 \end{bmatrix}
D. \begin{bmatrix} 3 & 1 \\ -5 & 2 \end{bmatrix}
Answer with only A, B, C, or D.",,Math-I,C,ai_assisted_review_pass_v1,
663,benqa_ext_12th-Math-I_0317,,"(1, 150\degree) bindur kartesiy sthanangk nicher konoti?
A. \left ( \frac{\sqrt{3}}{2}, \frac{1}{2} \right )
B. \left ( - \frac{\sqrt{3}}{2}, \frac{1}{2} \right )
C. \left ( \frac{\sqrt{3}}{2}, - \frac{1}{2} \right )
D. \left ( - \frac{\sqrt{3}}{2}, - \frac{1}{2} \right )
Answer with only A, B, C, or D.",,Math-I,B,ai_assisted_review_pass_v1,
664,benqa_ext_12th-Math-I_0334,,"nicher konoti biprotisom myatriks?
A. \begin{bmatrix} a & 0 \\ 0 & -a \end{bmatrix}
B. \begin{bmatrix} a & 0 \\ -a & 0 \end{bmatrix}
C. \begin{bmatrix} 0 & a \\ -a & 0 \end{bmatrix}
D. \begin{bmatrix} 0 & -a \\ 0 & a \end{bmatrix}
Answer with only A, B, C, or D.",,Math-I,C,ai_assisted_review_pass_v1,
665,benqa_ext_12th-Math-I_0339,,"(1, 2) o (3, -2) bindugami rekhar oksh dutir modhyoborti khonditangsher doirghy kot?
A. 2\sqrt{5}
B. 3\sqrt{5}
C. 5\sqrt{2}
D. 5\sqrt{3}
Answer with only A, B, C, or D.",,Math-I,A,ai_assisted_review_pass_v1,
666,benqa_ext_12th-Math-I_0347,,"\lim_{x \to 0} \frac{\sqrt{1 - cos2x}}{x} er man kot?
A. 2\sqrt{2}
B. \sqrt{2}
C. \frac{1}{\sqrt{2}}
D. 0
Answer with only A, B, C, or D.",,Math-I,B,ai_assisted_review_pass_v1,
667,benqa_ext_12th-Math-I_0348,,"duti myatriks A ebong B er matra jothakrome p \times q ebong n \times r hole, AB nirnoyer short konoti?
A. p = r
B. p = n
C. q = r
D. q = n
Answer with only A, B, C, or D.",,Math-I,D,ai_assisted_review_pass_v1,
668,benqa_ext_12th-Math-I_0364,,"x^{2} + y^{2} - 4x + 8y = 0 britter y-oksher khonditangsher doirghy konoti?
A. 4
B. 8
C. 16
D. 32
Answer with only A, B, C, or D.",,Math-I,B,ai_assisted_review_pass_v1,
669,benqa_ext_12th-Math-I_0372,,"(\sqrt{2}, - \sqrt{2}) bindur polar sthanangk kot?
A. \left ( 4, \frac{7\pi}{4} \right )
B. \left ( 6, \frac{- \pi}{4} \right )
C. \left ( 8, \frac{\pi}{4} \right )
D. \left ( 2, \frac{- \pi}{4} \right )
Answer with only A, B, C, or D.",,Math-I,D,ai_assisted_review_pass_v1,
670,benqa_ext_12th-Math-I_0373,,"2x - 3y + 6 = 0 rekhatir dhal kot?
A. \frac{-3}{2}
B. \frac{-2}{3}
C. \frac{2}{3}
D. \frac{3}{2}
Answer with only A, B, C, or D.",,Math-I,C,ai_assisted_review_pass_v1,
671,benqa_ext_12th-Math-I_0379,,"\lim_{x \to \infty} \frac{-x}{\sqrt{x^{2} + 3x + 4}} er man kot?
A. - \infty
B. \text{-1}
C. 1
D. 4
Answer with only A, B, C, or D.",,Math-I,B,ai_assisted_review_pass_v1,
672,benqa_ext_12th-Math-I_0384,,"\int sin \left ( 10 - \frac{x}{5} \right ) dx = kot?
A. 5cos \left ( 10 - \frac{x}{5} \right ) + c
B. - 5cos \left ( 10 - \frac{x}{5} \right ) + c
C. - \frac{1}{5}cos \left ( 10 - \frac{x}{5} \right ) + c
D. \frac{1}{5}cos \left ( 10 - \frac{x}{5} \right ) + c
Answer with only A, B, C, or D.",,Math-I,A,ai_assisted_review_pass_v1,
673,benqa_ext_12th-Math-I_0394,,"C = \begin{bmatrix} -1 & 2 \\ 3 & -4 \end{bmatrix} hole C^{-1} = kot?
A. - \frac{1}{2} \begin{bmatrix} -4 & 3 \\ 2 & -1 \end{bmatrix}
B. - \frac{1}{2} \begin{bmatrix} 4 & -2 \\ -3 & 1 \end{bmatrix}
C. \frac{1}{2} \begin{bmatrix} 4 & 2 \\ 3 & 1 \end{bmatrix}
D. \frac{1}{2} \begin{bmatrix} 4 & 3 \\ 2 & 1 \end{bmatrix}
Answer with only A, B, C, or D.",,Math-I,C,ai_assisted_review_pass_v1,
674,benqa_ext_10th-Math-II_0003,,"\sqrt{3} + 1 + \frac{1}{\sqrt{3}} + \frac{1}{3} + \frac{1}{3\sqrt{3}} + ... gunottor dharar osimotok somoshti kot?
A. \frac{3}{\sqrt{3} - 1}
B. \sqrt{3} - 1
C. \frac{2\sqrt{3}}{\sqrt{3} - 1}
D. \frac{3}{1 - \sqrt{3}}
Answer with only A, B, C, or D.",,Math-II,A,ai_assisted_review_pass_v1,
675,benqa_ext_10th-Math-II_0017,,"f(x) = x + \left | x \right | hole- i. f( - 200) = 0 ii. f(x) er domen ( - \infty , \infty ) iii. f(x) er renj [0, \infty ) nicher konoti sothik?
A. i o ii
B. i o iii
C. ii o iii
D. i, ii o iii
Answer with only A, B, C, or D.",,Math-II,D,ai_assisted_review_pass_v1,
676,benqa_ext_10th-Math-II_0024,,"3 + 0.3 + 0.03 + ........ dharatir osimotok somoshti kot?
A. \frac{9}{10}
B. \frac{3}{10}
C. \frac{10}{9}
D. \frac{10}{3}
Answer with only A, B, C, or D.",,Math-II,D,ai_assisted_review_pass_v1,
677,benqa_ext_10th-Math-II_0030,,"- 13\sqrt{13} er ghonomul kot?
A. -13
B. \sqrt[3]{13}
C. \sqrt{13}
D. - \sqrt{13}
Answer with only A, B, C, or D.",,Math-II,D,ai_assisted_review_pass_v1,
678,benqa_ext_10th-Math-II_0078,,"ekoti niropeksh chhokka nikshep korole 2 uthar sombhabona konoti?
A. \frac{1}{6}
B. \frac{1}{3}
C. \frac{1}{2}
D. \frac{2}{3}
Answer with only A, B, C, or D.",,Math-II,A,ai_assisted_review_pass_v1,
679,benqa_ext_10th-Math-II_0089,,"^{n}\textrm{C}_{2} = \,^{n}\textrm{C}_{3} hole n er man nicher konoti?
A. 2
B. 3
C. 5
D. 6
Answer with only A, B, C, or D.",,Math-II,C,ai_assisted_review_pass_v1,
680,benqa_ext_10th-Math-II_0100,,"nicher konoti chokrokromik rashi?
A. x^{3} + y^{3} + z^{3} + 3xyz
B. x^{2} + y^{2} + z^{2} - 2xyz
C. 3x^{2}y + 2y^{2}z + z^{2}x
D. x^{2} - y^{2} + z^{2}
Answer with only A, B, C, or D.",,Math-II,B,ai_assisted_review_pass_v1,
681,benqa_ext_10th-Math-II_0116,,"x^{\frac{1}{p}} = y^{\frac{1}{q}} = z^{\frac{1}{r}} ebong xyz = 1 konoti sothik?
A. x = y^{\frac{p}{q}}
B. x = y^{\frac{q}{p}}
C. y = x^{\frac{r}{q}}
D. z = y^{\frac{q}{r}}
Answer with only A, B, C, or D.",,Math-II,A,ai_assisted_review_pass_v1,
682,benqa_ext_10th-Math-II_0119,,"8^{a} = 64^{b) hole a:b er man nicher konoti?
A. 1:02
B. 2:01
C. 2:03
D. 3:02
Answer with only A, B, C, or D.",,Math-II,B,ai_assisted_review_pass_v1,
683,benqa_ext_10th-Math-II_0124,,"tanx = - \sqrt{3} ebong \frac{\pi}{2}<x<\pi hole x er man nicher konoti?
A. \frac{\pi}{3}
B. \frac{2\pi}{3}
C. \frac{4\pi}{3}
D. \frac{5\pi}{3}
Answer with only A, B, C, or D.",,Math-II,B,ai_assisted_review_pass_v1,
684,benqa_ext_10th-Math-II_0135,,"( - 2, 0) o (0, 2) bindugami rekhar khondit ongsher doirghy kot?
A. 0
B. 2\sqrt{2}
C. 4\sqrt{2}
D. 4
Answer with only A, B, C, or D.",,Math-II,B,ai_assisted_review_pass_v1,
685,benqa_ext_10th-Math-II_0164,,"4^{x} = 64^{y} hole x:y = konoti?
A. 1:03
B. 1:02
C. 2:01
D. 3:01
Answer with only A, B, C, or D.",,Math-II,A,ai_assisted_review_pass_v1,
686,benqa_ext_10th-Math-II_0181,,"jodi \frac{x^{2}}{(x - 1)(x - 2)} = A + \frac{B}{x - 1} + \frac{C}{x - 2} hoy, tobe C er man konoti?
A. -4
B. -1
C. 1
D. 4
Answer with only A, B, C, or D.",,Math-II,D,ai_assisted_review_pass_v1,
687,benqa_ext_10th-Math-II_0191,,"1 + \frac{1}{2} + \frac{1}{2^{2}} + ........... osim dharar jogofol konoti?
A. 2^{n + 1}
B. \frac{1}{2^{n + 1}}
C. 2^{n}
D. 2
Answer with only A, B, C, or D.",,Math-II,D,ai_assisted_review_pass_v1,
688,benqa_ext_10th-Math-II_0192,,"logarithm er jony- i. log_{2}7 = \frac{log_{10}7}{log_{10}2} ii. log_{4}64 = 4 iii. log_{2}(\frac{128}{32}) = 2 nicher konoti sothik?
A. i o ii
B. i o iii
C. ii o iii
D. i, ii o iii
Answer with only A, B, C, or D.",,Math-II,B,ai_assisted_review_pass_v1,
689,benqa_ext_10th-Math-II_0205,,"5log_{5}30 er man kot?
A. 5
B. 25
C. 30
D. 900
Answer with only A, B, C, or D.",,Math-II,C,ai_assisted_review_pass_v1,
690,benqa_ext_10th-Math-II_0217,,"A( - 2, 3), B( - 2, - 3), C(7, - 3) o D(7, 3) kono choturbhujer charoti shirshobindu. ABCD choturbhujoti kon prokritir?
A. trapijiyam
B. ayot
C. borg
D. rombos
Answer with only A, B, C, or D.",,Math-II,B,ai_assisted_review_pass_v1,
691,benqa_ext_10th-Math-II_0231,,"sin\theta + cos\theta = \sqrt{2} hole \theta er man kot?
A. 30^{\circ}
B. 45^{\circ}
C. 60^{\circ}
D. 90^{\circ}
Answer with only A, B, C, or D.",,Math-II,B,ai_assisted_review_pass_v1,
692,benqa_ext_10th-Math-II_0240,,"(x - \frac{k}{3})^{4} er bistritite x^{3} er sohog - 12 hole k er man kot?
A. -36
B. -9
C. 9
D. 36
Answer with only A, B, C, or D.",,Math-II,C,ai_assisted_review_pass_v1,
693,benqa_ext_10th-Math-II_0252,,"sec\Theta = - \frac{2}{\sqrt{3}} ebong \frac{\pi}{2} < \Theta < \frac{3\pi}{2} hole- i. \theta = \frac{2\pi}{3} ii. \theta = \frac{5\pi}{6} iii. \theta = \frac{7\pi}{6} nicher konoti sothik?
A. i o ii
B. i o iii
C. ii o iii
D. i, ii o iii
Answer with only A, B, C, or D.",,Math-II,C,ai_assisted_review_pass_v1,
694,benqa_ext_10th-Math-II_0258,,"log_{x}(x + y) = 2 = log_{2}(x - y} hole, (x, y) er man nicher konoti?
A. (6, 2)
B. (10, 6)
C. (6, 10)
D. (20, 12)
Answer with only A, B, C, or D.",,Math-II,B,ai_assisted_review_pass_v1,
695,benqa_ext_10th-Math-II_0262,,"a<0 ebong m\epsilon z, n\epsilon \mathbb{N}, n>1 hole (\sqrt[n]{a})^{m} = kot?
A. \sqrt[mn]{a}
B. \sqrt[m]{n}
C. \sqrt[n]{a^{m}}
D. \frac{1}{a^{mn}}
Answer with only A, B, C, or D.",,Math-II,C,ai_assisted_review_pass_v1,
696,benqa_ext_10th-Math-II_0287,,"- 320^{\circ} konoti kon choturbhage thakobe?
A. prothom
B. dwitiy
C. tritiy
D. choturth
Answer with only A, B, C, or D.",,Math-II,A,ai_assisted_review_pass_v1,
697,benqa_ext_10th-Math-II_0288,,"jodi \theta = \frac{\pi}{4} hoy, tobe sin\theta + cos\theta = kot?
A. 2
B. \sqrt{2}
C. 1
D. \frac{1}{\sqrt{2}}
Answer with only A, B, C, or D.",,Math-II,B,ai_assisted_review_pass_v1,
698,benqa_ext_10th-Math-II_0300,,"y = 2 ebong x = 2y - 1 sorolorekha dutir chhed bindur sthanangk konoti?
A. (1, 2)
B. (4, 2)
C. (5, 2)
D. (3, 2)
Answer with only A, B, C, or D.",,Math-II,D,ai_assisted_review_pass_v1,
699,benqa_ext_10th-Math-II_0317,,"rofiker khulona hote rajoshahi base jaoyar sombhabona \frac{4}{5} ebong rajoshahi hote rongpur trene jaoyar sombhabona \frac{6}{7}. rofiker khulona hote rajoshahi base na jaoyar sombhabona kot?
A. \frac{1}{7}
B. \frac{1}{5}
C. \frac{4}{5}
D. \frac{6}{7}
Answer with only A, B, C, or D.",,Math-II,B,ai_assisted_review_pass_v1,
700,benqa_ext_10th-Math-II_0328,,"\frac{1}{2} + \frac{1}{4} + \frac{1}{8} + .... dharatir osimotok somoshti kot?
A. \frac{1}{3}
B. \frac{1}{2}
C. 1
D. 2
Answer with only A, B, C, or D.",,Math-II,C,ai_assisted_review_pass_v1,
701,benqa_ext_10th-Math-II_0334,,"sokal 9:00 tay ghorir ghontar kanta o miniter kantar modhyoborti kon kot?
A. \frac{\pi}{4} rediyan
B. \frac{\pi}{2} rediyan
C. \pi rediyan
D. 2\pi rediyan
Answer with only A, B, C, or D.",,Math-II,B,ai_assisted_review_pass_v1,
702,benqa_ext_10th-Math-II_0336,,"cos^{2}\frac{4\pi}{3} + cosec^{2}\frac{3\pi}{4} = kot?
A. \frac{17}{4}
B. \frac{11}{4}
C. \frac{9}{4}
D. \frac{7}{4}
Answer with only A, B, C, or D.",,Math-II,C,ai_assisted_review_pass_v1,
703,benqa_ext_10th-Math-II_0337,,"tanA = - \frac{1}{\sqrt{3}} ebong \frac{\pi}{2}<A<\frac{3\pi}{2} hole- i. A = \frac{5\pi}{6} ii. sin^{2}A = \frac{1}{4} iii. cosA = - \frac{\sqrt{3}}{2} nicher konoti sothik?
A. i o ii
B. i o iii
C. ii o iii
D. i, ii o iii
Answer with only A, B, C, or D.",,Math-II,D,ai_assisted_review_pass_v1,
704,benqa_ext_10th-Math-II_0355,,"log_{\sqrt{3}}81 = kot?
A. 81\sqrt{3}
B. 27\sqrt{3}
C. 8
D. 4
Answer with only A, B, C, or D.",,Math-II,C,ai_assisted_review_pass_v1,
705,benqa_ext_10th-Math-II_0383,,"\theta = \frac{3\pi}{2} hole sin\theta + cos\theta er man kot?
A. -1
B. 0
C. 1
D. 2
Answer with only A, B, C, or D.",,Math-II,A,ai_assisted_review_pass_v1,
706,benqa_ext_12th-Math-II_0010,,"y^{2} = 6x porabrittoti y = mx + c, rekhake sporsh korole- i. c = \frac{3}{2m} ii. porabritt o sorolorekhar somikoron ubhoyoi mulobindugami iii. sporsh bindur sthanangk \left ( \frac{3}{m^{2}}, \frac{3}{m} \right ) nicher konoti sothik?
A. i o ii
B. ii o iii
C. i o iii
D. i, ii o iii
Answer with only A, B, C, or D.",,Math-II,B,ai_assisted_review_pass_v1,
707,benqa_ext_12th-Math-II_0013,,"sincot^{-1} tancos^{-1} \frac{3}{4} = kot?
A. \frac{3}{4}
B. \frac{5}{4}
C. \frac{4}{3}
D. \frac{3}{\sqrt{7}}
Answer with only A, B, C, or D.",,Math-II,A,ai_assisted_review_pass_v1,
708,benqa_ext_12th-Math-II_0020,,"x^{2} + x + 1 = 0 somikoroner mulodboy \alpha, \beta hole, \Sigma\alpha^{2} er man kot?
A. -3
B. -1
C. 0
D. 1
Answer with only A, B, C, or D.",,Math-II,B,ai_assisted_review_pass_v1,
709,benqa_ext_12th-Math-II_0031,,"n ekoti purnosongkhya hole 2cos2\theta - 1 = 0 somikoroner sadharon somadhan konoti?
A. 2n\pi \pm \frac{\pi}{3}
B. n\pi \pm \frac{\pi}{3}
C. 2n\pi \pm \frac{\pi}{6}
D. n\pi \pm \frac{\pi}{6}
Answer with only A, B, C, or D.",,Math-II,D,ai_assisted_review_pass_v1,
710,benqa_ext_12th-Math-II_0049,,"jodi s = t^{3} + 3t^{2} + 6 hoy, tobe 2sec pore er tworon kot?
A. 6 m/sec^{2}
B. 12 m/sec^{2}
C. 18 m/sec^{2}
D. 24 m/^{2}
Answer with only A, B, C, or D.",,Math-II,C,ai_assisted_review_pass_v1,
711,benqa_ext_12th-Math-II_0063,,"2N, \sqrt{5}N ebong 3N bolotroy kono bindute kriya kore bharosamy srishti kore. kshudrotom bolodboyer ontorgot kon konoti?
A. 30\degree
B. 60\degree
C. 90\degree
D. 180\degree
Answer with only A, B, C, or D.",,Math-II,C,ai_assisted_review_pass_v1,
712,benqa_ext_12th-Math-II_0075,,"x^{2} + 5y = 0 porabritter niyamoker somikoron konoti?
A. 4y + 5 = 0
B. 4x + 5 = 0
C. 4y - 5 = 0
D. 4x - 5 = 0
Answer with only A, B, C, or D.",,Math-II,C,ai_assisted_review_pass_v1,
713,benqa_ext_12th-Math-II_0084,,"kono prokshepoker anubhumik palla R, bichoronokal T, sorbadhik uchchota H ebong prokshep kon \alpha hole- i. R = 4H cos\alpha ii. H = \frac{gT^{2}}{8} iii. \alpha = tan^{-1} \left ( \frac{gT^{2}}{2R} \right ) nicher konoti sothik?
A. i o ii
B. i o iii
C. ii o iii
D. i, ii o iii
Answer with only A, B, C, or D.",,Math-II,D,ai_assisted_review_pass_v1,
714,benqa_ext_12th-Math-II_0090,,"kono dwighat somikoroner mulodboy mulod o osoman hole prithayok hobe- i. purnoborg ii. dhonatmok songkhya iii. rinatmok songkhya nicher konoti sothik?
A. i o ii
B. i o iii
C. ii o iii
D. i, ii o iii
Answer with only A, B, C, or D.",,Math-II,A,ai_assisted_review_pass_v1,
715,benqa_ext_12th-Math-II_0094,,"2sin^{-1}x = sin^{-1}y somikorone x = \frac{\sqrt{3}}{2} hole, y er man kot?
A. \frac{1}{2}
B. \frac{1}{\sqrt{2}}
C. \frac{\sqrt{3}}{2}
D. 1
Answer with only A, B, C, or D.",,Math-II,C,ai_assisted_review_pass_v1,
716,benqa_ext_12th-Math-II_0113,,"3x^{2} + 4y^{2} = 1 upobritter- i. utokondrikota = \frac{1}{2} ii. upokendr (\pm 2\sqrt{3}, 0) iii. upokendrik lomber doirghy = \frac{\sqrt{3}}{2} nicher konoti sothik?
A. i o ii
B. i o iii
C. ii o iii
D. i, ii o iii
Answer with only A, B, C, or D.",,Math-II,B,ai_assisted_review_pass_v1,
717,benqa_ext_12th-Math-II_0116,,"x^{2} - 8y^{2} = 2 odhibritter utokendrikota konoti?
A. \frac{3}{\sqrt{2}}
B. \frac{3}{2\sqrt{2}}
C. \frac{\sqrt{3}}{\sqrt{2}}
D. \frac{\sqrt{7}}{2\sqrt{2}}
Answer with only A, B, C, or D.",,Math-II,B,ai_assisted_review_pass_v1,
718,benqa_ext_12th-Math-II_0119,,"tan \left ( tan^{-1} \frac{1}{3} + tan^{-1} \frac{1}{5} \right ) = kot?
A. \frac{1}{8}
B. \frac{1}{2}
C. \frac{8}{15}
D. \frac{4}{7}
Answer with only A, B, C, or D.",,Math-II,D,ai_assisted_review_pass_v1,
719,benqa_ext_12th-Math-II_0127,,"\sqrt{37}N,3N ebong 4N maner tinoti bol ekoti bostur upor kriya kore bharosamy srishti kore. 3N o 4N bolodboyer modhyoborti kon kot?
A. 30\degree
B. 45\degree
C. 60\degree
D. 90\degree
Answer with only A, B, C, or D.",,Math-II,C,ai_assisted_review_pass_v1,
720,benqa_ext_12th-Math-II_0140,,"p = cos\theta, q = sin\theta sec\theta er man konoti?
A. \frac{1}{\sqrt{1 - q^{2}}
B. \sqrt{1 - q^{2}}
C. \frac{1}{\sqrt{q^{2} - 1}
D. \sqrt{q^{2} - 1}
Answer with only A, B, C, or D.",,Math-II,A,ai_assisted_review_pass_v1,
721,benqa_ext_12th-Math-II_0172,,"(x -3)^{2} = - 4(y - 4) porabrittotir upokendrik lomber somikoron-
A. y + 3 = 0
B. y - 3 = 0
C. x + 3 = 0
D. x - 3 = 0
Answer with only A, B, C, or D.",,Math-II,B,ai_assisted_review_pass_v1,
722,benqa_ext_12th-Math-II_0185,,"n \epsilon \mathdd{N} hole, i^{8n+5} er man kot?
A. 1
B. -1
C. i
D. - i
Answer with only A, B, C, or D.",,Math-II,C,ai_assisted_review_pass_v1,
723,benqa_ext_12th-Math-II_0209,,"kono bindute kriyarot P o \sqrt{2} P bolodboyer lobdhi R, P boler upor lomb hole tader ontorgot kon kot?
A. 45\degree
B. 60\degree
C. 120\degree
D. 135\degree
Answer with only A, B, C, or D.",,Math-II,D,ai_assisted_review_pass_v1,
724,benqa_ext_12th-Math-II_0217,,"3x^{2} + y^{2} = 4 upobrittotir utokendrikota kot?
A. \sqrt{\frac{2}{3}}
B. \frac{\sqrt{2}}{3}
C. 2\sqrt{\frac{2}{3}}
D. \frac{2\sqrt{2}}{3}
Answer with only A, B, C, or D.",,Math-II,A,ai_assisted_review_pass_v1,
725,benqa_ext_12th-Math-II_0233,,"2, 2 ebong 2\sqrt{2} ekok maner bolotroy ekoti bostur upor kriya kore bharosamy srishti kore. 2 ebong 2 ekok bolodboyer modhyoborti kon kot?
A. 45\degree
B. 90\degree
C. 135\degree
D. 180\degree
Answer with only A, B, C, or D.",,Math-II,B,ai_assisted_review_pass_v1,
726,benqa_ext_12th-Math-II_0245,,"ki shorte x^{3} + px^{2} + qx - r = 0 somikoroner duti muler somoshti shuny hobe?
A. pr = q
B. pq + r = 0
C. qr = p
D. r = p
Answer with only A, B, C, or D.",,Math-II,B,ai_assisted_review_pass_v1,
727,benqa_ext_12th-Math-II_0248,,"x^{2} + x + 1 = 0 er mulodboy \alpha^{-1} o \beta^{-1} hole- \alpha er man kot?
A. 1 - i
B. 1 + i
C. - \frac{1}{2} \pm \frac{\sqrt{3}}{2} i
D. \frac{1}{2} \pm \frac{\sqrt{5}}{2}
Answer with only A, B, C, or D.",,Math-II,C,ai_assisted_review_pass_v1,
728,benqa_ext_12th-Math-II_0264,,"-i er modulas o argument-
A. 1 o 0
B. 1 o - \frac{\pi}{2}
C. 1 o \pi
D. 1 o \frac{\pi}{2}
Answer with only A, B, C, or D.",,Math-II,B,ai_assisted_review_pass_v1,
729,benqa_ext_12th-Math-II_0285,,"z = x + iy hole, |z| = 5 somikoronoti prokash kore-
A. sorolorekha
B. britt
C. porabritt
D. upobritt
Answer with only A, B, C, or D.",,Math-II,B,ai_assisted_review_pass_v1,
730,benqa_ext_12th-Math-II_0287,,"tan\theta + 1 = 0 er sadharon somadhan konoti?
A. (4n - 1) \frac{\pi}{4}; n \epsilon \mathbb{Z}
B. (4n + 1) \frac{\pi}{4}; n \epsilon \mathbb{Z}
C. (8n - 1) \frac{\pi}{4}; n \epsilon \mathbb{Z}
D. (8n + 1) \frac{\pi}{4}; n \epsilon \mathbb{Z}
Answer with only A, B, C, or D.",,Math-II,A,ai_assisted_review_pass_v1,
731,benqa_ext_12th-Math-II_0291,,"ekoti konar upor 3 ms^{-1}, 4ms^{-1} ebong 5 ms^{-1} beg tinoti kriya koray konati samyobosthay achhe. kshudrotor beg duitir modhyoborti kon kot?
A. 0\degree
B. 60\degree
C. 90\degree
D. 120\degree
Answer with only A, B, C, or D.",,Math-II,C,ai_assisted_review_pass_v1,
732,benqa_ext_12th-Math-II_0317,,"ekoi bindute kriyarot tinoti bol 5N, 7N o 8N bhinn bhinn rekha borabor kriya kore samyabosthay thake. 8N o 5N bolodboyer modhyoborti kon konoti?
A. 60\degree
B. 120\degree
C. cos^{-1} \left ( \frac{1}{7} \right )
D. cos^{-1} \left ( - \frac{1}{7} \right )
Answer with only A, B, C, or D.",,Math-II,B,ai_assisted_review_pass_v1,
733,benqa_ext_12th-Math-II_0321,,"5x^{2} - 7x - 3 = 0 somikoroner mul \alpha o \beta \alpha er man kot (jodi \alpha > \beta hoy)?
A. - \frac{1}{10} (7 + \sqrt{109})
B. \frac{1}{10} (- 7 + \sqrt{109})
C. \frac{1}{10} (7 - \sqrt{109})
D. \frac{1}{10} (7 + \sqrt{109})
Answer with only A, B, C, or D.",,Math-II,D,ai_assisted_review_pass_v1,
734,benqa_ext_12th-Math-II_0322,,"30 mitar lomba AB roder A prante 20kg ojon ebong B prante P kg ojon jhulano achhe. tader lobdhi C bindute kriyashil. AC er doirghy 20 mitar hole P er man kot?
A. 15kg
B. 20kg
C. 30kg
D. 40kg
Answer with only A, B, C, or D.",,Math-II,D,ai_assisted_review_pass_v1,
735,benqa_ext_12th-Math-II_0328,,"3P o 5P maner duiti bol porospor lombobhabe kriya kore. tader lobdhir man kot?
A. 3P
B. 2\sqrt{2}P
C. \sqrt{34}P
D. \sqrt{43}P
Answer with only A, B, C, or D.",,Math-II,C,ai_assisted_review_pass_v1,
736,benqa_ext_12th-Math-II_0347,,"f(x) = tanx ebong g(x) = sin^{-1}x. f(x) f(2x) = 1 hole x er man kot?
A. n\pi \pm \frac{\pi}{6}; n \epsilon \mathbb{Z}
B. n\pi \pm \frac{\pi}{3}; n \epsilon \mathbb{Z}
C. 2n\pi \pm \frac{\pi}{3}; n \epsilon \mathbb{Z}
D. 2n\pi \pm \frac{\pi}{6}; n \epsilon \mathbb{Z}
Answer with only A, B, C, or D.",,Math-II,A,ai_assisted_review_pass_v1,
737,benqa_ext_12th-Math-II_0354,,"\frac{y^{2}}{2} - \frac{x^{2}}{3} = 1 koniker utokendrikota nicher konoti?
A. \sqrt{\frac{5}{2}}
B. \sqrt{\frac{2}{3}}
C. \sqrt{\frac{5}{3}}
D. \sqrt{\frac{3}{2}}
Answer with only A, B, C, or D.",,Math-II,A,ai_assisted_review_pass_v1,
738,benqa_ext_12th-Math-II_0359,,"cos\theta = \frac{1}{\sqrt{2}}, hole \theta = kot?
A. 2n\pi + \frac{\pi}{4} ; n \epsilon \mathbb{Z}
B. 2n\pi \pm \frac{\pi}{4} ; n \epsilon \mathbb{Z}
C. 2n\pi - \frac{\pi}{4} ; n \epsilon \mathbb{Z}
D. n\pi \pm \frac{\pi}{4} ; n \epsilon \mathbb{Z}
Answer with only A, B, C, or D.",,Math-II,B,ai_assisted_review_pass_v1,
739,benqa_ext_12th-Math-II_0361,,"P o Q duiti bol. kshudrotom lobdhir kshetre bolodboyer modhyoborti kon kot?
A. 0\degree
B. 90\degree
C. 120\degree
D. 180\degree
Answer with only A, B, C, or D.",,Math-II,D,ai_assisted_review_pass_v1,
740,benqa_ext_12th-Math-II_0375,,"7x^{2} - 5x - 3 = 0 somikoroner mulodboy \alpha o \beta . \Sigma \alpha^{2} er man konoti?
A. \frac{67}{49}
B. \frac{11}{7}
C. \frac{-59}{49}
D. \frac{-17}{49}
Answer with only A, B, C, or D.",,Math-II,A,ai_assisted_review_pass_v1,
741,benqa_ext_10th-Physics_0016,,"nicher konoti ordh-poribahi?
A. kach
B. sona
C. rabar
D. jarmeniyam
Answer with only A, B, C, or D.",,Physics,B,ai_assisted_review_pass_v1,
742,benqa_ext_10th-Physics_0031,,"1 pikotar = kot sentimitar?
A. 10^{-8}
B. 10^{-16}
C. 10^{-12}
D. 10^{-10}
Answer with only A, B, C, or D.",,Physics,D,ai_assisted_review_pass_v1,
743,benqa_ext_10th-Physics_0033,,"beg ekoti- i. moulik rashi ii. bhektor rashi iii. matra = LT^{-1} nicher konoti sothik?
A. i o ii
B. i o iii
C. ii o iii
D. i, ii o iii
Answer with only A, B, C, or D.",,Physics,C,ai_assisted_review_pass_v1,
744,benqa_ext_10th-Physics_0034,,"nobayonojogy shoktir utos- i. joyarobhata ii. souroshokti iii. bayogyas nicher konoti sothik?
A. i o ii
B. i o iii
C. ii o iii
D. i, ii o iii
Answer with only A, B, C, or D.",,Physics,D,ai_assisted_review_pass_v1,
745,benqa_ext_10th-Physics_0035,,"sthitisthapok gunangker ekok konoti?
A. kgns^{-2}kgns^{-3}
B. kgms^{-1}
C. Nm^{-2}
D. Js^{-1]
Answer with only A, B, C, or D.",,Physics,C,ai_assisted_review_pass_v1,
746,benqa_ext_10th-Physics_0041,,"somudrer gobhirat nirnoye protifolit kon jontroti dwara dharon kora hoy?
A. jiofon
B. radar
C. teliskop
D. periskop
Answer with only A, B, C, or D.",,Physics,A,ai_assisted_review_pass_v1,
747,benqa_ext_10th-Physics_0070,,"korker ghonotb 0.25 \times 10^{3} kgm^{=-3} hole, panite bhasiye dile tar kot shotangsh panir niche thakobe?
A. 25%
B. 15%
C. 10%
D. 5%
Answer with only A, B, C, or D.",,Physics,A,ai_assisted_review_pass_v1,
748,benqa_ext_10th-Physics_0071,,"chaper ekok nicher konoti?
A. kgm^{-1}s^{-2}
B. kgm^{2}s^{-2}
C. kgms^{-2}
D. kgm^{2}s^{-3}
Answer with only A, B, C, or D.",,Physics,A,ai_assisted_review_pass_v1,
749,benqa_ext_10th-Physics_0073,,"Nm^{-2} konotir ekok? i. chap ii. piron ii. sthitisthapok gunangk nicher konoti sothik?
A. i o ii
B. i o iii
C. ii o iii
D. i, ii o iii
Answer with only A, B, C, or D.",,Physics,D,ai_assisted_review_pass_v1,
750,benqa_ext_10th-Physics_0080,,"riostet ki?
A. sarkit brekar
B. poriborti rodh
C. fiuj
D. dharok
Answer with only A, B, C, or D.",,Physics,B,ai_assisted_review_pass_v1,
751,benqa_ext_10th-Physics_0085,,"somoyer sathe charj probaher haroke ki bole?
A. bibhob
B. torit probah
C. rodh
D. poribahita
Answer with only A, B, C, or D.",,Physics,B,ai_assisted_review_pass_v1,
752,benqa_ext_10th-Physics_0091,,"bostur doirghy AB = 50 cm, bibordhon = 3. AB bostutir protibimber kshetre nicher konoti sothik?
A. bastob o ulto
B. bastob o khorbit
C. obastob o bibordhit
D. bastob o soja
Answer with only A, B, C, or D.",,Physics,C,ai_assisted_review_pass_v1,
753,benqa_ext_10th-Physics_0098,,"uttol dorpon kothay byobohrit hoy?
A. garite
B. radare
C. sour chullite
D. torch laite
Answer with only A, B, C, or D.",,Physics,A,ai_assisted_review_pass_v1,
754,benqa_ext_10th-Physics_0104,,"skru-gojer skruyer soronoke ki bole?
A. jantrik truti
B. loghishth gonon
C. bharniyar dhrubok
D. pich
Answer with only A, B, C, or D.",,Physics,D,ai_assisted_review_pass_v1,
755,benqa_ext_10th-Physics_0111,,"nicher konotir sathe obotol dorponer osompriktota achhe?
A. bhiu miror
B. dant porikshay
C. torch laite
D. teliskope
Answer with only A, B, C, or D.",,Physics,A,ai_assisted_review_pass_v1,
756,benqa_ext_10th-Physics_0118,,"sompurn ghor alokit hooyar karon- I. niyomit protifolon II. purn obhyontorin protifolon III. byopt protifolon nicher konoti sothik?
A. i
B. ii
C. iii
D. i, ii o iii
Answer with only A, B, C, or D.",,Physics,C,ai_assisted_review_pass_v1,
757,benqa_ext_10th-Physics_0119,,"konotir sthitisthapokota sobocheye kom ?
A. har
B. kath
C. kach
D. aluminiyam
Answer with only A, B, C, or D.",,Physics,A,ai_assisted_review_pass_v1,
758,benqa_ext_10th-Physics_0120,,"bataser probah diye toiri badyojontr konoti ?
A. behala
B. haromoniyam
C. setar
D. dhol
Answer with only A, B, C, or D.",,Physics,B,ai_assisted_review_pass_v1,
759,benqa_ext_10th-Physics_0137,,"nicher konoti bhektor rashi?
A. soron
B. durotto
C. somoy
D. druti
Answer with only A, B, C, or D.",,Physics,A,ai_assisted_review_pass_v1,
760,benqa_ext_10th-Physics_0140,,"ekoti skrugojer brittakar skeler bhagosongkhya a, nyunangk b ebong skrur pich c hole nicher konoti sothik?
A. abc = 1
B. c = ab
C. a = bc
D. b = ac
Answer with only A, B, C, or D.",,Physics,B,ai_assisted_review_pass_v1,
761,benqa_ext_10th-Physics_0141,,"ekoti bostu sorol pothe 10 m ogrosor hoye sekhan theke ekoi pothe 4 m fire elo. durotto o soroner parthoky kot?
A. 4m
B. 6m
C. 8m
D. 14m
Answer with only A, B, C, or D.",,Physics,C,ai_assisted_review_pass_v1,
762,benqa_ext_10th-Physics_0143,,"jodi beger poriborton na hoy (u = v), tahole otikrant durotter somikoron- i.s = ut + \frac{1}{2} at^{2} ii. S = \left ( \frac{u + v}{2} \right ) t iii. s = vt nicher konoti sothik?
A. i and ii
B. i and iii
C. ii and iii
D. i, ii and iii
Answer with only A, B, C, or D.",,Physics,B,ai_assisted_review_pass_v1,
763,benqa_ext_10th-Physics_0146,,"40 se.mi. byaser ekoti fanpa kacher golokoke kete bairer prishthe rupar prolep lagiye goliy ayona toiri kore er protifolok prishther kendrobindu theke 15 se.mi. dure bostu rakha holo. goliy ayonar fokas durotto kot?
A. 40 se.mi.
B. 20 se.mi.
C. 15 se.mi.
D. 10 se.mi.
Answer with only A, B, C, or D.",,Physics,D,ai_assisted_review_pass_v1,
764,benqa_ext_10th-Physics_0151,,"nicher konotir poribahokotb beshi?
A. batas
B. hira
C. grafait
D. sona
Answer with only A, B, C, or D.",,Physics,D,ai_assisted_review_pass_v1,
765,benqa_ext_10th-Physics_0154,,"tharmokapole duti bhinn dhatob podarther songjogosthole tap prodan kore sorasori kon shokti utopadon kora jay?
A. jantrik shokti
B. alok shokti
C. bidyut shokti
D. bhutapiy shokti
Answer with only A, B, C, or D.",,Physics,C,ai_assisted_review_pass_v1,
766,benqa_ext_10th-Physics_0156,,"kon alote chokher songbedonoshilota sobocheye beshi?
A. nil
B. beguni
C. sobuj
D. lal
Answer with only A, B, C, or D.",,Physics,C,ai_assisted_review_pass_v1,
767,benqa_ext_10th-Physics_0164,,"tapomatra o poribahir upadan dhrub thakole torit probahomatra, bibhob parthokyer-
A. somanupatik
B. byastanupatik
C. borger somanupatik
D. borger byastanupatik
Answer with only A, B, C, or D.",,Physics,A,ai_assisted_review_pass_v1,
768,benqa_ext_10th-Physics_0167,,"ek tukora kache shotokora kot bhag alor protifolon hoy?
A. 4 bhag 5 bhag
B. 40 theke 50 bhag
C. 80 theke 90 bhag
D. 95 theke 96 bhag
Answer with only A, B, C, or D.",,Physics,A,ai_assisted_review_pass_v1,
769,benqa_ext_10th-Physics_0170,,"slaid kyaliparser sahajye ekoti donder doirghy nirnoyer kshetre, prodhan skel path M, bharniyar dhrubok VC ebong bharniyar somopaton V hole, donder doirghy (L) nirnoyer sutr nicher konoti?
A. L = M - V \times CV
B. L = M + V \times VC
C. L = M - V + VC
D. L = M + V + VC
Answer with only A, B, C, or D.",,Physics,B,ai_assisted_review_pass_v1,
770,benqa_ext_10th-Physics_0173,,"poribahokotber ekok konoti?
A. \Omega m^{-1}
B. \Omega^{-1}
C. \Omega m
D. (\Omega m)^{-1}
Answer with only A, B, C, or D.",,Physics,D,ai_assisted_review_pass_v1,
771,benqa_ext_10th-Physics_0174,,"nicher konoti drishyoman alor torongg doirghy?
A. 300\eta m-700\eta m
B. 400\mu m-700\eta m
C. 300\mu m-700\mu m
D. 700\mu m-400\mu m
Answer with only A, B, C, or D.",,Physics,B,ai_assisted_review_pass_v1,
772,benqa_ext_10th-Physics_0180,,"apekshik truti- i. ek dhoroner onupat ii. sotyikarer trutir porimap iii. sadharon skeler tulonay bharniyar skele kom hoy nicher konoti sothik?
A. i and ii
B. i and iii
C. ii and iii
D. i, ii and iii
Answer with only A, B, C, or D.",,Physics,B,ai_assisted_review_pass_v1,
773,benqa_ext_10th-Physics_0182,,"ekoti 4 m byasardher brittakar pothe A bindu theke ekoti bostu jatra shuru kore abar A bindute pounchhal. e somoy bostutir upor 100 N bol proyog kora hoy. bostutir upor kritokaj kot?
A. 2513J
B. 800J
C. 400J
D. OJ
Answer with only A, B, C, or D.",,Physics,D,ai_assisted_review_pass_v1,
774,benqa_ext_10th-Physics_0189,,"bibordhoner man 1 paoya jay- i. somotol dorpone ii. obotol dorpone iii. uttol dorpone nicher konoti sothik?
A. i and ii
B. ii and iii
C. i and iii
D. i, ii and iii
Answer with only A, B, C, or D.",,Physics,A,ai_assisted_review_pass_v1,
775,benqa_ext_10th-Physics_0190,,"sobocheye chhot torongg doirghyer alo konoti?
A. gama re
B. eks-re
C. inofrared
D. redio oyebh
Answer with only A, B, C, or D.",,Physics,A,ai_assisted_review_pass_v1,
776,benqa_ext_10th-Physics_0194,,"nicher konoti ordh-poribahi?
A. kach
B. silikon
C. naikrom
D. hira
Answer with only A, B, C, or D.",,Physics,B,ai_assisted_review_pass_v1,
777,benqa_ext_10th-Physics_0195,,"uddipoker dorponer samone 10 cm dure ekoti bostu rakhole protibimb kothay dekha jabe?
A. bokrotar kendre
B. fokase
C. meru o fokaser majhe
D. bokrotar kendr o fokaser majhe
Answer with only A, B, C, or D.",,Physics,A,ai_assisted_review_pass_v1,
778,benqa_ext_10th-Physics_0199,,"sthir obosthan theke bina badhay poront bostu nirdisht somoye je durotto otikrom kore ta oi somoyer-
A. somanupatik
B. byostanupatik
C. borger byastanupatik
D. borger somanupatik
Answer with only A, B, C, or D.",,Physics,D,ai_assisted_review_pass_v1,
779,benqa_ext_10th-Physics_0204,,"gachh theke am nicher dike porote thakole- i. gotishokti briddhi pay ii. bibhob shokti hras pay iii. mot shokti oporibortit thake nicher konoti sothik?
A. i o ii
B. i o iii
C. ii o iii
D. i, ii o iii
Answer with only A, B, C, or D.",,Physics,D,ai_assisted_review_pass_v1,
780,benqa_ext_10th-Physics_0206,,"kon shoktigulo nobayonojogy shokti?
A. koyola, bhu-tap o somudr torongg
B. prakritik gyas, joyar bhata o bayu probah
C. joloprobah, somudr tap o suryer alo
D. suryer tap, haidrojen fuyel o iureniyam
Answer with only A, B, C, or D.",,Physics,C,ai_assisted_review_pass_v1,
781,benqa_ext_10th-Physics_0208,,"ekoti bostur kshetrofol barale- i. chap kome ii. bol bare iii. ghonotb bare nicher konoti sothik?
A. i o ii
B. i o iii
C. ii o iii
D. i, ii o iii
Answer with only A, B, C, or D.",,Physics,A,ai_assisted_review_pass_v1,
782,benqa_ext_10th-Physics_0212,,"uttol dorpon kothay byobohar hoy? i. bastob ii. soja iii. soman doirghyer nicher konoti sothik?
A. i o ii
B. i o iii
C. ii o iii
D. i, ii o iii
Answer with only A, B, C, or D.",,Physics,C,ai_assisted_review_pass_v1,
783,benqa_ext_10th-Physics_0218,,"somotol dorpone kon dhoroner protibimb gothit hoy?
A. bastob o ulto
B. bastob o soja
C. obastob o soja
D. obastob o ulto
Answer with only A, B, C, or D.",,Physics,C,ai_assisted_review_pass_v1,
784,benqa_ext_10th-Physics_0221,,"ekoti bostuke g bege khara uporer dike nikshep kora hole, uha kot upore uthobe?
A. 1m
B. 4.9
C. 9.8 m
D. 96.04 m
Answer with only A, B, C, or D.",,Physics,B,ai_assisted_review_pass_v1,
785,benqa_ext_10th-Physics_0223,,"rediyamer abishkarok ke?
A. rontojen
B. myaks plyangk
C. piyare kuri
D. al haiyam
Answer with only A, B, C, or D.",,Physics,C,ai_assisted_review_pass_v1,
786,benqa_ext_10th-Physics_0227,,"obotol dorpone fokas tol o prodhan oksher modhyoborti koner man kot?
A. 90\degree
B. 180\degree
C. 270\degree
D. 360\degree
Answer with only A, B, C, or D.",,Physics,A,ai_assisted_review_pass_v1,
787,benqa_ext_10th-Physics_0228,,"ke koyantam totto prodan koren?
A. niuton
B. ainostain
C. sotyendronath bosu
D. myaks plyangk
Answer with only A, B, C, or D.",,Physics,D,ai_assisted_review_pass_v1,
788,benqa_ext_10th-Physics_0230,,"obotol dorpone dwigun fokas durotter baire lokshyobostu sthapon kora hole bimber prokriti kemon hobe?
A. bastob o ulto
B. bastob o soja
C. obastob o ulta
D. obastob o soja
Answer with only A, B, C, or D.",,Physics,A,ai_assisted_review_pass_v1,
789,benqa_ext_10th-Physics_0231,,"rastar bank dekhar jony somotol dorpon kot digri kone sthapon korote hoy?
A. 30\degree
B. 45\degree
C. 60\degree
D. 90\degree
Answer with only A, B, C, or D.",,Physics,B,ai_assisted_review_pass_v1,
790,benqa_ext_10th-Physics_0235,,"bijnanira bujhote paren poromanugulo- i. asole obinoshbor noy ii. bhengge tejoskriy bikiron hote pare iii. tader shokti bikiron kore niukliyaser bhitor pore jabe nicher konoti sothik?
A. i and ii
B. i and iii
C. ii and iii
D. i, ii and iii
Answer with only A, B, C, or D.",,Physics,A,ai_assisted_review_pass_v1,
791,benqa_ext_10th-Physics_0237,,"kon somporkoti soty?
A. V = QW
B. W = \frac{V}{Q}
C. Q = WV
D. W = VQ
Answer with only A, B, C, or D.",,Physics,D,ai_assisted_review_pass_v1,
792,benqa_ext_10th-Physics_0242,,"nobayonojogy shokti hochchhe- i. bayu shokti ii. bayo fuyel iii. koyola nicher konoti sothik?
A. i and ii
B. i and iii
C. ii and iii
D. i, ii and iii
Answer with only A, B, C, or D.",,Physics,A,ai_assisted_review_pass_v1,
793,benqa_ext_10th-Physics_0246,,"poribahike tene dwigun kora hole rodh kot gun hobe ?
A. 0.5
B. 2
C. 4
D. 6
Answer with only A, B, C, or D.",,Physics,B,ai_assisted_review_pass_v1,
794,benqa_ext_10th-Physics_0247,,"obotol ayona byobohrit hoy- i. daktari kaje ii. teliskope iii. doinondin jibone nicher konoti sothik?
A. i o ii
B. i o iii
C. ii o iii
D. i, ii o iii
Answer with only A, B, C, or D.",,Physics,A,ai_assisted_review_pass_v1,
795,benqa_ext_10th-Physics_0249,,"nicher konoti nyano sekend?
A. 10^{-6} sec
B. 10^{-9} sec
C. 10^{6} sec
D. 10^{9} sec
Answer with only A, B, C, or D.",,Physics,B,ai_assisted_review_pass_v1,
796,benqa_ext_10th-Physics_0251,,"prokritite bidyoman moulik bol koyoti?
A. 2 ti
B. 3 ti
C. 4 ti
D. 5 ti
Answer with only A, B, C, or D.",,Physics,C,ai_assisted_review_pass_v1,
797,benqa_ext_10th-Physics_0255,,"shokti sobocheye sadharon rup konoti?
A. tap shokti
B. jantrik shokti
C. alok shokti
D. bidyut shokti
Answer with only A, B, C, or D.",,Physics,B,ai_assisted_review_pass_v1,
798,benqa_ext_10th-Physics_0270,,"kshomotar matra konoti?
A. MLT^{-2}
B. ML^{2}T^{-2}
C. ML^{-1}T^{-3}
D. ML^{2}T^{-3}
Answer with only A, B, C, or D.",,Physics,D,ai_assisted_review_pass_v1,
799,benqa_ext_10th-Physics_0271,,"rodh prosthochchheder kshetrofoler sathe kibhabe somporkojukt?
A. byastanupate
B. somanupate
C. borger byostanupate
D. borgomuler byostanupate
Answer with only A, B, C, or D.",,Physics,A,ai_assisted_review_pass_v1,
800,benqa_ext_10th-Physics_0274,,"sorasori hritopinder bhitor diye kot matrar bidyut probahit hole manush mara jete pare?
A. 5 mA
B. 10 mA
C. 68 mA
D. 20 mA
Answer with only A, B, C, or D.",,Physics,C,ai_assisted_review_pass_v1,
801,benqa_ext_10th-Physics_0275,,"nikshipt bostur kshetre nicher kon sutr byobohar kora hoy?
A. v^{2}-v^{2}-2gh
B. v = u + gt
C. v^{2} = v^{2}-2gh
D. h-vt+\frac{1}{2}gt^{2}
Answer with only A, B, C, or D.",,Physics,C,ai_assisted_review_pass_v1,
802,benqa_ext_10th-Physics_0276,,"40 m unchu dalaner chhad theke kono bostu chhere dile eti kot bege bhu-prishthoke aghat korobe?
A. 784ms^{-1}
B. 28ms^{-1}
C. 19.79ms^{-1}
D. 14 ms^{-1}
Answer with only A, B, C, or D.",,Physics,B,ai_assisted_review_pass_v1,
803,benqa_ext_10th-Physics_0282,,"2\Omega rodher tinoti rodh porospor somantorale songjukt korole tuly rodher man kot ohom hobe?
A. 6
B. 4
C. 0.55
D. 0.67
Answer with only A, B, C, or D.",,Physics,D,ai_assisted_review_pass_v1,
804,benqa_ext_10th-Physics_0297,,"ekoti bostuke 19.6 ms^{-1} bege khara uporer dike nikshep korole bostuti sorbochch kot uchchotay uthobe?
A. 2 m
B. 4.9 m
C. 9,8 m
D. 19.6 m
Answer with only A, B, C, or D.",,Physics,D,ai_assisted_review_pass_v1,
805,benqa_ext_10th-Physics_0302,,"1 tera = kot?
A. 10^{15}
B. 10^{12}
C. 10^{-12}
D. 10^{-15}
Answer with only A, B, C, or D.",,Physics,B,ai_assisted_review_pass_v1,
806,benqa_ext_10th-Physics_0304,,"ekoti donder doirghy (12 \pm 0.05) cm. doirghy porimaper apekshik truti kot?
A. 12.05
B. 11.95
C. 0.42
D. 0.0042
Answer with only A, B, C, or D.",,Physics,C,ai_assisted_review_pass_v1,
807,benqa_ext_12th-Physics-I_0010,,"ekoti bonduker gulir bhor o beg jodi dwigun kora hoy tahole gotishokti kot gun hobe?
A. 2 gun
B. 4 gun
C. 8 gun
D. 16 gun
Answer with only A, B, C, or D.",,Physics-I,C,ai_assisted_review_pass_v1,
808,benqa_ext_12th-Physics-I_0014,,"bikriti bonam piron lekhochitrer dhal ki nirdesh kore?
A. sthitisthapok gunangk
B. poyosoner onupat
C. mot kritokaj
D. ekok ayotone bibhoboshokti
Answer with only A, B, C, or D.",,Physics-I,A,ai_assisted_review_pass_v1,
809,benqa_ext_12th-Physics-I_0021,,"\frac{1}{2}\hat{i}+\frac{1}{2}\hat{j}+m\hat{k} ekoti ekok bhektor hole m er man kot?
A. \frac{1}{\sqrt{2}}
B. \frac{1}{2}
C. \frac{1}{4}
D. 1
Answer with only A, B, C, or D.",,Physics-I,A,ai_assisted_review_pass_v1,
810,benqa_ext_12th-Physics-I_0028,,"kono bostur gotishokti 300% briddhi korole er bhorobeg briddhi pabe-
A. 100%
B. 200%
C. 300%
D. 400%
Answer with only A, B, C, or D.",,Physics-I,A,ai_assisted_review_pass_v1,
811,benqa_ext_12th-Physics-I_0030,,"obhikorshoj tworon g er poribortoner karon- i. ahnik goti ii. prithibir akar iii. ichchota o gobhirota nicher konoti sothik?
A. i o ii
B. ii o iii
C. i o iii
D. i, ii o iii
Answer with only A, B, C, or D.",,Physics-I,D,ai_assisted_review_pass_v1,
812,benqa_ext_12th-Physics-I_0031,,"sury hote prithibir durotto kome gele bochhore dine songkhya-
A. komobe
B. barobe
C. ekoi thakobe
D. osim hobe
Answer with only A, B, C, or D.",,Physics-I,A,ai_assisted_review_pass_v1,
813,benqa_ext_12th-Physics-I_0034,,"kono bostur ayoton gunangk (K) ebong songnomyotar (C) modhye sompork konoti?
A. C=\frac{1}{K}
B. C=\frac{3}{2}KT
C. C=\sqrt{\frac{3KT}{m}}
D. \frac{C}{K}=1
Answer with only A, B, C, or D.",,Physics-I,A,ai_assisted_review_pass_v1,
814,benqa_ext_12th-Physics-I_0037,,"ekojon lok 40 kg bhorer ekoti bojha mathay niye 2 minit danriye thakole tar kajer poriman kot?
A. 0 J
B. 80 J
C. 392 J
D. 4800 J
Answer with only A, B, C, or D.",,Physics-I,A,ai_assisted_review_pass_v1,
815,benqa_ext_12th-Physics-I_0039,,"ekoti groher bhor o byasardh jothakrome prithibir bhor o byasardher ordhek hole oi groher prishthe g-er man prithibi prishther g-er maner-
A. soman
B. ordhek
C. dwigun
D. charogun
Answer with only A, B, C, or D.",,Physics-I,C,ai_assisted_review_pass_v1,
816,benqa_ext_12th-Physics-I_0047,,"kono gyaser onugulor mul gor borgobeg porom tapomatrar-
A. somanupatik
B. byostanupatik
C. borgomuler somanupatik
D. borgomuler byostanupatik
Answer with only A, B, C, or D.",,Physics-I,C,ai_assisted_review_pass_v1,
817,benqa_ext_12th-Physics-I_0052,,"iuroniyam, thoriyam esob moulik podarther tejoskriy bhanggon ghote kon boler karone?
A. mohakorsh bol
B. torit choumbok bol
C. durbol niukliy bol
D. sobol niukliy bol
Answer with only A, B, C, or D.",,Physics-I,C,ai_assisted_review_pass_v1,
818,benqa_ext_12th-Physics-I_0057,,"sorolochhondit konar soron punorabritti hoy kokhon?
A. \frac{2\pi}{\omega } somoy por
B. \frac{\pi}{\omega } somoy por
C. \frac{\omega}{2\pi} somoy por
D. \frac{\omega}{\pi} somoy por
Answer with only A, B, C, or D.",,Physics-I,A,ai_assisted_review_pass_v1,
819,benqa_ext_12th-Physics-I_0062,,"ekoti balotite kichhu poriman pani niye r byasardher brittopothe ullomb tole ghurano hochchhe, ghurnoner kounik goti kot hole balotir pani baire ber hobe na?
A. \sqrt{r/g}
B. \sqrt{g/r}
C. \sqrt{rg}
D. rg
Answer with only A, B, C, or D.",,Physics-I,B,ai_assisted_review_pass_v1,
820,benqa_ext_12th-Physics-I_0069,,"PV' rashiti gyaser kshetre nirdesh kore-
A. shokti
B. kshomota
C. bhorobeg
D. jorota
Answer with only A, B, C, or D.",,Physics-I,A,ai_assisted_review_pass_v1,
821,benqa_ext_12th-Physics-I_0086,,"oksijen (O_{2}) gyaser proti onur gor gotishokti kot?
A. \frac{3}{2}RT
B. \frac{3}{2}KT
C. \frac{5}{2}RT
D. \frac{5}{2}KT
Answer with only A, B, C, or D.",,Physics-I,D,ai_assisted_review_pass_v1,
822,benqa_ext_12th-Physics-I_0088,,"kalik poryayokromer udahoron konoti?
A. skeler upor dag
B. sharter dorakata dag
C. tarer tarer goti
D. kothin podarther kelaser modhye onu
Answer with only A, B, C, or D.",,Physics-I,C,ai_assisted_review_pass_v1,
823,benqa_ext_12th-Physics-I_0096,,"\vec{P} o \vec{Q} duti somomaner bhektor porospor biporit dike kriya korochhe. bhektor dutir lobdhi \vec{R} o \vec{P} er modhyoborti kon konoti?
A. 90\degree
B. 60\degree
C. 45\degree
D. 0\degree
Answer with only A, B, C, or D.",,Physics-I,D,ai_assisted_review_pass_v1,
824,benqa_ext_12th-Physics-I_0097,,"torker ekok konoti?
A. N^{-1}m
B. Nm^{-2}
C. Nm
D. Nm^{-1}
Answer with only A, B, C, or D.",,Physics-I,C,ai_assisted_review_pass_v1,
825,benqa_ext_12th-Physics-I_0103,,"konoti skelar rashi?
A. gradiyent
B. bhaibharojens
C. karl
D. soron
Answer with only A, B, C, or D.",,Physics-I,B,ai_assisted_review_pass_v1,
826,benqa_ext_12th-Physics-I_0110,,"N.T.P. te haidrojener ghonotb 0.09 kgm^{-3} onugulor mulogor borgobeg nirnoy koro.
A. 1.84 kms^{-1}
B. 2.84 kms^{-1}
C. 3.38 kms^{-1}
D. 4.00 kms^{-1}
Answer with only A, B, C, or D.",,Physics-I,A,ai_assisted_review_pass_v1,
827,benqa_ext_12th-Physics-I_0112,,"\hat{J}\times (\hat{j}\times \vec{k}) = kot?
A. -\hat{k}
B. 0
C. \hat{k}
D. \hat{i}
Answer with only A, B, C, or D.",,Physics-I,A,ai_assisted_review_pass_v1,
828,benqa_ext_12th-Physics-I_0116,,"somojatiy osomomaner ebong biporitomukhi bhektoroke ki bole?
A. biporit bhektor
B. biprotip bhektor
C. bisodrish bhektor
D. sodrish bhektor
Answer with only A, B, C, or D.",,Physics-I,C,ai_assisted_review_pass_v1,
829,benqa_ext_12th-Physics-I_0118,,"brittakar pothe ghurnonorot kono bostur upor kendromukhi bol dwara kritokaj holo-
A. rinatmok
B. shuny
C. dhonatmok
D. osim
Answer with only A, B, C, or D.",,Physics-I,B,ai_assisted_review_pass_v1,
830,benqa_ext_12th-Physics-I_0130,,"poryayokal dwigun korole sorolodoloker doirghy kotogun briddhi korote hobe?
A. 4
B. 2
C. \frac{1}{2}
D. \frac{1}{4}
Answer with only A, B, C, or D.",,Physics-I,A,ai_assisted_review_pass_v1,
831,benqa_ext_12th-Physics-I_0131,,"sorolodolon gotisomponn kono konar tworon kot hobe?
A. a=\omega x^{2}
B. a=-\omega^{2} x
C. a=-\omega x
D. a=\omega^{2} x
Answer with only A, B, C, or D.",,Physics-I,B,ai_assisted_review_pass_v1,
832,benqa_ext_12th-Physics-I_0132,,"sorolodoloker gotir kshetre \frac{1}{2}kA^{2} nirdesh kore- i. sorbochch sthitishokti ii. sorbochch gotishokti iii. mot shokti nicher konoti sothik?
A. i o ii
B. i o iii
C. ii o iii
D. i, ii o iii
Answer with only A, B, C, or D.",,Physics-I,D,ai_assisted_review_pass_v1,
833,benqa_ext_12th-Physics-I_0135,,"apekshik ardrota prokash kora hoy- i. R = \frac{F}{f} ii. R = \frac{f}{F} iii. R = \frac{f}{F}\times 100% nicher konoti sothik?
A. i o ii
B. i o iii
C. ii o iii
D. i, ii o iii
Answer with only A, B, C, or D.",,Physics-I,C,ai_assisted_review_pass_v1,
834,benqa_ext_12th-Physics-I_0138,,"\hat{i} ebong \hat{j} je tole obosthit sei toler upor lomb, ekok bhektor holo-
A. (\hat{j}\times \hat{k})
B. (\hat{i}\times \hat{j})
C. (k\times i)
D. (i\times k)
Answer with only A, B, C, or D.",,Physics-I,B,ai_assisted_review_pass_v1,
835,benqa_ext_12th-Physics-I_0150,,"ayoton sthir rekhe gyaser tapomatra briddhi kora hole-
A. chap hras pabe
B. briddhi pabe
C. chap dhrub thakobe
D. konotii noy
Answer with only A, B, C, or D.",,Physics-I,B,ai_assisted_review_pass_v1,
836,benqa_ext_12th-Physics-I_0152,,"|\vec{A} + \vec{B}| = |\vec{A} - \vec{B}| hole \vec{A} o \vec{B} er modhyoborti kon hobe-
A. 0\degree
B. 30\degree
C. 90\degree
D. 180\degree
Answer with only A, B, C, or D.",,Physics-I,C,ai_assisted_review_pass_v1,
837,benqa_ext_12th-Physics-I_0159,,"dosha bolote bujhay-
A. beg
B. tworon
C. obosthan
D. sobogulo
Answer with only A, B, C, or D.",,Physics-I,D,ai_assisted_review_pass_v1,
838,benqa_ext_12th-Physics-I_0161,,"i = 0 somoye sorolodolon gotisomponn kono bostur doshake bola hoy-
A. kounik dosha
B. roikhik dosha
C. dosha
D. tatokshonik dosha
Answer with only A, B, C, or D.",,Physics-I,C,ai_assisted_review_pass_v1,
839,benqa_ext_12th-Physics-I_0163,,"0.01 kg bhorer ekoti bostukona sorolorekha borabor sorol dolon goti orjon kore. er dolonokal 2 sec bistar 0.1 m ebong soron 0.02m. uddipoke ullikhit soronokale gotishokti bibhoboshoktir kotogun?
A. 0.42
B. 2.4
C. 4.2
D. 24
Answer with only A, B, C, or D.",,Physics-I,D,ai_assisted_review_pass_v1,
840,benqa_ext_12th-Physics-I_0166,,"30^{\circ}C tapomatray ekoti gyasoke sthir chape uttopt kora hole ayoton tinogun hoy. gyasotir churant tapomatra kot hobe?
A. + 909\degree C
B. + 636\degree C
C. + 276\degree C
D. - 170\degree C
Answer with only A, B, C, or D.",,Physics-I,B,ai_assisted_review_pass_v1,
841,benqa_ext_12th-Physics-I_0173,,"#ERROR!
A. mul bhektor duti osoman o biporitomukhi
B. mul bhektor duti osoman o somomukhi
C. mul bhektor duti soman o somomukhi
D. mul bhektor duti soman o biporitomukhi
Answer with only A, B, C, or D.",,Physics-I,D,ai_assisted_review_pass_v1,
842,benqa_ext_12th-Physics-I_0182,,"6 sbadhinota matra somponn kono onur mot shokti hobe-
A. \frac{1}{2} KT
B. KT
C. 3 KT
D. 6 KT
Answer with only A, B, C, or D.",,Physics-I,C,ai_assisted_review_pass_v1,
843,benqa_ext_12th-Physics-I_0189,,"torker ekok- i. Nm ii. dync-cm iii. ft-poundal nicher konoti sothik?
A. i o ii
B. i o iii
C. ii o iii
D. i, ii o iii
Answer with only A, B, C, or D.",,Physics-I,D,ai_assisted_review_pass_v1,
844,benqa_ext_12th-Physics-I_0195,,"sferoomitarer loghishth dhruboker man 0.01 mm hole, nicher kon bedhoti nirbhulobhabe mapa jabe?
A. 0.005 mm
B. 0.001 mm
C. 0.02 mm
D. 0.002 mm
Answer with only A, B, C, or D.",,Physics-I,C,ai_assisted_review_pass_v1,
845,benqa_ext_12th-Physics-I_0204,,"ekoti chaakar bhor ebong byasardh jothakrome 2.5 kg ebong 2 m; chakatite 10 rads^{-2} kounik tworon srishti korote proyojoniy tork-
A. 10 Nm
B. 25 Nm
C. 50 Nm
D. 100 Nm
Answer with only A, B, C, or D.",,Physics-I,D,ai_assisted_review_pass_v1,
846,benqa_ext_12th-Physics-I_0223,,"kono bostur upor bahyik torker lobdhi shuny hole- i. sthir bostu sthir thake ii. ghurnayoman bostu theme jabe iii. ghurnayoman bostu somokounik bege ghurote thakobe nicher konoti sothik
A. i
B. ii
C. i o ii
D. i o iii
Answer with only A, B, C, or D.",,Physics-I,D,ai_assisted_review_pass_v1,
847,benqa_ext_12th-Physics-I_0225,,"ekoti sekend doloker doirghy 1% briddhi korole ukt dolokoti dine kot sekend somoy harabe?
A. 129.8 s
B. 258.5 s
C. 327.5 s
D. 429.8 s
Answer with only A, B, C, or D.",,Physics-I,D,ai_assisted_review_pass_v1,
848,benqa_ext_12th-Physics-I_0227,,"mul gor borgobeg c ebong chap P er modhye sompork hol-
A. c=\sqrt{\frac{3P}{\rho}}
B. c=\sqrt{\frac{3\rho}{P}}
C. c=\sqrt{\frac{P}{3\rho}}
D. c=\sqrt{\frac{\rho}{3P}}
Answer with only A, B, C, or D.",,Physics-I,A,ai_assisted_review_pass_v1,
849,benqa_ext_12th-Physics-I_0229,,"\hat{i}, \hat{j}, \hat{k} tinoti ekok bhektor nirdesh kore. \hat{i}.(\hat{k}\times \hat{j}) = kot?
A. 1
B. -1
C. 0
D. \hat{k}
Answer with only A, B, C, or D.",,Physics-I,B,ai_assisted_review_pass_v1,
850,benqa_ext_12th-Physics-I_0238,,"ekoti sorolodooloker karyokor doirghy ordhek kore prithibir kendre niye gele er dolonokal-
A. shuny hobe
B. \frac{1}{\sqrt{2}} hobe
C. oporibortit thakobe
D. osim hobe
Answer with only A, B, C, or D.",,Physics-I,D,ai_assisted_review_pass_v1,
851,benqa_ext_12th-Physics-I_0245,,"ghurnonorot bostur kshetre, projukt bol o obosthan bhektorer modhyoborti kon \theta hole- i. \theta = 180^{\circ} hole ghurnonobol sorbochch hobe ii. \theta = 0^{\circ} hole ghurnobol sorbonimn hobe iii. \theta = 90^{\circ} hole ghurnonobol sorbochch hobe nicher konoti sothik?
A. i o ii
B. i o iii
C. ii o iii
D. i, ii o iii
Answer with only A, B, C, or D.",,Physics-I,C,ai_assisted_review_pass_v1,
852,benqa_ext_12th-Physics-I_0247,,"sorbochch kajer jony projukt bol o soroner modhyoborti kon-
A. 0^{\circ}
B. 30^{\circ}
C. 60^{\circ}
D. 90^{\circ}
Answer with only A, B, C, or D.",,Physics-I,A,ai_assisted_review_pass_v1,
853,benqa_ext_12th-Physics-I_0251,,"bostuke jebhabei rakha hok na ken tar ojon je bishesh bindur modhy diye prithibir kendrer dike kriya kore take ki bole?
A. obhikorsh kendr
B. obhikorsh tworon
C. mohakorsh bol
D. mohakorsh kshetr praboly
Answer with only A, B, C, or D.",,Physics-I,A,ai_assisted_review_pass_v1,
854,benqa_ext_12th-Physics-I_0259,,"ekoti bostu nirdisht dike je durotto otikrom kore take ki bole?
A. obosthan bhektor
B. soron bhektor
C. ekok bhektor
D. nal bhektor
Answer with only A, B, C, or D.",,Physics-I,B,ai_assisted_review_pass_v1,
855,benqa_ext_12th-Physics-I_0274,,"ekoti konar upor \vec{F}=(2\hat{i}+3\hat{j}-\hat{k})N bol proyog koray konatir \vec{r}=(\hat{i}+\hat{j}+\hat{k})m soron ghote. \vec{F} o \vec{r} er modhyoborti kon kot?
A. 48.19^{\circ}
B. 51.88^{\circ}
C. 81.84^{\circ}
D. 84.53^{\circ}
Answer with only A, B, C, or D.",,Physics-I,B,ai_assisted_review_pass_v1,
856,benqa_ext_12th-Physics-I_0278,,"200 gm bhorer ekoti bostu 10 m upor theke porole bhumi sporsh korar purb muhurte er gotishokti kot?
A. 19.6 J
B. 39.2 J
C. 78.4 J
D. 98 J
Answer with only A, B, C, or D.",,Physics-I,A,ai_assisted_review_pass_v1,
857,benqa_ext_12th-Physics-I_0282,,"ekoti silindare 27^{\circ}C tapomatray hiliyam gyas achhe. gyaser duti onur beg jothakrome 9 ms^{-1} o 10 ms^{-1}. hiliyam onur gor gotishokti kot?
A. 6232.5 J
B. 3739.5 J
C. 6.21\times 10^{-21}J
D. 10.35\times 10^{-21}J
Answer with only A, B, C, or D.",,Physics-I,C,ai_assisted_review_pass_v1,
858,benqa_ext_12th-Physics-I_0285,,"PV = dhrubok, somikoronoti nicher kon prokriyake somorthon kore?
A. somonch
B. som ayoton
C. som chap
D. ruddhotapiy
Answer with only A, B, C, or D.",,Physics-I,A,ai_assisted_review_pass_v1,
859,benqa_ext_12th-Physics-I_0286,,"8\frac{d^{2}x}{dt^{2}}+200x = 0 somikoron dwara bornit sorolochhondit gotir kounik kompangk kot?
A. 5 rads^{-1}
B. 8 rads^{-1}
C. 25 rads^{-1}
D. 200 rads^{-1}
Answer with only A, B, C, or D.",,Physics-I,A,ai_assisted_review_pass_v1,
860,benqa_ext_12th-Physics-I_0287,,"nicher kon shorter jony kritokaj dhonatmok bole bibechit hobe? (bol o soroner modhyoborti kon)
A. 0\degree < \theta < 90\degree
B. 0\degree \leq < 90\degree
C. 90\degree < \theta \leq 180\degree
D. 90\degree \leq \theta \leq 180\degree
Answer with only A, B, C, or D.",,Physics-I,B,ai_assisted_review_pass_v1,
861,benqa_ext_12th-Physics-I_0294,,"gyaser chapiy sutrotite nicher kon rashitir man sthir thake?
A. tapomatra
B. tap
C. chap
D. ayoton
Answer with only A, B, C, or D.",,Physics-I,D,ai_assisted_review_pass_v1,
862,benqa_ext_12th-Physics-I_0295,,"nicher kon bhektorer padobindu o shirshobindu ekoi?
A. soman bhektor
B. bhektor
C. somorekh bhektor
D. ekok bhektor
Answer with only A, B, C, or D.",,Physics-I,B,ai_assisted_review_pass_v1,
863,benqa_ext_12th-Physics-I_0299,,"iuroniyam, thoriyam ityadi moulik podarther tejoskriy bhangon ghote kena boler karone?
A. tejoskriy bol
B. torit choumbok bol
C. niukliy bol
D. sobol niukliy bol
Answer with only A, B, C, or D.",,Physics-I,C,ai_assisted_review_pass_v1,
864,benqa_ext_12th-Physics-I_0303,,"\vec{A} = 9\hat{i} o \vec{B} = \frac{1}{9} \hat{i} bhektorodboy- i. sodrish bhektor ii. biprotip bhektor iii. porospor lomb
A. ii
B. i o ii
C. ii o iii
D. i, ii o iii
Answer with only A, B, C, or D.",,Physics-I,B,ai_assisted_review_pass_v1,
865,benqa_ext_12th-Physics-II_0004,,"ekoti karno injin jokhon 72\degree C tapomatray tapograhoke thake tokhon kormodokshota 40%. grahoker tapomatra sthir rekhe injinotike 60% doksh korote hole- i. utoser poribortit tapomatra hobe 862.5 K ii. utoser tapomotra briddhi pabe 287.5 K iii. utoser tapomatra hras pabe 287.5 K nicher konoti sothik?
A. i
B. iii
C. i o ii
D. i o iii
Answer with only A, B, C, or D.",,Physics-II,C,ai_assisted_review_pass_v1,
866,benqa_ext_12th-Physics-II_0010,,"apekshik totto onusare gotishilotar dorun-
A. doirghy hras pay
B. bhor hras pay
C. doirghy briddhi pay
D. somoy songkuchit hoy
Answer with only A, B, C, or D.",,Physics-II,A,ai_assisted_review_pass_v1,
867,benqa_ext_12th-Physics-II_0013,,"rodher biporit rashi nicher konoti?
A. poribahita
B. apekshik rodh
C. ushnota gunangk
D. probah ghonotb
Answer with only A, B, C, or D.",,Physics-II,A,ai_assisted_review_pass_v1,
868,benqa_ext_12th-Physics-II_0016,,"35 \Omega rodher ekoti gyalobhanomitarer sathe kot maner sant jukt korole purber 8 gun toritoprobah porimap kora jabe?
A. 0.2 \Omega
B. 0.24 \Omega
C. 5.0 \Omega
D. 210 \Omega
Answer with only A, B, C, or D.",,Physics-II,C,ai_assisted_review_pass_v1,
869,benqa_ext_12th-Physics-II_0020,,"98.6\degree F tapomatrar somotuly tharmodayonamik tapomatra kot?
A. 310.16 K
B. 345.16 K
C. 393.16 K
D. 408.16 K
Answer with only A, B, C, or D.",,Physics-II,A,ai_assisted_review_pass_v1,
870,benqa_ext_12th-Physics-II_0022,,"ruddhotapiy 1 atm chape rakha gyasoke prosarit kore dwigun kora hole je churant chap hoy, somoshn prokriyay sei ekoi chap pete gyasoke kotogun prosarit korote hobe?
A. 1.4
B. 2.6
C. 5.2
D. 7.8
Answer with only A, B, C, or D.",,Physics-II,B,ai_assisted_review_pass_v1,
871,benqa_ext_12th-Physics-II_0032,,"poribahir modhy diye torit probaher fole utoponn tap H hoy- i. H \propto I^{2} ii. H \propto t iii. H \propto R nicher konoti sothik?
A. i o ii
B. i o iii
C. ii o iii
D. i, ii o iii
Answer with only A, B, C, or D.",,Physics-II,D,ai_assisted_review_pass_v1,
872,benqa_ext_12th-Physics-II_0033,,"gothonomulok byoticharer kshetre uporipatit toronggodboyer modhye poth parthoky hobe-
A. \frac{\lambda}{2} er jugm gunitok
B. \frac{\lambda}{2} er ojugm gunitok
C. \lambda er jugm gunitok
D. \lambda er ojugm gunitok
Answer with only A, B, C, or D.",,Physics-II,A,ai_assisted_review_pass_v1,
873,benqa_ext_12th-Physics-II_0043,,"tranojistorer kshetre- i. I_{C} = I_{E} - I_{B} ii. \beta = \frac{\alpha}{1 - \alpha} iii. \alpha = \frac{\beta}{1 + \beta} nicher konoti sothik?
A. i o ii
B. ii o iii
C. i o iii
D. i, ii o iii
Answer with only A, B, C, or D.",,Physics-II,D,ai_assisted_review_pass_v1,
874,benqa_ext_12th-Physics-II_0044,,"torongger dui bindur modhy poth parthoky \frac{\lambda}{8} hole dosha parthoky kot?
A. \frac{\pi}{2}
B. \frac{\pi}{4}
C. \frac{\pi}{6}
D. \frac{\pi}{8}
Answer with only A, B, C, or D.",,Physics-II,B,ai_assisted_review_pass_v1,
875,benqa_ext_12th-Physics-II_0049,,"tranojistor byobohrit hoy- i. amoplifayar hisebe ii. suich hisebe iii. rekotifayar hisebe nicher konoti sothik?
A. i o ii
B. ii o iii
C. i o iii
D. i, ii o iii
Answer with only A, B, C, or D.",,Physics-II,A,ai_assisted_review_pass_v1,
876,benqa_ext_12th-Physics-II_0054,,"alok torongger duti bindur poth parthoky \frac{lambda}{4} hole dosha parthoky hobe?
A. \pi
B. \frac{\pi}{2}
C. \frac{\pi}{4}
D. \frac{\pi}{8}
Answer with only A, B, C, or D.",,Physics-II,B,ai_assisted_review_pass_v1,
877,benqa_ext_12th-Physics-II_0062,,"m_{0} sthir bhorosomponn ekoti bostu jodi alor bege dhabit hoy tahole tar bhor hobe-
A. 0
B. m_{0}
C. 2m_{0}
D. \infty
Answer with only A, B, C, or D.",,Physics-II,D,ai_assisted_review_pass_v1,
878,benqa_ext_12th-Physics-II_0066,,"jarmeniyamer sathe nicher kon mouloti jukt korole N-type ordhoporibahi toiri hobe?
A. aluminiyam
B. gyaliyam
C. arsenik
D. indiyam
Answer with only A, B, C, or D.",,Physics-II,C,ai_assisted_review_pass_v1,
879,benqa_ext_12th-Physics-II_0072,,"unmukt sisteme sistem o poribesher modhye adan-prodan hoy konoti?
A. bhor o bhorobeg
B. bhorobeg o shokti
C. bhor o shokti
D. bhor o chap
Answer with only A, B, C, or D.",,Physics-II,C,ai_assisted_review_pass_v1,
880,benqa_ext_12th-Physics-II_0090,,"frenel shrenir opobortone alokoroshmi o toronggomukh kirup hoy?
A. obhisari o goliy
B. oposari o goliy
C. somantoral o somotol
D. somantoral o belonakriti
Answer with only A, B, C, or D.",,Physics-II,B,ai_assisted_review_pass_v1,
881,benqa_ext_12th-Physics-II_0096,,"n songkhyok E torichchalok boler koshoke shrenite jukt korole probah i hobe (kosher abhyontorin rodh r o bohihbortonir rodh R) .
A. i = \frac{nE}{R + nr}
B. i = \frac{nE}{nR + r}
C. i = \frac{nE}{nR + nr}
D. i = \frac{nE}{R + \frac{r}{n}}
Answer with only A, B, C, or D.",,Physics-II,A,ai_assisted_review_pass_v1,
882,benqa_ext_12th-Physics-II_0098,,"alor drutite gotishil ekoti roketer doirghy hobe-
A. ordhek
B. shuny
C. dwigun
D. osim
Answer with only A, B, C, or D.",,Physics-II,B,ai_assisted_review_pass_v1,
883,benqa_ext_12th-Physics-II_0100,,"sholy chikitosay byobohrit jontropati jibanumukt korote byobohrit hoy-
A. eks-re
B. otibeguni roshmi
C. gama-re
D. obolohit roshmi
Answer with only A, B, C, or D.",,Physics-II,B,ai_assisted_review_pass_v1,
884,benqa_ext_12th-Physics-II_0108,,"apotit alokoroshmir toronggomukher utoponn kon holo-
A. 0\degree
B. 45\degree
C. 90\degree
D. 180\degree
Answer with only A, B, C, or D.",,Physics-II,C,ai_assisted_review_pass_v1,
885,benqa_ext_12th-Physics-II_0115,,"ekoti N taip ordh-poribahir boishishty holo-
A. ekoti rinatmok charjogrosth
B. ete protoner adhiky thake
C. holer poriman beshi thake
D. eti adhan niropeksh
Answer with only A, B, C, or D.",,Physics-II,D,ai_assisted_review_pass_v1,
886,benqa_ext_12th-Physics-II_0116,,"kon byobostha poribesh theke 1500 jul tap shoshon kore ebong byobosthar upor 300 jul kaj sompadit hoy. byobosthatir obhyontorin shoktir poriborton kot?
A. 1200 jul
B. - 1200 jul
C. 1800 jul
D. - 1800 jul
Answer with only A, B, C, or D.",,Physics-II,C,ai_assisted_review_pass_v1,
887,benqa_ext_12th-Physics-II_0123,,"m_{0} sthir bhorosomponn konar beg \frac{c}{\sqrt{2}} hole er bhorobeg-
A. \frac{1}{\sqrt{2}} m_{0}c
B. \frac{1}{2} m_{0}c
C. m_{0}c
D. 2 m_{0}c
Answer with only A, B, C, or D.",,Physics-II,C,ai_assisted_review_pass_v1,
888,benqa_ext_12th-Physics-II_0128,,"tapogotibidyar dwitiy sutrer ganitik rup-
A. dQ = TdS
B. dQ = \frac{dS}{T}
C. W = JH
D. dQ = dU + dW
Answer with only A, B, C, or D.",,Physics-II,A,ai_assisted_review_pass_v1,
889,benqa_ext_12th-Physics-II_0135,,"maikeloson-morlir porikshar siddhantosomuh hochchhe- i. ithar madhyom bolote e mohabishbe kichhu nei ii. gyalilior rupantor sothik iii. alor beg ekoti dhrub rashi ja kono poryobekshoker upor nirbhoroshil noy nicher konoti sothik?
A. i o ii
B. ii o iii
C. i o iii
D. i, ii o iii
Answer with only A, B, C, or D.",,Physics-II,C,ai_assisted_review_pass_v1,
890,benqa_ext_12th-Physics-II_0140,,"nicher konoti polar daiilektrik podarth noy?
A. HN_{3}
B. HCl
C. H_{2}O
D. CH_{4}
Answer with only A, B, C, or D.",,Physics-II,D,ai_assisted_review_pass_v1,
891,benqa_ext_12th-Physics-II_0156,,"alor torit kriyay- i. apotit alor kompangk suchon kompangker cheye kom holei kebol Electron nirgomon ghote ii. alor kompangk barale nibritti bibhob briddhi pay iii. alor born poribortoner sathe nirgot ilektroner shoktir sompork royechhe nicher konoti sothik?
A. i o ii
B. i o iii
C. ii o iii
D. i, ii o iii
Answer with only A, B, C, or D.",,Physics-II,C,ai_assisted_review_pass_v1,
892,benqa_ext_12th-Physics-II_0165,,"kono poribahite torit probahomatra panchogun kora hole tap utopadoner har kot gun hobe?
A. \frac{1}{5}
B. 5
C. 25
D. 50
Answer with only A, B, C, or D.",,Physics-II,C,ai_assisted_review_pass_v1,
893,benqa_ext_12th-Physics-II_0167,,"kono dhatur kary opekshoker soman shoktir ekoti foton apotit hole nirgot ilektroner gotishokti-
A. shuny
B. osim
C. apotit fotoner shoktir soman
D. kary opekshoker soman
Answer with only A, B, C, or D.",,Physics-II,A,ai_assisted_review_pass_v1,
894,benqa_ext_12th-Physics-II_0170,,"golakar poribahir dharokotto er byasardher-
A. somanupatik
B. borger byostanupatik
C. byostanupatik
D. borger somanupatik
Answer with only A, B, C, or D.",,Physics-II,A,ai_assisted_review_pass_v1,
895,benqa_ext_12th-Physics-II_0171,,"frenel shrenir opobortone apotit toronggomukher akriti hobe- i. goliy ii. somotol iii. silindar nicher konoti sothik?
A. i o ii
B. i o iii
C. ii o iii
D. i, ii o iii
Answer with only A, B, C, or D.",,Physics-II,B,ai_assisted_review_pass_v1,
896,benqa_ext_12th-Physics-II_0182,,"ekoti sushom toritokshetre 50 cm byobodhane obosthit duti bindur bibhob parthoky 200 V . praboly kot?
A. 50 Vm^{-1}
B. 100 Vm^{-1}
C. 400 Vm^{-1}
D. 1600 Vm^{-1}
Answer with only A, B, C, or D.",,Physics-II,C,ai_assisted_review_pass_v1,
897,benqa_ext_12th-Physics-II_0185,,"bholt er tuly ekok konoti?
A. JC^{-1}
B. J.C
C. N.C^{-1}
D. N.m^{-1}
Answer with only A, B, C, or D.",,Physics-II,A,ai_assisted_review_pass_v1,
898,benqa_ext_12th-Physics-II_0188,,"_{20}^{40}\textrm{Ca} o _{19}^{39}\textrm{K} hochchhe-
A. aisobar
B. aisotop
C. aisomar
D. aisoton
Answer with only A, B, C, or D.",,Physics-II,D,ai_assisted_review_pass_v1,
899,benqa_ext_12th-Physics-II_0191,,"nicher konoti charj niropeksh roshmi?
A. kyathod roshmi
B. alofa roshmi
C. gama roshmi
D. bita roshmi
Answer with only A, B, C, or D.",,Physics-II,C,ai_assisted_review_pass_v1,
900,benqa_ext_12th-Physics-II_0194,,"1 kg iureniyam (^{235}\textrm{U}) hote shoktir poroman kot kWh?
A. 2.25 \times 10^{2}
B. 2.29 \times 10^{7}
C. 3.92 \times 10^{7}
D. 9.32 \times 10^{7}
Answer with only A, B, C, or D.",,Physics-II,B,ai_assisted_review_pass_v1,
901,benqa_ext_12th-Physics-II_0196,,"ekoti charjit bostuke prithibir sathe jukt korole bostutike adhaner poriman-
A. briddhi pabe
B. shuny hobe
C. hras pabe
D. oporibortit hobe
Answer with only A, B, C, or D.",,Physics-II,B,ai_assisted_review_pass_v1,
902,benqa_ext_12th-Physics-II_0202,,"_{0}^{1}\textrm{n} + _{92}^{235}\textrm{U} + _{56}^{141}\textrm{Ba} + _{36}^{92}\textrm{Kr} + 3 _{0}^{1}\textrm{n} + shokti bikriyati kon dhoroner?
A. fiushon
B. fishon
C. niukliy tap bikriya
D. songjojon bikriya
Answer with only A, B, C, or D.",,Physics-II,B,ai_assisted_review_pass_v1,
903,benqa_ext_12th-Physics-II_0209,,"kono sbochchh madhyomer somoborton kon 60\degree. protisoron koner man kot?
A. 30\degree
B. 45\degree
C. 60\degree
D. 90\degree
Answer with only A, B, C, or D.",,Physics-II,A,ai_assisted_review_pass_v1,
904,benqa_ext_12th-Physics-II_0210,,"alor torit kriyar boishishty holo- i. eti ekoti tatokshonik ghotona ii. foto ilekotroner gotishokti apotit alor kompangker somanupatik iii. fototorit probaher man apotit alor tibrotar byostanupatik nicher konoti sothik?
A. i o ii
B. i o iii
C. ii o iii
D. i, ii o iii
Answer with only A, B, C, or D.",,Physics-II,A,ai_assisted_review_pass_v1,
905,benqa_ext_12th-Physics-II_0218,,"tranojistorer kshetre \alpha o \beta er modhye sompork nimnorup-
A. \beta = \frac{\alpha}{1 + \alpha}
B. \beta = \frac{1 + \alpha}{1 - \alpha}
C. \alpha = \frac{\beta}{1 + \beta}
D. \alpha = \frac{1 + \beta}{\beta}
Answer with only A, B, C, or D.",,Physics-II,C,ai_assisted_review_pass_v1,
906,benqa_ext_12th-Physics-II_0223,,"eks-re er ekok holo-
A. bekerel
B. niuton
C. rontojen
D. bholt
Answer with only A, B, C, or D.",,Physics-II,C,ai_assisted_review_pass_v1,
907,benqa_ext_12th-Physics-II_0224,,"1 amu bhorer somotuly shokti kot?
A. 932 MeV
B. 93.2 MeV
C. 9.32 MeV
D. 0.932 MeV
Answer with only A, B, C, or D.",,Physics-II,A,ai_assisted_review_pass_v1,
908,benqa_ext_12th-Physics-II_0226,,"_{18}^{40}\textrm{Ar} o _{20}^{40}\textrm{Ca} hochchhe-
A. aisomar
B. aisotop
C. aisobar
D. aisoton
Answer with only A, B, C, or D.",,Physics-II,C,ai_assisted_review_pass_v1,
909,benqa_ext_12th-Physics-II_0238,,"aisotoper 'top'-er orth ki?
A. sthan
B. goti
C. kriya
D. bikiron
Answer with only A, B, C, or D.",,Physics-II,A,ai_assisted_review_pass_v1,
910,benqa_ext_12th-Physics-II_0244,,"kon torongger jony opoborton sorbadhik hoy?
A. gama roshmi
B. eks roshmi
C. obolohit roshmi
D. betar roshmi
Answer with only A, B, C, or D.",,Physics-II,D,ai_assisted_review_pass_v1,
911,benqa_ext_12th-Physics-II_0253,,"ekoti poribahi tarer doirghy dwigun o prosthochchheder kshetrofol ordhek korole uhar rodh hobe?
A. ordhek
B. dwigun
C. charogun
D. poriborton hobe na
Answer with only A, B, C, or D.",,Physics-II,C,ai_assisted_review_pass_v1,
912,benqa_ext_12th-Physics-II_0259,,"torit probaher fole utoponn taper poriman nirnayok somikoron nicher konoti?
A. H = 0.24 V^{2} It Cal
B. H = 0.24 \frac{V^{2}}{R} t Cal
C. H = 0.24 IRt Cal
D. H = 0.24 P^{2}t Cal
Answer with only A, B, C, or D.",,Physics-II,B,ai_assisted_review_pass_v1,
913,benqa_ext_12th-Physics-II_0261,,"kon podarther tapomatra barole rodh kome?
A. naikrom
B. kopar
C. aluminiyam
D. jarmeniyam
Answer with only A, B, C, or D.",,Physics-II,D,ai_assisted_review_pass_v1,
914,benqa_ext_12th-Physics-II_0268,,"prothom o dwitiy bor kokshopothe ilektroner shoktir onupat-
A. 1:2
B. 1:4
C. 2:1
D. 4:1
Answer with only A, B, C, or D.",,Physics-II,D,ai_assisted_review_pass_v1,
915,benqa_ext_12th-Physics-II_0275,,"kono tap injiner tapograhoker tapomatra 360 K ebong dokshota 40%. tap utoser tapomatra holo-
A. 400 K
B. 600 K
C. 720 K
D. 900 K
Answer with only A, B, C, or D.",,Physics-II,B,ai_assisted_review_pass_v1,
916,benqa_ext_12th-Physics-II_0282,,"tapogotibidyar prothom sutr sompork sthapon kore-
A. tap o chap er modhye
B. tap o bol er modhye
C. tap o kaj er modhye
D. tap o kshomota er modhye
Answer with only A, B, C, or D.",,Physics-II,C,ai_assisted_review_pass_v1,
917,benqa_ext_12th-Physics-II_0284,,"torichchalok shoktir ekok holo-
A. ampiyar
B. jul
C. kulomb
D. bholt
Answer with only A, B, C, or D.",,Physics-II,D,ai_assisted_review_pass_v1,
918,benqa_ext_12th-Physics-II_0288,,"purnotorongg ekomukhikoron bortoni toiri kora jay- i. 2 ti dayod diye ii. 3 ti dayod diye iii. 4 ti dayod diye nicher konoti sothik?
A. i o ii
B. i o iii
C. ii o iii
D. i, ii o iii
Answer with only A, B, C, or D.",,Physics-II,B,ai_assisted_review_pass_v1,
919,benqa_ext_12th-Physics-II_0291,,"nicher konotir rodher ushnota gunangk rinatmok?
A. tama
B. pitol
C. aluminiyam
D. jarmeniyam
Answer with only A, B, C, or D.",,Physics-II,D,ai_assisted_review_pass_v1,
920,benqa_ext_12th-Physics-II_0296,,"ekoti podarther jojon byand pray purn ebong poribohon byand pray khali. byand dutor shokti byobodhan khuboi beshi. podarthoti holo-
A. poribahi
B. ordhoporibahi
C. ontorok
D. otiporibahi
Answer with only A, B, C, or D.",,Physics-II,C,ai_assisted_review_pass_v1,
921,benqa_ext_12th-Physics-II_0307,,"ekoti tranojistorer songgrahok probah 5 mA ebong bhumi probah 100 \mu A hole nihsarok probah kot?
A. 5.2 mA
B. 5.1 mA
C. 5.0 mA
D. 4.9 mA
Answer with only A, B, C, or D.",,Physics-II,B,ai_assisted_review_pass_v1,
922,benqa_ext_12th-Physics-II_0308,,"sholy chikitosay byobohrit jontropati jibanumukt korote byobohrit hoy-
A. eks roshmi
B. gama roshmi
C. otibeguni roshmi
D. obolohit roshmi
Answer with only A, B, C, or D.",,Physics-II,C,ai_assisted_review_pass_v1,
923,benqa_ext_12th-Physics-II_0309,,"torit choumbokiy torongger beg c = \frac{1}{\mu_{0} \varepsilon_{0}} protipadit hoyechhe je totto hote tar probokta holen-
A. myaks plyangk
B. myaks oyel
C. ainostain
D. niuton
Answer with only A, B, C, or D.",,Physics-II,B,ai_assisted_review_pass_v1,
924,benqa_ext_12th-Physics-II_0314,,"1000 g bhorer somotuly shokti kot?
A. 10 \times 10^{16} J
B. 9 \times 10^{16} J
C. 3.1 \times 10^{16} J
D. 1.6 \times 10^{16} J
Answer with only A, B, C, or D.",,Physics-II,B,ai_assisted_review_pass_v1,
925,benqa_ext_12th-Physics-II_0320,,"tejoskriy kshoy dhruboker matra konoti?
A. [T]
B. [T^{-1}]
C. [\gamma]
D. [\gamma^{-1}]
Answer with only A, B, C, or D.",,Physics-II,B,ai_assisted_review_pass_v1,
926,benqa_ext_12th-Physics-II_0321,,"(\sqrt{\epsilon_{0}\mu_{0}})^{-1} er man konoti?
A. 6.63 \times 10^{-34} Js
B. 8.85 \times 10^{-12} N^{-1} m^{-2} C^{2}
C. 9 \times 10^{9} Nm^{2} C^{-2}
D. 3 \times 10^{8} ms^{-1}
Answer with only A, B, C, or D.",,Physics-II,D,ai_assisted_review_pass_v1,
927,benqa_ext_12th-Physics-II_0323,,"niukliy boler boishishty- i. beshi palla ii. akorshonodhormi iii. sbolp palla nicher konoti sothik?
A. i o ii
B. i o iii
C. ii o iii
D. i, ii o iii
Answer with only A, B, C, or D.",,Physics-II,C,ai_assisted_review_pass_v1,
928,benqa_ext_12th-Physics-II_0329,,"nicher kon podarther rodher ushnota gunangk (\alpha) rinatmok?
A. jarmeniyam
B. bronj
C. pitol
D. obhr
Answer with only A, B, C, or D.",,Physics-II,A,ai_assisted_review_pass_v1,
929,benqa_ext_12th-Physics-II_0330,,"_{20}^{40}\textrm{Ca} o _{19}^{39}\textrm{K} porosporer ki?
A. aisotop
B. aisoton
C. aisobar
D. aisomar
Answer with only A, B, C, or D.",,Physics-II,B,ai_assisted_review_pass_v1,
930,benqa_ext_12th-Physics-II_0331,,"konoti sorbapeksha durbol bol?
A. mohakorsh
B. niukliy durbol bol
C. tarit choumbokiy bol
D. niukliy sobol bol
Answer with only A, B, C, or D.",,Physics-II,A,ai_assisted_review_pass_v1,
931,benqa_ext_12th-Physics-II_0332,,"foton konar kshetre kon tothy projojy- i. sthitibhor osim ii. charjohin iii. bhorobeg, P = \frac{h}{\lambda} nicher konoti sothik?
A. i
B. ii
C. iii
D. ii o iii
Answer with only A, B, C, or D.",,Physics-II,D,ai_assisted_review_pass_v1,
932,benqa_ext_8th-Science_0001,,"tentule kon esid thake?
A. myalik
B. saitrik
C. oksalik
D. tarotarik
Answer with only A, B, C, or D.",,Science,D,ai_assisted_review_pass_v1,
933,benqa_ext_8th-Science_0002,,"kon moul dutir sahajye fiuj prostut kora hoy?
A. sisa o jingk
B. jingj o tin
C. sisa o tin
D. sisa o loha
Answer with only A, B, C, or D.",,Science,C,ai_assisted_review_pass_v1,
934,benqa_ext_8th-Science_0004,,"patay utoponn horomon konoti?
A. oksin
B. ithilin
C. florijen
D. jibberelin
Answer with only A, B, C, or D.",,Science,C,ai_assisted_review_pass_v1,
935,benqa_ext_8th-Science_0007,,"platipaser boishishty konoti?
A. motridugdh pan kore
B. shitol roktobishisht
C. buke bhor kore chole
D. sontan prosob kore
Answer with only A, B, C, or D.",,Science,A,ai_assisted_review_pass_v1,
936,benqa_ext_8th-Science_0010,,"kosh bibhajoner kon dhape protyek kromotide ekoti sestromiyar thake?
A. profej
B. prometafej
C. metafej
D. anafej
Answer with only A, B, C, or D.",,Science,D,ai_assisted_review_pass_v1,
937,benqa_ext_8th-Science_0011,,"“bishbokap kriket 2019” dekhote sahajy korechhil kon upogroh?
A. jogajog
B. abohaoya
C. samorik
D. prithibi poryobekshonokari
Answer with only A, B, C, or D.",,Science,A,ai_assisted_review_pass_v1,
938,benqa_ext_8th-Science_0012,,"niyoner paromanobik songkhya kot?
A. 8
B. 9
C. 10
D. 11
Answer with only A, B, C, or D.",,Science,C,ai_assisted_review_pass_v1,
939,benqa_ext_8th-Science_0020,,"segun udbhider projonon hoy konotir sahojye?
A. muler sahajye
B. dehere sahajye
C. kander sahajye
D. patar sahajye
Answer with only A, B, C, or D.",,Science,A,ai_assisted_review_pass_v1,
940,benqa_ext_8th-Science_0021,,"pranijogoter brihottoporb konoti?
A. porifera
B. molaska
C. orthropoda
D. kordata
Answer with only A, B, C, or D.",,Science,C,ai_assisted_review_pass_v1,
941,benqa_ext_8th-Science_0028,,"70 keji bhorer ekojon mohashunyocharir chande bhor kot hobe?
A. 11.67 keji
B. 70 keji
C. 420 keji
D. 686 keji
Answer with only A, B, C, or D.",,Science,B,ai_assisted_review_pass_v1,
942,benqa_ext_8th-Science_0034,,"amader deher gothon upadan konoti?
A. amish
B. shorkora
C. sneh
D. bhitamin
Answer with only A, B, C, or D.",,Science,A,ai_assisted_review_pass_v1,
943,benqa_ext_8th-Science_0038,,"aluminiyamer jojoni kot?
A. 1
B. 2
C. 3
D. 4
Answer with only A, B, C, or D.",,Science,C,ai_assisted_review_pass_v1,
944,benqa_ext_8th-Science_0046,,"rokt jomat bandhote sahajy kore konoti?
A. bhitamin e
B. bhitamin si
C. bhitamin bi
D. bhitamin ke
Answer with only A, B, C, or D.",,Science,D,ai_assisted_review_pass_v1,
945,benqa_ext_8th-Science_0048,,"korim saheber foler dokan achhe. tini kancha fologulo pakate ek dhoroner rasayonik podarth byobohar korone. rasayonik podarthotir nam ki?
A. oksin
B. ithilin
C. jibberelin
D. abosaisik esid
Answer with only A, B, C, or D.",,Science,B,ai_assisted_review_pass_v1,
946,benqa_ext_8th-Science_0049,,"korim saheber foler dokan achhe. tini kancha fologulo pakate ek dhoroner rasayonik podarth byobohar korone. ukt rasayonik podather boishishty- i. shakha kolome mul gojay ii. pata o mule dekha jay iii. chara gachher kander briddhi ghotay nicher konoti sothik?
A. i o ii
B. i o iii
C. ii o iii
D. i, ii o iii
Answer with only A, B, C, or D.",,Science,C,ai_assisted_review_pass_v1,
947,benqa_ext_8th-Science_0050,,"konoti platihelominothes porber prani?
A. fitakrimi
B. golokrimi
C. kencho
D. jonk
Answer with only A, B, C, or D.",,Science,A,ai_assisted_review_pass_v1,
948,benqa_ext_8th-Science_0053,,"CuCO_{3}\xrightarrow[]{tap}A+CO_{2} somikoroner A chihnit sthane bosobe-
A. Cu
B. O_{2}
C. Cu_{2}O
D. CuO
Answer with only A, B, C, or D.",,Science,D,ai_assisted_review_pass_v1,
949,benqa_ext_8th-Science_0057,,"protiti chokh theke ekoti sbadhin udbhider jonm hoy. sei udbhid nicher konoti?
A. alu
B. ada
C. pudina
D. rosun
Answer with only A, B, C, or D.",,Science,A,ai_assisted_review_pass_v1,
950,benqa_ext_8th-Science_0059,,"oksijen moulotite ilekotron songkhya kot?
A. 2
B. 6
C. 8
D. 16
Answer with only A, B, C, or D.",,Science,C,ai_assisted_review_pass_v1,
951,benqa_ext_8th-Science_0060,,"obhikorshoj tworon G er man sobocheye beshi-
A. bishub onchole
B. meru onchole
C. prithibir kendre
D. chande
Answer with only A, B, C, or D.",,Science,B,ai_assisted_review_pass_v1,
952,benqa_ext_8th-Science_0063,,"niutoner mohakorsh sutrer kshetre- i. mohabishber protiti bostukona eke oporoke nijer dike akorshon kore ii. akorshon boler man bostukonadboyer bhorer gunofole somanupatik iii. akorshon boler man bostur durotter borger somanupatik nicher konoti sothik?
A. i o ii
B. i o iii
C. ii o iii
D. i, ii o iii
Answer with only A, B, C, or D.",,Science,A,ai_assisted_review_pass_v1,
953,benqa_ext_8th-Science_0077,,"maitosis kosh bibhajoner kon dhapoti sbolposthayi?
A. profej
B. enafej
C. metafej
D. pro- metafej
Answer with only A, B, C, or D.",,Science,D,ai_assisted_review_pass_v1,
954,benqa_ext_8th-Science_0082,,"haturi machher dehe kon dhoroner aish thake?
A. saikloyed
B. gyanoyed
C. plakoyed
D. tinoyed
Answer with only A, B, C, or D.",,Science,C,ai_assisted_review_pass_v1,
955,benqa_ext_8th-Science_0083,,"CaO+ 2HCI\rightarrow \fbox{x} + H_{2}O bikriyatite X jougoti ki?
A. kshar
B. esid
C. ksharok
D. lobon
Answer with only A, B, C, or D.",,Science,D,ai_assisted_review_pass_v1,
956,benqa_ext_8th-Science_0090,,"S+O_{2}\xrightarrow[]{tap}X uddipoker X jougoti- i. torol ii. jhajhalo gondhobishisht iii. salofar o oksijener protyoksh songjoge utoponn hoy nicher konoti sothik?
A. i o ii
B. i o iii
C. ii o iii
D. i, ii o iii
Answer with only A, B, C, or D.",,Science,C,ai_assisted_review_pass_v1,
957,benqa_ext_8th-Science_0095,,"florijener kshetre projojy- i. potrofoloke sthanantorit hoy ii. potromukuloke pushpomukule porinot kore iii. udbhide ful utoponn hoy nicher konoti sothik
A. i o ii
B. i o iii
C. ii o iii
D. i, ii o iii
Answer with only A, B, C, or D.",,Science,C,ai_assisted_review_pass_v1,
958,benqa_ext_8th-Science_0097,,"loghu mostishk- i. deher bharosamy roksha kore ii. cholafera niyontron kore iii. tap songrokshon kore nicher konoti sothik?
A. i o ii
B. i o iii
C. ii o iii
D. i, ii o iii
Answer with only A, B, C, or D.",,Science,A,ai_assisted_review_pass_v1,
959,benqa_ext_8th-Science_0103,,"kothay G er man beshi?
A. meru onchole
B. bishubiy onchole
C. krastiy onchole
D. prithibir kendre
Answer with only A, B, C, or D.",,Science,A,ai_assisted_review_pass_v1,
960,benqa_ext_8th-Science_0104,,"kon porber pranir himosil thake?
A. nematoda
B. anelida
C. athropoda
D. molaska
Answer with only A, B, C, or D.",,Science,C,ai_assisted_review_pass_v1,
961,benqa_ext_8th-Science_0110,,"konoti ksharok?
A. NaOH
B. NH_{4}OH
C. Ca(OH)_{2}
D. AI(OH)_{3}
Answer with only A, B, C, or D.",,Science,D,ai_assisted_review_pass_v1,
962,benqa_ext_8th-Science_0114,,"beli fuler gondh chhoriye pore kon prokriyay?
A. byapon
B. obhisrobon
C. prosbedon
D. imobaibishon
Answer with only A, B, C, or D.",,Science,A,ai_assisted_review_pass_v1,
963,benqa_ext_8th-Science_0116,,"konoti litomaser born porirboton kore na?
A. HCI
B. NaCI
C. NH_{3}
D. Ca(OH)_{2}
Answer with only A, B, C, or D.",,Science,B,ai_assisted_review_pass_v1,
964,benqa_ext_8th-Science_0119,,"briddhi protibondhok horomon konoti?
A. oksin
B. jibberelin
C. ithilin
D. saitokoinin
Answer with only A, B, C, or D.",,Science,C,ai_assisted_review_pass_v1,
965,benqa_ext_8th-Science_0124,,"bastutontrer joib upadan konoti?
A. mati
B. pani
C. bayu
D. mrit jib
Answer with only A, B, C, or D.",,Science,D,ai_assisted_review_pass_v1,
966,benqa_ext_8th-Science_0128,,"sar karokhanay oti proyojoniy esid konoti?
A. H_{2}SO_{4}
B. HNO_{3}
C. HCI
D. HCIO_{4}
Answer with only A, B, C, or D.",,Science,A,ai_assisted_review_pass_v1,
967,benqa_ext_8th-Science_0129,,"konoti guchchh fol?
A. akond
B. kanthal
C. jam
D. kola
Answer with only A, B, C, or D.",,Science,A,ai_assisted_review_pass_v1,
968,benqa_ext_8th-Science_0131,,"100 bholter ekoti balb 5 ampiyar toritoprobaher bortonite songjukt kora holo. bortonir rodh kot?
A. 0.05 o’m
B. 20 o’m
C. 105 o’m
D. 500 o’m
Answer with only A, B, C, or D.",,Science,B,ai_assisted_review_pass_v1,
969,benqa_ext_8th-Science_0134,,"konoti dwara mishti alur projonon ghote?
A. onubij
B. kand
C. pata
D. mul
Answer with only A, B, C, or D.",,Science,D,ai_assisted_review_pass_v1,
970,benqa_ext_8th-Science_0144,,"konotite saitrik esid royechhe?
A. komola
B. tetunl
C. tometo
D. apel
Answer with only A, B, C, or D.",,Science,A,ai_assisted_review_pass_v1,
971,benqa_ext_8th-Science_0146,,"kon amisher sohoj pachyotar gunok 1?
A. machh
B. mangs
C. dal
D. dim
Answer with only A, B, C, or D.",,Science,D,ai_assisted_review_pass_v1,
972,benqa_ext_8th-Science_0154,,"kon pranitir twok shushk?
A. ilish
B. hanggor
C. sap
D. kunobyang
Answer with only A, B, C, or D.",,Science,C,ai_assisted_review_pass_v1,
973,benqa_ext_8th-Science_0155,,"nicher koti shitol rokt bishishty prani?
A. kunobyang
B. ilish machh
C. tikotiki
D. kumir
Answer with only A, B, C, or D.",,Science,A,ai_assisted_review_pass_v1,
974,benqa_ext_8th-Science_0156,,"nicher konotite miyosis kosh bibhajon ghote?
A. bhrun mukul
B. muler ogrobhag
C. mukul
D. poragodhani
Answer with only A, B, C, or D.",,Science,D,ai_assisted_review_pass_v1,
975,benqa_ext_8th-Science_0168,,"prithibir poryobekshonokari upogroher kaj konoti?
A. akashe bimaner obostha jana
B. somudre jahajer jony tel chuiye pora poryobekshon
C. megh srishti hooyar sthan poryobekshon
D. tor songket prerone sohayota kora
Answer with only A, B, C, or D.",,Science,B,ai_assisted_review_pass_v1,
976,benqa_ext_8th-Science_0171,,"nicher konoti modhugronthihin ful?
A. kodom
B. dhan
C. kochu
D. shimul
Answer with only A, B, C, or D.",,Science,B,ai_assisted_review_pass_v1,
977,benqa_ext_8th-Science_0173,,"nicher konoti torit obishleshy podarth?
A. chini
B. khaddo lobon
C. tunte
D. saitrik esid
Answer with only A, B, C, or D.",,Science,A,ai_assisted_review_pass_v1,
978,benqa_ext_8th-Science_0175,,"koloyedodhormi podarth konoti?
A. polithin
B. jiletin
C. kiutin
D. bhesolin
Answer with only A, B, C, or D.",,Science,B,ai_assisted_review_pass_v1,
979,benqa_ext_8th-Science_0178,,"shosyodanay kon bhitamin paoya jay?
A. ke
B. bi
C. i
D. si
Answer with only A, B, C, or D.",,Science,C,ai_assisted_review_pass_v1,
980,benqa_ext_8th-Science_0179,,"konoti stolon?
A. ada
B. rosun
C. alu
D. pudina
Answer with only A, B, C, or D.",,Science,D,ai_assisted_review_pass_v1,
981,benqa_ext_8th-Science_0180,,"manob mostishker prodhan ongsher nicher ongshogulo ki ki?
A. thyalamas o ponos
B. medula o ponos
C. thyalamas o haipothyalos
D. haipothyalamas o medula
Answer with only A, B, C, or D.",,Science,C,ai_assisted_review_pass_v1,
982,benqa_ext_8th-Science_0181,,"kon pranir dehe shikha ongg thake?
A. kankora
B. kencho
C. golokrimi
D. fitakrimi
Answer with only A, B, C, or D.",,Science,D,ai_assisted_review_pass_v1,
983,benqa_ext_8th-Science_0182,,"nicher konoti obhrisrobon prokriyar sathe somporkit?
A. jailem tisyu
B. floyem tisyu
C. nimnomukhi poribohon
D. ubhomukhi poribohon
Answer with only A, B, C, or D.",,Science,A,ai_assisted_review_pass_v1,
984,benqa_ext_8th-Science_0187,,"manob mostishker prodhan ongsher nicher ongshogulo ki ki?
A. thyalamas o ponos
B. medula o ponos
C. thyalamas o haipothyaloomas
D. haipothyalamas o medula
Answer with only A, B, C, or D.",,Science,C,ai_assisted_review_pass_v1,
985,benqa_ext_8th-Science_0188,,"ekoti mouler ilekotron binyas 2, 8,5 hole mouloti ki?
A. klorin
B. florin
C. salofar
D. fosoforas
Answer with only A, B, C, or D.",,Science,D,ai_assisted_review_pass_v1,
986,benqa_ext_8th-Science_0191,,"nicher kon ongshoti chokshuke bahirer bibhinn prokar onisht hote roksha kore?
A. shbetomondol
B. airis
C. okshigolok
D. korniya
Answer with only A, B, C, or D.",,Science,A,ai_assisted_review_pass_v1,
987,benqa_ext_8th-Science_0194,,"bostur ojoner man- i. bostur bhorer upor nirbhoroshil ii. sthanobhede bhinn hoy iii. meru onchole sobocheye beshi nicher konoti sothik?
A. i o ii
B. i o iii
C. ii o iii
D. i, ii o iii
Answer with only A, B, C, or D.",,Science,D,ai_assisted_review_pass_v1,
988,benqa_ext_8th-Science_0196,,"(i) CaCO_{3}\xrightarrow[]{tap}'X' + CO_{2} (ii) 'X' + H_{2}O\rightarrow 'Y' (ii) nong bikriyar kshetre- i. Y panite khub olp drobibhut hoy ii. Y ekoti lobon iii. bikriyatite prochur poriman tap utoponn hoy nicher konoti sothik?
A. i o ii
B. i o iii
C. ii o iii
D. i, ii o iii
Answer with only A, B, C, or D.",,Science,B,ai_assisted_review_pass_v1,
989,benqa_ext_8th-Science_0199,,"kola kon dhoroner fol?
A. niros fol
B. guchchh fol
C. jougik fol
D. rosalo fol
Answer with only A, B, C, or D.",,Science,D,ai_assisted_review_pass_v1,
990,benqa_ext_8th-Science_0201,,"shosyodanay kon bhitamin paoya jay?
A. ke
B. di
C. i
D. si
Answer with only A, B, C, or D.",,Science,C,ai_assisted_review_pass_v1,
991,benqa_ext_8th-Science_0203,,"27 ti upogroh achhe kon groher?
A. brihospoti
B. shoni
C. iurenas
D. nepochun
Answer with only A, B, C, or D.",,Science,C,ai_assisted_review_pass_v1,
992,benqa_ext_8th-Science_0205,,"25 gram shorkora o 25 gram amish theke mot kot kilokyalori shokti utoponn hoy?
A. 50
B. 200
C. 325
D. 450
Answer with only A, B, C, or D.",,Science,B,ai_assisted_review_pass_v1,
993,benqa_ext_8th-Science_0206,,"kumora- i. ful bor ebong modhugronthijukt ii. fuler poragorenu o gorbhomund athalo iii. ful rongin o sugondhojukt nicher konoti sothik?
A. i o ii
B. i o iii
C. ii o iii
D. i, ii o iii
Answer with only A, B, C, or D.",,Science,D,ai_assisted_review_pass_v1,
994,benqa_ext_8th-Science_0216,,"kon horomon udbhider briddhi protibondhok hisabe kaj kore?
A. oksin
B. abosaisik esid
C. saitokainin
D. jibberelin
Answer with only A, B, C, or D.",,Science,B,ai_assisted_review_pass_v1,
995,benqa_ext_8th-Science_0222,,"praniporagi ful konoti?
A. dhan
B. shimul
C. joba
D. sorisha
Answer with only A, B, C, or D.",,Science,B,ai_assisted_review_pass_v1,
996,benqa_ext_8th-Science_0223,,"buk dhorofor kora kon roger lokshon?
A. krotinijom
B. animiya
C. gologond
D. skarbhi
Answer with only A, B, C, or D.",,Science,B,ai_assisted_review_pass_v1,
997,benqa_ext_8th-Science_0224,,"nicheror kon esidoti khaoyar ‍upojogi?
A. fosoforik esid
B. myalik esid
C. paroklorik esid
D. haidroklorik esid
Answer with only A, B, C, or D.",,Science,B,ai_assisted_review_pass_v1,
998,benqa_ext_8th-Science_0225,,"sobuj udbhider madhyome souroshokti kon shoktite rupantorit hoy?
A. ‘rasayonik shokti
B. tap shokti
C. jantrik shokti
D. alok shokti
Answer with only A, B, C, or D.",,Science,A,ai_assisted_review_pass_v1,
999,benqa_ext_8th-Science_0226,,"myagonifaing glase konoti byobohrit hoy?
A. obotol lens
B. obotol dorpon
C. uttol lens
D. uttol dorpon
Answer with only A, B, C, or D.",,Science,C,ai_assisted_review_pass_v1,
1000,benqa_ext_8th-Science_0228,,"mostishker kon ongsh amader khaddo grohon o shboson niyontron kore?
A. seribelam
B. ponris
C. medula
D. seribram
Answer with only A, B, C, or D.",,Science,C,ai_assisted_review_pass_v1,
