id,answer,subject,domain,bangla_correct,banglish_correct,english_correct,bangla_parsed,banglish_parsed,english_parsed,bangla_prompt,banglish_prompt,english_prompt
benqa_ext_10th-Biology_0001,C,Biology,biology,1,0,1,C,B,C,"সালোকসংশ্লেষণের জন্য উপযুক্ত তাপমাত্রা কোনটি? A. 12\degree C - 25\degree C B. 17\degree C - 30\degree C C. 22\degree C - 35\degree C D. 27\degree C - 40\degree C Answer with only A, B, C, or D.","salokosongshleshoner jony upojukt tapomatra konoti? A. 12\degree C - 25\degree C B. 17\degree C - 30\degree C C. 22\degree C - 35\degree C D. 27\degree C - 40\degree C Answer with only A, B, C, or D.","Which is the suitable temperature for photosynthesis? A. 12\degree C - 25\degree C B. 17\degree C - 30\degree C C. 22\degree C - 35\degree C D. 27\degree C - 40\degree C Answer with only A, B, C, or D."
benqa_ext_10th-Biology_0002,D,Biology,biology,1,0,1,D,C,D,"কোনটিতে সৌরশক্তি স্থিতি শক্তিরূপে সঞ্চিত থাকে? A. অক্সিজেন B. পানি C. কার্বন ডাই অক্সাইড D. শ্বেতসার Answer with only A, B, C, or D.","konotite souroshokti sthiti shoktirupe sonchit thake? A. oksijen B. pani C. karbon dai oksaid D. shbetosar Answer with only A, B, C, or D.","Where is the solar energy stored as the potential energy? A. Oxygen B. Water C. Carbon-dioxide D. Carbohydrate Answer with only A, B, C, or D."
benqa_ext_10th-Biology_0018,D,Biology,biology,1,0,1,D,B,D,"রক্তে জৈব এবং অজৈব পদার্থের পরিমাণ কত? A. ২-৪% B. ৩-৫% C. ৫-৭% D. ৮-৯% Answer with only A, B, C, or D.","rokte joib ebong ojoib podarther poriman kot? A. 2-4% B. 3-5% C. 5-7% D. 8-9% Answer with only A, B, C, or D.","What is the amount of organic and inorganic materials in blood? A. 2-4% B. 3-5% C. 5-7% D. 8-9% Answer with only A, B, C, or D."
benqa_ext_10th-Biology_0023,A,Biology,biology,1,0,0,A,D,D,"নিচের কোনটি খেলে ক্ষারীয় মূত্র তৈরি হয়? A. আপেল B. কাতল মাছ C. গরুর মাংস D. চিনাবাদাম Answer with only A, B, C, or D.","nicher konoti khele kshariy mutr toiri hoy? A. apel B. katol machh C. gorur mangs D. chinabadam Answer with only A, B, C, or D.","Which of the following produces alkaline urine if eaten? A. Apple B. Catla fish C. Beef D. Peanut Answer with only A, B, C, or D."
benqa_ext_10th-Biology_0032,D,Biology,biology,0,0,1,C,B,D,"কোন ফুলের সুগন্ধ নেই? A. গোলাপ B. রজনীগন্ধা C. সরিষা D. পাতাশেওলা Answer with only A, B, C, or D.","kon fuler sugondh nei? A. golap B. rojonigondha C. sorisha D. patasheola Answer with only A, B, C, or D.","Which of the flower has no fragrance? A. Rose B. Tube rose C. Mustard D. Vallisnaria Answer with only A, B, C, or D."
benqa_ext_10th-Biology_0034,A,Biology,biology,1,0,1,A,D,A,"ট্রাকিয়াতে পাওয়া যায়- i. সিউডো-স্ট্র্যাটিফাইড আবরণী টিস্যু ii. সিলিয়াযুক্ত আবরণী টিস্যু iii. কিউবয়ডাল আবরণী টিস্যু নিচের কোনটি সঠিক? A. i ও ii B. i ও iii C. ii ও iii D. i, ii ও iii Answer with only A, B, C, or D.","trakiyate paoya jay- i. siudo-stryatifaid aboroni tisyu ii. siliyajukt aboroni tisyu iii. kiuboyodal aboroni tisyu nicher konoti sothik? A. i o ii B. i o iii C. ii o iii D. i, ii o iii Answer with only A, B, C, or D.","Found in Trachea- i. Pseudo stractified epithelial tissue ii. Ciliated epithelial tissue iii. Cuboidal epithelial tissue Which one is correct? A. i and ii B. i and iii C. ii and iii D. i, ii and iii Answer with only A..."
benqa_ext_10th-Biology_0045,D,Biology,biology,1,0,1,D,B,D,"কীসের সাহায্যে ভ্রূণ জরায়ুর সাথে সংস্থাপিত হয়? A. অ্যামনিয়ন B. রক্তনালী C. আম্বিলিকাল কর্ড D. অমরা Answer with only A, B, C, or D.","kiser sahajye bhrun jorayur sathe songsthapit hoy? A. amoniyon B. roktonali C. ambilikal kord D. omora Answer with only A, B, C, or D.","By which part embryo is implanted with the uterus wall? A. Amnion B. Blood vessel C. Umbilical cord D. Placenta Answer with only A, B, C, or D."
benqa_ext_10th-Biology_0049,B,Biology,biology,1,0,1,B,C,B,"কোনটি প্রোটিন সংশ্লেষণ করে? A. ক্রোমোপ্লাস্ট B. রাইবোজোম C. সেন্ট্রোজোমে D. গলজি বস্তু Answer with only A, B, C, or D.","konoti protin songshleshon kore? A. kromoplast B. raibojom C. sentrojome D. goloji bostu Answer with only A, B, C, or D.","Which one is responsible for protein synthesis? A. Chromoplast B. Ribosome C. Centrosome D. Golgi body Answer with only A, B, C, or D."
benqa_ext_10th-Biology_0063,B,Biology,biology,1,0,1,B,C,B,"ডায়াটম কোন রাজ্যের জীব? A. মনেরা B. প্রোটিস্টা C. ফানজাই D. প্লানটি Answer with only A, B, C, or D.","dayatom kon rajyer jib? A. monera B. protista C. fanojai D. planoti Answer with only A, B, C, or D.","In which of the following kingdom does the diatom belong to? A. Monera B. Protista C. Fungi D. Plantae Answer with only A, B, C, or D."
benqa_ext_10th-Biology_0065,A,Biology,biology,1,0,1,A,C,A,"নিচের কোনটি C_{4} উদ্ভিদ? A. আখ B. আম C. শাপলা D. জবা Answer with only A, B, C, or D.","nicher konoti C_{4} udbhid? A. akh B. am C. shapola D. joba Answer with only A, B, C, or D.","Which one of the following is C_{4} plant? A. Sugarcane B. Mango C. Water lily D. Chinese hibiscus Answer with only A, B, C, or D."
benqa_ext_10th-Biology_0067,B,Biology,biology,1,0,1,B,C,B,"রতনের বয়স ৩৯ বছর। তার ওজন ৬৯ কেজি এবং উচ্চতা ১৭০ সে.মি.। রতনের ক্ষেত্রে প্রযোজ্য- A. শরীরের ওজন কম B. সুস্বাস্থ্যের অধিকারী C. শরীরের ওজন অতিরিক্ত D. অতিরিক্ত মোটাত্ব Answer with only A, B, C, or D.","rotoner boyos 39 bochhor. tar ojon 69 keji ebong uchchota 170 se.mi.. rotoner kshetre projojy- A. shorirer ojon kom B. susbasthyer odhikari C. shorirer ojon otirikt D. otirikt motatb Answer with only A, B, C, or D.","Ratan is 39 years old. His weight is 69 kg and height is 170 cm. Applicable for Ratan- A. Less body weight B. Possesses good health C. Excessive body weight D. Excessive fat Answer with only A, B, C, or D."
benqa_ext_10th-Biology_0069,A,Biology,biology,1,0,1,A,D,A,"জীবাণু ভক্ষণ করে নিচের কোন কণিকা? A. নিউট্রোফিল B. ইওসিনোফিল C. বেসোফিল D. থ্রম্বোসাইট Answer with only A, B, C, or D.","jibanu bhokshon kore nicher kon konika? A. niutrofil B. iosinofil C. besofil D. thrombosait Answer with only A, B, C, or D.","Which of the following blood corpuscle engulfs the germs? A. Neutrophil B. Eosinophil C. Basophil D. Thrombocyte Answer with only A, B, C, or D."
benqa_ext_10th-Biology_0070,B,Biology,biology,1,0,1,B,C,B,"B রক্তের গ্রুপে কোন অ্যান্টিবডি থাকে? A. b B. a C. নেই D. a, b Answer with only A, B, C, or D.","B rokter grupe kon antibodi thake? A. b B. a C. nei D. a, b Answer with only A, B, C, or D.","Which antibody is present in blood group B? A. b B. a C. Not present D. a, b Answer with only A, B, C, or D."
benqa_ext_10th-Biology_0072,C,Biology,biology,1,0,0,C,B,B,"কিডনি প্রতিস্থাপনের জন্য আবশ্যকীয় শর্ত কোনটি? A. পিতামাতা B. রক্তগ্রুপ ম্যাচ C. টিস্যু ম্যাচ D. ব্রেন ডেড Answer with only A, B, C, or D.","kidoni protisthaponer jony aboshyokiy short konoti? A. pitamata B. roktogrup myach C. tisyu myach D. bren ded Answer with only A, B, C, or D.","Which one is the pre-requisite of kidney transplantation? A. Parents B. Matching of blood group C. Matching of tissue D. Brain dead Answer with only A, B, C, or D."
benqa_ext_10th-Biology_0074,A,Biology,biology,1,0,1,A,C,A,"ব্ল্যাকম্যান কত সালে সালোকসংশ্লেষণ প্রক্রিয়াকে দুটি পর্যায়ে ভাগ করেন? A. 1905 B. 1915 C. 1920 D. 1925 Answer with only A, B, C, or D.","blyakomyan kot sale salokosongshleshon prokriyake duti poryaye bhag koren? A. 1905 B. 1915 C. 1920 D. 1925 Answer with only A, B, C, or D.","When Blackman divided photosynthesis into two phases? A. 1905 B. 1915 C. 1920 D. 1925 Answer with only A, B, C, or D."
benqa_ext_10th-Biology_0102,A,Biology,biology,1,0,1,A,D,A,"জীবদেহের শ্বসন, রেচন ইত্যাদি সম্পর্কিত বিজ্ঞান কোনটি? A. শারীরবিদ্যা B. চিকিৎসাবিজ্ঞান C. ফার্মেসি D. প্রাণরসায়ন Answer with only A, B, C, or D.","jibodeher shboson, rechon ityadi somporkit bijnan konoti? A. sharirobidya B. chikitosabijnan C. farmesi D. pranorosayon Answer with only A, B, C, or D.","Which branch deals with respiration, excretion etc. of living organsms? A. Physiology B. Medical Science C. Pharmacy D. Biochemistry Answer with only A, B, C, or D."
benqa_ext_10th-Biology_0110,A,Biology,biology,1,0,1,A,D,A,"C_{6}H_{12}O_{6} + [A] + \xrightarrow{বিভিন্ন এনজাইম}6CO_{2} + 6H_{2}O + শক্তি উদ্দীপকের প্রক্রিয়ায় A এর অনুপস্থিতিতে কত অণু ATP তৈরি হবে? A. 2 B. 8 C. 20 D. 38 Answer with only A, B, C, or D.","C_{6}H_{12}O_{6} + [A] + \xrightarrow{bibhinn enojaim}6CO_{2} + 6H_{2}O + shokti uddipoker prokriyay A er onuposthitite kot onu ATP toiri hobe? A. 2 B. 8 C. 20 D. 38 Answer with only A, B, C, or D.","C_{6}H_{12}O_{6}+[A] \xrightarrow{enzyme} 6CO_{2}+6H_{2}O+energy How many molecules ATP will produce in absence of 'A' in the stem? A. 2 B. 8 C. 20 D. 38 Answer with only A, B, C, or D."
benqa_ext_10th-Biology_0120,D,Biology,biology,1,0,1,D,C,D,"ব্যাকটেরিয়াতে কোন অঙ্গাণুটি উপস্থিত? A. মাইটোকন্ড্রিয়া B. প্লাস্টিড C. এন্ডোপ্লাজমিক রেটিকুলাম D. রাইবোজোম Answer with only A, B, C, or D.","byakoteriyate kon ongganuti uposthit? A. maitokondriya B. plastid C. endoplajomik retikulam D. raibojom Answer with only A, B, C, or D.","Which organelle is present is bacteria? A. Mitochondria B. Plastid C. Endoplasmic reticulum D. Ribosome Answer with only A, B, C, or D."
benqa_ext_10th-Biology_0123,B,Biology,biology,0,0,1,C,C,B,"মূলা মাটির নিচে হয়। কোনো কারণে মাটির বাইরে বেরিয়ে এলে তার বর্ণের পরিবর্তন ঘটে। উক্ত মূলে পাওয়া যেতে পারে- i. লিউকোপ্লাস্ট ii. ক্যারোটিন iii. ক্লোরোফিল নিচের কোনটি সঠিক? A. i ও ii B. i ও iii C. ii ও iii D. i, ii ও iii...","mula matir niche hoy. kono karone matir baire beriye ele tar borner poriborton ghote. ukt mule paoya jete pare- i. liukoplast ii. kyarotin iii. klorofil nicher konoti sothik? A. i o ii B. i o iii C. ii o iii D. i, ii...","Radish are usually grow under the soil. Some how they come out from the soil, the colour is changed. In the root of the stem, can be found- i. leucoplast ii. carotene iii. chlorophyll Which one is correct? A. i and ii..."
benqa_ext_10th-Biology_0125,B,Biology,biology,1,0,1,B,C,B,"বর্ণান্ধ রোগের জিনের অবস্থান কোথায়? A. অটোসোম B. সেক্স ক্রোমোসোম C. নিউক্লিয়াস D. মাইটোকন্ড্রিয়া Answer with only A, B, C, or D.","bornandh roger jiner obosthan kothay? A. otosom B. seks kromosom C. niukliyas D. maitokondriya Answer with only A, B, C, or D.","Where the gens are positioned of colour blindness? A. Autosome B. Sex-chromosome C. Nucleus D. Mitochondria Answer with only A, B, C, or D."
benqa_ext_10th-Biology_0142,A,Biology,biology,1,0,1,A,C,A,"কোনটি আল্ট্রাফিলট্রেট তৈরি করে? A. গ্লোমেরুলাস B. হাইলাস C. রেনাল ক্যাপসুল D. বোম্যান্স ক্যাপসুল Answer with only A, B, C, or D.","konoti altrafilotret toiri kore? A. glomerulas B. hailas C. renal kyaposul D. bomyans kyaposul Answer with only A, B, C, or D.","Which one produces ultra-filtrate? A. Glomerulus B. Hilus C. Renal capsule D. Bowman's capsule Answer with only A, B, C, or D."
benqa_ext_10th-Biology_0148,D,Biology,biology,1,0,1,D,C,D,"কোন বেসটি শুধু RNA তে পাওয়া যায়? A. এডিনিন B. গুয়ানিন C. থায়ামিন D. ইউরোসিল Answer with only A, B, C, or D.","kon besoti shudhu RNA te paoya jay? A. edinin B. guyanin C. thayamin D. iurosil Answer with only A, B, C, or D.","Which base in only found in RNA? A. Adenine B. Guanine C. Thiamine D. Uracil Answer with only A, B, C, or D."
benqa_ext_10th-Biology_0151,A,Biology,biology,1,0,1,A,D,A,পাতার মেসোফিল টিস্যুর কোষের অম্লত্ব বেড়ে যায় কোনটির কারণে? A. CO_{2} এর মাত্রা খুব বেশি বেড়ে গেলে B. O_{2} এর বেশি মাত্রা খুব কমে গেলে C. খুব বেশি ক্লোরোপ্লাস্টের উপস্থিতিতে D. এনজাইমের বেশি ঘাটতি থাকলে Answer with on...,patar mesofil tisyur kosher omlotb bere jay konotir karone? A. CO_{2} er matra khub beshi bere gele B. O_{2} er beshi matra khub kome gele C. khub beshi kloroplaster uposthitite D. enojaimer beshi ghatoti thakole Answ...,For which reason the acidic condition in the cell of mesophyll tissue is increased? A. The amount of CO_{2} in increased to a very high level B. The amount O_{2} is decreased C. In the presence of too much chloroplast...
benqa_ext_10th-Biology_0175,D,Biology,biology,0,0,1,C,C,D,"দললগ্ন পুংস্তবক কোন ফুলে দেখা যায়? A. শিমুল B. জবা C. শিম D. ধুতুরা Answer with only A, B, C, or D.","dolologn pungstobok kon fule dekha jay? A. shimul B. joba C. shim D. dhutura Answer with only A, B, C, or D.","Epipetalous androceium is found in which flower? A. Cotton tree B. Hibiscus C. Bean D. Datura Answer with only A, B, C, or D."
benqa_ext_10th-Biology_0184,A,Biology,biology,1,0,1,A,D,A,"বাঘ ও হরিণের মধ্যে সংগ্রাম বিদ্যমান- i. আন্তঃপ্রজাতিক ii. অন্তঃপ্রজাতিক iii. পরিবেশের সঙ্গে নিচের কোনটি সঠিক? A. i B. ii C. i ও ii D. ii ও iii Answer with only A, B, C, or D.","bagh o horiner modhye songgram bidyoman- i. antohprojatik ii. ontohprojatik iii. poribesher songge nicher konoti sothik? A. i B. ii C. i o ii D. ii o iii Answer with only A, B, C, or D.","What type of struggle found between tiger and deer? i. Inter specific struggle ii. Intra specific struggle iii. Struggle with environment Which one is correct? A. i B. ii C. i and ii D. ii and iii Answer with only A,..."
benqa_ext_10th-Biology_0186,B,Biology,biology,1,0,0,B,D,C,"লাউ গাছের কাণ্ডে দৃঢ়তা প্রদান করে কোনটি? A. প্যারেনকাইমা B. কোলেনকাইমা C. ফাইবার D. স্ক্লেরাইড Answer with only A, B, C, or D.","lau gachher kande drirhota prodan kore konoti? A. pyarenokaima B. kolenokaima C. faibar D. skleraid Answer with only A, B, C, or D.","Which one give rigidity to gourd? A. Parenchyma B. Collenchyma C. Fiber D. Scleroids Answer with only A, B, C, or D."
benqa_ext_10th-Biology_0203,D,Biology,biology,1,0,1,D,B,D,"নিচের কোনটি C_{3} উদ্ভিদ? A. আখ B. ভূট্টা C. মুথাঘাস D. ধান Answer with only A, B, C, or D.","nicher konoti C_{3} udbhid? A. akh B. bhutta C. muthaghas D. dhan Answer with only A, B, C, or D.","Which one of the following ius the example of C_{3} plant? A. Sugarcane B. Maize C. Motha grass D. Paddy Answer with only A, B, C, or D."
benqa_ext_10th-Biology_0218,D,Biology,biology,1,0,1,D,C,D,"নিচের কোনটিতে স্টোন সেল বিদ্যমান? A. তাল B. কলা C. বাঁশ D. সাইকাস Answer with only A, B, C, or D.","nicher konotite ston sel bidyoman? A. tal B. kola C. bansh D. saikas Answer with only A, B, C, or D.","In which of the following stone cell is present? A. Palm B. Banana C. Bamboo D. Cycus Answer with only A, B, C, or D."
benqa_ext_10th-Biology_0225,C,Biology,biology,1,0,1,C,D,C,"ঝিল্লিবিহীন সাইটোপ্লাজমীয় অঙ্গাণু কোনটি? A. গলজি বস্তু B. লাইসোসোম C. রাইবোসোম D. কোষ গহ্বর Answer with only A, B, C, or D.","jhillibihin saitoplajomiy ongganu konoti? A. goloji bostu B. laisosom C. raibosom D. kosh gohbor Answer with only A, B, C, or D.","Which one is non-membranous Cytoplasmic organelle? A. Golgi body B. Lysosome C. Ribosome D. Cell vecuole Answer with only A, B, C, or D."
benqa_ext_10th-Biology_0243,D,Biology,biology,1,0,1,D,B,D,"ইলেকট্রন ট্রান্সপোর্ট সিস্টেম ঘটে কোনটিতে? A. নিউক্লিয়াস B. রাইবোজোম C. লাইসোজোম D. মাইটোকন্ড্রিয়া Answer with only A, B, C, or D.","ilekotron transoport sistem ghote konotite? A. niukliyas B. raibojom C. laisojom D. maitokondriya Answer with only A, B, C, or D.","Electron transport system is occurred in which organell? A. Nucleus B. Ribosome C. Lysosome D. Mitochondria Answer with only A, B, C, or D."
benqa_ext_10th-Biology_0247,B,Biology,biology,1,0,1,B,C,B,"নিচের কোনটি স্মৃতি সংরক্ষণে সাহায্য করে? A. যোজক টিস্যু B. স্না্যু টিস্যু C. আবরণী টিস্যু D. পেশি টিস্যু Answer with only A, B, C, or D.","nicher konoti smriti songrokshone sahajy kore? A. jojok tisyu B. snaju tisyu C. aboroni tisyu D. peshi tisyu Answer with only A, B, C, or D.","Which one of the following helps to store memory? A. Connective tissue B. Nerve tissue C. Epithelial tissue D. Muscular tissue Answer with only A, B, C, or D."
benqa_ext_10th-Biology_0260,A,Biology,biology,0,0,1,C,C,A,"বাবা, মা এবং সাবিনা, সাবিহা দুই বোন মিলে তাদের পরিবার। উক্ত পরিবারে কার বৃক্কে পাথর হওয়ায় সম্ভাবনা বেশি? A. বাবা B. মা C. সাবিনা D. সাবিহা Answer with only A, B, C, or D.","baba, ma ebong sabina, sabiha dui bon mile tader poribar. ukt poribare kar brikke pathor hooyay sombhabona beshi? A. baba B. ma C. sabina D. sabiha Answer with only A, B, C, or D.","The family consists of parents and two sisters Sabina and Sahiha. Who is most likely to develop stones in his or her kidney? A. Father B. Mother C. Sabina D. Sabiha Answer with only A, B, C, or D."
benqa_ext_10th-Biology_0278,D,Biology,biology,1,0,1,D,B,D,"কিডনি বিকল হলে রক্তে কোনটির পরিমাণ বৃদ্ধি পায়? A. অ্যামাইনো এসিড B. ইউরিক এসিড C. ইউরোক্রোম D. ক্রিয়েটিনিন Answer with only A, B, C, or D.","kidoni bikol hole rokte konotir poriman briddhi pay? A. amaino esid B. iurik esid C. iurokrom D. kriyetinin Answer with only A, B, C, or D.","Which one of the following is increased in the blood due to kidney failure? A. Amino acid B. Uric acid C. Urochrome D. Creatinine Answer with only A, B, C, or D."
benqa_ext_10th-Biology_0287,A,Biology,biology,1,0,1,A,C,A,"কোন খাবার অতিরিক্ত গ্রহণে মূত্রের অম্লতা বৃদ্ধি পায়? A. মাছ B. ভাত C. মাখন D. আম Answer with only A, B, C, or D.","kon khabar otirikt grohone mutrer omlota briddhi pay? A. machh B. bhat C. makhon D. am Answer with only A, B, C, or D.","Which food will increase the acidity of urine if it is taken excessively? A. Fish B. Rice C. Butter D. Mango Answer with only A, B, C, or D."
benqa_ext_10th-Biology_0305,A,Biology,biology,1,0,1,A,C,A,"কোনটি পতঙ্গ পরাগী ফুল? A. জবা B. কদম C. শিমুল D. কচু Answer with only A, B, C, or D.","konoti potongg poragi ful? A. joba B. kodom C. shimul D. kochu Answer with only A, B, C, or D.","Which one of the following is an insect pollinated flower? A. Hibiscus B. Kadam C. Shimul D. Taro Answer with only A, B, C, or D."
benqa_ext_10th-Biology_0334,A,Biology,biology,1,0,1,A,C,A,"কোনটিতে ফ্লোয়েম ফাইবার পাওয়া যায়? A. পাট B. আখ C. ভুট্টা D. সরিষা Answer with only A, B, C, or D.","konotite floyem faibar paoya jay? A. pat B. akh C. bhutta D. sorisha Answer with only A, B, C, or D.","Where is found in phloem fiber? A. Jute B. Sugarcane C. Maize D. Mustard Answer with only A, B, C, or D."
benqa_ext_10th-Biology_0340,A,Biology,biology,0,0,1,D,D,A,"নিষেকের কত সপ্তাহের মধ্যে অমরা গঠিত হয়? A. 12 B. 11 C. 10 D. 9 Answer with only A, B, C, or D.","nisheker kot soptaher modhye omora gothit hoy? A. 12 B. 11 C. 10 D. 9 Answer with only A, B, C, or D.","Placenta is formed in how many weeks after fertilization? A. 12 B. 11 C. 10 D. 9 Answer with only A, B, C, or D."
benqa_ext_10th-Biology_0342,B,Biology,biology,1,0,1,B,D,B,"মি. X এর একটানা এক মাসেরও বেশি জ্বর, পাতলা পায়খানা, এবং শুকনো কাশি। তার ঘাড় ও বগলে ব্যাথা অনুভূত হয়। মুখমণ্ডল খসখসে হয়ে গেছে। চিকিৎসকের কাছে গেলে চিকিৎসক পরীক্ষা-নিরীক্ষা করে জানালেন, তিনি এমন এক রোগে আক্রান্ত হয়েছেন,...","mi. X er ekotana ek maseroo beshi jbor, patola payokhana, ebong shukono kashi. tar ghar o bogole byatha onubhut hoy. mukhomondol khosokhose hoye gechhe. chikitosoker kachhe gele chikitosok poriksha-niriksha kore janal...","Mr. X has a continuous fever for more than one month, diarrhoea and dry cough. He feels pain in neck and armpit. The face has become rough. When he went to the doctor's chamber, the doctor examined him and said that h..."
benqa_ext_10th-Biology_0344,D,Biology,biology,1,0,1,D,C,D,"কোন পদ্ধতিতে গ্যামেট সৃষ্টি হয়? A. Fragmentation B. Amitosis C. Mitosis D. Meiosis Answer with only A, B, C, or D.","kon poddhotite gyamet srishti hoy? A. Fragmentation B. Amitosis C. Mitosis D. Meiosis Answer with only A, B, C, or D.","In which process gamete is produced A. Fragmentation B. Amitosis C. Mitosis D. Meisosis Answer with only A, B, C, or D."
benqa_ext_10th-Biology_0350,D,Biology,biology,1,0,1,D,A,D,"উত্তর ও মধ্য আমেরিকার কোয়েল পাখি বিলুপ্ত হওয়ার কারণ কোনটি? A. প্রকরণের পরিবর্তন B. আন্তঃপ্রজাতিক সংগ্রাম C. অন্তঃপ্রজাতিক সংগ্রাম D. পরিবেশের সাথে সংগ্রাম Answer with only A, B, C, or D.","uttor o modhy amerikar koyel pakhi bilupt hooyar karon konoti? A. prokoroner poriborton B. antohprojatik songgram C. ontohprojatik songgram D. poribesher sathe songgram Answer with only A, B, C, or D.","What is the reason for the extinction of North and South American Koel brids? A. Variation of variants B. Inter specific struggle C. Intra specific struggle D. Struggle with environment Answer with only A, B, C, or D."
benqa_ext_10th-Chemistry_0006,D,Chemistry,chemistry,1,0,1,D,C,D,কোনটি তাপ উৎপাদী বিক্রিয়া? A. SO_{2}(g) \rightarrow S(s) + O_{2}(g) B. H_{2}O(g) \rightarrow H_{2}(g) + O_{2}(g) C. N_{2}(g) + O_{2}(g) \rightarrow NO(g) D. N_{2}(g) + H_{2}(g) \rightarrow NH_{3}(g) Answer with only A...,konoti tap utopadi bikriya? A. SO_{2}(g) \rightarrow S(s) + O_{2}(g) B. H_{2}O(g) \rightarrow H_{2}(g) + O_{2}(g) C. N_{2}(g) + O_{2}(g) \rightarrow NO(g) D. N_{2}(g) + H_{2}(g) \rightarrow NH_{3}(g) Answer with only...,"Which one is exothermic reaction? A. SO_{2}(g)\rightarrow S(s)+O_{2}(g) B. H_{2}O(g)\rightarrow H_{2}(g)+O_{2}(g) C. N_{2}(g)+H_{2}(g)\rightarrow NO(g) D. N_{2}(g)+H_{2}(g)\rightarrow NH_{3}(g) Answer with only A, B,..."
benqa_ext_10th-Chemistry_0016,A,Chemistry,chemistry,1,0,0,A,B,C,"কোনটি দাহ্য পদার্থ? A. ইথার B. টি.এন.টি C. বেনজিন D. টলুইন Answer with only A, B, C, or D.","konoti dahy podarth? A. ithar B. ti.en.ti C. benojin D. toluin Answer with only A, B, C, or D.","Which one is flammable substance? A. Ether B. TNT C. Benzene D. Toluene Answer with only A, B, C, or D."
benqa_ext_10th-Chemistry_0027,A,Chemistry,chemistry,0,0,1,B,D,A,"(n - 1) d^{3} ns^{2} ইলেকট্রন বিন্যাস n = 4 মৌলটি নিচের কোনটি? A. V B. Mn C. Co D. Ni Answer with only A, B, C, or D.","(n - 1) d^{3} ns^{2} ilekotron binyas n = 4 mouloti nicher konoti? A. V B. Mn C. Co D. Ni Answer with only A, B, C, or D.","Which is the following element is the electronic configuration of (n-1)d^{3}ns^{2}? Where n = 4? A. V B. Mn C. Co D. Ni Answer with only A, B, C, or D."
benqa_ext_10th-Chemistry_0034,D,Chemistry,chemistry,1,0,1,D,C,D,"তুঁতের একটি অণুতে কয়টি পরমাণু থাকে? A. 5 B. 6 C. 11 D. 21 Answer with only A, B, C, or D.","tunter ekoti onute koyoti poromanu thake? A. 5 B. 6 C. 11 D. 21 Answer with only A, B, C, or D.","How many atoms are there in a pentahydrate copper sulphate molecule? A. 5 B. 6 C. 11 D. 21 Answer with only A, B, C, or D."
benqa_ext_10th-Chemistry_0050,B,Chemistry,chemistry,1,0,0,B,D,C,"পটাসিয়াম এর 'M' শক্তিস্তর কতটি ইলেকট্রন থাকে? A. 2 B. 8 C. 9 D. 18 Answer with only A, B, C, or D.","potasiyam er 'M' shoktistor kototi ilekotron thake? A. 2 B. 8 C. 9 D. 18 Answer with only A, B, C, or D.","How much electrons are present in 'M' energy shell of potassium? A. 2 B. 8 C. 9 D. 18 Answer with only A, B, C, or D."
benqa_ext_10th-Chemistry_0058,B,Chemistry,chemistry,1,0,1,B,C,B,"হ্যালোজেন গ্রুপের মৌলগুলোর যোজ্যতা ইলেকট্রন কয়টি? A. 1 B. 7 C. 8 D. 17 Answer with only A, B, C, or D.","hyalojen gruper moulogulor jojyota ilekotron koyoti? A. 1 B. 7 C. 8 D. 17 Answer with only A, B, C, or D.","What is the valence electrons of the elements of halogen group? A. 1 B. 7 C. 8 D. 17 Answer with only A, B, C, or D."
benqa_ext_10th-Chemistry_0061,B,Chemistry,chemistry,0,0,1,D,D,B,"200 mL দ্রবণে কত গ্রাম সোডিয়াম হাইড্রোক্সাইড দ্রবীভূত থাকলে এর ঘনমাত্রা সেমিমোলার হবে? A. 20 B. 4 C. 1.25 D. 0.5 Answer with only A, B, C, or D.","200 mL drobone kot gram sodiyam haidroksaid drobibhut thakole er ghonomatra semimolar hobe? A. 20 B. 4 C. 1.25 D. 0.5 Answer with only A, B, C, or D.","How many grams of sodium hydroxide in 200 ml of solution will have a concentration of semi molar? A. 20 B. 4 C. 1.25 D. 0.5 Answer with only A, B, C, or D."
benqa_ext_10th-Chemistry_0072,B,Chemistry,chemistry,1,0,1,B,C,B,"নিচের কোনটির পারমাণবিক ব্যাসার্ধ সবচেয়ে কম? A. Na^{+} B. Mg^{2+} C. S^{2-} D. Cl^{-} Answer with only A, B, C, or D.","nicher konotir paromanobik byasardh sobocheye kom? A. Na^{+} B. Mg^{2+} C. S^{2-} D. Cl^{-} Answer with only A, B, C, or D.","Which one has the lowest atomic radius? A. Na^{+} B. Mg^{2+} C. S^{2-} D. Cl^{-} Answer with only A, B, C, or D."
benqa_ext_10th-Chemistry_0075,B,Chemistry,chemistry,1,0,1,B,C,B,"হিলিয়ামের নিউক্লিয়াসে কয়টি প্রোটন থাকে? A. 1 B. 2 C. 3 D. 4 Answer with only A, B, C, or D.","hiliyamer niukliyase koyoti proton thake? A. 1 B. 2 C. 3 D. 4 Answer with only A, B, C, or D.","How many protons are in the nucleus of Helium? A. 1 B. 2 C. 3 D. 4 Answer with only A, B, C, or D."
benqa_ext_10th-Chemistry_0080,D,Chemistry,chemistry,1,0,1,D,C,D,"ক্যালসিয়াম ফসফেট যৌগের আপেক্ষিক আণবিক ভর কত? A. 139 B. 154 C. 279 D. 310 Answer with only A, B, C, or D.","kyalosiyam fosofet jouger apekshik anobik bhor kot? A. 139 B. 154 C. 279 D. 310 Answer with only A, B, C, or D.","What is the relative molecular mass of calcium phosphate? A. 139 B. 154 C. 279 D. 310 Answer with only A, B, C, or D."
benqa_ext_10th-Chemistry_0082,A,Chemistry,chemistry,1,0,1,A,C,A,"কোন মৌলটি রাসায়নিকভাবে আসক্তিহীন? A. Ne B. Na C. Cl D. Ca Answer with only A, B, C, or D.","kon mouloti rasayonikobhabe asoktihin? A. Ne B. Na C. Cl D. Ca Answer with only A, B, C, or D.","Which element is chemically inert? A. Ne B. Na C. Cl D. Ca Answer with only A, B, C, or D."
benqa_ext_10th-Chemistry_0095,D,Chemistry,chemistry,0,0,1,C,C,D,"CH_{3} - C \equiv CH যৌগটির IUPAC নাম কী? A. প্রোপাইল B. প্রোপেন C. প্রোপিন D. প্রোপাইন Answer with only A, B, C, or D.","CH_{3} - C \equiv CH jougotir IUPAC nam ki? A. propail B. propen C. propin D. propain Answer with only A, B, C, or D.","What is the IUPAC name of compound 'CH_{3}-C\equiv CH'? A. Propyl B. Propane C. Propene D. Propyne Answer with only A, B, C, or D."
benqa_ext_10th-Chemistry_0099,B,Chemistry,chemistry,1,0,1,B,C,B,"মৃৎক্ষার ধাতুসমূহের বহিঃস্থ স্তরে কতটি ইলেকট্রন থাকে? A. 1 B. 2 C. 3 D. 4 Answer with only A, B, C, or D.","mritokshar dhatusomuher bohihsth store kototi ilekotron thake? A. 1 B. 2 C. 3 D. 4 Answer with only A, B, C, or D.","How many electrons remain in the outermost energy level of an alkaline earth metal? A. 1 B. 2 C. 3 D. 4 Answer with only A, B, C, or D."
benqa_ext_10th-Chemistry_0102,D,Chemistry,chemistry,1,0,1,D,C,D,"নাইট্রোজেন কোন গ্রুপের মৌল? A. 12 B. 13 C. 14 D. 15 Answer with only A, B, C, or D.","naitrojen kon gruper moul? A. 12 B. 13 C. 14 D. 15 Answer with only A, B, C, or D.","Which group element is Nitrogen? A. 12 B. 13 C. 14 D. 15 Answer with only A, B, C, or D."
benqa_ext_10th-Chemistry_0108,B,Chemistry,chemistry,1,0,1,B,D,B,"মেন্ডেলিফ কতটি আবিষ্কৃত মৌল নিয়ে পর্যায় সারণি করেন? A. 33 B. 63 C. 64 D. 67 Answer with only A, B, C, or D.","mendelif kototi abishkrit moul niye poryay saroni koren? A. 33 B. 63 C. 64 D. 67 Answer with only A, B, C, or D.","By taking how many discovered elements, Mendeleev's made the periodic table? A. 33 B. 63 C. 64 D. 67 Answer with only A, B, C, or D."
benqa_ext_10th-Chemistry_0149,B,Chemistry,chemistry,1,0,1,B,D,B,"নিচের কোন মৌলটি অধিকতর তড়িৎ ঋণাত্মক? A. C B. F C. O D. N Answer with only A, B, C, or D.","nicher kon mouloti odhikotor torit rinatmok? A. C B. F C. O D. N Answer with only A, B, C, or D.","Which one is higher electronegative element? A. C B. F C. 0 D. N Answer with only A, B, C, or D."
benqa_ext_10th-Chemistry_0157,B,Chemistry,chemistry,1,0,1,B,D,B,"একটি মৌলের পরমাণুতে a সংখ্যক প্রোটন, b সংখ্যক ইলেকট্রন এবং c সংখ্যক নিউটন আছে। মৌলটির ভর সংখ্যা কত? A. a + b B. a + c C. b + c D. a + b + c Answer with only A, B, C, or D.","ekoti mouler poromanute a songkhyok proton, b songkhyok ilekotron ebong c songkhyok niuton achhe. moulotir bhor songkhya kot? A. a + b B. a + c C. b + c D. a + b + c Answer with only A, B, C, or D.","In atom of an element contain, proton no. a, electron no. b and neutron no. c. What is the mass number of that element? A. a + b B. a + c C. b + c D. a +b + c Answer with only A, B, C, or D."
benqa_ext_10th-Chemistry_0163,B,Chemistry,chemistry,1,0,1,B,D,B,"ফসফেটের মূলকের যোজনী কত? A. 4 B. 3 C. 2 D. 1 Answer with only A, B, C, or D.","fosofeter muloker jojoni kot? A. 4 B. 3 C. 2 D. 1 Answer with only A, B, C, or D.","What is the valency of phosphate radical? A. 4 B. 3 C. 2 D. 1 Answer with only A, B, C, or D."
benqa_ext_10th-Chemistry_0181,C,Chemistry,chemistry,1,0,1,C,D,C,"_{19}X মৌলটির অবস্থান কোন পর্যায়ে? A. 1 B. 3 C. 4 D. 5 Answer with only A, B, C, or D.","_{19}X moulotir obosthan kon poryaye? A. 1 B. 3 C. 4 D. 5 Answer with only A, B, C, or D.","Which one is the period of element _{19}^{}\textrm{X} A. 1 B. 3 C. 4 D. 5 Answer with only A, B, C, or D."
benqa_ext_10th-Chemistry_0183,A,Chemistry,chemistry,1,0,1,A,D,A,"প্রাকৃতিক গ্যাসের দহনে উৎপন্ন হয়- i. CO_{2} ii. H_{2}O iii. NO_{2} নিচের কোনটি সঠিক? A. i ও ii B. i ও iii C. ii ও iii D. i, ii ও iii Answer with only A, B, C, or D.","prakritik gyaser dohone utoponn hoy- i. CO_{2} ii. H_{2}O iii. NO_{2} nicher konoti sothik? A. i o ii B. i o iii C. ii o iii D. i, ii o iii Answer with only A, B, C, or D.","Products of the combustion of metural gas- i. CO_{2} ii. H_{2}O iii. NO_{2} Which one is correct? A. i and ii B. i and iii C. ii and iii D. i, ii and iii Answer with only A, B, C, or D."
benqa_ext_10th-Chemistry_0195,C,Chemistry,chemistry,1,0,1,C,D,C,"_{6}X _{17}Y _{12}Z Y মৌলের যোজ্যতা ইলেকট্রন কতটি? A. 1 B. 5 C. 7 D. 17 Answer with only A, B, C, or D.","_{6}X _{17}Y _{12}Z Y mouler jojyota ilekotron kototi? A. 1 B. 5 C. 7 D. 17 Answer with only A, B, C, or D.","_{6}^{}\textrm{X} _{17}^{}\textrm{Y} _{12}^{}\textrm{Z} How many valence electrons are there in Y element? A. 1 B. 5 C. 7 D. 17 Answer with only A, B, C, or D."
benqa_ext_10th-Chemistry_0203,D,Chemistry,chemistry,1,0,1,D,C,D,"কোন মৌলটির যোজনী শূন্য? A. Na B. Ni C. K D. Kr Answer with only A, B, C, or D.","kon moulotir jojoni shuny? A. Na B. Ni C. K D. Kr Answer with only A, B, C, or D.","The valency of which element is zero? A. Na B. Ni C. K D. Kr Answer with only A, B, C, or D."
benqa_ext_10th-Chemistry_0232,A,Chemistry,chemistry,1,0,1,A,B,A,"কোন মৌলের পরমাণুতে নিউট্রন নেই? A. H B. He C. Li D. Be Answer with only A, B, C, or D.","kon mouler poromanute niutron nei? A. H B. He C. Li D. Be Answer with only A, B, C, or D.","In which atom of the following elements has no neutron? A. H B. He C. Li D. Be Answer with only A, B, C, or D."
benqa_ext_10th-Chemistry_0246,B,Chemistry,chemistry,1,0,1,B,C,B,"নিচের কোনটি মুদ্রা ধাতু? A. Rg B. Au C. Al D. As Answer with only A, B, C, or D.","nicher konoti mudra dhatu? A. Rg B. Au C. Al D. As Answer with only A, B, C, or D.","Which one of the following is a coin metals? A. Rg B. Au C. Al D. As Answer with only A, B, C, or D."
benqa_ext_10th-Chemistry_0275,A,Chemistry,chemistry,1,0,1,A,D,A,"Na_{2}S_{2}O_{3} যৌগে সালফারের জারণ মান কত? A. \text{+ 2} B. \text{+ 4} C. \text {+ 5} D. \text{+ 6} Answer with only A, B, C, or D.","Na_{2}S_{2}O_{3} jouge salofarer jaron man kot? A. \text{+ 2} B. \text{+ 4} C. \text {+ 5} D. \text{+ 6} Answer with only A, B, C, or D.","What is the oxidation number of sulphur in compound Na_{2}S_{2}O_{3}? A. + 2 B. + 4 C. + 5 D. + 6 Answer with only A, B, C, or D."
benqa_ext_10th-Chemistry_0288,C,Chemistry,chemistry,1,0,1,C,B,C,"কোনটি পরিবর্তনশীল যোজ্যতা প্রদর্শন করে? A. Ca B. Al C. Fe D. Zn Answer with only A, B, C, or D.","konoti poribortonoshil jojyota prodorshon kore? A. Ca B. Al C. Fe D. Zn Answer with only A, B, C, or D.","Which one shows variable valency? A. Ca B. Al C. Fe D. Zn Answer with only A, B, C, or D."
benqa_ext_10th-Chemistry_0295,C,Chemistry,chemistry,1,0,0,C,B,D,"কোন মৌলের ইলেকট্রন, প্রোটন ও নিউট্রন সংখ্যা সমান? A. Na B. K C. Ca D. Cl Answer with only A, B, C, or D.","kon mouler ilekotron, proton o niutron songkhya soman? A. Na B. K C. Ca D. Cl Answer with only A, B, C, or D.","Which element has the equal numbers of electron, proton and neutron? A. Na B. K C. Ca D. Cl Answer with only A, B, C, or D."
benqa_ext_10th-Chemistry_0327,D,Chemistry,chemistry,1,0,1,D,B,D,"কোন মৌলটির ধাতব ধর্ম বেশি? A. Na B. Mg C. Ca D. K Answer with only A, B, C, or D.","kon moulotir dhatob dhorm beshi? A. Na B. Mg C. Ca D. K Answer with only A, B, C, or D.","Which element has more metallic property? A. Na B. Mg C. Ca D. K Answer with only A, B, C, or D."
benqa_ext_10th-Chemistry_0330,C,Chemistry,chemistry,1,0,0,C,D,A,"মেন্ডেলিফের পর্যায় সারণিতে কতটি আনুভূমিক সারি ছিল? A. 7 B. 8 C. 12 D. 18 Answer with only A, B, C, or D.","mendelifer poryay saronite kototi anubhumik sari chhil? A. 7 B. 8 C. 12 D. 18 Answer with only A, B, C, or D.","How many horizontal rows are present in the Mendeleev's periodic table? A. 7 B. 8 C. 12 D. 18 Answer with only A, B, C, or D."
benqa_ext_10th-Chemistry_0331,C,Chemistry,chemistry,1,0,1,C,D,C,"আমাদের শরীরে কত ধরনের মৌল রয়েছে? A. 22 B. 24 C. 26 D. 28 Answer with only A, B, C, or D.","amader shorire kot dhoroner moul royechhe? A. 22 B. 24 C. 26 D. 28 Answer with only A, B, C, or D.","How many different elements are present in our body? A. 22 B. 24 C. 26 D. 28 Answer with only A, B, C, or D."
benqa_ext_10th-Chemistry_0333,A,Chemistry,chemistry,1,0,1,A,D,A,"Zn + H_{2}SO_{4} \rightarrow ZnSO_{4} + H_{2} বিক্রিয়াটি- i. প্রতিস্থাপন বিক্রিয়া ii. রেডক্স বিক্রিয়া iii. প্রশমন বিক্রিয়া নিচের কোনটি সঠিক? A. i ও ii B. i ও iii C. ii ও iii D. i, ii ও iii Answer with only A, B, C, or D.","Zn + H_{2}SO_{4} \rightarrow ZnSO_{4} + H_{2} bikriyati- i. protisthapon bikriya ii. redoks bikriya iii. proshomon bikriya nicher konoti sothik? A. i o ii B. i o iii C. ii o iii D. i, ii o iii Answer with only A, B, C...","Zn+H_{2}SO_{4}\rightarrow ZnSO_{4}+H_{2} ; The reaction- i. substitution reaction ii. redox reaction iii. nutralization reaction Which one is correct? A. i and ii B. i and iii C. ii and iii D. i, ii and iii Answer wit..."
benqa_ext_10th-Chemistry_0349,B,Chemistry,chemistry,1,0,1,B,D,B,"Ti মৌলটি পর্যায় সারণির কোন গ্রুপে অবস্থিত? A. 2 B. 4 C. 10 D. 14 Answer with only A, B, C, or D.","Ti mouloti poryay saronir kon grupe obosthit? A. 2 B. 4 C. 10 D. 14 Answer with only A, B, C, or D.","The element of 'Ti' belong to in which group of the periodic table? A. 2 B. 4 C. 10 D. 14 Answer with only A, B, C, or D."
benqa_ext_10th-Chemistry_0358,A,Chemistry,chemistry,1,0,1,A,B,A,"1 g KCl লবণে কয়টি অণু আছে? A. 8.084 \times 10^{21} B. 8.084 \times 10^{22} C. 8.084 \times 10^{23} D. 8.084 \times 10^{24} Answer with only A, B, C, or D.","1 g KCl lobone koyoti onu achhe? A. 8.084 \times 10^{21} B. 8.084 \times 10^{22} C. 8.084 \times 10^{23} D. 8.084 \times 10^{24} Answer with only A, B, C, or D.","How many molecules in 1gm KCl? A. 8.084\times 10^{21} B. 8.084\times 10^{22} C. 8.084\times 10^{23} D. 8.084\times 10^{24} Answer with only A, B, C, or D."
benqa_ext_10th-Chemistry_0367,C,Chemistry,chemistry,1,0,1,C,D,C,"সোডিয়াম থায়োসালফেট যৌগে S এর জারণ সংখ্যা কত? A. 6 B. 4 C. 2 D. 3 Answer with only A, B, C, or D.","sodiyam thayosalofet jouge S er jaron songkhya kot? A. 6 B. 4 C. 2 D. 3 Answer with only A, B, C, or D.","What is the oxidation number of S in sodium thiosulphate? A. + 6 B. + 4 C. + 2 D. + 3 Answer with only A, B, C, or D."
benqa_ext_10th-Chemistry_0376,B,Chemistry,chemistry,1,0,1,B,C,B,"কোনটি প্রাকৃতিক পলিমার? A. পলিথিন B. রাবার C. পিভিসি D. পলিপ্রোপিন Answer with only A, B, C, or D.","konoti prakritik polimar? A. polithin B. rabar C. pibhisi D. polipropin Answer with only A, B, C, or D.","Which one is natural polymer? A. Polythene B. Rubber C. PVC D. Polypropene Answer with only A, B, C, or D."
benqa_ext_10th-Chemistry_0383,A,Chemistry,chemistry,1,0,1,A,D,A,"কোন মৌলটি হ্যালোজেন গ্রুপের অন্তর্ভুক্ত? A. অ্যাস্টাটিন B. সিজিয়াম C. সিলভার D. স্ট্রনসিয়াম Answer with only A, B, C, or D.","kon mouloti hyalojen gruper ontorbhukt? A. astatin B. sijiyam C. silobhar D. stronosiyam Answer with only A, B, C, or D.","Which elements belongs to the Halogen group? A. Astatine B. Caesium C. Silver D. Strontium Answer with only A, B, C, or D."
benqa_ext_10th-Chemistry_0386,A,Chemistry,chemistry,1,0,1,A,C,A,"ইলেকট্রনের প্রকৃত ভর কত? A. 9.110 \times 10^{-28} g B. 1.675 \times 10^{-24} g C. 1.673 \times 10^{-24} g D. 1.66 \times 10^{-24} g Answer with only A, B, C, or D.","ilekotroner prokrit bhor kot? A. 9.110 \times 10^{-28} g B. 1.675 \times 10^{-24} g C. 1.673 \times 10^{-24} g D. 1.66 \times 10^{-24} g Answer with only A, B, C, or D.","What is the actual mass of electron? A. 9.110\times 10^{-28}g B. 1.675\times 10^{-24}g C. 1.673\times 10^{-24}g D. 1.66\times 10^{-24}g Answer with only A, B, C, or D."
benqa_ext_10th-Math-II_0003,A,Math-II,math-ii,0,0,1,C,C,A,\sqrt{3} + 1 + \frac{1}{\sqrt{3}} + \frac{1}{3} + \frac{1}{3\sqrt{3}} + ... গুণোত্তর ধারার অসীমতক সমষ্টি কত? A. \frac{3}{\sqrt{3} - 1} B. \sqrt{3} - 1 C. \frac{2\sqrt{3}}{\sqrt{3} - 1} D. \frac{3}{1 - \sqrt{3}} Answer...,\sqrt{3} + 1 + \frac{1}{\sqrt{3}} + \frac{1}{3} + \frac{1}{3\sqrt{3}} + ... gunottor dharar osimotok somoshti kot? A. \frac{3}{\sqrt{3} - 1} B. \sqrt{3} - 1 C. \frac{2\sqrt{3}}{\sqrt{3} - 1} D. \frac{3}{1 - \sqrt{3}}...,Which is the sum of the given infinite geometric series? \sqrt{3} + 1 + \frac{1}{\sqrt{3}} + \frac{1}{3} + \frac{1}{3\sqrt{3}} + \cdots A. \frac{3}{\sqrt{3} - 1} B. \sqrt{3} - 1 C. \frac{2\sqrt{3}}{\sqrt{3} - 1} D. \f...
benqa_ext_10th-Math-II_0030,D,Math-II,math-ii,0,0,1,B,C,D,"- 13\sqrt{13} এর ঘনমূল কত? A. -13 B. \sqrt[3]{13} C. \sqrt{13} D. - \sqrt{13} Answer with only A, B, C, or D.","- 13\sqrt{13} er ghonomul kot? A. -13 B. \sqrt[3]{13} C. \sqrt{13} D. - \sqrt{13} Answer with only A, B, C, or D.","What is the cubic root of - 13\sqrt{13}? A. -13 B. \sqrt[3]{13} C. \sqrt{13} D. - \sqrt{13} Answer with only A, B, C, or D."
benqa_ext_10th-Math-II_0078,A,Math-II,math-ii,1,0,1,A,B,A,"একটি নিরপেক্ষ ছক্কা নিক্ষেপ করলে 2 উঠার সম্ভাবনা কোনটি? A. \frac{1}{6} B. \frac{1}{3} C. \frac{1}{2} D. \frac{2}{3} Answer with only A, B, C, or D.","ekoti niropeksh chhokka nikshep korole 2 uthar sombhabona konoti? A. \frac{1}{6} B. \frac{1}{3} C. \frac{1}{2} D. \frac{2}{3} Answer with only A, B, C, or D.","What is the probability of getting 2 on throwing an unbiased dice? A. \frac{1}{6} B. \frac{1}{3} C. \frac{1}{2} D. \frac{2}{3} Answer with only A, B, C, or D."
benqa_ext_10th-Math-II_0116,A,Math-II,math-ii,1,0,0,A,D,D,"x^{\frac{1}{p}} = y^{\frac{1}{q}} = z^{\frac{1}{r}} এবং xyz = 1 কোনটি সঠিক? A. x = y^{\frac{p}{q}} B. x = y^{\frac{q}{p}} C. y = x^{\frac{r}{q}} D. z = y^{\frac{q}{r}} Answer with only A, B, C, or D.","x^{\frac{1}{p}} = y^{\frac{1}{q}} = z^{\frac{1}{r}} ebong xyz = 1 konoti sothik? A. x = y^{\frac{p}{q}} B. x = y^{\frac{q}{p}} C. y = x^{\frac{r}{q}} D. z = y^{\frac{q}{r}} Answer with only A, B, C, or D.","x^{\frac{1}{p}} = y^{\frac{1}{q}} = z^{\frac{1}{r}} and xyz = 1 Which one is correct? A. x = y^{\frac{p}{q}} B. x = y^{\frac{q}{p}} C. y = x^{\frac{r}{q}} D. z = y^{\frac{q}{r}} Answer with only A, B, C, or D."
benqa_ext_10th-Math-II_0240,C,Math-II,math-ii,0,0,1,D,D,C,"(x - \frac{k}{3})^{4} এর বিস্তৃতিতে x^{3} এর সহগ - 12 হলে k এর মান কত? A. -36 B. -9 C. 9 D. 36 Answer with only A, B, C, or D.","(x - \frac{k}{3})^{4} er bistritite x^{3} er sohog - 12 hole k er man kot? A. -36 B. -9 C. 9 D. 36 Answer with only A, B, C, or D.","In the expansion of (x - \frac{k}{3})^{4} coefficient of x^{3} is - 12, what is the value of k? A. -36 B. -9 C. 9 D. 36 Answer with only A, B, C, or D."
benqa_ext_10th-Math-II_0252,C,Math-II,math-ii,1,0,0,C,B,B,sec\Theta = - \frac{2}{\sqrt{3}} এবং \frac{\pi}{2} < \Theta < \frac{3\pi}{2} হলে- i. \theta = \frac{2\pi}{3} ii. \theta = \frac{5\pi}{6} iii. \theta = \frac{7\pi}{6} নিচের কোনটি সঠিক? A. i ও ii B. i ও iii C. ii ও iii...,sec\Theta = - \frac{2}{\sqrt{3}} ebong \frac{\pi}{2} < \Theta < \frac{3\pi}{2} hole- i. \theta = \frac{2\pi}{3} ii. \theta = \frac{5\pi}{6} iii. \theta = \frac{7\pi}{6} nicher konoti sothik? A. i o ii B. i o iii C. ii...,If sec\Theta = - \frac{2}{\sqrt{3}} and \frac{\pi}{2} < \Theta < \frac{3\pi}{2} then i. \theta = \frac{2\pi}{3} ii. \theta = \frac{5\pi}{6} iii. \theta = \frac{7\pi}{6} Which one of the following is correct? A. i and...
benqa_ext_10th-Math-II_0258,B,Math-II,math-ii,1,0,1,B,D,B,"log_{x}(x + y) = 2 = log_{2}(x - y} হলে, (x, y) এর মান নিচের কোনটি? A. (6, 2) B. (10, 6) C. (6, 10) D. (20, 12) Answer with only A, B, C, or D.","log_{x}(x + y) = 2 = log_{2}(x - y} hole, (x, y) er man nicher konoti? A. (6, 2) B. (10, 6) C. (6, 10) D. (20, 12) Answer with only A, B, C, or D.","If log_{x}(x + y) = 2 = log_{2}(x - y} then, what is the value of (x, y)? A. (6, 2) B. (10, 6) C. (6, 10) D. (20, 12) Answer with only A, B, C, or D."
benqa_ext_10th-Math-II_0287,A,Math-II,math-ii,0,0,1,D,D,A,"- 320^{\circ} কোনটি কোন চতুর্ভাগে থাকবে? A. প্রথম B. দ্বিতীয় C. তৃতীয় D. চতুর্থ Answer with only A, B, C, or D.","- 320^{\circ} konoti kon choturbhage thakobe? A. prothom B. dwitiy C. tritiy D. choturth Answer with only A, B, C, or D.","In which quardrant the angle - 320^{\circ} lies? A. First B. Second C. Third D. Fourth Answer with only A, B, C, or D."
benqa_ext_10th-Math-II_0334,B,Math-II,math-ii,1,0,1,B,A,B,"সকাল 9:00 টায় ঘড়ির ঘন্টার কাঁটা ও মিনিটের কাঁটার মধ্যবর্তী কোণ কত? A. \frac{\pi}{4} রেডিয়ান B. \frac{\pi}{2} রেডিয়ান C. \pi রেডিয়ান D. 2\pi রেডিয়ান Answer with only A, B, C, or D.","sokal 9:00 tay ghorir ghontar kanta o miniter kantar modhyoborti kon kot? A. \frac{\pi}{4} rediyan B. \frac{\pi}{2} rediyan C. \pi rediyan D. 2\pi rediyan Answer with only A, B, C, or D.","What is the angle between hours hand and minutes hand at 9:00 AM? A. \frac{\pi}{4} radian B. \frac{\pi}{2} radian C. \pi radian D. 2\pi radian Answer with only A, B, C, or D."
benqa_ext_10th-Math_0028,A,Math,math,1,0,1,A,B,A,"(x + y)^{2} এর সাথে কত যোগ করলে যোগফল হবে (x - y)^{2}? A. -4xy B. 4xy C. -2xy D. 2xy Answer with only A, B, C, or D.","(x + y)^{2} er sathe kot jog korole jogofol hobe (x - y)^{2}? A. -4xy B. 4xy C. -2xy D. 2xy Answer with only A, B, C, or D.","Which is to be added to (x + y)^{2} that the sum will be (x - y)^{2}? A. - 4xy B. 4xy C. - 2xy D. 2xy Answer with only A, B, C, or D."
benqa_ext_10th-Math_0050,D,Math,math,1,0,1,D,C,D,"স্থূলকোণী ত্রিভূজের পরিকেন্দ্র কোথায় অবস্থিত? A. বৃহত্তর বাহুর উপর B. ক্ষুদ্রতর বাহুর উপর C. ত্রিভূজের অভ্যন্তরে D. ত্রিভূজের বহির্ভাগে Answer with only A, B, C, or D.","sthulokoni tribhujer porikendr kothay obosthit? A. brihottor bahur upor B. kshudrotor bahur upor C. tribhujer obhyontore D. tribhujer bohirbhage Answer with only A, B, C, or D.","Where lies the circumcentre of the obtuse-angled triangle? A. On greater side B. On lesser side C. Inside the triangle D. Outside the triangle Answer with only A, B, C, or D."
benqa_ext_10th-Math_0067,D,Math,math,1,0,1,D,C,D,"বৃত্তের ঘূর্ণন প্রতিসমতার মাত্রা কত? A. 0 B. 1 C. 2 D. অসীম Answer with only A, B, C, or D.","britter ghurnon protisomotar matra kot? A. 0 B. 1 C. 2 D. osim Answer with only A, B, C, or D.","How many number of lines of symmetry has a circle? A. 0 B. 1 C. 2 D. Unlimited Answer with only A, B, C, or D."
benqa_ext_10th-Math_0105,B,Math,math,0,0,1,A,A,B,"নিচের তিনটি রেখাংশের দৈর্ঘ্য দেওয়া হলো। কোন ক্ষেত্রে ত্রিভূজ অঙ্কন করা সম্ভব? A. 3 সে.মি., 4 সে.মি., 5 সে.মি. B. 4 সে.মি., 5 সে.মি., 10 সে.মি. C. 5 সে.মি., 6 সে.মি., 8 সে.মি. D. 8 সে.মি., 3 সে.মি., 9 সে.মি. Answer wit...","nicher tinoti rekhangsher doirghy deoya holo. kon kshetre tribhuj ongkon kora sombhob? A. 3 se.mi., 4 se.mi., 5 se.mi. B. 4 se.mi., 5 se.mi., 10 se.mi. C. 5 se.mi., 6 se.mi., 8 se.mi. D. 8 se.mi., 3 se.mi., 9 se.mi. A...","The length of the three line segment are given below. In which case it is not possible to draw a triangle? A. 3 cm, 4 cm, 5 cm B. 4 cm, 5 cm, 10 cm C. 5 cm, 6 cm, 8 cm D. 8 cm, 3 cm, 9 cm Answer with only A, B, C, or D."
benqa_ext_10th-Math_0140,B,Math,math,0,0,1,A,C,B,"কোনো বৃত্তের উপচাপে অন্তলিখিত কোণ নিচের কোনটি? A. সূক্ষ্মকোণ B. স্থূলকোণ C. সমকোণ D. সরলকোণ Answer with only A, B, C, or D.","kono britter upochape ontolikhit kon nicher konoti? A. sukshmokon B. sthulokon C. somokon D. sorolokon Answer with only A, B, C, or D.","Which one of the following is the angle inscribed under a minor are of a circle? A. Acute angle B. Obtuse angle C. Right angle D. Straight angle Answer with only A, B, C, or D."
benqa_ext_10th-Math_0258,A,Math,math,0,0,1,B,D,A,"0.0625 সংখ্যাটি সাধারণ লগের পূর্ণক কত? A. \bar{2} B. \bar{1} C. 1 D. 2 Answer with only A, B, C, or D.","0.0625 songkhyati sadharon loger purnok kot? A. \bar{2} B. \bar{1} C. 1 D. 2 Answer with only A, B, C, or D.","What is the characteristic of the common \log of 0.0625? A. \bar{2} B. \bar{1} C. 1 D. 2 Answer with only A, B, C, or D."
benqa_ext_10th-Math_0322,B,Math,math,1,0,1,B,D,B,"১ হতে ২২ পর্যন্ত স্বাভাবিক সংখ্যার মধ্যে ৩ দ্বারা বিভাজ্য সংখ্যাগুলোর মধ্যক কোনটি? A. 9 B. 12 C. 15 D. 18 Answer with only A, B, C, or D.","1 hote 22 poryont sbabhabik songkhyar modhye 3 dwara bibhajy songkhyagulor modhyok konoti? A. 9 B. 12 C. 15 D. 18 Answer with only A, B, C, or D.","What is the median of the natural numbers from 1 to 22, which is divisible by 3? A. 9 B. 12 C. 15 D. 18 Answer with only A, B, C, or D."
benqa_ext_10th-Math_0355,C,Math,math,1,0,1,C,D,C,"2+p+q+r+162 গুনোত্তর ধারাটির চতুর্থ পদ কোনটি? A. 18 B. 27 C. 54 D. 81 Answer with only A, B, C, or D.","2+p+q+r+162 gunottor dharatir choturth pod konoti? A. 18 B. 27 C. 54 D. 81 Answer with only A, B, C, or D.","Which is the fourth term of the geometric series 2 + p + q + 162? A. 18 B. 27 C. 54 D. 81 Answer with only A, B, C, or D."
benqa_ext_10th-Physics_0033,C,Physics,physics,1,0,1,C,B,C,"বেগ একটি- i. মৌলিক রাশি ii. ভেক্টর রাশি iii. মাত্রা = LT^{-1} নিচের কোনটি সঠিক? A. i ও ii B. i ও iii C. ii ও iii D. i, ii ও iii Answer with only A, B, C, or D.","beg ekoti- i. moulik rashi ii. bhektor rashi iii. matra = LT^{-1} nicher konoti sothik? A. i o ii B. i o iii C. ii o iii D. i, ii o iii Answer with only A, B, C, or D.","Velocity is a- i. fundamental quantity ii. Vectory quantity iii.dimension = LT^{-1} Which one is correct? A. i and ii B. i and iii C. ii and iii D. i, ii and iii Answer with only A, B, C, or D."
benqa_ext_10th-Physics_0041,A,Physics,physics,1,0,1,A,B,A,"সমুদ্রের গভীরাত নির্ণয়ে প্রতিফলিত কোন যন্ত্রটি দ্বারা ধারণ করা হয়? A. জিওফোন B. রাডার C. টেলিস্কোপ D. পেরিস্কোপ Answer with only A, B, C, or D.","somudrer gobhirat nirnoye protifolit kon jontroti dwara dharon kora hoy? A. jiofon B. radar C. teliskop D. periskop Answer with only A, B, C, or D.","Which instrument used to catch the reflecting wave fot determine the depth of thr ocean? A. Geophone B. Radar C. Telescope D. Periscope Answer with only A, B, C, or D."
benqa_ext_10th-Physics_0080,B,Physics,physics,1,0,1,B,C,B,"রিওস্টেট কী? A. সার্কিট ব্রেকার B. পরিবর্তী রোধ C. ফিউজ D. ধারক Answer with only A, B, C, or D.","riostet ki? A. sarkit brekar B. poriborti rodh C. fiuj D. dharok Answer with only A, B, C, or D.","What is rheostat? A. Circuit breaker B. Variable resistance C. Fuse D. capacitor Answer with only A, B, C, or D."
benqa_ext_10th-Physics_0085,B,Physics,physics,1,0,1,B,D,B,"সময়ের সাথে চার্জ প্রবাহের হারকে কী বলে? A. বিভব B. তড়িৎ প্রবাহ C. রোধ D. পরিবাহিতা Answer with only A, B, C, or D.","somoyer sathe charj probaher haroke ki bole? A. bibhob B. torit probah C. rodh D. poribahita Answer with only A, B, C, or D.","Flow of charge with respected to time is called- A. potential B. electric current C. resistance D. conductivity Answer with only A, B, C, or D."
benqa_ext_10th-Physics_0098,A,Physics,physics,1,0,1,A,C,A,"উত্তল দর্পণ কোথায় ব্যবহৃত হয়? A. গাড়িতে B. রাডারে C. সৌর চুল্লিতে D. টর্চ লাইটে Answer with only A, B, C, or D.","uttol dorpon kothay byobohrit hoy? A. garite B. radare C. sour chullite D. torch laite Answer with only A, B, C, or D.","Where convex mirrors are used? A. Cars B. Radar C. Solar oven D. Torch light Answer with only A, B, C, or D."
benqa_ext_10th-Physics_0104,D,Physics,physics,1,0,1,D,C,D,"স্ক্রু-গজের স্ক্রুয়ের সরণকে কী বলে? A. যান্ত্রিক ত্রুটি B. লঘিষ্ঠ গণন C. ভার্নিয়ার ধ্রুবক D. পিচ Answer with only A, B, C, or D.","skru-gojer skruyer soronoke ki bole? A. jantrik truti B. loghishth gonon C. bharniyar dhrubok D. pich Answer with only A, B, C, or D.","What is called the displacement of screw gauge? A. Error B. Least count C. Vemicr constant D. Pitch Answer with only A, B, C, or D."
benqa_ext_10th-Physics_0118,C,Physics,physics,1,0,1,C,B,C,"সম্পূর্ণ ঘর আলোকিত হওয়ার কারণ- I. নিয়মিত প্রতিফলণ II. পূর্ণ অভ্যন্তরীন প্রতিফলণ III. ব্যপ্ত প্রতিফলণ নিচের কোনটি সঠিক? A. i B. ii C. iii D. i, ii ও iii Answer with only A, B, C, or D.","sompurn ghor alokit hooyar karon- I. niyomit protifolon II. purn obhyontorin protifolon III. byopt protifolon nicher konoti sothik? A. i B. ii C. iii D. i, ii o iii Answer with only A, B, C, or D.","The reason of illumunated of the whole house is - i.regular reflection ii. Total internal reflection iii.irregular reflaction Which one is correct? A. i B. ii C. iii D. i, ii and iii Answer with only A, B, C, or D."
benqa_ext_10th-Physics_0137,A,Physics,physics,1,0,1,A,C,A,"নিচের কোনটি ভেক্টর রাশি? A. সরণ B. দূরত্ব C. সময় D. দ্রুতি Answer with only A, B, C, or D.","nicher konoti bhektor rashi? A. soron B. durotto C. somoy D. druti Answer with only A, B, C, or D.","Which one of the following is vector quantity? A. Displacement B. distance C. Time D. Speed Answer with only A, B, C, or D."
benqa_ext_10th-Physics_0140,B,Physics,physics,0,0,1,D,D,B,"একটি স্ক্রুগজের বৃত্তাকার স্কেলের ভাগসংখ্যা a, ন্যূনাঙ্ক b এবং স্ক্রুর পিচ c হলে নিচের কোনটি সঠিক? A. abc = 1 B. c = ab C. a = bc D. b = ac Answer with only A, B, C, or D.","ekoti skrugojer brittakar skeler bhagosongkhya a, nyunangk b ebong skrur pich c hole nicher konoti sothik? A. abc = 1 B. c = ab C. a = bc D. b = ac Answer with only A, B, C, or D.","In screw gauge, the number of circular divisions is 'a', the least constant is 'b' and the pitch is 'c'. Which one is correct? A. abc = 1 B. c = ab C. a = bc D. b = ac Answer with only A, B, C, or D."
benqa_ext_10th-Physics_0141,C,Physics,physics,1,0,1,C,B,C,"একটি বস্তু সরল পথে 10 m অগ্রসর হয়ে সেখান থেকে একই পথে 4 m ফিরে এলো। দূরত্ব ও সরণের পার্থক্য কত? A. 4m B. 6m C. 8m D. 14m Answer with only A, B, C, or D.","ekoti bostu sorol pothe 10 m ogrosor hoye sekhan theke ekoi pothe 4 m fire elo. durotto o soroner parthoky kot? A. 4m B. 6m C. 8m D. 14m Answer with only A, B, C, or D.","An object moves 10m in straight path and come back 4m along the same path. What is the difference between distance and displacement? A. 4m B. 6m C. 8m D. 14m Answer with only A, B, C, or D."
benqa_ext_10th-Physics_0151,D,Physics,physics,1,0,1,D,C,D,"নিচের কোনটির পরিবাহকত্ব বেশি? A. বাতাস B. হীরা C. গ্রাফাইট D. সোনা Answer with only A, B, C, or D.","nicher konotir poribahokotb beshi? A. batas B. hira C. grafait D. sona Answer with only A, B, C, or D.","Which of the following substance has more conductivity? A. Air B. Diamond C. Graphite D. Gold Answer with only A, B, C, or D."
benqa_ext_10th-Physics_0156,C,Physics,physics,1,0,1,C,D,C,"কোন আলোতে চোখের সংবেদনশীলতা সবচেয়ে বেশি? A. নীল B. বেগুনি C. সবুজ D. লাল Answer with only A, B, C, or D.","kon alote chokher songbedonoshilota sobocheye beshi? A. nil B. beguni C. sobuj D. lal Answer with only A, B, C, or D.","In which color the sensitivity of eyes is maximum? A. Blue B. Violet C. Green D. Red Answer with only A, B, C, or D."
benqa_ext_10th-Physics_0167,A,Physics,physics,1,0,1,A,D,A,"এক টুকরা কাচে শতকরা কত ভাগ আলোর প্রতিফলন হয়? A. 4 ভাগ 5 ভাগ B. 40 থেকে 50 ভাগ C. 80 থেকে 90 ভাগ D. 95 থেকে 96 ভাগ Answer with only A, B, C, or D.","ek tukora kache shotokora kot bhag alor protifolon hoy? A. 4 bhag 5 bhag B. 40 theke 50 bhag C. 80 theke 90 bhag D. 95 theke 96 bhag Answer with only A, B, C, or D.","At what percentage is light refelcted from a piece of glass? A. 4% to 5% B. 40% to 50% C. 80% to 90% D. 95% to 96% Answer with only A, B, C, or D."
benqa_ext_10th-Physics_0174,B,Physics,physics,0,0,1,A,A,B,"নিচের কোনটি দৃশ্যমান আলোর তরঙ্গ দৈর্ঘ্য? A. 300\eta m-700\eta m B. 400\mu m-700\eta m C. 300\mu m-700\mu m D. 700\mu m-400\mu m Answer with only A, B, C, or D.","nicher konoti drishyoman alor torongg doirghy? A. 300\eta m-700\eta m B. 400\mu m-700\eta m C. 300\mu m-700\mu m D. 700\mu m-400\mu m Answer with only A, B, C, or D.","Which one of the following is the wave length of visible light? A. 300\eta m-700\eta m B. 400\mu m-700\eta m C. 300\mu m-700\mu m D. 700\mu m-400\mu m Answer with only A, B, C, or D."
benqa_ext_10th-Physics_0180,B,Physics,physics,0,0,1,A,C,B,"আপেক্ষিক ত্রুটি- i. এক ধরনের অনুপাত ii. সত্যিকারের ত্রুটির পরিমাপ iii. সাধারণ স্কেলের তুলনায় ভার্নিয়ার স্কেলে কম হয় নিচের কোনটি সঠিক? A. i and ii B. i and iii C. ii and iii D. i, ii and iii Answer with only A, B, C, o...","apekshik truti- i. ek dhoroner onupat ii. sotyikarer trutir porimap iii. sadharon skeler tulonay bharniyar skele kom hoy nicher konoti sothik? A. i and ii B. i and iii C. ii and iii D. i, ii and iii Answer with only A...","Relative error is- i. a kind of ratio ii. actual measurement of error iii. smaller in Vernier scale compared to normal scale Which one is correct? A. i and ii B. i and iii C. ii and iii D. i, ii and iii Answer with on..."
benqa_ext_10th-Physics_0190,A,Physics,physics,1,0,1,A,C,A,"সবচেয়ে ছোট তরঙ্গ দৈর্ঘ্যের আলো কোনটি? A. গামা রে B. এক্স-রে C. ইনফ্রারেড D. রেডিও ওয়েভ Answer with only A, B, C, or D.","sobocheye chhot torongg doirghyer alo konoti? A. gama re B. eks-re C. inofrared D. redio oyebh Answer with only A, B, C, or D.","Which one is the light of shortest wave length? A. Gamma ray B. X-ray C. Infrared D. Radio wave Answer with only A, B, C, or D."
benqa_ext_10th-Physics_0194,B,Physics,physics,1,0,1,B,C,B,"নিচের কোনটি অর্ধ-পরিবাহী? A. কাচ B. সিলিকন C. নাইক্রোম D. হীরা Answer with only A, B, C, or D.","nicher konoti ordh-poribahi? A. kach B. silikon C. naikrom D. hira Answer with only A, B, C, or D.","Which one of below is a semi- conductor? A. Glass B. Silicon C. Nichrome D. Diamond Answer with only A, B, C, or D."
benqa_ext_10th-Physics_0199,D,Physics,physics,1,0,1,D,A,D,"স্থির অবস্থান থেকে বিনা বাধায় পড়ন্ত বস্তু নির্দিষ্ট সময়ে যে দূরত্ব অতিক্রম করে তা ঐ সময়ের- A. সমানুপাতিক B. ব্যস্তানুপাতিক C. বর্গের ব্যাস্তানুপাতিক D. বর্গের সমানুপাতিক Answer with only A, B, C, or D.","sthir obosthan theke bina badhay poront bostu nirdisht somoye je durotto otikrom kore ta oi somoyer- A. somanupatik B. byostanupatik C. borger byastanupatik D. borger somanupatik Answer with only A, B, C, or D.",The distance travelled is a fiven time by a freely falling body from rest will be - A. proportional to the time B. inverselyj proportional to that time C. inversely proportional to the square of that time D. proportio...
benqa_ext_10th-Physics_0206,C,Physics,physics,1,0,1,C,B,C,"কোন শক্তিগুলো নবায়নযোগ্য শক্তি? A. কয়লা, ভূ-তাপ ও সমুদ্র তরঙ্গ B. প্রাকৃতিক গ্যাস, জোয়ার ভাটা ও বায়ু প্রবাহ C. জলপ্রবাহ, সমুদ্র তাপ ও সূর্যের আলো D. সূর্যের তাপ, হাইড্রোজেন ফুয়েল ও ইউরেনিয়াম Answer with only A, B, C,...","kon shoktigulo nobayonojogy shokti? A. koyola, bhu-tap o somudr torongg B. prakritik gyas, joyar bhata o bayu probah C. joloprobah, somudr tap o suryer alo D. suryer tap, haidrojen fuyel o iureniyam Answer with only A...","Which of the following are renewable energy? A. coal, Geothermal energy and sea wave B. Nature gas, tides and air flow C. watew floow, heat trom sea and sunlighy D. Sunlighy, Hydrogen fuel and Uranium Answer with only..."
benqa_ext_10th-Physics_0208,A,Physics,physics,1,0,1,A,D,A,"একটি বস্তুর ক্ষেত্রফল বাড়ালে- i. চাপ কমে ii. বল বাড়ে iii. ঘনত্ব বাড়ে নিচের কোনটি সঠিক? A. i ও ii B. i ও iii C. ii ও iii D. i, ii ও iii Answer with only A, B, C, or D.","ekoti bostur kshetrofol barale- i. chap kome ii. bol bare iii. ghonotb bare nicher konoti sothik? A. i o ii B. i o iii C. ii o iii D. i, ii o iii Answer with only A, B, C, or D.","To increase area of a body- i. pressure decreases ii. Force increases iii. Density increases which one is correct? A. i and ii B. i and iii C. ii and iii D. i, ii and iii Answer with only A, B, C, or D."
benqa_ext_10th-Physics_0212,C,Physics,physics,1,0,1,C,D,C,"উত্তল দর্পণ কোথায় ব্যবহার হয়? i. বাস্তব ii. সোজা iii. সমান দৈর্ঘ্যের নিচের কোনটি সঠিক? A. i ও ii B. i ও iii C. ii ও iii D. i, ii ও iii Answer with only A, B, C, or D.","uttol dorpon kothay byobohar hoy? i. bastob ii. soja iii. soman doirghyer nicher konoti sothik? A. i o ii B. i o iii C. ii o iii D. i, ii o iii Answer with only A, B, C, or D.","Image in a plane murror is i. real ii. Straight iii. Equal to the size of the object Which one is correct? A. i and ii B. i and iii C. ii and iii D. i, ii and iii Answer with only A, B, C, or D."
benqa_ext_10th-Physics_0227,A,Physics,physics,1,0,1,A,D,A,"অবতল দর্পণে ফোকাস তল ও প্রধান অক্ষের মধ্যবর্তী কোণের মান কত? A. 90\degree B. 180\degree C. 270\degree D. 360\degree Answer with only A, B, C, or D.","obotol dorpone fokas tol o prodhan oksher modhyoborti koner man kot? A. 90\degree B. 180\degree C. 270\degree D. 360\degree Answer with only A, B, C, or D.","What is the angle between focal plane and principal axis of a concave mirror? A. 90\degree B. 180\degree C. 270\degree D. 360\degree Answer with only A, B, C, or D."
benqa_ext_10th-Physics_0228,D,Physics,physics,1,0,1,D,C,D,"কে কোয়ান্টাম তত্ত্ব প্রদান করেন? A. নিউটন B. আইনস্টাইন C. সত্যেন্দ্রনাথ বসু D. ম্যাক্স প্ল্যাঙ্ক Answer with only A, B, C, or D.","ke koyantam totto prodan koren? A. niuton B. ainostain C. sotyendronath bosu D. myaks plyangk Answer with only A, B, C, or D.","Who discovered ""Quantum theory""?"" A. Newton B. Einstein C. Satyendra Nath Basu D. Max Planck Answer with only A, B, C, or D."
benqa_ext_10th-Physics_0230,A,Physics,physics,1,0,1,A,C,A,"অবতল দর্পণে দ্বিগুণ ফোকাস দূরত্বের বাইরে লক্ষ্যবস্তু স্থাপন করা হলে বিম্বের প্রকৃতি কেমন হবে? A. বাস্তব ও উল্টো B. বাস্তব ও সোজা C. অবাস্তব ও উল্টা D. অবাস্তব ও সোজা Answer with only A, B, C, or D.","obotol dorpone dwigun fokas durotter baire lokshyobostu sthapon kora hole bimber prokriti kemon hobe? A. bastob o ulto B. bastob o soja C. obastob o ulta D. obastob o soja Answer with only A, B, C, or D.",What will be the nature of the image when an object placed at a distance more than twice focal length of concave mirror ? A. Real and inverted B. Real and erect C. virtual and inverted D. Virtual and erect Answer with...
benqa_ext_10th-Physics_0235,A,Physics,physics,0,0,1,D,C,A,"বিজ্ঞানীরা বুঝতে পারেন পরমাণুগুলো- i. আসলে অবিনশ্বর নয় ii. ভেঙ্গে তেজস্ক্রিয় বিকিরণ হতে পারে iii. তাদের শক্তি বিকিরণ করে নিউক্লিয়াসের ভিতর পড়ে যাবে নিচের কোনটি সঠিক? A. i and ii B. i and iii C. ii and iii D. i, ii and...",bijnanira bujhote paren poromanugulo- i. asole obinoshbor noy ii. bhengge tejoskriy bikiron hote pare iii. tader shokti bikiron kore niukliyaser bhitor pore jabe nicher konoti sothik? A. i and ii B. i and iii C. ii an...,The scientists understood that actually the atoms are- i. not impersihable ii. may emit radioactive radiation on disintegration disintegration iii. radiate its energy and fall into the nucleus Which one is correct? A....
benqa_ext_10th-Physics_0242,A,Physics,physics,1,0,1,A,D,A,"নবায়নযোগ্য শক্তি হচ্ছে- i. বায়ু শক্তি ii. বায়ো ফুয়েল iii. কয়লা নিচের কোনটি সঠিক? A. i and ii B. i and iii C. ii and iii D. i, ii and iii Answer with only A, B, C, or D.","nobayonojogy shokti hochchhe- i. bayu shokti ii. bayo fuyel iii. koyola nicher konoti sothik? A. i and ii B. i and iii C. ii and iii D. i, ii and iii Answer with only A, B, C, or D.","Renewable energy is - i. wind energy ii. bio fuel iii. coal Which one is correct? A. i and ii B. i and iii C. ii and iii D. i, ii and iii Answer with only A, B, C, or D."
benqa_ext_10th-Physics_0270,D,Physics,physics,1,0,1,D,B,D,"ক্ষমতার মাত্রা কোনটি? A. MLT^{-2} B. ML^{2}T^{-2} C. ML^{-1}T^{-3} D. ML^{2}T^{-3} Answer with only A, B, C, or D.","kshomotar matra konoti? A. MLT^{-2} B. ML^{2}T^{-2} C. ML^{-1}T^{-3} D. ML^{2}T^{-3} Answer with only A, B, C, or D.","Which one is the dimension of power? A. MLT^{-2} B. ML^{2}T^{-2} C. ML^{-1}T^{-3} D. ML^{2}T^{-3} Answer with only A, B, C, or D."
benqa_ext_10th-Physics_0271,A,Physics,physics,1,0,1,A,B,A,"রোধ প্রস্থচ্ছেদের ক্ষেত্রফলের সাথে কীভাবে সম্পর্কযুক্ত? A. ব্যাস্তানুপাতে B. সমানুপাতে C. বর্গের ব্যস্তানুপাতে D. বর্গমূলের ব্যস্তানুপাতে Answer with only A, B, C, or D.","rodh prosthochchheder kshetrofoler sathe kibhabe somporkojukt? A. byastanupate B. somanupate C. borger byostanupate D. borgomuler byostanupate Answer with only A, B, C, or D.","How is resistence related with the area of cross-section? A. Inversely proportionate B. Proportionate C. Square of inversely proportionate D. Square root of inversely proportionate Answer with only A, B, C, or D."
benqa_ext_10th-Physics_0276,B,Physics,physics,1,0,1,B,C,B,"40 m উঁচু দালানের ছাদ থেকে কোনো বস্তু ছেড়ে দিলে এটি কত বেগে ভূ-পৃষ্ঠকে আঘাত করবে? A. 784ms^{-1} B. 28ms^{-1} C. 19.79ms^{-1} D. 14 ms^{-1} Answer with only A, B, C, or D.","40 m unchu dalaner chhad theke kono bostu chhere dile eti kot bege bhu-prishthoke aghat korobe? A. 784ms^{-1} B. 28ms^{-1} C. 19.79ms^{-1} D. 14 ms^{-1} Answer with only A, B, C, or D.","How fast will an object his the ground if it is released from the root of 40 m high building? A. 784ms^{-1} B. 28ms^{-1} C. 19.79ms^{-1} D. 14 ms^{-1} Answer with only A, B, C, or D."
benqa_ext_10th-Physics_0282,D,Physics,physics,1,0,1,D,C,D,"2\Omega রোধের তিনটি রোধ পরস্পর সমান্তরালে সংযুক্ত করলে তুল্য রোধের মান কত ওহম হবে? A. 6 B. 4 C. 0.55 D. 0.67 Answer with only A, B, C, or D.","2\Omega rodher tinoti rodh porospor somantorale songjukt korole tuly rodher man kot ohom hobe? A. 6 B. 4 C. 0.55 D. 0.67 Answer with only A, B, C, or D.","If three resistances of 2\Omega are connected in parallel, what is the value of equivalent resistance? A. 6 B. 4 C. 0.55 D. 0.67 Answer with only A, B, C, or D."
benqa_ext_12th-Biology-II_0005,B,Biology-II,biology-ii,1,0,1,B,D,B,"একটি স্বাভাবিক দম্পতির সমস্ত সন্তান-সন্ততির ৫০% পুত্র হিমোফিলিক এবং ৫০% পুত্র ও কন্যারা স্বাভাবিক। উদ্দীপক অনুসারে দম্পতির জিনোটাইপ হলো- A. \male _{x}B_{y}, \female _{x}B_{x}B B. \male _{X}B_{Y}, \female _{X}B_{X}b C....","ekoti sbabhabik dompotir somost sontan-sontotir 50% putr himofilik ebong 50% putr o konyara sbabhabik. uddipok onusare dompotir jinotaip holo- A. \male _{x}B_{y}, \female _{x}B_{x}B B. \male _{X}B_{Y}, \female _{X}B_{...","Among the offspring's of a normal couple,50% sons haemophilic whether 50% of sons and all daughters are normal. According to the stem genotype of the couple is- A. \male _{x}B_{y}, \female _{x}B_{x}B B. \male _{x}B_{y..."
benqa_ext_12th-Biology-II_0018,B,Biology-II,biology-ii,1,0,1,B,C,B,"নিম্নের কোন প্রাণিটি অ্যাসিলোমিট? A. গোলকৃমি B. ফিতাকৃমি C. কেঁচো D. শামুক Answer with only A, B, C, or D.","nimner kon praniti asilomit? A. golokrimi B. fitakrimi C. kencho D. shamuk Answer with only A, B, C, or D.","Which one of the folloeing animals is acoelomate ? A. Round worm B. Flat worm C. Earth worm D. Snail Answer with only A, B, C, or D."
benqa_ext_12th-Biology-II_0037,B,Biology-II,biology-ii,0,0,1,D,D,B,"হিমোসিলযুক্ত পর্ব i. Mollusca ii. Annelida iii. Arthropoda নিচের কোনটি সঠিক? A. i ও ii B. i ও iii C. ii ও iii D. i, ii, ও iii Answer with only A, B, C, or D.","himosilojukt porb i. Mollusca ii. Annelida iii. Arthropoda nicher konoti sothik? A. i o ii B. i o iii C. ii o iii D. i, ii, o iii Answer with only A, B, C, or D.","Haemocoel associated Phylums are- I. mollusca ii. Annelida iii. Arthropoda A. i & ii B. i & iii C. ii & iii D. i, ii & iii Answer with only A, B, C, or D."
benqa_ext_12th-Biology-II_0044,D,Biology-II,biology-ii,1,0,1,D,C,D,"শ্বসনের স্নায়ুবিক নিয়ন্ত্রণে কোন স্নায়ু ভূমিকা রাখে? A. অ্যাবডুসেন্স B. ইলিয়াক C. অলফ্যাক্টরি D. ভ্যাগাস Answer with only A, B, C, or D.","shbosoner snayubik niyontrone kon snayu bhumika rakhe? A. abodusens B. iliyak C. olofyaktori D. bhyagas Answer with only A, B, C, or D.","Which nerve plays role in the neural control of respiration? A. Abducens B. Iliac C. Olfactory D. Vagus Answer with only A, B, C, or D."
benqa_ext_12th-Biology-II_0071,C,Biology-II,biology-ii,1,0,1,C,D,C,"কোন রক্তগ্রুপ বহনকারী ব্যক্তিকে সর্বজনীন দাতা বলা হয়? A. A B. B C. O D. AB Answer with only A, B, C, or D.","kon roktogrup bohonokari byoktike sorbojonin data bola hoy? A. A B. B C. O D. AB Answer with only A, B, C, or D.","Which blood group carrier is known as ""Universal Donor""? A. A B. B C. O D. AB Answer with only A, B, C, or D."
benqa_ext_12th-Biology-II_0081,A,Biology-II,biology-ii,1,0,1,A,D,A,"গ্যাস্ট্রিক রসে কোনগুলো বিদ্যমান? A. পেপসিন, রেনিন, মিউসিন, B. ট্রিপসিন, রেনিন, লাইপেজ C. পেপসিন, ট্রিপসিন, লাইপেজ D. পেপসিন, ট্রিপসিন, রেনিন Answer with only A, B, C, or D.","gyastrik rose konogulo bidyoman? A. peposin, renin, miusin, B. triposin, renin, laipej C. peposin, triposin, laipej D. peposin, triposin, renin Answer with only A, B, C, or D.","Gastric juice consists of- A. Pepsin,renin,meusin B. tripsin,renin,lipase C. Pepsin,tripsin,lipase D. Pepsin,tripsin,renin Answer with only A, B, C, or D."
benqa_ext_12th-Biology-II_0088,D,Biology-II,biology-ii,1,0,0,D,C,B,"প্রশ্বাস ক্রিয়ার সময়- i. ডায়াফ্রাম ম্নিগামী হয় ii. ইন্টারকোস্টাল পেশি সংকুচিত হয় iii. পর্শুকাগুলো উপরের দিকে উত্তোলিত হয় নিচের কোনটি সঠিক? A. i ও ii B. i ও iii C. ii ও iii D. i, ii, ও iii Answer with only A, B, C, or D.","proshbas kriyar somoy- i. dayafram mnigami hoy ii. intarokostal peshi songkuchit hoy iii. porshukagulo uporer dike uttolit hoy nicher konoti sothik? A. i o ii B. i o iii C. ii o iii D. i, ii, o iii Answer with only A,...","During inspiration - i.diaphragm moves down ii. Intercostal muscle constricted iii.ribs moves upward Which one is correct? A. i & ii B. i & iii C. ii & iii D. i, ii & iii Answer with only A, B, C, or D."
benqa_ext_12th-Biology-II_0097,A,Biology-II,biology-ii,0,0,1,D,B,A,ঘাসফড়িং এর রূপান্তরের সঠিক ক্রম কোনটি? A. ডিম \rightarrow নিস্ফ \rightarrow পূর্ণাঙ্গ প্রাণী B. ডিম \rightarrow লার্ভা পিউপা \rightarrow ইমাগো C. ডিম \rightarrow পিউপা \rightarrow পূর্ণাঙ্গ প্রাণী D. ডিম \rightarrow ল...,ghasoforing er rupantorer sothik krom konoti? A. dim \rightarrow nisf \rightarrow purnangg prani B. dim \rightarrow larbha piupa \rightarrow imago C. dim \rightarrow piupa \rightarrow purnangg prani D. dim \rightarrow...,"Which is the correctd sequence of metamorphosis of Grasshopper? A. Egg→Nymph→Adult animal B. Egg→Larva→Pupa→Image C. Egg→Pupa→Adult animal D. Egg→Larva→Nymph→Adult animal Answer with only A, B, C, or D."
benqa_ext_12th-Biology-II_0100,D,Biology-II,biology-ii,1,0,0,D,C,B,"Hydra লম্বা দূরত্ব অতিক্রম করার জন্য কোন চলন সম্পন্ন করে? A. সমারসন্টিং B. গ্লাইডিং C. ক্রলিং D. লুপিং Answer with only A, B, C, or D.","Hydra lomba durotto otikrom korar jony kon cholon somponn kore? A. somarosonting B. glaiding C. kroling D. luping Answer with only A, B, C, or D.","What locomotion does hudra perform to cover long distance? A. Somersaulting B. Gliding C. Crawling D. Looping Answer with only A, B, C, or D."
benqa_ext_12th-Biology-II_0107,A,Biology-II,biology-ii,1,0,1,A,C,A,"অ্যাস্থির মাতৃকায় কোন কোষ থাকে? A. অস্টিওব্লাস্ট ও অস্টিও সাইট B. অস্টিওব্লাস্ট ও কন্ড্রোসাইট C. কন্ড্রোসাইট ও অস্টিও সাইট D. কন্ড্রোমিউকয়েড ও কন্ড্রোঅ্যালবুনয়েড Answer with only A, B, C, or D.","asthir matrikay kon kosh thake? A. ostioblast o ostio sait B. ostioblast o kondrosait C. kondrosait o ostio sait D. kondromiukoyed o kondroojalobunoyed Answer with only A, B, C, or D.","Which cell remain in the matrix of bone? A. Osteoblast and Osteocyte B. Osteoblast and Chondrocite C. Chondrocyte and Osteocyte D. Chondromucoid and Chondroalbunoid Answer with only A, B, C, or D."
benqa_ext_12th-Biology-II_0123,A,Biology-II,biology-ii,0,0,1,C,C,A,"কোন প্রাণীতে প্রতীপ রূপান্তর ঘটে? A. Ascidia mentula B. Eusphyrna blochii C. Myxine glutinosa D. Neoceratiodus frosteri Answer with only A, B, C, or D.","kon pranite protip rupantor ghote? A. Ascidia mentula B. Eusphyrna blochii C. Myxine glutinosa D. Neoceratiodus frosteri Answer with only A, B, C, or D.","In which animal doed occur in retrogressive metamorphosis? A. Ascidia mentula B. Ecsphyrna blochii C. Myxine glutinosa D. Neoceratodus frosteri Answer with only A, B, C, or D."
benqa_ext_12th-Biology-II_0127,B,Biology-II,biology-ii,1,0,1,B,C,B,"শ্বসন তন্ত্রের কোন অংশে অলফ্যাক্টরি কোষ থাকে? A. ভেস্টিবিউল B. নাসাগহ্বর C. পশ্চাৎ নাসারন্ধ্র D. নাসা গলবিল Answer with only A, B, C, or D.","shboson tontrer kon ongshe olofyaktori kosh thake? A. bhestibiul B. nasagohbor C. poshchat nasarondhr D. nasa golobil Answer with only A, B, C, or D.","Which part of the respiratory system contains olfactory cell? A. Vestibule B. Nasal cavity C. Posterior nostrils D. Nasopharynx Answer with only A, B, C, or D."
benqa_ext_12th-Biology-II_0150,A,Biology-II,biology-ii,1,0,0,A,D,D,দুগ্ধ প্রোটিন + পানি \xrightarrow{রেনিন} প্যারাকেসিন \xrightarrow{A} পেপটোন উদ্দীপকের A চিহ্নিত স্থানে ক্রিয়াশীল এনজাইমটি ক্ষরিত হয় কোন কোষ থেকে? A. জাইমুজেনিক B. আর্জেন্টাফিন C. মিউকাস D. প্যারাইটাল Answer with onl...,dugdh protin + pani \xrightarrow{renin} pyarakesin \xrightarrow{A} pepoton uddipoker A chihnit sthane kriyashil enojaimoti kshorit hoy kon kosh theke? A. jaimujenik B. arjentafin C. miukas D. pyaraital Answer with onl...,Milk protein + water\xrightarrow[]{Renin}Paracaesin\overset{'A'}{\rightarrow}pepton From which 'cell' secretes the active enzyme at the 'A' marked place of the stem? A. Zymogenic B. Argentaffin C. Mucous D. parietal A...
benqa_ext_12th-Biology-II_0167,C,Biology-II,biology-ii,0,0,1,D,D,C,"অ্যান্টিবডিহীন রক্তগ্রুপ কোনটি? A. A B. B C. AB D. O Answer with only A, B, C, or D.","antibodihin roktogrup konoti? A. A B. B C. AB D. O Answer with only A, B, C, or D.","Which is the blood group without anti bodies? A. A B. B C. AB D. O Answer with only A, B, C, or D."
benqa_ext_12th-Biology-II_0172,A,Biology-II,biology-ii,1,0,1,A,C,A,"নিচের কোনটিতে অরীয় প্রতি সাম্যতা দেখা যায়? A. জেলি ফিশ B. শামুক C. মানুষ D. প্রজাপতি Answer with only A, B, C, or D.","nicher konotite oriy proti samyota dekha jay? A. jeli fish B. shamuk C. manush D. projapoti Answer with only A, B, C, or D.","Radial symmetry can be seen in any of the following? A. Jelly fish B. Apple snail C. Human D. Butterfly Answer with only A, B, C, or D."
benqa_ext_12th-Biology-II_0178,A,Biology-II,biology-ii,1,0,1,A,B,A,নিচের কোনটি সঠিক? A. SA নোড \rightarrow AV নোড \rightarrow বান্ডল অব হিজ \rightarrow পারকিঞ্জি তন্তু B. SA নোড \rightarrow AV নোড \rightarrow পারকিঞ্জি তন্তু \rightarrow বান্ডল অব হিজ C. AV নোড \rightarrow SA নোড \rig...,nicher konoti sothik? A. SA nod \rightarrow AV nod \rightarrow bandol ob hij \rightarrow parokinji tontu B. SA nod \rightarrow AV nod \rightarrow parokinji tontu \rightarrow bandol ob hij C. AV nod \rightarrow SA nod...,Which is the correct? A. SA node→AV node bundle of his →Purkinje fibers B. SA node→AV nose→pukinje fibers bundle of his C. AV node→SA node→purkinji fibers→bundle of his D. AV node→bundle of his →SA node→purkinje fiber...
benqa_ext_12th-Biology-II_0186,A,Biology-II,biology-ii,0,0,1,D,D,A,"ইউরোকর্ডাটা উপপর্বের বৈশিষ্ট্য- i. দেহ টিউনিক দ্বারা আবৃত ii. পরিণত প্রাণীরা নিশ্চল iii. আজীবন নটোকর্ড উপস্থিত নিচের কোনটি সঠিক? A. i ও ii B. i ও iii C. ii ও iii D. i, ii, ও iii Answer with only A, B, C, or D.","iurokordata upoporber boishishty- i. deh tiunik dwara abrit ii. porinot pranira nishchol iii. ajibon notokord uposthit nicher konoti sothik? A. i o ii B. i o iii C. ii o iii D. i, ii, o iii Answer with only A, B, C, o...","Charateristics of Urochordata sub-phylum- i.body is covered with tunic ii.adult animals are sessile iii. Notochord present throughout the whole life Which one is correct? A. i & ii B. i & iii C. ii & iii D. i, ii & ii..."
benqa_ext_12th-Biology-II_0198,A,Biology-II,biology-ii,1,0,1,A,C,A,"দুটি কালো গিনিপিগের মধ্যে ক্রস ঘটানোর ফলে সাদা ও কালো উভয় ধরনেরই অপত্য জন্ম নিল। উদ্দীপকে উল্লেখিত গিনিপিগের মাতা-পিতার জিনোইপ কী ধরনের? A. Bb,Bb B. BB,Bb C. Bb, bb D. BB,bb Answer with only A, B, C, or D.","duti kalo ginipiger modhye kros ghotanor fole sada o kalo ubhoy dhoroneroi opoty jonm nil. uddipoke ullekhit ginipiger mata-pitar jinoip ki dhoroner? A. Bb,Bb B. BB,Bb C. Bb, bb D. BB,bb Answer with only A, B, C, or D.","White and black both types of offspring are produced by the cross between two black guinea pigs. What are the genotypec of parents cited in stem? A. Bb,Bb B. BB,Bb C. Bb,bb D. BB,bb Answer with only A, B, C, or D."
benqa_ext_12th-Biology-II_0204,B,Biology-II,biology-ii,1,0,1,B,C,B,"ডান অলিন্দ ও ডান নিলয়ের মাঝে কী ভালভ থাকে? A. বাইকাসপিড B. ট্রাইকাসপিড C. ইউস্টোশিয়ান D. সেমিলুনার Answer with only A, B, C, or D.","dan olind o dan niloyer majhe ki bhalobh thake? A. baikasopid B. traikasopid C. iustoshiyan D. semilunar Answer with only A, B, C, or D.","Which valve is present between between right atrium and right ventricle? A. Bicuspid B. Tricuspid C. Eustachian D. Semilianar Answer with only A, B, C, or D."
benqa_ext_12th-Biology-II_0205,A,Biology-II,biology-ii,1,0,1,A,C,A,"অ্যাট্রিয়ামের সিস্টোলের স্থিতিকাল কত সেকেন্ড? A. 0.1 B. 0.3 C. 0.5 D. 0.7 Answer with only A, B, C, or D.","atriyamer sistoler sthitikal kot sekend? A. 0.1 B. 0.3 C. 0.5 D. 0.7 Answer with only A, B, C, or D.","How many seconds of the duration of atrial systole? A. 0.1 B. 0.3 C. 0.5 D. 0.7 Answer with only A, B, C, or D."
benqa_ext_12th-Biology-II_0210,D,Biology-II,biology-ii,1,0,1,D,C,D,"অ্যামোসিট (Ammocete ) লার্ভা দশা দেখা যায় কোনটিতে? A. হ্যাগফিস B. হাঙর C. স্টিংরে D. ল্যামপ্রে Answer with only A, B, C, or D.","amosit (Ammocete ) larbha dosha dekha jay konotite? A. hyagofis B. hangor C. stingre D. lyamopre Answer with only A, B, C, or D.","Ammocete larval stage seen in which animal? A. Hagfish B. Shark C. Stingray D. Lamprey Answer with only A, B, C, or D."
benqa_ext_12th-Biology-II_0213,A,Biology-II,biology-ii,1,0,1,A,D,A,"সুক্রোজ এনজাইম সুক্রোজকে ভেঙ্গে কী তৈরি করে? A. গ্লুকোজ+ফ্রুক্টোজ B. মল্টোজ+গ্লুকোজ C. মাল্টোজ+গ্যালাকটোজ D. গ্লুকোজ+গ্যালাকটোজ Answer with only A, B, C, or D.","sukroj enojaim sukrojoke bhengge ki toiri kore? A. glukoj+fruktoj B. moltoj+glukoj C. maltoj+gyalakotoj D. glukoj+gyalakotoj Answer with only A, B, C, or D.","What is produced by the breakdown of sucrose by surcrase enzyme? A. Glucose+Fructose B. Moltose+Glucose C. Moltose+Galactose D. Glucose++Galactose Answer with only A, B, C, or D."
benqa_ext_12th-Biology-II_0216,D,Biology-II,biology-ii,1,0,1,D,C,D,"ইউরিয়া কোথায় তৈরি হয়? A. বৃক্ক B. অ্যাগ্ন্যাশয় C. ফুসফুস D. যকৃত Answer with only A, B, C, or D.","iuriya kothay toiri hoy? A. brikk B. agnyashoy C. fusofus D. jokrit Answer with only A, B, C, or D.","Where is urea produced? A. Kidney B. Pancreas C. Lung D. Liver Answer with only A, B, C, or D."
benqa_ext_12th-Biology-II_0218,A,Biology-II,biology-ii,1,0,1,A,D,A,ঘাসফড়িং এর পায়ের গঠনের সঠিক ক্রম হলো- A. কক্সা \rightarrow ট্রোক্যান্টার \rightarrow ফিমার \rightarrow টিবিয়া \rightarrow টার্সাস B. ট্রোক্যান্টার \rightarrow ফিমার \rightarrow টিবিয়া \rightarrow কক্সা \rightarrow ট...,ghasoforing er payer gothoner sothik krom holo- A. koksa \rightarrow trokyantar \rightarrow fimar \rightarrow tibiya \rightarrow tarsas B. trokyantar \rightarrow fimar \rightarrow tibiya \rightarrow koksa \rightarrow...,What are the correct chronological orders arranged in grasshopper legs? A. Coxa→Trochanter→Femur→Tibia→Tarsus B. Trochanter→Femur→Tibia→Coxa→Tarsus C. Coxa→Femur→Trochanter→Tibia→Tarsus D. Trochanter→Coxa→Tibia→Femur→...
benqa_ext_12th-Biology-II_0220,A,Biology-II,biology-ii,1,0,1,A,D,A,"রফিক স্বাভাবিক বর্ণ দর্শনে অক্ষম হলেও তার বোন শাহনাজ স্বাভাবিক বর্ণ দর্শনে সক্ষম। যদিও তার পিতা-মাতা উভয়েই স্বাভাবিক বর্ণ দর্শনে সক্ষম। উদ্দীপক অনুসারে রফিকের পিতা-মাতার জিনোটাইপ হবে- A. _{X}B_{X}b, _{X}B_{Y} B. _{X}B...",rofik sbabhabik born dorshone okshom holeo tar bon shahonaj sbabhabik born dorshone sokshom. jodio tar pita-mata ubhoyei sbabhabik born dorshone sokshom. uddipok onusare rofiker pita-matar jinotaip hobe- A. _{X}B_{X}b...,"Although Rafique is unable to see normal colour vison,his sister Sahanaj is avle to normal colour vision.Though his parents are able to normal colour vision. According to the stem,the genotype of his parents are- A. _..."
benqa_ext_12th-Biology-II_0226,A,Biology-II,biology-ii,1,0,1,A,B,A,"অর্জিত বৈশিষ্ট্যের উত্তরাধিকার'- মতবাদের প্রবর্তক কোন বিজ্ঞানী? A. ল্যামার্ক B. চার্লস ডারউইন C. হু গো দা ভ্রিস D. আল ফ্রেন্ড রাসেল Answer with only A, B, C, or D.","orjit boishishtyer uttoradhikar'- motobader probortok kon bijnani? A. lyamark B. charlos darouin C. hu go da bhris D. al frend rasel Answer with only A, B, C, or D.","Who is the introducer of the theory of inheritance of acquired characters? A. Lamarck B. Charles Darwin C. Hugo de Vries D. Alfred Russel Answer with only A, B, C, or D."
benqa_ext_12th-Biology-II_0248,A,Biology-II,biology-ii,0,0,1,C,C,A,"কোন যুগে উদ্ভব হয়েছিল? A. জুরাসিক B. কার্বোনিফেরাস C. অর্ডেোভিসিয়ান D. ক্যামব্রিয়ান Answer with only A, B, C, or D.","kon juge udbhob hoyechhil? A. jurasik B. karboniferas C. ordeobhisiyan D. kyamobriyan Answer with only A, B, C, or D.","When did Archeopteryx evolved? A. Jurassic B. Carboniferous C. Ordovician D. Cambrian Answer with only A, B, C, or D."
benqa_ext_12th-Biology-II_0270,C,Biology-II,biology-ii,1,0,1,C,B,C,"বহুভুজাকার কোষ দেখা যায় কোনটিতে? A. পাকস্থলিতে B. ক্ষুদ্রান্ত্রে C. যকৃতে D. অগ্ন্যাশয়ে Answer with only A, B, C, or D.","bohubhujakar kosh dekha jay konotite? A. pakostholite B. kshudrantre C. jokrite D. ognyashoye Answer with only A, B, C, or D.","Hexagonal cells exists In which organ? A. Stomach B. Small stomach C. Liver D. Pancreas Answer with only A, B, C, or D."
benqa_ext_12th-Biology-II_0275,B,Biology-II,biology-ii,1,0,1,B,C,B,"হৃদ চক্রের কোন পর্যায়ে প্রথম হৃদ শব্দ সৃষ্টি হয়? A. অ্যাট্রিয়ামের ডায়াস্টোল B. ভেন্ট্রিকলের সিস্টোল C. অ্যাট্রিয়ামের সিস্টোল D. ভেন্ট্রিকলের ডায়াস্টোল Answer with only A, B, C, or D.","hrid chokrer kon poryaye prothom hrid shobd srishti hoy? A. atriyamer dayastol B. bhentrikoler sistol C. atriyamer sistol D. bhentrikoler dayastol Answer with only A, B, C, or D.","In which step first heart sound is created in cardiac cycle? A. Atrial diastole B. Ventricular systole C. Atrial systole D. Ventricular diastole Answer with only A, B, C, or D."
benqa_ext_12th-Biology-II_0292,A,Biology-II,biology-ii,1,0,1,A,C,A,"প্রাকৃতিক নির্বাচন মতবাদের প্রবর্তক কে? A. ডারউইন B. ল্যামার্ক C. ভাইজম্যান D. স্পেন্সার Answer with only A, B, C, or D.","prakritik nirbachon motobader probortok ke? A. darouin B. lyamark C. bhaijomyan D. spensar Answer with only A, B, C, or D.","Who is the persuasive of 'Theory of Natural Selection'? A. Darwin B. Lamarck C. Weismann D. Spencer Answer with only A, B, C, or D."
benqa_ext_12th-Biology-II_0295,B,Biology-II,biology-ii,1,0,1,B,C,B,"কোনটি ঘাসফড়িংয়ের দেহে দেখা যায়? A. মেসোগ্লিয়া B. হিমোসিল C. সিলেন্টেরন D. সমখণ্ডকায়ন Answer with only A, B, C, or D.","konoti ghasoforingyer dehe dekha jay? A. mesogliya B. himosil C. silenteron D. somokhondokayon Answer with only A, B, C, or D.","Which is found in the body of Grasshopper? A. Messoglea B. Haemocoel C. Coelenteron D. Homonomoces metamere Answer with only A, B, C, or D."
benqa_ext_12th-Biology-II_0296,C,Biology-II,biology-ii,1,0,1,C,D,C,ঘাসফড়িংয়ের পরিস্ফুটনের সঠিক ধাপ কোনটি? A. ডিম \rightarrow লার্ভা \rightarrow পিউপা \rightarrow ইমাগো B. ডিম \rightarrow নিম্ফ \rightarrow পিউপা \rightarrow ইমাগো C. ডিম \rightarrow নিম্ফ \rightarrow ইমাগো D. ডিম \righ...,ghasoforingyer porisfutoner sothik dhap konoti? A. dim \rightarrow larbha \rightarrow piupa \rightarrow imago B. dim \rightarrow nimf \rightarrow piupa \rightarrow imago C. dim \rightarrow nimf \rightarrow imago D. di...,"Which stage is the real for Grasshopper development? A. Egg→Larva→Pupa→Imago B. Egg→Nymph→Pupa→Imago C. Egg →Nymph→Imago D. Egg→Larva→Imago Answer with only A, B, C, or D."
benqa_ext_12th-Biology-II_0304,D,Biology-II,biology-ii,0,0,1,C,C,D,"ট্রাইকাসপিড ও বাইপাসপিড কপাটিকা বন্ধের কারণে নিলয় থেকে রক্ত যথাক্রমে পালমোনারি ও সিস্টেমিক মহাধমনিতে যায়। উদ্দীপকে উল্লিখিত কপাটিকা দুটি বন্ধ থাকে যখন, তখন- i. এতে ল্যাব সদৃশ শব্দ সৃষ্টি হয় ii. ডাম সদৃশ শব্দ সৃষ্টি হয়...","traikasopid o baipasopid kopatika bondher karone niloy theke rokt jothakrome palomonari o sistemik mohadhomonite jay. uddipoke ullikhit kopatika duti bondh thake jokhon, tokhon- i. ete lyab sodrish shobd srishti hoy i...",The blood flows from Ventsicles to pulmonary and systemic aorta due to the closing of tricaspid and bicasoid values respectively. When the closing of above mentioned valves then it occurs- i.It creates lub like sound...
benqa_ext_12th-Biology-II_0316,A,Biology-II,biology-ii,1,0,1,A,C,A,"অরৈখিক পেশি পাওয়া যায় A. জরায়ু নালিতে B. জিহ্বায় C. মেধ্যচ্ছদা D. গলবিলে Answer with only A, B, C, or D.","oroikhik peshi paoya jay A. jorayu nalite B. jihbay C. medhyochchhoda D. golobile Answer with only A, B, C, or D.","Non straited muscle is found- A. Uterine tube B. tongue C. diaphragm D. pharynx Answer with only A, B, C, or D."
benqa_ext_12th-Biology-I_0002,D,Biology-I,biology-i,1,0,1,D,B,D,"কোষগহবরের চারিদিকে সাইটোপ্লাজমের হালকা স্তরকে কী বলে? A. হায়ালোপ্লাজম B. এক্টোপ্লাজম C. এন্ডোপ্লাজম D. টনোপ্লাজম Answer with only A, B, C, or D.","koshogohoborer charidike saitoplajomer haloka storoke ki bole? A. hayaloplajom B. ektoplajom C. endoplajom D. tonoplajom Answer with only A, B, C, or D.","What is called the this layer surrounding cytoplasm of cell vacuole? A. Hyaloplasm B. Ectoplasm C. Endoplasm D. Tonoplasm Answer with only A, B, C, or D."
benqa_ext_12th-Biology-I_0016,A,Biology-I,biology-i,1,0,1,A,C,A,"Cycas এর বৈশিষ্ট্য কোনটি? A. কোরালয়েড মূল B. ট্রিপ্লয়েড শস্য C. ফল হয় D. দ্বি-নিষেক ঘটে Answer with only A, B, C, or D.","Cycas er boishishty konoti? A. koraloyed mul B. triployed shosy C. fol hoy D. dwi-nishek ghote Answer with only A, B, C, or D.","What is the characteristics of Cycas? A. Coralloid root B. Endosperm triploid C. Fruit presence D. Double fertilization occurs Answer with only A, B, C, or D."
benqa_ext_12th-Biology-I_0017,B,Biology-I,biology-i,1,0,1,B,D,B,"ইমাস্কুলেশনের বৈশিষ্ট্য হলো- i. পুংকেশর অপসারণ ii. একলিঙ্গ ফুলে ঘটে iii. স্বপরাগায়ন রোধ নিচের কোনটি সঠিক? A. i ও ii B. i ও iii C. ii ও iii D. i, ii, ও iii Answer with only A, B, C, or D.","imaskuleshoner boishishty holo- i. pungkeshor oposaron ii. ekolingg fule ghote iii. sboporagayon rodh nicher konoti sothik? A. i o ii B. i o iii C. ii o iii D. i, ii, o iii Answer with only A, B, C, or D.","Characteristics of emasculation is- i. stamen elimination ii. occurs in unisexual flower iii. protect of self pollination Which one is correct? A. i and ii B. i and iii C. ii and iii D. i, ii and iii Answer with only..."
benqa_ext_12th-Biology-I_0025,B,Biology-I,biology-i,1,0,1,B,C,B,"নিচের কোনটির মাধ্যমে মাতৃউদ্ভিদের বৈশিষ্ট্যের পরিবর্তন হয়? A. বুলবুলি B. সংকরায়ন C. মুকুলোদগম D. দাবাকলম Answer with only A, B, C, or D.","nicher konotir madhyome matriudbhider boishishtyer poriborton hoy? A. bulobuli B. songkorayon C. mukulodogom D. dabakolom Answer with only A, B, C, or D.","By which process of the following is the characteristics of mother plant changed? A. Bulbil B. Hybridization C. Budding D. Grafting Answer with only A, B, C, or D."
benqa_ext_12th-Biology-I_0026,A,Biology-I,biology-i,1,0,1,A,B,A,"গ্লাইকোলাইসিস প্রক্রিয়ায় ব্য্যিত শক্তি কত অণু ATP? A. 2 B. 4 C. 6 D. 8 Answer with only A, B, C, or D.","glaikolaisis prokriyay byojit shokti kot onu ATP? A. 2 B. 4 C. 6 D. 8 Answer with only A, B, C, or D.","How many molecules of ATP are expended in the glycolysis process? A. 2 B. 4 C. 6 D. 8 Answer with only A, B, C, or D."
benqa_ext_12th-Biology-I_0043,A,Biology-I,biology-i,0,0,1,B,C,A,"জবা ফুলের বৈশিষ্ট্য কোনটি? A. উপপত্রযুক্ত B. একপ্রতিসম C. গর্ভকটি D. মূলীয় অমরাবিন্যাস Answer with only A, B, C, or D.","joba fuler boishishty konoti? A. upopotrojukt B. ekoprotisom C. gorbhokoti D. muliy omorabinyas Answer with only A, B, C, or D.","Which is the characteristic of China rose? A. Stapulate leaf B. Mono symmetrical C. Perigynus D. Basal placentation Answer with only A, B, C, or D."
benqa_ext_12th-Biology-I_0059,D,Biology-I,biology-i,1,0,1,D,C,D,"সবাত শ্বসন ও অবাত শ্বসনের অভিন্ন ধাপ কোনটি? A. ক্রেবস চক্র B. অ্যাসিটাইল কো-এ সৃষ্টি C. ETS D. গ্লাইকোলাইসিস Answer with only A, B, C, or D.","sobat shboson o obat shbosoner obhinn dhap konoti? A. krebos chokr B. asitail ko-e srishti C. ETS D. glaikolaisis Answer with only A, B, C, or D.","Which one is the common stage of aerobic and anaerobic respiration? A. Kreb's cycle B. Acetyl co-A formation C. ETS D. Glycolysis Answer with only A, B, C, or D."
benqa_ext_12th-Biology-I_0080,C,Biology-I,biology-i,0,0,1,B,A,C,"কচুর মূলের ভাস্কুলার বান্ডল হলো- A. লেপ্টোসেন্ট্রিক B. হ্যাড্রোসেন্ট্রিক C. অরীয় D. সংযুক্ত Answer with only A, B, C, or D.","kochur muler bhaskular bandol holo- A. leptosentrik B. hyadrosentrik C. oriy D. songjukt Answer with only A, B, C, or D.","Vascular bundle of arum root is- A. leptocentric B. hadrocentric C. radial D. conjoint Answer with only A, B, C, or D."
benqa_ext_12th-Biology-I_0092,B,Biology-I,biology-i,1,0,1,B,C,B,"ভেক্সিলারি এস্টিভেশন দেখা যায় কোন উদ্ভিদে? A. Solanum tuberausm B. Pisum satvum C. Brassica napus D. Colotropis procera Answer with only A, B, C, or D.","bheksilari estibheshon dekha jay kon udbhide? A. Solanum tuberausm B. Pisum satvum C. Brassica napus D. Colotropis procera Answer with only A, B, C, or D.","Vexillary aestivation can be seen in which plant? A. Solanum tuberosum B. Pisum sativum C. Brassica napus D. Calotropis procera Answer with only A, B, C, or D."
benqa_ext_12th-Biology-I_0094,D,Biology-I,biology-i,1,0,1,D,C,D,"নিম্নের কোন পর্যায়ে কোষপ্লেট তৈরি হয়? A. প্রোফেজ B. অ্যানাফেজ C. টেলোফেজ D. সাইটোকাইনেসিস Answer with only A, B, C, or D.","nimner kon poryaye koshoplet toiri hoy? A. profej B. anafej C. telofej D. saitokainesis Answer with only A, B, C, or D.","In which stage cell plate is originated? A. Prohase B. Anaphase C. Telophase D. Cytokinesis Answer with only A, B, C, or D."
benqa_ext_12th-Biology-I_0098,D,Biology-I,biology-i,0,0,1,C,B,D,"সরিষাতে নিম্নলিখিত কোন প্রকারের ডিম্বক দেখা যায়? A. ঊর্ধ্বমুখী B. নিম্নমুখী C. পার্শ্বমুখী D. বক্রমুখী Answer with only A, B, C, or D.","sorishate nimnolikhit kon prokarer dimbok dekha jay? A. urdhbomukhi B. nimnomukhi C. parshbomukhi D. bokromukhi Answer with only A, B, C, or D.","Which of the following type of ovule is found in mustard? A. Atropous B. Anaptropous C. Amphitropous D. Camphylotropous Answer with only A, B, C, or D."
benqa_ext_12th-Biology-I_0106,A,Biology-I,biology-i,1,0,1,A,C,A,"পত্ররন্ধ্রের খোলা ও বন্ধ হওয়াকে নিয়ন্ত্রণ করে- i. স্টার্চ ii. pH iii. Na নিচের কোনটি সঠিক? A. i ও ii B. i ও iii C. ii ও iii D. i, ii, ও iii Answer with only A, B, C, or D.","potrorondhrer khola o bondh hooyake niyontron kore- i. starch ii. pH iii. Na nicher konoti sothik? A. i o ii B. i o iii C. ii o iii D. i, ii, o iii Answer with only A, B, C, or D.","Stomatal opening and closing controls- i. starch ii. pH iii. Na^{+} Which one of the following is correct? A. i and ii B. i and iii C. ii and iii D. i, ii and iii Answer with only A, B, C, or D."
benqa_ext_12th-Biology-I_0129,D,Biology-I,biology-i,1,0,1,D,C,D,"স্থায়ী টিস্যুর বৈশিষ্ট্য কোনটি? A. কোষগুলো ঘন সন্নিবেশিত B. আন্তঃকোষীয় ফাঁক নাই C. কোষপ্রাচীর সেলুলোজ নির্মিত D. কোষগুলো পরিণত Answer with only A, B, C, or D.","sthayi tisyur boishishty konoti? A. koshogulo ghon sonnibeshit B. antohkoshiy fank nai C. koshoprachir seluloj nirmit D. koshogulo porinot Answer with only A, B, C, or D.","Which one is the character of permanent tissue? A. Cells are compactly arranged B. Intercellular space is absent C. Cell wall is composed of cellulose D. Cells are mature Answer with only A, B, C, or D."
benqa_ext_12th-Biology-I_0144,A,Biology-I,biology-i,1,0,1,A,D,A,"অবাত শ্বসনের ক্ষেত্রে প্রযোজ্য- i. ল্যাকটিক এসিড তৈরি হয় ii. ইস্টে প্রক্রিয়াটি সংঘটির হয় iii. অক্সিজেনের প্রয়োজন হয় নিচের কোনটি সঠিক? A. i ও ii B. ii ও iii C. i ও iii D. i, ii, ও iii Answer with only A, B, C, or D.","obat shbosoner kshetre projojy- i. lyakotik esid toiri hoy ii. iste prokriyati songghotir hoy iii. oksijener proyojon hoy nicher konoti sothik? A. i o ii B. ii o iii C. i o iii D. i, ii, o iii Answer with only A, B, C...","Applicable for anaerobic repiration- i. lactic acid production occurs ii. occurs in yeast iii. oxygen is required Which one is correct? A. i & ii B. i & iii C. ii & iii D. i, ii & iii Answer with only A, B, C, or D."
benqa_ext_12th-Biology-I_0157,A,Biology-I,biology-i,1,0,1,A,C,A,"ভাইরাসের ক্ষেত্রে কোনটি সঠিক নয়? A. DNA ও RNA উভয় প্রকার নিউক্লিক এসিড থাকে B. দৈহিক বৃদ্ধি নেই C. পরিবেশের উদ্দীপনায় সাড়া দেয় না D. কেলাসিত করা যায় Answer with only A, B, C, or D.","bhairaser kshetre konoti sothik noy? A. DNA o RNA ubhoy prokar niuklik esid thake B. doihik briddhi nei C. poribesher uddiponay sara dey na D. kelasit kora jay Answer with only A, B, C, or D.","Which is not true in case of virus? A. DNA and RNA both exist B. There is no physical growth C. Does not respond to environmental stimuli D. Can be crystalized Answer with only A, B, C, or D."
benqa_ext_12th-Biology-I_0163,C,Biology-I,biology-i,1,0,1,C,D,C,"পত্ররন্ধ্র খোলে যখন- i. রক্ষীকোষে K^+ প্রবেশ করে ii. কোষে CO_2 এর পরিমাণ বেড়ে যায় iii. রক্ষীকোষ থেকে সক্রিয়ভাবে H^+ বের হয়ে যায় নিচের কোনটি সঠিক? A. i ও ii B. ii ও iii C. i ও iii D. i, ii, ও iii Answer with only A, B,...","potrorondhr khole jokhon- i. rokshikoshe K^+ probesh kore ii. koshe CO_2 er poriman bere jay iii. rokshikosh theke sokriyobhabe H^+ ber hoye jay nicher konoti sothik? A. i o ii B. ii o iii C. i o iii D. i, ii, o iii A...",The stomate are opened when- i. K^{+} ion enter into guard cell ii. the amount of CO_{2} increases in the guard cell iii. H^{+} actively exits from guard cell Which one is corect? A. i & ii B. ii & iii C. i & iii D. i...
benqa_ext_12th-Biology-I_0188,D,Biology-I,biology-i,1,0,1,D,C,D,"রেস্ট্রিকশন এনজাইম নয় কোনটি? A. Bco Rl B. Hind III C. Hpa-II D. All-Po Answer with only A, B, C, or D.","restrikoshon enojaim noy konoti? A. Bco Rl B. Hind III C. Hpa-II D. All-Po Answer with only A, B, C, or D.","Which one is not restriction enzyme? A. Eco RI B. Hind III C. Hapa-II D. AII-P_{Q} Answer with only A, B, C, or D."
benqa_ext_12th-Biology-I_0196,A,Biology-I,biology-i,1,0,0,A,B,C,"ক্যালভিন চক্রের প্রথম স্থায়ী যৌগটি কত কার্বনবিশিষ্ট? A. 3 B. 4 C. 5 D. 6 Answer with only A, B, C, or D.","kyalobhin chokrer prothom sthayi jougoti kot karbonobishisht? A. 3 B. 4 C. 5 D. 6 Answer with only A, B, C, or D.","How many carbons contain in the first permanent compound of Calvin cycle? A. 3 B. 4 C. 5 D. 6 Answer with only A, B, C, or D."
benqa_ext_12th-Biology-I_0200,A,Biology-I,biology-i,1,0,1,A,C,A,"লেপ্টোসেন্ট্রিক ভাস্কুলার বান্ডলের উদাহরণ হলো- A. Dracaena sp B. Mangifera sp C. Oryza sp D. Triticum sp Answer with only A, B, C, or D.","leptosentrik bhaskular bandoler udahoron holo- A. Dracaena sp B. Mangifera sp C. Oryza sp D. Triticum sp Answer with only A, B, C, or D.","Example of leptocentric vascular bundle is- A. Dracaena sp B. Mangifera sp C. Oryza sp D. Triticum sp Answer with only A, B, C, or D."
benqa_ext_12th-Biology-I_0204,B,Biology-I,biology-i,1,0,1,B,D,B,"ফ্রুক্টোজ ১, ৬ বিসফসফেট \xleftrightarrow{P} ৩ ফসফোগ্লিসারেল্ডিহাইড + ডাইহাইড্রোক্সি এসিটোন ফসফেট। উদ্দীপকের বিক্রি্যায় অংশগ্রহণকারী P-এর নাম কী? A. হেক্সোকাইনেজ B. অ্যালডোলেজ C. ডিহাইড্রোজিনেজ D. মিউটেজ Answer with on...","fruktoj 1, 6 bisofosofet \xleftrightarrow{P} 3 fosofoglisareldihaid + daihaidroksi esiton fosofet. uddipoker bikrijay ongshogrohonokari P-er nam ki? A. heksokainej B. alodolej C. dihaidrojinej D. miutej Answer with on...","Fructose 1, 6 Bisphosphate \xleftrightharpoons{P} 3 Phosphogly-ceraldehyde + Dihydroxyacetone phosphate. What is the name of 'P' involved in the reaction shown in the stem? A. Hexokinase B. Aldolase C. Dehydrogenase D..."
benqa_ext_12th-Biology-I_0205,B,Biology-I,biology-i,1,0,1,B,D,B,"কোন উদ্ভিদকে 'পাম ফার্ন' বলা হয়? A. Gnetum B. Cycas C. Pinus D. Ephedra Answer with only A, B, C, or D.","kon udbhidoke 'pam farn' bola hoy? A. Gnetum B. Cycas C. Pinus D. Ephedra Answer with only A, B, C, or D.","Which plant is called 'palm fern'? A. Gnetum B. Cycas C. Pinus D. Ephedra Answer with only A, B, C, or D."
benqa_ext_12th-Biology-I_0217,B,Biology-I,biology-i,1,0,1,B,D,B,"নগ্নবীজী উদ্ভিদে- i. আর্কিগোনিয়াম উপস্থিত ii. শস্য ট্রিপ্লয়েড iii. বীজ উৎপন্ন হয় নিচের কোনটি সঠিক? A. i ও ii B. i ও iii C. ii ও iii D. i, ii, ও iii Answer with only A, B, C, or D.","nognobiji udbhide- i. arkigoniyam uposthit ii. shosy triployed iii. bij utoponn hoy nicher konoti sothik? A. i o ii B. i o iii C. ii o iii D. i, ii, o iii Answer with only A, B, C, or D.","In Gymnosperm- i. Archegonium present ii. endosperin triploid iii. seed is produced Which one is correct? A. i and ii B. i and iii C. ii and iii D. i, ii and iii Answer with only A, B, C, or D."
benqa_ext_12th-Biology-I_0220,A,Biology-I,biology-i,1,0,1,A,D,A,"উদ্ভিদের মূল ও কাণ্ডের শীর্ষের টিস্যু কোনটি? A. ভাজক টিস্যু B. সরল টিস্যু C. জটিল টিস্যু D. ক্ষরণকারী টিস্যু Answer with only A, B, C, or D.","udbhider mul o kander shirsher tisyu konoti? A. bhajok tisyu B. sorol tisyu C. jotil tisyu D. kshoronokari tisyu Answer with only A, B, C, or D.","Which is the apex tissue of stem and root of a plant? A. Meristimatic tissue B. Simple tissue C. Compound tissue D. Secretory tissue Answer with only A, B, C, or D."
benqa_ext_12th-Biology-I_0224,B,Biology-I,biology-i,1,0,1,B,D,B,"C_{6}H_{12}O_{6} \longrightarrow 2C_{2}H_{5}OH + 2CO_{2} উপরোক্ত বিক্রিয়াটি কোন জৈবিক প্রক্রিয়ায় সংঘটিত হয়? A. সবাত শ্বসন B. অবাত শ্বসন C. কেলভিন চক্র D. হ্যাচ ও স্ন্যাক চক্র Answer with only A, B, C, or D.","C_{6}H_{12}O_{6} \longrightarrow 2C_{2}H_{5}OH + 2CO_{2} uporokt bikriyati kon joibik prokriyay songghotit hoy? A. sobat shboson B. obat shboson C. kelobhin chokr D. hyach o snyak chokr Answer with only A, B, C, or D.",C_{6}H_{12}O_{6} \rightarrow 2C_{2}H_{5}OH + 2CO_{2} In which physiological process does the above reaction happen? A. Aerobic respiration B. Anaerobic respiration C. Calvin cycle D. Hatch and slack cycle Answer with...
benqa_ext_12th-Biology-I_0234,C,Biology-I,biology-i,1,0,1,C,D,C,"মিয়োসিস কোষ বিভাজনে X আকৃতির গঠন দেখা যায় নিম্নের কোনটিতে? A. লেপ্টোটিন B. জাইগোটিন C. প্যাকাইটিন D. ডায়াকাইনেসিস Answer with only A, B, C, or D.","miyosis kosh bibhajone X akritir gothon dekha jay nimner konotite? A. leptotin B. jaigotin C. pyakaitin D. dayakainesis Answer with only A, B, C, or D.","In meiosis cell division, 'X'-shaped structure is seen in which of the following? A. Leptotene B. Zygotene C. Pachytene D. Diakinesis Answer with only A, B, C, or D."
benqa_ext_12th-Biology-I_0235,A,Biology-I,biology-i,1,0,1,A,D,A,"ফার্মেন্টেশন প্রক্রিয়ায় নিম্নের কোন এনজাইমটি সবচেয়ে বেশি ক্রিয়াশীল হয়? A. জাইমেজ B. কাইনেজ C. আইসোমারেজ D. হাইড্রোজিনেজ Answer with only A, B, C, or D.","farmenteshon prokriyay nimner kon enojaimoti sobocheye beshi kriyashil hoy? A. jaimej B. kainej C. aisomarej D. haidrojinej Answer with only A, B, C, or D.","Which of the following enzymes is most active fermentation process? A. Zymase B. Kinase C. Isomerase D. Hydrogenase Answer with only A, B, C, or D."
benqa_ext_12th-Biology-I_0242,D,Biology-I,biology-i,1,0,1,D,C,D,"শ্বসনের কোন পর্যায়ে O_2 এর প্রয়োজন হয়? A. গ্লাইকোলাইসিস B. অ্যাসিটাইল Co-এ C. ক্রেবস চক্র D. ইলেক্ট্রন প্রবাহ তন্ত্র Answer with only A, B, C, or D.","shbosoner kon poryaye O_2 er proyojon hoy? A. glaikolaisis B. asitail Co-e C. krebos chokr D. ilektron probah tontr Answer with only A, B, C, or D.","At which stage of respiration is Oxygen needed? A. Glycolysis B. Acetyle CO-A C. Kerbs cycle D. Electron Transport System Answer with only A, B, C, or D."
benqa_ext_12th-Biology-I_0244,D,Biology-I,biology-i,1,0,1,D,B,D,"নিচের কোন ধরনের কোষে মিয়োসিস কোষ বিভাজন সংঘটিত হয়? A. পরাগরেণুতে B. জননকোষে C. দৈহিক কোষে D. পরাগ মাতৃকোষে Answer with only A, B, C, or D.","nicher kon dhoroner koshe miyosis kosh bibhajon songghotit hoy? A. poragorenute B. jononokoshe C. doihik koshe D. porag matrikoshe Answer with only A, B, C, or D.","Meiosis cell division occurs in which of the following types of cells? A. Pollen grain B. Gametic cell C. Somatic cell D. Pollen mother cell Answer with only A, B, C, or D."
benqa_ext_12th-Biology-I_0246,C,Biology-I,biology-i,1,0,1,C,A,C,"সেন্ট্রোমিয়ারের পূর্ণবিভাজন ঘটে নিম্নের কোন ধাপে? A. প্রোমেটাফেজ B. মেটাফেজ C. অ্যানাফেজ D. টেলোফেজ Answer with only A, B, C, or D.","sentromiyarer purnobibhajon ghote nimner kon dhape? A. prometafej B. metafej C. anafej D. telofej Answer with only A, B, C, or D.","In which phase full division of centromere occur? A. Prometaphase B. Metaphase C. Anaphase D. Telophase Answer with only A, B, C, or D."
benqa_ext_12th-Biology-I_0272,A,Biology-I,biology-i,1,0,1,A,C,A,মি. 'ক' দুটি গাছের মধ্যে ক্রস ঘটানোর পূর্বে একটি গাছের পুংকেশর সরিয়ে ফেললেন। মি. 'ক' উল্লিখিত ঘটনাটি কেন ঘটালেন? i. ফুলটিকে স্ত্রী ফুলে পরিণত করার জন্য ii. স্বপরাগায়ন না ঘটার জন্য iii. স্ব-পরাগী ফুলে পরিণত করার জন্য ন...,mi. 'k' duti gachher modhye kros ghotanor purbe ekoti gachher pungkeshor soriye felolen. mi. 'k' ullikhit ghotonati ken ghotalen? i. fulotike stri fule porinot korar jony ii. sboporagayon na ghotar jony iii. sb-poragi...,Mr. 'X' removes stamen of plant before crossing two plants. Why did Mr. 'X' perform the above mentioned incident? i. To turn the flower into a female flower ii. To avoid selfing iii. To turn into a self-pollinated flo...
benqa_ext_12th-Biology-I_0275,D,Biology-I,biology-i,1,0,1,D,C,D,"একটি জিনকে দ্রুত বহু কপি জিনে পরিণত করা যায় কোন পদ্ধতিতে? A. রিপ্রোডাক্টিভ ক্লোনিং B. টিস্যু কালচার C. রিকম্বিনেন্ট DNA প্রযুক্তি D. PCR Answer with only A, B, C, or D.","ekoti jinoke drut bohu kopi jine porinot kora jay kon poddhotite? A. riprodaktibh kloning B. tisyu kalochar C. rikombinent DNA projukti D. PCR Answer with only A, B, C, or D.","In which way, can a gene be quickly multiplying? A. Reproductive eloning B. Tissue culture C. Recombinant DNA technology D. PCR Answer with only A, B, C, or D."
benqa_ext_12th-Biology-I_0282,B,Biology-I,biology-i,1,0,1,B,C,B,"নিম্নের কোনটি গোলাকার ভাইরাস? A. TMV B. HIV C. T_2 ফায D. Ebola Answer with only A, B, C, or D.","nimner konoti golakar bhairas? A. TMV B. HIV C. T_2 faj D. Ebola Answer with only A, B, C, or D.","Which one of the following is round shaped virus? A. TMV B. HIV C. T_{2}-phage D. Ebola Answer with only A, B, C, or D."
benqa_ext_12th-Biology-I_0298,A,Biology-I,biology-i,1,0,1,A,C,A,"কোন উদ্ভিদে দুই ধরনের ক্লোরোপ্লাস্ট পাওয়া যায়? A. ইক্ষু B. ধান C. আম D. জাম Answer with only A, B, C, or D.","kon udbhide dui dhoroner kloroplast paoya jay? A. ikshu B. dhan C. am D. jam Answer with only A, B, C, or D.","In which plant two types of chloroplasts found? A. Sugarcane B. Rice C. Mango D. Java plum Answer with only A, B, C, or D."
benqa_ext_12th-Biology-I_0307,D,Biology-I,biology-i,1,0,1,D,C,D,"নিচের কোন জাইলেম ও ফ্লোয়েম উভয় টিস্যুতেই বিদ্যমান? A. ট্রাকিড B. ভেসেল C. সিভনল D. ফাইবার Answer with only A, B, C, or D.","nicher kon jailem o floyem ubhoy tisyutei bidyoman? A. trakid B. bhesel C. sibhonol D. faibar Answer with only A, B, C, or D.","Which of the following is present in both xylem and phloem tissue? A. Trachid B. Vessel C. Seive tube D. Fiber Answer with only A, B, C, or D."
benqa_ext_12th-Chemistry-II_0004,A,Chemistry-II,chemistry-ii,0,0,1,B,D,A,"নিম্নের কোনটি সেকেন্ডারি স্ট্যান্ডার্ড পদার্থ? A. KMnO_{4} B. K_{2}Cr_{2}O_{7} C. Na_{2}CO_{3} D. Na_{2}C_{2}O_{4}.2H_{2}O Answer with only A, B, C, or D.","nimner konoti sekendari styandard podarth? A. KMnO_{4} B. K_{2}Cr_{2}O_{7} C. Na_{2}CO_{3} D. Na_{2}C_{2}O_{4}.2H_{2}O Answer with only A, B, C, or D.","Which one of the following is a secondary standard substance? A. KMnO_{4} B. K_{2}Cr_{2}O_{7} C. Na_{2}CO_{3} D. Na_{2}C_{2}O_{4} - 2H_{2}O Answer with only A, B, C, or D."
benqa_ext_12th-Chemistry-II_0009,B,Chemistry-II,chemistry-ii,1,0,1,B,D,B,"Br^{-} + BrO_{3}^{-} + 6H^{+} \rightarrow Br_{2} + 3H_{2}O; এ বিক্রিয়াটিতে- i. Br^{-} বিজারক ii. BrO_{3}^{-} এর বিজারণ ঘটেছে iii. H^{+} জারক নিচের কোনটি সঠিক? A. i B. i ও ii C. ii ও iii D. i, ii ও iii Answer with only...","Br^{-} + BrO_{3}^{-} + 6H^{+} \rightarrow Br_{2} + 3H_{2}O; e bikriyatite- i. Br^{-} bijarok ii. BrO_{3}^{-} er bijaron ghotechhe iii. H^{+} jarok nicher konoti sothik? A. i B. i o ii C. ii o iii D. i, ii o iii Answer...",In reaction Br^{-} + BrO_{3}^{-} + 6H^{+} \rightarrow Br_{2} + 3H_{2}O i. Br^{-} is a reducing agent ii. reduction occurs of BrO_{3}^{-} iii. H^{+} is an oxidizing agent Which one is correct? A. i B. i and ii C. ii an...
benqa_ext_12th-Chemistry-II_0018,A,Chemistry-II,chemistry-ii,1,0,0,A,D,B,"তড়িৎ বিশ্লেষণে কোনটি আগে চার্জমুক্ত হবে? A. Pt^{2+} B. Cu^{2+} C. Cd^{2+} D. Mn^{2+} Answer with only A, B, C, or D.","torit bishleshone konoti age charjomukt hobe? A. Pt^{2+} B. Cu^{2+} C. Cd^{2+} D. Mn^{2+} Answer with only A, B, C, or D.","Which one will charge free first in electrolysis? A. Pl^{2+} B. Cu^{2+} C. Cd^{2+} D. Mn^{2+} Answer with only A, B, C, or D."
benqa_ext_12th-Chemistry-II_0039,A,Chemistry-II,chemistry-ii,1,0,1,A,D,A,"প্রমাণ অবস্থায় 9.0 g পানিতে হাইড্রোজেন পরমাণু থাকে? A. 6.023 \times 10^{23} B. 3.0115 \times 10^{23} C. 6.023 \times 10^{21} D. 12.046 \times 10^{23} Answer with only A, B, C, or D.","proman obosthay 9.0 g panite haidrojen poromanu thake? A. 6.023 \times 10^{23} B. 3.0115 \times 10^{23} C. 6.023 \times 10^{21} D. 12.046 \times 10^{23} Answer with only A, B, C, or D.","How many Hydrogen atom are there in 9.0 g water is STP? A. 6.023 \times 10^{23} B. 3.0115 \times 10^{23} C. 6.023 \times 10^{21} D. 12.046 \times 10^{23} Answer with only A, B, C, or D."
benqa_ext_12th-Chemistry-II_0048,C,Chemistry-II,chemistry-ii,1,0,1,C,D,C,"ব্রাইনের তড়িৎ বিশ্লেষণ করলে কী উৎপন্ন হয়? A. NaCl B. NaHCO_{3} C. NaOH D. NaClO Answer with only A, B, C, or D.","brainer torit bishleshon korole ki utoponn hoy? A. NaCl B. NaHCO_{3} C. NaOH D. NaClO Answer with only A, B, C, or D.","What is produce to do electroysis of brine? A. NaCl B. NHCO_{3} C. NaOH D. NaClO Answer with only A, B, C, or D."
benqa_ext_12th-Chemistry-II_0053,D,Chemistry-II,chemistry-ii,1,0,1,D,A,D,"জৈব যৌগে মৌল শনাক্তকরণের জন্য কোন পরীক্ষা ব্যবহার করা হয়? A. আয়োডোফর্ম পরীক্ষা B. কার্বিলঅ্যামিন পরীক্ষা C. বেয়ার পরীক্ষা D. লেসাইন পরীক্ষা Answer with only A, B, C, or D.","joib jouge moul shonaktokoroner jony kon poriksha byobohar kora hoy? A. ayodoform poriksha B. karbiloojamin poriksha C. beyar poriksha D. lesain poriksha Answer with only A, B, C, or D.","Which test is used for determination of element in organic compound? A. Lodoform test B. Carbylamine test C. Bayer's test D. Laysine test Answer with only A, B, C, or D."
benqa_ext_12th-Chemistry-II_0077,A,Chemistry-II,chemistry-ii,1,0,1,A,C,A,"নিম্নের বিক্রিয়ায় কতটি ইলেকট্রন আদান প্রদান হয়? 2Na_{2}S_{2}O_{3} + I_[2} \rightarrow Na_{2}S_{4}O_{6} + 2NaI A. 2 B. 3 C. 4 D. 6 Answer with only A, B, C, or D.","nimner bikriyay kototi ilekotron adan prodan hoy? 2Na_{2}S_{2}O_{3} + I_[2} \rightarrow Na_{2}S_{4}O_{6} + 2NaI A. 2 B. 3 C. 4 D. 6 Answer with only A, B, C, or D.","How many number of electrons are transferred in this reaction? 2Na_{2}S_{2}O_{3} + l_{2} \rightarrow Na_{2}S_{4}O_{6} + 2Nal A. 2 B. 3 C. 4 D. 6 Answer with only A, B, C, or D."
benqa_ext_12th-Chemistry-II_0094,D,Chemistry-II,chemistry-ii,1,0,1,D,C,D,"কোনটি পরমশূণ্য তাপমাত্রা? A. 0^oC B. 25^oC C. 273K D. -273^oC Answer with only A, B, C, or D.","konoti poromoshuny tapomatra? A. 0^oC B. 25^oC C. 273K D. -273^oC Answer with only A, B, C, or D.","Which one is absolute zero temperatur? A. 0\degree C B. 25\degree C C. 273 K D. - 273\degree C Answer with only A, B, C, or D."
benqa_ext_12th-Chemistry-II_0100,C,Chemistry-II,chemistry-ii,1,0,1,C,D,C,"সমআয়তন 0.1 M NaOH এবং 0.1 H_{2}SO_{4} দ্রবণের প্রকৃতি কি হবে? A. নিরপেক্ষ B. উভধর্মী C. অম্লীয় D. ক্ষারীয় Answer with only A, B, C, or D.","somoayoton 0.1 M NaOH ebong 0.1 H_{2}SO_{4} droboner prokriti ki hobe? A. niropeksh B. ubhodhormi C. omliy D. kshariy Answer with only A, B, C, or D.","What will be the nature of equimolar 0.1M NaOH and 0.1M H_{2}SO_{4} solution? A. Neutral B. Aphoteric C. Acidic D. Basic Answer with only A, B, C, or D."
benqa_ext_12th-Chemistry-II_0110,C,Chemistry-II,chemistry-ii,1,0,0,C,D,B,5H_{2}C_{2}O_{4} + 2KMnO_{4} + 3H_{2}SO_{4} \rightarrow 10C_{2} + 2MnSO{4} + 8H_{2}O + K_{2}SO_{4} বিক্রিয়াটিতে- i. H_{2}SO_{4} একটি জারক ii. KMnO_{4} এ Mn এর জারণ মান = +7 iii. H_{2}C_{2}O_{4} বিজারক পদার্থ নিচের কোন...,5H_{2}C_{2}O_{4} + 2KMnO_{4} + 3H_{2}SO_{4} \rightarrow 10C_{2} + 2MnSO{4} + 8H_{2}O + K_{2}SO_{4} bikriyatite- i. H_{2}SO_{4} ekoti jarok ii. KMnO_{4} e Mn er jaron man = +7 iii. H_{2}C_{2}O_{4} bijarok podarth niche...,5H_{2}C_{2}O_{4} + 2KMnO_{4} + 3H_{2}SO_{4} \rightarrow 10CO_{2} + 2MnSO_{4} + 8H_{2}O + K_{2}SO_{4} In this reaction- i. H_{2}SO_{4} is an oxidizing agent ii. oxidatio number of Mn in KMnO_{4} is +7 iii. H_{2}C_{2}O_...
benqa_ext_12th-Chemistry-II_0118,A,Chemistry-II,chemistry-ii,1,0,1,A,B,A,Zn/Zn^{2+} (E\degree = 0.76V) অ্যানোড হলে নিম্নের কোনটি ক্যাথোডরূপে ব্যবহার করা যাবে? A. Co/Co^{2+} (E\degree = +0.28V) B. Mg/Mg^{2+} (E\degree = +2.36V) C. Ca/Ca^{2+} (E\degree = +2.87V) D. Al/Al^{3+} (E\degree = +1....,Zn/Zn^{2+} (E\degree = 0.76V) anod hole nimner konoti kyathodorupe byobohar kora jabe? A. Co/Co^{2+} (E\degree = +0.28V) B. Mg/Mg^{2+} (E\degree = +2.36V) C. Ca/Ca^{2+} (E\degree = +2.87V) D. Al/Al^{3+} (E\degree = +1...,Which of the following can be used as a cathode when Zn/Zn^{2+} (E\degree = 0.76V) is used as anode? A. Co/CO^{2+} (E\degree = +0.28V) B. Mg/Mg^{2+} (E\degree = +2.36V) C. Ca/Ca^{2+} (E\degree = +2.87V) D. Al/Al^{3+}...
benqa_ext_12th-Chemistry-II_0144,C,Chemistry-II,chemistry-ii,1,0,1,C,A,C,"অ্যালকিনের সাধারণ সংকেত কোনটি? A. C_nH_{2n+2} B. C_nH_{2n+1} C. C_nH_{2n} D. C_nH{2n-2} Answer with only A, B, C, or D.","alokiner sadharon songket konoti? A. C_nH_{2n+2} B. C_nH_{2n+1} C. C_nH_{2n} D. C_nH{2n-2} Answer with only A, B, C, or D.","Which one is the general formula of Alkene? A. C_{a}H_{2n + 2} B. C_{a}H_{2n + 1}^{-} C. C_{a}H_{2n} D. C_{a}H_{2n - 2} Answer with only A, B, C, or D."
benqa_ext_12th-Chemistry-II_0157,A,Chemistry-II,chemistry-ii,1,0,1,A,C,A,"কোনটি নিউক্লিওফাইল- A. H_{2}O B. AlCl_{3} C. BF_{3} D. SO_{3} Answer with only A, B, C, or D.","konoti niukliofail- A. H_{2}O B. AlCl_{3} C. BF_{3} D. SO_{3} Answer with only A, B, C, or D.","Which one is Nucleophite? A. H_{2}O B. AlCl_{3} C. BF_{3} D. SO_{3} Answer with only A, B, C, or D."
benqa_ext_12th-Chemistry-II_0161,C,Chemistry-II,chemistry-ii,1,0,0,C,D,A,"নাইট্রাইলের কার্যকরি মূলক কোনটি? A. \text{- NO_{2}} B. \text{- NC} C. \text{- CN} D. \text{- NH_{2}} Answer with only A, B, C, or D.","naitrailer karyokori mulok konoti? A. \text{- NO_{2}} B. \text{- NC} C. \text{- CN} D. \text{- NH_{2}} Answer with only A, B, C, or D.","Which of the following is the functional group of nitrite? A. \text{- NO_{2}} B. \text{- NC} C. \text{- CN} D. \text{- NH_{2}} Answer with only A, B, C, or D."
benqa_ext_12th-Chemistry-II_0213,B,Chemistry-II,chemistry-ii,1,0,0,B,D,C,"RMgX + CH_{3}COCH_{3} \rightarrow A \xrigharrow[H^{+}]{H_{2}O} B; B যৌগটি কী? A. জৈব এসিড B. 3\degree অ্যালকোহল C. 2\degree অ্যালকোহল D. 1\degree অ্যালকোহল Answer with only A, B, C, or D.","RMgX + CH_{3}COCH_{3} \rightarrow A \xrigharrow[H^{+}]{H_{2}O} B; B jougoti ki? A. joib esid B. 3\degree alokohol C. 2\degree alokohol D. 1\degree alokohol Answer with only A, B, C, or D.","RMgX + CH_{3}COCH_{3} \rightarrow A \xrightarrow[H^{+}]{H_{2}O}B; What is B? A. Organic acid B. 3\degree alcohol C. 2\degree alcohol D. 1\degree alcohol Answer with only A, B, C, or D."
benqa_ext_12th-Chemistry-II_0215,A,Chemistry-II,chemistry-ii,1,0,1,A,D,A,"নিচের কোনটি নিউক্লিওফাইল? A. CH_{3}CH_{2}OH B. FeCl_{3} C. SO_{3} D. BF_{3} Answer with only A, B, C, or D.","nicher konoti niukliofail? A. CH_{3}CH_{2}OH B. FeCl_{3} C. SO_{3} D. BF_{3} Answer with only A, B, C, or D.","Which one is the nucleophile? A. CH_{3}CH_{2}OH B. FeCl_{3} C. SO_{3} D. BF_{3} Answer with only A, B, C, or D."
benqa_ext_12th-Chemistry-II_0234,A,Chemistry-II,chemistry-ii,1,0,1,A,D,A,"গ্রিন হাউস গ্যাসের মধ্যে নিম্নের কোনটি বায়ুমণ্ডলে সবচেয়ে বেশি থাকে? A. CO_{2} B. CH_{4} C. O_{3} D. CFC Answer with only A, B, C, or D.","grin haus gyaser modhye nimner konoti bayumondole sobocheye beshi thake? A. CO_{2} B. CH_{4} C. O_{3} D. CFC Answer with only A, B, C, or D.","Which green house of the following is found largely in atmosphere? A. CO_{2} B. CH_{4} C. O_{3} D. CFC Answer with only A, B, C, or D."
benqa_ext_12th-Chemistry-II_0248,A,Chemistry-II,chemistry-ii,1,0,1,A,D,A,"প্রমাণ হাইড্রোজেন তড়িৎদ্বারের বিভবের মান কত? A. 0.0 V B. \text{1.34 V} C. \text{+ 1.00 V} D. \text{+ 1.76 V} Answer with only A, B, C, or D.","proman haidrojen toritodbarer bibhober man kot? A. 0.0 V B. \text{1.34 V} C. \text{+ 1.00 V} D. \text{+ 1.76 V} Answer with only A, B, C, or D.","What is the value of standard hydrogen electrode? A. 0.0V B. -1.34V C. \text+1.00V D. \text+1.76V Answer with only A, B, C, or D."
benqa_ext_12th-Chemistry-II_0259,D,Chemistry-II,chemistry-ii,1,0,1,D,C,D,"ডাল্টনের আংশিক চাপ সূত্র প্রযোজ্য কোন ক্ষেত্রে? A. F{2}, H_{2} B. CH_{4}, Cl_{2} C. NH_{3}, HCl D. N_{2}, O_{2} Answer with only A, B, C, or D.","daltoner angshik chap sutr projojy kon kshetre? A. F{2}, H_{2} B. CH_{4}, Cl_{2} C. NH_{3}, HCl D. N_{2}, O_{2} Answer with only A, B, C, or D.","In which case is Dalton's partial pressure law applicable? A. F_{2}, H_{2} B. CH_{4}, Cl_{2} C. NH_{3}, HCl D. N_{2}, O_{2} Answer with only A, B, C, or D."
benqa_ext_12th-Chemistry-II_0262,D,Chemistry-II,chemistry-ii,1,0,1,D,C,D,"কোনটি নিউক্লিওফাইল? A. AlCl_{3} B. FeCl_{3} C. BF_{3} D. H_{2}O Answer with only A, B, C, or D.","konoti niukliofail? A. AlCl_{3} B. FeCl_{3} C. BF_{3} D. H_{2}O Answer with only A, B, C, or D.","Which one is nucleophile? A. AlCl_{3} B. FeCl_{3} C. BF_{3} D. H_{2}O Answer with only A, B, C, or D."
benqa_ext_12th-Chemistry-II_0268,B,Chemistry-II,chemistry-ii,1,0,1,B,C,B,"মিথাইল অরেঞ্জের বর্ণ পরিবর্তনের pH সীমা কত? A. 7-10 B. 3-5 C. 5-8 D. 10-12 Answer with only A, B, C, or D.","mithail orenjer born poribortoner pH sima kot? A. 7-10 B. 3-5 C. 5-8 D. 10-12 Answer with only A, B, C, or D.","What is the range of pH change of methyl orange? A. 7 - 10 B. 3 - 5 C. 5 - 8 D. 10 - 12 Answer with only A, B, C, or D."
benqa_ext_12th-Chemistry-II_0271,A,Chemistry-II,chemistry-ii,1,0,1,A,D,A,"প্রমাণ দ্রবণ কোনটি? A. 1.0 M H_{2}SO_{4} B. 1.0 g H_{2}SO_{4} C. 1.0 m H_{2}SO_{4} D. 1.0 mol H_{2}SO_{4} Answer with only A, B, C, or D.","proman drobon konoti? A. 1.0 M H_{2}SO_{4} B. 1.0 g H_{2}SO_{4} C. 1.0 m H_{2}SO_{4} D. 1.0 mol H_{2}SO_{4} Answer with only A, B, C, or D.","Which one is standard solution? A. 1.0M H_{2}SO_{4} B. 1.0g H_{2}SO_{4} C. 1.0ml H_{2}SO_{4} D. 1.0mol H_{2}SO_{4} Answer with only A, B, C, or D."
benqa_ext_12th-Chemistry-II_0283,A,Chemistry-II,chemistry-ii,1,0,1,A,D,A,"WHO কর্তৃক অনুমোদিত পানীয় জলের pH মান- A. 6.5-8.5 B. 6.5-9.2 C. 4.5-9.5 D. 4.5-9.8 Answer with only A, B, C, or D.","WHO kortrik onumodit paniy joler pH man- A. 6.5-8.5 B. 6.5-9.2 C. 4.5-9.5 D. 4.5-9.8 Answer with only A, B, C, or D.","According to WHO the standard pH value of soft water should be? A. 6.5 \sim 8.5 B. 6.5 \sim 9.2 C. 4.5 \sim 9.5 D. 4.5 \sim 9.8 Answer with only A, B, C, or D."
benqa_ext_12th-Chemistry-II_0284,B,Chemistry-II,chemistry-ii,1,0,1,B,D,B,"কোনটিতে একই সাথে অ্যালকোহল ও এসিডের কার্যকরী মূলক বিদ্যমান? A. অক্সালিক এসিড B. ল্যাকটিক এসিড C. ম্যালেয়িক এসিড D. ফিউমারিক এসিড Answer with only A, B, C, or D.","konotite ekoi sathe alokohol o esider karyokori mulok bidyoman? A. oksalik esid B. lyakotik esid C. myaleyik esid D. fiumarik esid Answer with only A, B, C, or D.","Which compound has acidic and alcoholic functional groups together? A. Oxalic acid B. Lactic acid C. Malic acid D. Fumaric acid Answer with only A, B, C, or D."
benqa_ext_12th-Chemistry-II_0330,A,Chemistry-II,chemistry-ii,0,0,1,D,D,A,S_{N}1 বিক্রিয়ায়- i. বিক্রিয়া ধাপ দুটি ii. সক্রিয়তার ক্রয়- 3\degree RX > 2\degree RX > 1\degree RX > CH_{3}X iii. বিক্রিয়া হার হ্যালোজেনো অ্যালকেন ও নিউক্লিওফাইল উভয়ের উপর নির্ভশীল নিচের কোনটি সঠিক? A. i ও ii B. i ও i...,S_{N}1 bikriyay- i. bikriya dhap duti ii. sokriyotar kroy- 3\degree RX > 2\degree RX > 1\degree RX > CH_{3}X iii. bikriya har hyalojeno aloken o niukliofail ubhoyer upor nirbhoshil nicher konoti sothik? A. i o ii B. i...,In S_{N}1 Reaction- i. steps of reaction are two ii. order of reactivity- 3\degree RX > 2\degree RX > 1\degree RX > CH_{3}X iii. rate of reaction depends on both helogeno alkane and neucleophile. Which one is correct?...
benqa_ext_12th-Chemistry-II_0371,A,Chemistry-II,chemistry-ii,1,0,1,A,D,A,"চাপের সাথে গ্যাসের আয়তনের পরিবর্তন হয় কোনটিতে? A. বয়েলের সূত্র B. চার্লসের সূত্র C. অ্যাভোগেড্রার সূত্র D. গ্রাহামের সূত্র Answer with only A, B, C, or D.","chaper sathe gyaser ayotoner poriborton hoy konotite? A. boyeler sutr B. charloser sutr C. abhogedrar sutr D. grahamer sutr Answer with only A, B, C, or D.","In which, pressure changes with volume of the gas? A. Boyle's law B. Charle's law C. Avogadro's law D. Graham's law Answer with only A, B, C, or D."
benqa_ext_12th-Chemistry-I_0001,A,Chemistry-I,chemistry-i,1,0,1,A,C,A,"নিচের কোন অরবিটাল হুন্ডের নীতি প্রদর্শনে অক্ষম? A. s B. p C. d D. f Answer with only A, B, C, or D.","nicher kon orobital hunder niti prodorshone okshom? A. s B. p C. d D. f Answer with only A, B, C, or D.","Which orbital of the following is unable to obey""Hund's rule""? A. s B. p C. d D. f Answer with only A, B, C, or D."
benqa_ext_12th-Chemistry-I_0003,D,Chemistry-I,chemistry-i,0,0,1,C,C,D,"ক্যালসিয়াম ফসফেটের দ্রাব্যতা গুণফল কোনটি? A. 27S^{3} B. S^{5} C. 27S^{5} D. 108S^{5} Answer with only A, B, C, or D.","kyalosiyam fosofeter drabyota gunofol konoti? A. 27S^{3} B. S^{5} C. 27S^{5} D. 108S^{5} Answer with only A, B, C, or D.","Which one of the following is the solubility product of calcium phosphate? A. 27s^{3} B. s^{5} C. 27s^{5} D. 108s^{5} Answer with only A, B, C, or D."
benqa_ext_12th-Chemistry-I_0050,A,Chemistry-I,chemistry-i,1,0,1,A,D,A,"কোনটি রঙিন যৌগ? A. NiSO_{4| B. Al_{2}(SO_{4})_{3} C. ZnSO_{4| D. Sc_{2}(SO_{4})_{3} Answer with only A, B, C, or D.","konoti rongin joug? A. NiSO_{4| B. Al_{2}(SO_{4})_{3} C. ZnSO_{4| D. Sc_{2}(SO_{4})_{3} Answer with only A, B, C, or D.","Which of the following compound is coloured? A. NiSO_{4} B. AI_{2}(SO_{4})_{3} C. ZnSO_{4} D. Sc_{2}(SO_{4})_{3} Answer with only A, B, C, or D."
benqa_ext_12th-Chemistry-I_0051,A,Chemistry-I,chemistry-i,1,0,1,A,C,A,"কীসের পরিবর্তনের ফলে সাম্যধ্রুবকের মান পরিবর্তিত হয়? A. তাপমাত্রা B. ঘনমাত্রা C. আয়তন D. প্রভাবক Answer with only A, B, C, or D.","kiser poribortoner fole samyodhruboker man poribortit hoy? A. tapomatra B. ghonomatra C. ayoton D. probhabok Answer with only A, B, C, or D.","As a result of what changes the value of the equilibrium constant changes? A. Temperature B. Concentration C. Volume D. Catalyst Answer with only A, B, C, or D."
benqa_ext_12th-Chemistry-I_0068,D,Chemistry-I,chemistry-i,1,0,1,D,C,D,"কোন বিজ্ঞানীর মতে আবর্তনশীল ইলেকট্রন ক্রমাগত শক্তি বিকিরণ করে? A. হাইজেনবার্গ B. আইনস্টাইন C. ম্যাক্স প্লাঙ্ক D. ম্যাক্সওয়েল Answer with only A, B, C, or D.","kon bijnanir mote abortonoshil ilekotron kromagot shokti bikiron kore? A. haijenobarg B. ainostain C. myaks plangk D. myaksooyel Answer with only A, B, C, or D.","According to which scientist,rotating electrons constantly emit energy? A. Heisenberg B. Einstein C. Max Plank D. Maxwell Answer with only A, B, C, or D."
benqa_ext_12th-Chemistry-I_0089,A,Chemistry-I,chemistry-i,1,0,0,A,D,D,"কোনটিির প্রথম আয়নিকরণ বিভব অধিক? A. N B. C C. B D. O Answer with only A, B, C, or D.","konotiir prothom ayonikoron bibhob odhik? A. N B. C C. B D. O Answer with only A, B, C, or D.","Which one has the highest first ionisation potential? A. NO B. C C. B D. O Answer with only A, B, C, or D."
benqa_ext_12th-Chemistry-I_0107,B,Chemistry-I,chemistry-i,1,0,1,B,D,B,"বেরিয়াম কার্বাইড +HCl\rightarrow A+B(g); এখানে B এর ক্ষেত্রে প্রযোজ্য, এতে বিদ্যমান- i. sp সংকরণ ii. হাইড্রোজেন বন্ধন iii. S ব্লক মৌল A. i B. i ও iii C. ii ও iii D. i, ii ও iii Answer with only A, B, C, or D.","beriyam karbaid +HCl\rightarrow A+B(g); ekhane B er kshetre projojy, ete bidyoman- i. sp songkoron ii. haidrojen bondhon iii. S blok moul A. i B. i o iii C. ii o iii D. i, ii o iii Answer with only A, B, C, or D.","Barium carbide+HCI\rightarrow A+B(g),applicable for the B; it consists- i.sp hybridization ii.Hydrogen bond iii.S-block element Which one is correct? A. i B. i&iii C. ii&iii D. i.ii,&iii Answer with only A, B, C, or D."
benqa_ext_12th-Chemistry-I_0116,B,Chemistry-I,chemistry-i,1,0,1,B,C,B,"নিচের কোনটির জন্য বোর পরমাণু মডেল প্রযোজ্য? A. H^{+} B. He^{+} C. Li^{+} D. Be^{+} Answer with only A, B, C, or D.","nicher konotir jony bor poromanu model projojy? A. H^{+} B. He^{+} C. Li^{+} D. Be^{+} Answer with only A, B, C, or D.","Which one of the following is applicable for Bohr's atom model? A. H^{+} B. He^{+} C. Li^{+} D. Be^{+} Answer with only A, B, C, or D."
benqa_ext_12th-Chemistry-I_0132,A,Chemistry-I,chemistry-i,1,0,1,A,B,A,"K_{c} এর মানের ক্ষেত্রে কোনটি সঠিক? A. এর মান 1 হতে পারে B. এর মান প্রভাবকের উপর নির্ভর করে C. এর মান চাপের উপর নির্ভর করে D. এর মান অসীম হতে পারে Answer with only A, B, C, or D.","K_{c} er maner kshetre konoti sothik? A. er man 1 hote pare B. er man probhaboker upor nirbhor kore C. er man chaper upor nirbhor kore D. er man osim hote pare Answer with only A, B, C, or D.","In case of the value of K_{c},which one is correct? A. May be 1 B. Depends on catalyst C. Depends on pressure D. May be infinitive Answer with only A, B, C, or D."
benqa_ext_12th-Chemistry-I_0142,D,Chemistry-I,chemistry-i,1,0,1,D,C,D,"কোনটিতে সমযোজী বন্ধন অনুপস্থিত? A. HBr B. H_{2}S C. BeCl_{2} D. CaF_{2} Answer with only A, B, C, or D.","konotite somojoji bondhon onuposthit? A. HBr B. H_{2}S C. BeCl_{2} D. CaF_{2} Answer with only A, B, C, or D.","In which compound covalent bond is absent? A. HBr B. H_{2}S C. BeCI_{2} D. CaF_{2} Answer with only A, B, C, or D."
benqa_ext_12th-Chemistry-I_0147,B,Chemistry-I,chemistry-i,1,0,0,B,D,C,A_{2}(g)+B_{2}(g)\rightleftharpoons 2AB(g); \bigtriangleup H = +X Kj/mol; বিক্রিয়াটিতে- i. চাপের প্রভাব বিদ্যমান ii. তাপমাত্রার প্রভাব বিদ্যমান iii. প্রভাবকের ভূমিকা বিদ্যমান নিচের কোনটি সঠিক? A. i B. ii C. i ও ii D....,A_{2}(g)+B_{2}(g)\rightleftharpoons 2AB(g); \bigtriangleup H = +X Kj/mol; bikriyatite- i. chaper probhab bidyoman ii. tapomatrar probhab bidyoman iii. probhaboker bhumika bidyoman nicher konoti sothik? A. i B. ii C. i...,"In reaction A_{2}(g)+B_{2}(g)\rightleftharpoons 2AB(g), \Delta H = +X Kj/mol- i. pressure influences the reaction ii. temperature influences the reaction iii. catalyst influences the reaction Which one is correct? A...."
benqa_ext_12th-Chemistry-I_0153,C,Chemistry-I,chemistry-i,1,0,1,C,D,C,"কোনটি আকৃতি প্রকাশ করে? A. প্রধান কোয়ান্টাম সংখ্যা B. চৌম্বক কোয়ান্টাম সংখ্যা C. সহকারী কোয়ান্টাম সংখ্যা D. ঘূর্ণন কোয়ান্টাম সংখ্যা Answer with only A, B, C, or D.","konoti akriti prokash kore? A. prodhan koyantam songkhya B. choumbok koyantam songkhya C. sohokari koyantam songkhya D. ghurnon koyantam songkhya Answer with only A, B, C, or D.","Which one indicates shape? A. Principal quantum number B. Magnetic quantum number C. Secondary quantum number D. Spin quantum number Answer with only A, B, C, or D."
benqa_ext_12th-Chemistry-I_0154,A,Chemistry-I,chemistry-i,1,0,1,A,D,A,"কোন অরবিটালটি সম্ভব? A. 5s B. 3f C. 2d D. 1p Answer with only A, B, C, or D.","kon orobitaloti sombhob? A. 5s B. 3f C. 2d D. 1p Answer with only A, B, C, or D.","Which orbital is possible? A. 5s B. 3f C. 2d D. 1p Answer with only A, B, C, or D."
benqa_ext_12th-Chemistry-I_0169,B,Chemistry-I,chemistry-i,1,0,1,B,D,B,"সবুজ রসাায়নের অন্তর্ভুক্ত- i. কক্ষ তাপমাত্রা ও চাপে বিক্রিয়া সংঘটনের চেষ্টা ii. নবায়নযোগ্য কাঁচামাল কম ব্যবহার করা iii. মাধ্যমিক গৌণ উৎপাদ হ্রাস করা নিচের কোনটি সঠিক? A. i ও ii B. i ও iii C. ii ও iii D. i, ii ও iii An...",sobuj rosaayoner ontorbhukt- i. koksh tapomatra o chape bikriya songghotoner cheshta ii. nobayonojogy kanchamal kom byobohar kora iii. madhyomik goun utopad hras kora nicher konoti sothik? A. i o ii B. i o iii C. ii o...,"Green chemistry includes- i.attempts to organize reaction at room temperature pressure ii.to use less renewable raw materials iii.to reduce secondary product A. i&ii B. i&iii C. ii&iii D. I,ii&iii Answer with only A,..."
benqa_ext_12th-Chemistry-I_0175,A,Chemistry-I,chemistry-i,1,0,1,A,C,A,"কোনটির আয়নিকরণ শক্তি বেশি? A. Be B. B C. Mg D. Al Answer with only A, B, C, or D.","konotir ayonikoron shokti beshi? A. Be B. B C. Mg D. Al Answer with only A, B, C, or D.","Which one's ionization potential is the highest? A. Be B. B C. Mg D. Al Answer with only A, B, C, or D."
benqa_ext_12th-Chemistry-I_0185,D,Chemistry-I,chemistry-i,1,0,1,D,C,D,"কোনটি এন্টি অক্সিডেন্ট? A. C_{6}H_{5}COONa B. NaNO_{2} C. EDTA D. BHT Answer with only A, B, C, or D.","konoti enti oksident? A. C_{6}H_{5}COONa B. NaNO_{2} C. EDTA D. BHT Answer with only A, B, C, or D.","Which one in antioxidant? A. C_{6}H_{5}COONa B. NaNO_{2} C. EDTA D. BHT Answer with only A, B, C, or D."
benqa_ext_12th-Chemistry-I_0189,C,Chemistry-I,chemistry-i,1,0,1,C,B,C,"দ্রাব্যতা গুণফল নিচের কোন ক্ষেত্রে প্রযোজ্য? A. অধিক দ্রবণীয় আয়নিক যৌগ B. অধিক দ্রবণীয় সমযোজী যৌগ C. স্বল্প দ্রবণীয় আয়নিক যৌগ D. স্বল্প দ্রবণীয় সমযোজী যৌগ Answer with only A, B, C, or D.","drabyota gunofol nicher kon kshetre projojy? A. odhik droboniy ayonik joug B. odhik droboniy somojoji joug C. sbolp droboniy ayonik joug D. sbolp droboniy somojoji joug Answer with only A, B, C, or D.","Solubility product is applicable in which case. A. More soluble ionic compound B. More soluble covalent copound C. Less soluble ionic compound D. Less soluble covalent compouund Answer with only A, B, C, or D."
benqa_ext_12th-Chemistry-I_0198,D,Chemistry-I,chemistry-i,1,0,0,D,C,C,"ভিনেগার প্রস্তুতিতে অ্যামোনিয়াম ফসফেটের ভূমিকা কী? A. ফারমেন্টেশন B. ব্যাকটেরিয়া প্রতিরোধক C. pH নিয়ন্ত্রক D. ব্যাকটেরিয়া বৃদ্ধি সহায়ক Answer with only A, B, C, or D.","bhinegar prostutite amoniyam fosofeter bhumika ki? A. faromenteshon B. byakoteriya protirodhok C. pH niyontrok D. byakoteriya briddhi sohayok Answer with only A, B, C, or D.","What is the role of ammonium phosphet for the preparation of vinegar? A. Fermentation B. Resist bactotia C. Control pH D. Help to grow bacteria Answer with only A, B, C, or D."
benqa_ext_12th-Chemistry-I_0199,B,Chemistry-I,chemistry-i,1,0,1,B,C,B,"H-পরমাাণুর বর্ণালির বামার সিরিজের সর্বনিম্ন তরঙ্গ সংখ্যার বিকিরিত রশ্মি কোনটি? A. 3R_{H}/4 B. 5R_{H}/36 C. 8R_{H}/9 D. 9R_{H}/144 Answer with only A, B, C, or D.","H-poromaanur bornalir bamar sirijer sorbonimn torongg songkhyar bikirit roshmi konoti? A. 3R_{H}/4 B. 5R_{H}/36 C. 8R_{H}/9 D. 9R_{H}/144 Answer with only A, B, C, or D.","Which one is the emitted ray of Balmer series of H-atom spectra which has lowest wave numbers? A. 3R_{H}/4 B. 5R_{H}/36 C. 8R_{H/9} D. 9R_{H/144} Answer with only A, B, C, or D."
benqa_ext_12th-Chemistry-I_0205,A,Chemistry-I,chemistry-i,1,0,1,A,D,A,"কোনটির জ্যামিতিক আকৃতি সরল রৈখিক? A. Co_{2} B. H_{2}O C. H_{2}S D. SO_{2} Answer with only A, B, C, or D.","konotir jyamitik akriti sorol roikhik? A. Co_{2} B. H_{2}O C. H_{2}S D. SO_{2} Answer with only A, B, C, or D.","Whose geometric shape is linear? A. CO_{2} B. H_{2}O C. H_{2}S D. SO_{2} Answer with only A, B, C, or D."
benqa_ext_12th-Chemistry-I_0226,C,Chemistry-I,chemistry-i,1,0,1,C,D,C,"ইলেকট্রন আসক্তি যে সকল নিয়ামক দ্বারা প্রভাবিত হয়- i. পারমাণবিক ভর ii. পরমাণুর আকার iii. কার্যকর নিউক্লিয়ার আধান নিচের কোনটি সঠিক? A. i ও ii B. i ও iii C. ii ও iii D. i, ii ও iii Answer with only A, B, C, or D.","ilekotron asokti je sokol niyamok dwara probhabit hoy- i. paromanobik bhor ii. poromanur akar iii. karyokor niukliyar adhan nicher konoti sothik? A. i o ii B. i o iii C. ii o iii D. i, ii o iii Answer with only A, B,...","Electron affinity depends on- i.atomic mass ii.atomic size iii.active nuclear charge Which one is correct? A. i&ii B. i&iii C. ii&iii D. I,ii&iii Answer with only A, B, C, or D."
benqa_ext_12th-Chemistry-I_0229,A,Chemistry-I,chemistry-i,1,0,1,A,B,A,"প্রাকৃতিক অ্যান্টি অক্সিডেন্ট কোনটি? A. বিটা ক্যারোটিন B. ভিনেগার C. BHT D. BHA Answer with only A, B, C, or D.","prakritik anti oksident konoti? A. bita kyarotin B. bhinegar C. BHT D. BHA Answer with only A, B, C, or D.","Which one is natural antioxidant? A. Beta-Carotine B. Vinegar C. BHT D. BHA Answer with only A, B, C, or D."
benqa_ext_12th-Chemistry-I_0252,C,Chemistry-I,chemistry-i,1,0,1,C,D,C,"Fe^{2+} আয়নের ইলেকট্রন বিন্যাসে বিজোড় ইলেকট্রন সংখ্যা কতটি? A. 2 B. 3 C. 4 D. 6 Answer with only A, B, C, or D.","Fe^{2+} ayoner ilekotron binyase bijor ilekotron songkhya kototi? A. 2 B. 3 C. 4 D. 6 Answer with only A, B, C, or D.","What is the number of unpaired electron in electronic configuration of Fe^{2+} ion? A. 2 B. 3 C. 4 D. 6 Answer with only A, B, C, or D."
benqa_ext_12th-Chemistry-I_0258,B,Chemistry-I,chemistry-i,1,0,1,B,D,B,"রঙিন যৌগ কোনটি? A. TiCl_{4} B. MnO_{2} C. ScCl_{3} D. ZnSO_{4} Answer with only A, B, C, or D.","rongin joug konoti? A. TiCl_{4} B. MnO_{2} C. ScCl_{3} D. ZnSO_{4} Answer with only A, B, C, or D.","Which is the colour compound? A. TiCl_{4} B. MnO_{2} C. ScCl_{3} D. ZnSO_{4} Answer with only A, B, C, or D."
benqa_ext_12th-Chemistry-I_0264,C,Chemistry-I,chemistry-i,0,0,1,A,D,C,"নিম্নের কোনটি বাফার দ্রবণ? A. 30 mL 0.1M NH_{4}OH + 20mL 0.2M HCl B. 40 mL 0.2M CH_{3}COOH + 30mL 0.3M NaOH C. 50 mL 0.1M NaOH + 40mL 0.2M H_{2}CO_{3} D. 60 mL 0.1M NaOH + 70mL 0.2M HCL Answer with only A, B, C, or D.","nimner konoti bafar drobon? A. 30 mL 0.1M NH_{4}OH + 20mL 0.2M HCl B. 40 mL 0.2M CH_{3}COOH + 30mL 0.3M NaOH C. 50 mL 0.1M NaOH + 40mL 0.2M H_{2}CO_{3} D. 60 mL 0.1M NaOH + 70mL 0.2M HCL Answer with only A, B, C, or D.","Which one of the following is a buffer solution? A. 30mL 0.1M NH_{4}OH+20mL 0.2M HCl B. 40mL 0.2M CH_{3}COOH+30mL 0.3M NaOH C. 50 mL 0.1M NaOH+40mL 0.2M H_{2}CO_{3} D. 60mL 0.1M NaOH +70mL 0.2 MHCl Answer with only A,..."
benqa_ext_12th-Chemistry-I_0274,A,Chemistry-I,chemistry-i,1,0,1,A,D,A,"চালকোজেন গ্রুপ কোনটি? A. 16 B. 15 C. 14 D. 11 Answer with only A, B, C, or D.","chalokojen grup konoti? A. 16 B. 15 C. 14 D. 11 Answer with only A, B, C, or D.","Which is the Chalcogen group? A. 16 B. 15 C. 14 D. 11 Answer with only A, B, C, or D."
benqa_ext_12th-Chemistry-I_0285,D,Chemistry-I,chemistry-i,1,0,1,D,C,D,"নিচের কোনটি অভিজাত গ্যাস A. H_{2} B. N_{2} C. F_{2} D. Xe Answer with only A, B, C, or D.","nicher konoti obhijat gyas A. H_{2} B. N_{2} C. F_{2} D. Xe Answer with only A, B, C, or D.","Which of the following is a noble gas? A. H_{2} B. N_{2} C. F_{2} D. Xe Answer with only A, B, C, or D."
benqa_ext_12th-Chemistry-I_0287,C,Chemistry-I,chemistry-i,1,0,1,C,D,C,"NH_{4}^{+} এর আকৃতি কোনটি? A. অষ্টতলকীয় B. দ্বি-পিরামিডীয় C. চতুস্তলকীয় D. পিরামিডীয় Answer with only A, B, C, or D.","NH_{4}^{+} er akriti konoti? A. oshtotolokiy B. dwi-piramidiy C. chotustolokiy D. piramidiy Answer with only A, B, C, or D.","What is the shape of NH_{4}^{+}? A. Octahedral B. Bipyramidal C. Tetrahedral D. Pyramidal Answer with only A, B, C, or D."
benqa_ext_12th-Chemistry-I_0299,A,Chemistry-I,chemistry-i,1,0,1,A,B,A,"আসমানি আলোর তরঙ্গদৈর্ঘ্যের চেয়ে ছোট তরঙ্গদৈর্ঘ্যের আলো কোনটি? A. নীল B. সবুজ C. কমলা D. লাল Answer with only A, B, C, or D.","asomani alor toronggodoirghyer cheye chhot toronggodoirghyer alo konoti? A. nil B. sobuj C. komola D. lal Answer with only A, B, C, or D.","Which of the following light's wavelength is less than sky blue lights wavelength? A. Blue B. Green C. Orange D. Red Answer with only A, B, C, or D."
benqa_ext_12th-Chemistry-I_0300,C,Chemistry-I,chemistry-i,1,0,1,C,B,C,"গুক্লোজ থেকে ইথানল প্রস্তুতিতে কোন এনজাইমটি ব্যবহৃত হয়? A. ডায়াস্টেজ B. মল্টেজ C. জাইমেজ D. ইনভার্টেজ Answer with only A, B, C, or D.","gukloj theke ithanol prostutite kon enojaimoti byobohrit hoy? A. dayastej B. moltej C. jaimej D. inobhartej Answer with only A, B, C, or D.","Which enzyme is used to prepare ethanol from glucose? A. Diastase B. Maltase C. Zymase D. Invertsse Answer with only A, B, C, or D."
benqa_ext_12th-Chemistry-I_0325,C,Chemistry-I,chemistry-i,1,0,1,C,B,C,"কোনটির ক্ষেত্রে বোর পরমাণু মডেল প্রযোজ্য? A. H^{+} B. He^{2+} C. Li^{2+} D. Be^{4+} Answer with only A, B, C, or D.","konotir kshetre bor poromanu model projojy? A. H^{+} B. He^{2+} C. Li^{2+} D. Be^{4+} Answer with only A, B, C, or D.","Which one is applicable for Bohr atom model? A. H^{+} B. He^{2+} C. Li^{2+} D. Be^{4+} Answer with only A, B, C, or D."
benqa_ext_12th-Chemistry-I_0330,B,Chemistry-I,chemistry-i,1,0,1,B,C,B,"কোনটি মৃৃৎক্ষার ধাতু? A. Na B. Ca C. Al D. Zn Answer with only A, B, C, or D.","konoti mriritokshar dhatu? A. Na B. Ca C. Al D. Zn Answer with only A, B, C, or D.","Which one is alkaline earth metal? A. Na B. Ca C. Al D. Zn Answer with only A, B, C, or D."
benqa_ext_12th-Chemistry-I_0345,A,Chemistry-I,chemistry-i,1,0,0,A,C,B,"হেবার বস্ পদ্ধতিতে NH_{3} মিল্পোৎপাদনে প্রভাবক সহায়ক হিসেবে কোনটি ব্যবহৃত হয়? A. MO B. Ee C. Ni D. V Answer with only A, B, C, or D.","hebar bos poddhotite NH_{3} milpotopadone probhabok sohayok hisebe konoti byobohrit hoy? A. MO B. Ee C. Ni D. V Answer with only A, B, C, or D.","Which one is used as co-catalyst for the production of NH3 in Haber Bosch process? A. More soluble ionic compound B. Fe C. Ni D. V Answer with only A, B, C, or D."
benqa_ext_12th-Chemistry-I_0347,D,Chemistry-I,chemistry-i,1,0,1,D,C,D,"নিচের কোন আয়নিক যৌগের সবচেয়ে বেশি পোলারায়ন ঘটে? A. HCl B. NaCl C. MgCl_{2} D. BeCl_{2} Answer with only A, B, C, or D.","nicher kon ayonik jouger sobocheye beshi polarayon ghote? A. HCl B. NaCl C. MgCl_{2} D. BeCl_{2} Answer with only A, B, C, or D.","Which ionic compound has maximum polarization occurred? A. KCI B. NaCI C. MgCI_{2} D. BeCI_{2} Answer with only A, B, C, or D."
benqa_ext_12th-Chemistry-I_0359,C,Chemistry-I,chemistry-i,1,0,1,C,D,C,"নিচের কোন যৌগটির বন্ধন কোণ সবচেয়ে ক্ষুদ্র? A. NH_{3} B. H_{2}O C. PH_{3} D. BH_{3} Answer with only A, B, C, or D.","nicher kon jougotir bondhon kon sobocheye kshudr? A. NH_{3} B. H_{2}O C. PH_{3} D. BH_{3} Answer with only A, B, C, or D.","The bond angle of which compound is lowest below? A. NH_{3} B. H_{2}O C. PH_{3} D. BH_{3} Answer with only A, B, C, or D."
benqa_ext_12th-Chemistry-I_0367,D,Chemistry-I,chemistry-i,1,0,1,D,B,D,"2.5% H_{2}SO_{4} দ্রবণের OH^{-} এর ঘনমাত্রা হলো A. 3.92\times 10^{-7} B. 1.95\times 10^{-7} C. 3.92\times 10^{-14} D. 1.95\times 10^{-14} Answer with only A, B, C, or D.","2.5% H_{2}SO_{4} droboner OH^{-} er ghonomatra holo A. 3.92\times 10^{-7} B. 1.95\times 10^{-7} C. 3.92\times 10^{-14} D. 1.95\times 10^{-14} Answer with only A, B, C, or D.","What is the concentration of OH^{-} ion of 2.5% H_{2}SO_{4} solution? A. 3.92\times 10^{-7} B. 1.95\times 10^{-7} C. 3.92\times 10^{-14} D. 1.95\times 10^{-14} Answer with only A, B, C, or D."
benqa_ext_12th-Math-II_0090,A,Math-II,math-ii,1,0,1,A,D,A,"কোনো দ্বিঘাত সমীকরণের মূলদ্বয় মূলদ ও অসমান হলে পৃথায়ক হবে- i. পূর্ণবর্গ ii. ধনাত্মক সংখ্যা iii. ঋণাত্মক সংখ্যা নিচের কোনটি সঠিক? A. i ও ii B. i ও iii C. ii ও iii D. i, ii ও iii Answer with only A, B, C, or D.","kono dwighat somikoroner mulodboy mulod o osoman hole prithayok hobe- i. purnoborg ii. dhonatmok songkhya iii. rinatmok songkhya nicher konoti sothik? A. i o ii B. i o iii C. ii o iii D. i, ii o iii Answer with only A...","If the roots of a quadratic equation are rational and unequal, then the discriminant is- i. perfect square ii. positive number iii. negative number Which one is correct? A. i and ii B. i and iii C. ii and iii D. i, ii..."
benqa_ext_12th-Math-II_0113,B,Math-II,math-ii,1,0,1,B,D,B,"3x^{2} + 4y^{2} = 1 উপবৃত্তের- i. উৎকন্দ্রিকতা = \frac{1}{2} ii. উপকেন্দ্র (\pm 2\sqrt{3}, 0) iii. উপকেন্দ্রিক লম্বের দৈর্ঘ্য = \frac{\sqrt{3}}{2} নিচের কোনটি সঠিক? A. i ও ii B. i ও iii C. ii ও iii D. i, ii ও iii Answ...","3x^{2} + 4y^{2} = 1 upobritter- i. utokondrikota = \frac{1}{2} ii. upokendr (\pm 2\sqrt{3}, 0) iii. upokendrik lomber doirghy = \frac{\sqrt{3}}{2} nicher konoti sothik? A. i o ii B. i o iii C. ii o iii D. i, ii o iii...","In the ellipse 3x^{2} + 4y^{2} = 1- i. Eccentricity = \frac{1}{2} ii. Foci (\pm 2\sqrt{3}, 0) iii. Length of latus rectum = \frac{\sqrt{3}}{2} Which one is correct? A. i and ii B. i and iii C. ii and iii D. i, ii and..."
benqa_ext_12th-Math-II_0116,B,Math-II,math-ii,1,0,1,B,D,B,"x^{2} - 8y^{2} = 2 অধিবৃত্তের উৎকেন্দ্রিকতা কোনটি? A. \frac{3}{\sqrt{2}} B. \frac{3}{2\sqrt{2}} C. \frac{\sqrt{3}}{\sqrt{2}} D. \frac{\sqrt{7}}{2\sqrt{2}} Answer with only A, B, C, or D.","x^{2} - 8y^{2} = 2 odhibritter utokendrikota konoti? A. \frac{3}{\sqrt{2}} B. \frac{3}{2\sqrt{2}} C. \frac{\sqrt{3}}{\sqrt{2}} D. \frac{\sqrt{7}}{2\sqrt{2}} Answer with only A, B, C, or D.","Which one is the eccentricity of hyperbola x^{2} - 8y^{2} = 2? A. \frac{3}{\sqrt{2}} B. \frac{3}{2\sqrt{2}} C. \frac{\sqrt{3}}{\sqrt{2}} D. \frac{\sqrt{7}}{2\sqrt{2}} Answer with only A, B, C, or D."
benqa_ext_12th-Math-II_0127,C,Math-II,math-ii,0,0,1,D,D,C,"\sqrt{37}N,3N এবং 4N মানের তিনটি বল একটি বস্তুর উপর ক্রিয়া করে ভারসাম্য সৃষ্টি করে। 3N ও 4N বলদ্বয়ের মধ্যবর্তী কোণ কত? A. 30\degree B. 45\degree C. 60\degree D. 90\degree Answer with only A, B, C, or D.","\sqrt{37}N,3N ebong 4N maner tinoti bol ekoti bostur upor kriya kore bharosamy srishti kore. 3N o 4N bolodboyer modhyoborti kon kot? A. 30\degree B. 45\degree C. 60\degree D. 90\degree Answer with only A, B, C, or D.","Three forces \sqrt{37}N,3N and 4N acting at an object are in equilibrium. What is the angle between the forces 3N and 4N? A. 30\degree B. 45\degree C. 60\degree D. 90\degree Answer with only A, B, C, or D."
benqa_ext_12th-Math-II_0140,A,Math-II,math-ii,0,0,1,B,D,A,"p = cos\theta, q = sin\theta sec\theta এর মান কোনটি? A. \frac{1}{\sqrt{1 - q^{2}} B. \sqrt{1 - q^{2}} C. \frac{1}{\sqrt{q^{2} - 1} D. \sqrt{q^{2} - 1} Answer with only A, B, C, or D.","p = cos\theta, q = sin\theta sec\theta er man konoti? A. \frac{1}{\sqrt{1 - q^{2}} B. \sqrt{1 - q^{2}} C. \frac{1}{\sqrt{q^{2} - 1} D. \sqrt{q^{2} - 1} Answer with only A, B, C, or D.","p = cos\theta, q = sin\theta The value of sec\theta is- A. \frac{1}{\sqrt{1 - q^{2}} B. \sqrt{1 - q^{2}} C. \frac{1}{\sqrt{q^{2} - 1} D. \sqrt{q^{2} - 1} Answer with only A, B, C, or D."
benqa_ext_12th-Math-II_0172,B,Math-II,math-ii,0,0,1,D,D,B,"(x -3)^{2} = - 4(y - 4) পরাবৃত্তটির উপকেন্দ্রিক লম্বের সমীকরণ- A. y + 3 = 0 B. y - 3 = 0 C. x + 3 = 0 D. x - 3 = 0 Answer with only A, B, C, or D.","(x -3)^{2} = - 4(y - 4) porabrittotir upokendrik lomber somikoron- A. y + 3 = 0 B. y - 3 = 0 C. x + 3 = 0 D. x - 3 = 0 Answer with only A, B, C, or D.","The equation of the latus rectum of the parabola (x -3)^{2} = - 4(y - 4) is- A. y + 3 = 0 B. y - 3 = 0 C. x + 3 = 0 D. x - 3 = 0 Answer with only A, B, C, or D."
benqa_ext_12th-Math-II_0217,A,Math-II,math-ii,1,0,1,A,C,A,"3x^{2} + y^{2} = 4 উপবৃত্তটির উৎকেন্দ্রিকতা কত? A. \sqrt{\frac{2}{3}} B. \frac{\sqrt{2}}{3} C. 2\sqrt{\frac{2}{3}} D. \frac{2\sqrt{2}}{3} Answer with only A, B, C, or D.","3x^{2} + y^{2} = 4 upobrittotir utokendrikota kot? A. \sqrt{\frac{2}{3}} B. \frac{\sqrt{2}}{3} C. 2\sqrt{\frac{2}{3}} D. \frac{2\sqrt{2}}{3} Answer with only A, B, C, or D.","What is the eccentricity of the ellipse, 3x^{2} + y^{2} = 4? A. \sqrt{\frac{2}{3}} B. \frac{\sqrt{2}}{3} C. 2\sqrt{\frac{2}{3}} D. \frac{2\sqrt{2}}{3} Answer with only A, B, C, or D."
benqa_ext_12th-Math-II_0264,B,Math-II,math-ii,1,0,1,B,D,B,"-i এর মডুলাস ও আর্গুমেন্ট- A. 1 ও 0 B. 1 ও - \frac{\pi}{2} C. 1 ও \pi D. 1 ও \frac{\pi}{2} Answer with only A, B, C, or D.","-i er modulas o argument- A. 1 o 0 B. 1 o - \frac{\pi}{2} C. 1 o \pi D. 1 o \frac{\pi}{2} Answer with only A, B, C, or D.","The modulus and argument of -i are respectively- A. 1 and 0 B. 1 and - \frac{\pi}{2} C. 1 and \pi D. 1 and \frac{\pi}{2} Answer with only A, B, C, or D."
benqa_ext_12th-Math-II_0354,A,Math-II,math-ii,0,0,1,C,C,A,"\frac{y^{2}}{2} - \frac{x^{2}}{3} = 1 কণিকের উৎকেন্দ্রিকতা নিচের কোনটি? A. \sqrt{\frac{5}{2}} B. \sqrt{\frac{2}{3}} C. \sqrt{\frac{5}{3}} D. \sqrt{\frac{3}{2}} Answer with only A, B, C, or D.","\frac{y^{2}}{2} - \frac{x^{2}}{3} = 1 koniker utokendrikota nicher konoti? A. \sqrt{\frac{5}{2}} B. \sqrt{\frac{2}{3}} C. \sqrt{\frac{5}{3}} D. \sqrt{\frac{3}{2}} Answer with only A, B, C, or D.","Which one of the following is the eccentricity of the conic \frac{y^{2}}{2} - \frac{x^{2}}{3} = 1? A. \sqrt{\frac{5}{2}} B. \sqrt{\frac{2}{3}} C. \sqrt{\frac{5}{3}} D. \sqrt{\frac{3}{2}} Answer with only A, B, C, or D."
benqa_ext_12th-Math-I_0011,C,Math-I,math-i,1,0,1,C,B,C,নিচের কোনটি অব্যতিক্রমী ম্যাট্রিক্স? A. \begin{bmatrix} 3 & 6 \\ 2 & 4 \end{bmatrix} B. \begin{bmatrix} 4 & 1 \\ 8 & 2 \end{bmatrix} C. \begin{bmatrix} 4 & 1 \\ 2 & 3 \end{bmatrix} D. \begin{bmatrix} 4 & 10 \\ 2 & 5 \...,nicher konoti obyotikromi myatriks? A. \begin{bmatrix} 3 & 6 \\ 2 & 4 \end{bmatrix} B. \begin{bmatrix} 4 & 1 \\ 8 & 2 \end{bmatrix} C. \begin{bmatrix} 4 & 1 \\ 2 & 3 \end{bmatrix} D. \begin{bmatrix} 4 & 10 \\ 2 & 5 \e...,Which one of the following is non-singular matrix? A. \begin{bmatrix} 3 & 6 \\ 2 & 4 \end{bmatrix} B. \begin{bmatrix} 4 & 1 \\ 8 & 2 \end{bmatrix} C. \begin{bmatrix} 4 & 1 \\ 2 & 3 \end{bmatrix} D. \begin{bmatrix} 4 &...
benqa_ext_12th-Math-I_0024,C,Math-I,math-i,1,0,1,C,A,C,\begin{bmatrix} 4 & 3 \\ 3 & 2 \end{bmatrix} ম্যাট্রিক্সের বিপরীত ম্যাট্রিক্স কোনটি? A. \begin{bmatrix} 2 & -3 \\ -3 & 4 \end{bmatrix} B. \begin{bmatrix} 2 & 3 \\ -3 & 4 \end{bmatrix} C. \begin{bmatrix} -2 & 3 \\ 3 &...,\begin{bmatrix} 4 & 3 \\ 3 & 2 \end{bmatrix} myatrikser biporit myatriks konoti? A. \begin{bmatrix} 2 & -3 \\ -3 & 4 \end{bmatrix} B. \begin{bmatrix} 2 & 3 \\ -3 & 4 \end{bmatrix} C. \begin{bmatrix} -2 & 3 \\ 3 & -4 \...,Which is the inverse matrix of \begin{bmatrix} 4 & 3 \\ 3 & 2 \end{bmatrix} ? A. \begin{bmatrix} 2 & -3 \\ -3 & 4 \end{bmatrix} B. \begin{bmatrix} 2 & 3 \\ -3 & 4 \end{bmatrix} C. \begin{bmatrix} -2 & 3 \\ 3 & -4 \end...
benqa_ext_12th-Math-I_0052,D,Math-I,math-i,1,0,1,D,C,D,"x = a বিন্দুতে f(x) ফাংশন ক্রমবর্ধমান হবে যদি- A. f'(a) = 0 B. f'(a) < 0 C. f'(a) \neq 0 D. f'(a) > 0 Answer with only A, B, C, or D.","x = a bindute f(x) fangshon kromobordhoman hobe jodi- A. f'(a) = 0 B. f'(a) < 0 C. f'(a) \neq 0 D. f'(a) > 0 Answer with only A, B, C, or D.","When the function f(x) will be increasing at the point x = a, then- A. f'(a) = 0 B. f'(a) < 0 C. f'(a) \neq 0 D. f'(a) > 0 Answer with only A, B, C, or D."
benqa_ext_12th-Math-I_0084,C,Math-I,math-i,1,0,1,C,A,C,"x^{2} + y^{2} - 12x + 8y + c = 0 বৃত্তটি x-অক্ষকে স্পর্শ করে। স্পর্শ বিন্দুর স্থানাঙ্ক কত? A. (0, -4) B. (0, 4) C. (6, 0) D. (-6, 0) Answer with only A, B, C, or D.","x^{2} + y^{2} - 12x + 8y + c = 0 brittoti x-okshoke sporsh kore. sporsh bindur sthanangk kot? A. (0, -4) B. (0, 4) C. (6, 0) D. (-6, 0) Answer with only A, B, C, or D.","The circle x^{2} + y^{2} - 12x + 8y + c = 0, touches x-axis. What is the co-ordinate of touching point? A. (0, -4) B. (0, 4) C. (6, 0) D. (-6, 0) Answer with only A, B, C, or D."
benqa_ext_12th-Math-I_0107,A,Math-I,math-i,1,0,1,A,C,A,"\frac{3}{2} ঢালবিশিষ্ট সরলরেখাটি \lambda x + 3y - 7 = 0 সরলরেখার উপর লম্ব হলে \lambda এর মান- A. 2 B. 3 C. \frac{9}{2} D. \frac{9}{4} Answer with only A, B, C, or D.","\frac{3}{2} dhalobishisht sorolorekhati \lambda x + 3y - 7 = 0 sorolorekhar upor lomb hole \lambda er man- A. 2 B. 3 C. \frac{9}{2} D. \frac{9}{4} Answer with only A, B, C, or D.","If a straight line with slope \frac{3}{2} is perpendicular to \lambda x + 3y - 7 = 0, the value of \lambda is- A. 2 B. 3 C. \frac{9}{2} D. \frac{9}{4} Answer with only A, B, C, or D."
benqa_ext_12th-Math-I_0115,A,Math-I,math-i,1,0,0,A,D,D,A = \begin{bmatrix} 0 & -3 & 2 \\ 3 & 0 & 4 \\ -2 & -4 & 0 \end{bmatrix} হলে A একটি- i. বিপ্রতিসম ম্যাট্রিক্স ii. ব্যতিক্রমী ম্যাট্রিক্স iii. কর্ণ ম্যাট্রিক্স নিচের কোনটি সঠিক? A. i এবং ii B. i এবং iii C. ii এবং iii D...,A = \begin{bmatrix} 0 & -3 & 2 \\ 3 & 0 & 4 \\ -2 & -4 & 0 \end{bmatrix} hole A ekoti- i. biprotisom myatriks ii. byotikromi myatriks iii. korn myatriks nicher konoti sothik? A. i ebong ii B. i ebong iii C. ii ebong i...,If A = \begin{bmatrix} 0 & -3 & 2 \\ 3 & 0 & 4 \\ -2 & -4 & 0 \end{bmatrix} then A is a- i. skew-symmetric matrix ii. singular matrix iii. diagonal matrix Which one is correct? A. i and ii B. i and iii C. ii and iii D...
benqa_ext_12th-Math-I_0131,C,Math-I,math-i,1,0,1,C,D,C,"k এর কোন মানের জন্য \begin{bmatrix} k & -2 \\ 2 & k-4 \end{bmatrix} ম্যাট্রিক্সটি ব্যতিক্রমী হবে? A. \text{-4} B. \text{-2} C. 2 D. 4 Answer with only A, B, C, or D.","k er kon maner jony \begin{bmatrix} k & -2 \\ 2 & k-4 \end{bmatrix} myatriksoti byotikromi hobe? A. \text{-4} B. \text{-2} C. 2 D. 4 Answer with only A, B, C, or D.","For what value of k will the matrix \begin{bmatrix} k & -2 \\ 2 & k-4 \end{bmatrix} be singular? A. \text{-4} B. \text{-2} C. 2 D. 4 Answer with only A, B, C, or D."
benqa_ext_12th-Math-I_0178,A,Math-I,math-i,1,0,1,A,D,A,"(3, - 4) বিন্দুগামী এবং y-অক্ষের সমান্তরাল সরলরেখার সমীকরণ কোনটি? A. x - 3 = 0 B. x + 3 = 0 C. y - 4 = 0 D. y + 4 = 0 Answer with only A, B, C, or D.","(3, - 4) bindugami ebong y-oksher somantoral sorolorekhar somikoron konoti? A. x - 3 = 0 B. x + 3 = 0 C. y - 4 = 0 D. y + 4 = 0 Answer with only A, B, C, or D.","Which one of the following is the equation of a straight line which passes through the point (3, - 4) and parallel to y-axis? A. x - 3 = 0 B. x + 3 = 0 C. y - 4 = 0 D. y + 4 = 0 Answer with only A, B, C, or D."
benqa_ext_12th-Math-I_0189,C,Math-I,math-i,1,0,1,C,D,C,"\begin{bmatrix} 0 & 5 & -3 \\ -5 & 0 & y \\ x & 4 & 0 \end{bmatrix} বিপ্রতিসম ম্যাট্রিক্স হলে (x, y) = ? A. (-3, -4) B. (-3, 4) C. (3, -4) D. (3, 4) Answer with only A, B, C, or D.","\begin{bmatrix} 0 & 5 & -3 \\ -5 & 0 & y \\ x & 4 & 0 \end{bmatrix} biprotisom myatriks hole (x, y) = ? A. (-3, -4) B. (-3, 4) C. (3, -4) D. (3, 4) Answer with only A, B, C, or D.","If \begin{bmatrix} 0 & 5 & -3 \\ -5 & 0 & y \\ x & 4 & 0 \end{bmatrix} is skew symmentric matrix, then (x, y) = ? A. (-3, -4) B. (-3, 4) C. (3, -4) D. (3, 4) Answer with only A, B, C, or D."
benqa_ext_12th-Math-I_0192,D,Math-I,math-i,1,0,0,D,B,B,"x^{2} + y^{2} = 13 বৃত্তের (-2, 3) বিন্দুতে স্পর্শকের সমীকরণ কোনটি? A. 2x + 3y + 13 = 0 B. 2x + 3y - 13 = 0 C. 2x - 3y - 13 = 0 D. 2x - 3y + 13 = 0 Answer with only A, B, C, or D.","x^{2} + y^{2} = 13 britter (-2, 3) bindute sporshoker somikoron konoti? A. 2x + 3y + 13 = 0 B. 2x + 3y - 13 = 0 C. 2x - 3y - 13 = 0 D. 2x - 3y + 13 = 0 Answer with only A, B, C, or D.","What is the equations of the tangent of the circle x^{2} + y^{2} = 13 at the point (-2, 3)? A. 2x + 3y + 13 = 0 B. 2x + 3y - 13 = 0 C. 2x - 3y - 13 = 0 D. 2x - 3y + 13 = 0 Answer with only A, B, C, or D."
benqa_ext_12th-Math-I_0200,A,Math-I,math-i,0,0,1,B,D,A,"cot\theta = \frac{3}{4} এবং \pi < \theta < \frac{3\pi}{2} হলে sec\theta এর মান কত? A. \frac{-5}{3} B. \frac{-5}{4} C. \frac{5}{4} D. \frac{5}{3} Answer with only A, B, C, or D.","cot\theta = \frac{3}{4} ebong \pi < \theta < \frac{3\pi}{2} hole sec\theta er man kot? A. \frac{-5}{3} B. \frac{-5}{4} C. \frac{5}{4} D. \frac{5}{3} Answer with only A, B, C, or D.","If cot\theta = \frac{3}{4} and \pi < \theta < \frac{3\pi}{2}, then sec\theta = ? A. \frac{-5}{3} B. \frac{-5}{4} C. \frac{5}{4} D. \frac{5}{3} Answer with only A, B, C, or D."
benqa_ext_12th-Math-I_0216,D,Math-I,math-i,0,0,1,A,A,D,"x^{2} + y^{2} - 4x - 6y - 7 = 0 বৃত্তের (-2, 1) বিন্দুতে স্পর্শকের সমীকরণ- A. x + 2y + 3 = 0 B. 2x - y + 3 = 0 C. x - 2y + 3 = 1 D. 2x + y + 3 = 1 Answer with only A, B, C, or D.","x^{2} + y^{2} - 4x - 6y - 7 = 0 britter (-2, 1) bindute sporshoker somikoron- A. x + 2y + 3 = 0 B. 2x - y + 3 = 0 C. x - 2y + 3 = 1 D. 2x + y + 3 = 1 Answer with only A, B, C, or D.","The equation of tangent of the circle x^{2} + y^{2} - 4x - 6y - 7 = 0 at (-2, 1) is- A. x + 2y + 3 = 0 B. 2x - y + 3 = 0 C. x - 2y + 3 = 1 D. 2x + y + 3 = 1 Answer with only A, B, C, or D."
benqa_ext_12th-Math-I_0237,B,Math-I,math-i,1,0,1,B,C,B,f(x) = secx এবং g(x) = tanx \int f(x) dx = ? A. ln \left | tan \left ( \frac{\pi}{4} - \frac{x}{2} \right ) \right | + c B. ln \left | tan \left ( \frac{\pi}{4} + \frac{x}{2} \right ) \right | + c C. ln |secx - tanx|...,f(x) = secx ebong g(x) = tanx \int f(x) dx = ? A. ln \left | tan \left ( \frac{\pi}{4} - \frac{x}{2} \right ) \right | + c B. ln \left | tan \left ( \frac{\pi}{4} + \frac{x}{2} \right ) \right | + c C. ln |secx - tanx...,f(x) = secx and g(x) = tanx \int f(x) dx = ? A. ln \left | tan \left ( \frac{\pi}{4} - \frac{x}{2} \right ) \right | + c B. ln \left | tan \left ( \frac{\pi}{4} + \frac{x}{2} \right ) \right | + c C. ln |secx - tanx|...
benqa_ext_12th-Math-I_0275,A,Math-I,math-i,1,0,1,A,B,A,2x + 2y - \sqrt{5} = 0 একটি সরলরেখার সমীকরণ। উদ্দীপকের সরলরেখাটি দ্বারা স্থানাঙ্কের অক্ষদ্বয়ের সহিত উৎপন্ন ত্রিভুজের ক্ষেত্রফল নিচের কোনটি? A. \frac{5}{8} বর্গ একক B. \frac{5}{4} বর্গ একক C. \frac{5}{2} বর্গ একক D. 4\...,2x + 2y - \sqrt{5} = 0 ekoti sorolorekhar somikoron. uddipoker sorolorekhati dwara sthanangker okshodboyer sohit utoponn tribhujer kshetrofol nicher konoti? A. \frac{5}{8} borg ekok B. \frac{5}{4} borg ekok C. \frac{5...,"Equation of a straight line, 2x + 2y - \sqrt{5} = 0. What is the area of the triangle forms by the straight line of the stem with both axes? A. \frac{5}{8} sq. unit B. \frac{5}{4} sq. unit C. \frac{5}{2} sq. unit D. 4..."
benqa_ext_12th-Math-I_0339,A,Math-I,math-i,1,0,1,A,C,A,"(1, 2) ও (3, -2) বিন্দুগামী রেখার অক্ষ দুটির মধ্যবর্তী খণ্ডিতাংশের দৈর্ঘ্য কত? A. 2\sqrt{5} B. 3\sqrt{5} C. 5\sqrt{2} D. 5\sqrt{3} Answer with only A, B, C, or D.","(1, 2) o (3, -2) bindugami rekhar oksh dutir modhyoborti khonditangsher doirghy kot? A. 2\sqrt{5} B. 3\sqrt{5} C. 5\sqrt{2} D. 5\sqrt{3} Answer with only A, B, C, or D.","What is the length of intercepted part by axes of the line which is passing through the points (1, 2) and (3, -2)? A. 2\sqrt{5} B. 3\sqrt{5} C. 5\sqrt{2} D. 5\sqrt{3} Answer with only A, B, C, or D."
benqa_ext_12th-Physics-II_0004,C,Physics-II,physics-ii,1,0,1,C,D,C,একটি কার্নো ইঞ্জিন যখন 72\degree C তাপমাত্রায় তাপগ্রাহকে থাকে তখন কর্মদক্ষতা 40%। গ্রাহকের তাপমাত্রা স্থির রেখে ইঞ্জিনটিকে 60% দক্ষ করতে হলে- i. উৎসের পরিবর্তিত তাপমাত্রা হবে 862.5 K ii. উৎসের তাপমত্রা বৃদ্ধি পাবে 287...,ekoti karno injin jokhon 72\degree C tapomatray tapograhoke thake tokhon kormodokshota 40%. grahoker tapomatra sthir rekhe injinotike 60% doksh korote hole- i. utoser poribortit tapomatra hobe 862.5 K ii. utoser tapom...,A carnot engine when remain at 72\degree C sink temperature then its efficiency is 40%. Keeping sink temperature constant in order to make the efficiency of the engine 60%- i. the changed temperature of the source wil...
benqa_ext_12th-Physics-II_0010,A,Physics-II,physics-ii,1,0,1,A,C,A,"আপেক্ষিক তত্ত্ব অনুসারে গতিশীলতার দরুন- A. দৈর্ঘ্য হ্রাস পায় B. ভর হ্রাস পায় C. দৈর্ঘ্য বৃদ্ধি পায় D. সময় সংকুচিত হয় Answer with only A, B, C, or D.","apekshik totto onusare gotishilotar dorun- A. doirghy hras pay B. bhor hras pay C. doirghy briddhi pay D. somoy songkuchit hoy Answer with only A, B, C, or D.","According to theory of relativity due to motion- A. length contracts B. mass decreases C. length increases D. time contracts Answer with only A, B, C, or D."
benqa_ext_12th-Physics-II_0013,A,Physics-II,physics-ii,1,0,1,A,B,A,"রোধের বিপরীত রাশি নিচের কোনটি? A. পরিবাহিতা B. আপেক্ষিক রোধ C. উষ্ণতা গুণাঙ্ক D. প্রবাহ ঘনত্ব Answer with only A, B, C, or D.","rodher biporit rashi nicher konoti? A. poribahita B. apekshik rodh C. ushnota gunangk D. probah ghonotb Answer with only A, B, C, or D.","Which quantity is the reciprocal of resistance? A. Conductivity B. Specific resistance C. Co-efficient of temperature D. Current density Answer with only A, B, C, or D."
benqa_ext_12th-Physics-II_0016,C,Physics-II,physics-ii,1,0,1,C,D,C,"35 \Omega রোধের একটি গ্যালভানোমিটারের সাথে কত মানের সান্ট যুক্ত করলে পূর্বের 8 গুণ তড়িৎপ্রবাহ পরিমাপ করা যাবে? A. 0.2 \Omega B. 0.24 \Omega C. 5.0 \Omega D. 210 \Omega Answer with only A, B, C, or D.","35 \Omega rodher ekoti gyalobhanomitarer sathe kot maner sant jukt korole purber 8 gun toritoprobah porimap kora jabe? A. 0.2 \Omega B. 0.24 \Omega C. 5.0 \Omega D. 210 \Omega Answer with only A, B, C, or D.",What amount of shunt is to be added with a galvanometer of resistance 35\Omega so that it can measure 8 times current flow than previous value? A. 0.2 \Omega B. 0.24 \Omega C. 5.0 \Omega D. 210 \Omega Answer with only...
benqa_ext_12th-Physics-II_0022,B,Physics-II,physics-ii,1,0,0,B,D,C,"রুদ্ধতাপীয় 1 atm চাপে রাখা গ্যাসকে প্রসারিত করে দ্বিগুণ করা হলে যে চূড়ান্ত চাপ হয়, সমোষ্ণ প্রক্রিয়ায় সেই একই চাপ পেতে গ্যাসকে কতগুণ প্রসারিত করতে হবে? A. 1.4 B. 2.6 C. 5.2 D. 7.8 Answer with only A, B, C, or D.","ruddhotapiy 1 atm chape rakha gyasoke prosarit kore dwigun kora hole je churant chap hoy, somoshn prokriyay sei ekoi chap pete gyasoke kotogun prosarit korote hobe? A. 1.4 B. 2.6 C. 5.2 D. 7.8 Answer with only A, B, C...","How many times does the gas need to be expanded to get the same pressure in the isothermal process as the final pressure that is process of 1atm pressure. A. 1.4 B. 2.6 C. 5.2 D. 7.8 Answer with only A, B, C, or D."
benqa_ext_12th-Physics-II_0044,B,Physics-II,physics-ii,1,0,1,B,A,B,"তরঙ্গের দুই বিন্দুর মধ্য পথ পার্থক্য \frac{\lambda}{8} হলে দশা পার্থক্য কত? A. \frac{\pi}{2} B. \frac{\pi}{4} C. \frac{\pi}{6} D. \frac{\pi}{8} Answer with only A, B, C, or D.","torongger dui bindur modhy poth parthoky \frac{\lambda}{8} hole dosha parthoky kot? A. \frac{\pi}{2} B. \frac{\pi}{4} C. \frac{\pi}{6} D. \frac{\pi}{8} Answer with only A, B, C, or D.","What is the phase difference when the path between two points is \frac{\pi}{8} of a wave? A. \frac{\pi}{2} B. \frac{\pi}{4} C. \frac{\pi}{6} D. \frac{\pi}{8} Answer with only A, B, C, or D."
benqa_ext_12th-Physics-II_0049,A,Physics-II,physics-ii,1,0,1,A,D,A,"ট্রানজিস্টর ব্যবহৃত হয়- i. অ্যামপ্লিফায়ার হিসেবে ii. সুইচ হিসেবে iii. রেকটিফায়ার হিসেবে নিচের কোনটি সঠিক? A. i ও ii B. ii ও iii C. i ও iii D. i, ii ও iii Answer with only A, B, C, or D.","tranojistor byobohrit hoy- i. amoplifayar hisebe ii. suich hisebe iii. rekotifayar hisebe nicher konoti sothik? A. i o ii B. ii o iii C. i o iii D. i, ii o iii Answer with only A, B, C, or D.","Transistor use in- i. amplifier ii. switch iii. rectifier Which one is correct? A. i and ii B. ii and iii C. i and iii D. i, ii and iii Answer with only A, B, C, or D."
benqa_ext_12th-Physics-II_0090,B,Physics-II,physics-ii,1,0,1,B,C,B,"ফ্রেনেল শ্রেণির অপবর্তনে আলোকরশ্মি ও তরঙ্গমুখ কীরূপ হয়? A. অভিসারী ও গোলীয় B. অপসারী ও গোলীয় C. সমান্তরাল ও সমতল D. সমান্তরাল ও বেলনাকৃতি Answer with only A, B, C, or D.","frenel shrenir opobortone alokoroshmi o toronggomukh kirup hoy? A. obhisari o goliy B. oposari o goliy C. somantoral o somotol D. somantoral o belonakriti Answer with only A, B, C, or D.","What is the nature of light rays and wave front is fresnel class of diffraction? A. Convergent and spherical B. Divergent and spherical C. Parallel and plane D. Parallel and cylindrical Answer with only A, B, C, or D."
benqa_ext_12th-Physics-II_0096,A,Physics-II,physics-ii,1,0,1,A,D,A,n সংখ্যক E তড়িচ্চালক বলের কোষকে শ্রেণিতে যুক্ত করলে প্রবাহ i হবে (কোষের আভ্যন্তরীণ রোধ r ও বহিঃবর্তনীর রোধ R) । A. i = \frac{nE}{R + nr} B. i = \frac{nE}{nR + r} C. i = \frac{nE}{nR + nr} D. i = \frac{nE}{R + \frac{r}...,n songkhyok E torichchalok boler koshoke shrenite jukt korole probah i hobe (kosher abhyontorin rodh r o bohihbortonir rodh R) . A. i = \frac{nE}{R + nr} B. i = \frac{nE}{nR + r} C. i = \frac{nE}{nR + nr} D. i = \frac...,"The current i is obtained from a series combination of n number of cells of electromotive force E, (Internal resistance of cell is r and external resistance of circuit is R) then- A. i = \frac{nE}{R + nr} B. i = \frac..."
benqa_ext_12th-Physics-II_0098,B,Physics-II,physics-ii,1,0,1,B,C,B,"আলোর দ্রুতিতে গতিশীল একটি রকেটের দৈর্ঘ্য হবে- A. অর্ধেক B. শূন্য C. দ্বিগুণ D. অসীম Answer with only A, B, C, or D.","alor drutite gotishil ekoti roketer doirghy hobe- A. ordhek B. shuny C. dwigun D. osim Answer with only A, B, C, or D.","The length of a rocket having light speed will be- A. half B. Zero C. double D. infinity Answer with only A, B, C, or D."
benqa_ext_12th-Physics-II_0100,B,Physics-II,physics-ii,1,0,1,B,C,B,"শল্য চিকিৎসায় ব্যবহৃত যন্ত্রপাতি জীবাণুমুক্ত করতে ব্যবহৃত হয়- A. এক্স-রে B. অতিবেগুনী রশ্মি C. গামা-রে D. অবলোহিত রশ্মি Answer with only A, B, C, or D.","sholy chikitosay byobohrit jontropati jibanumukt korote byobohrit hoy- A. eks-re B. otibeguni roshmi C. gama-re D. obolohit roshmi Answer with only A, B, C, or D.","In surgery to make instruments germ free- A. X-ray B. Ultraviolet ray C. Gamma rays D. infrared ray Answer with only A, B, C, or D."
benqa_ext_12th-Physics-II_0108,C,Physics-II,physics-ii,1,0,1,C,D,C,"আপতিত আলোকরশ্মির তরঙ্গমুখের উৎপন্ন কোণ হলো- A. 0\degree B. 45\degree C. 90\degree D. 180\degree Answer with only A, B, C, or D.","apotit alokoroshmir toronggomukher utoponn kon holo- A. 0\degree B. 45\degree C. 90\degree D. 180\degree Answer with only A, B, C, or D.","The angle made by incident ray with the wave front is- A. 0\degree B. 45\degree C. 90\degree D. 180\degree Answer with only A, B, C, or D."
benqa_ext_12th-Physics-II_0116,C,Physics-II,physics-ii,1,0,1,C,A,C,"কোন ব্যবস্থা পরিবেশ থেকে 1500 জুল তাপ শোষণ করে এবং ব্যবস্থার উপর 300 জুল কাজ সম্পাদিত হয়। ব্যবস্থাটির অভ্যন্তরীণ শক্তির পরিবর্তন কত? A. 1200 জুল B. - 1200 জুল C. 1800 জুল D. - 1800 জুল Answer with only A, B, C, or D.",kon byobostha poribesh theke 1500 jul tap shoshon kore ebong byobosthar upor 300 jul kaj sompadit hoy. byobosthatir obhyontorin shoktir poriborton kot? A. 1200 jul B. - 1200 jul C. 1800 jul D. - 1800 jul Answer with o...,"A system absorbs 1500J heat from environment and 300J work is done on the system. What is the change of internal energy? A. 1200 J B. - 1200 J C. 1800 J D. - 1800 J Answer with only A, B, C, or D."
benqa_ext_12th-Physics-II_0135,C,Physics-II,physics-ii,1,0,0,C,B,B,মাইকেলসন-মর্লির পরীক্ষার সিদ্ধান্তসমূহ হচ্ছে- i. ইথার মাধ্যম বলতে এ মহাবিশ্বে কিছু নেই ii. গ্যালিলিওর রূপান্তর সঠিক iii. আলোর বেগ একটি ধ্রুব রাশি যা কোনো পর্যবেক্ষকের উপর নির্ভরশীল নয় নিচের কোনটি সঠিক? A. i ও ii B. ii...,maikeloson-morlir porikshar siddhantosomuh hochchhe- i. ithar madhyom bolote e mohabishbe kichhu nei ii. gyalilior rupantor sothik iii. alor beg ekoti dhrub rashi ja kono poryobekshoker upor nirbhoroshil noy nicher ko...,"The decisions of the Michelson Morley's experiments are- i. there is no any either medium in this universe ii. Galilian transformation is right iii. the velocity of light is constant, that is not dependable of any obs..."
benqa_ext_12th-Physics-II_0156,C,Physics-II,physics-ii,1,0,1,C,D,C,আলোর তড়িৎ ক্রিয়ায়- i. আপতিত আলোর কম্পাংক সূচন কম্পাংকের চেয়ে কম হলেই কেবল Electron নির্গমন ঘটে ii. আলোর কম্পাংক বাড়ালে নিবৃত্তি বিভব বৃদ্ধি পায় iii. আলোর বর্ণ পরিবর্তনের সাথে নির্গত ইলেক্ট্রনের শক্তির সম্পর্ক রয়েছে নি...,alor torit kriyay- i. apotit alor kompangk suchon kompangker cheye kom holei kebol Electron nirgomon ghote ii. alor kompangk barale nibritti bibhob briddhi pay iii. alor born poribortoner sathe nirgot ilektroner shokt...,In the photoelectric effect- i. if the frequency of incident light will be less than the threshold frequency then the electron is emmitted only. ii. If the frequency of light is increased then stopping potential is in...
benqa_ext_12th-Physics-II_0167,A,Physics-II,physics-ii,1,0,1,A,D,A,"কোনো ধাতুর কার্য অপেক্ষকের সমান শক্তির একটি ফোটন আপতিত হলে নির্গত ইলেক্ট্রনের গতিশক্তি- A. শূন্য B. অসীম C. আপতিত ফোটনের শক্তির সমান D. কার্য অপেক্ষকের সমান Answer with only A, B, C, or D.","kono dhatur kary opekshoker soman shoktir ekoti foton apotit hole nirgot ilektroner gotishokti- A. shuny B. osim C. apotit fotoner shoktir soman D. kary opekshoker soman Answer with only A, B, C, or D.","When a photon of energy equal to the work function of a metal is incident, the kinetic energy of the emitted electron- A. zero B. infinity C. equal to the energy of incident photon D. equal to the work function Answer..."
benqa_ext_12th-Physics-II_0170,A,Physics-II,physics-ii,1,0,1,A,C,A,"গোলাকার পরিবাহীর ধারকত্ব এর ব্যাসার্ধের- A. সমানুপাতিক B. বর্গের ব্যস্তানুপাতিক C. ব্যস্তানুপাতিক D. বর্গের সমানুপাতিক Answer with only A, B, C, or D.","golakar poribahir dharokotto er byasardher- A. somanupatik B. borger byostanupatik C. byostanupatik D. borger somanupatik Answer with only A, B, C, or D.","The capacitance of a spherical conductor varies with its radius- A. proportional B. inversely proportional to the square root C. inversely proportional D. proportional to the square Answer with only A, B, C, or D."
benqa_ext_12th-Physics-II_0185,A,Physics-II,physics-ii,1,0,1,A,C,A,"ভোল্ট এর তুল্য একক কোনটি? A. JC^{-1} B. J.C C. N.C^{-1} D. N.m^{-1} Answer with only A, B, C, or D.","bholt er tuly ekok konoti? A. JC^{-1} B. J.C C. N.C^{-1} D. N.m^{-1} Answer with only A, B, C, or D.","Which one is the equivalent unit of volt? A. JC^{-1} B. J.C C. N.C^{-1} D. N.m^{-1} Answer with only A, B, C, or D."
benqa_ext_12th-Physics-II_0196,B,Physics-II,physics-ii,1,0,1,B,C,B,"একটি চার্জিত বস্তুকে পৃথিবীর সাথে যুক্ত করলে বস্তুটিকে আধানের পরিমাণ- A. বৃদ্ধি পাবে B. শূন্য হবে C. হ্রাস পাবে D. অপরিবর্তিত হবে Answer with only A, B, C, or D.","ekoti charjit bostuke prithibir sathe jukt korole bostutike adhaner poriman- A. briddhi pabe B. shuny hobe C. hras pabe D. oporibortit hobe Answer with only A, B, C, or D.","If we connect an charged object to the earth, then what will be the amount of charge in that object? A. Will increase B. Will be zero C. Will decrease D. Remain unchanged Answer with only A, B, C, or D."
benqa_ext_12th-Physics-II_0202,B,Physics-II,physics-ii,1,0,1,B,C,B,_{0}^{1}\textrm{n} + _{92}^{235}\textrm{U} + _{56}^{141}\textrm{Ba} + _{36}^{92}\textrm{Kr} + 3 _{0}^{1}\textrm{n} + শক্তি বিক্রিয়াটি কোন ধরনের? A. ফিউশন B. ফিশন C. নিউক্লীয় তাপ বিক্রিয়া D. সংযোজন বিক্রিয়া Answer with...,_{0}^{1}\textrm{n} + _{92}^{235}\textrm{U} + _{56}^{141}\textrm{Ba} + _{36}^{92}\textrm{Kr} + 3 _{0}^{1}\textrm{n} + shokti bikriyati kon dhoroner? A. fiushon B. fishon C. niukliy tap bikriya D. songjojon bikriya Answ...,_{0}^{1}\textrm{n} + _{92}^{235}\textrm{U} + _{56}^{141}\textrm{Ba} + _{36}^{92}\textrm{Kr} + 3 _{0}^{1}\textrm{n} + Energy. What type of reaction the reaction mentioned in above stem? A. Fusion B. Fission C. Nuclear...
benqa_ext_12th-Physics-II_0209,A,Physics-II,physics-ii,1,0,1,A,C,A,"কোনো স্বচ্ছ মাধ্যমের সমবর্তন কোণ 60\degree। প্রতিসরণ কোণের মান কত? A. 30\degree B. 45\degree C. 60\degree D. 90\degree Answer with only A, B, C, or D.","kono sbochchh madhyomer somoborton kon 60\degree. protisoron koner man kot? A. 30\degree B. 45\degree C. 60\degree D. 90\degree Answer with only A, B, C, or D.","The polarising angle of a transparent medium is 60\degree . What is the refracting angle? A. 30\degree B. 45\degree C. 60\degree D. 90\degree Answer with only A, B, C, or D."
benqa_ext_12th-Physics-II_0210,A,Physics-II,physics-ii,1,0,1,A,D,A,আলোর তড়িৎ ক্রিয়ার বৈশিষ্ট্য হলো- i. এটি একটি তাৎক্ষণিক ঘটনা ii. ফটো ইলেকট্রনের গতিশক্তি আপতিত আলোর কম্পাংকের সমানুপাতিক iii. ফটোতড়িৎ প্রবাহের মান আপতিত আলোর তীব্রতার ব্যস্তানুপাতিক নিচের কোনটি সঠিক? A. i ও ii B. i ও i...,alor torit kriyar boishishty holo- i. eti ekoti tatokshonik ghotona ii. foto ilekotroner gotishokti apotit alor kompangker somanupatik iii. fototorit probaher man apotit alor tibrotar byostanupatik nicher konoti sothi...,The characteristics of photoelectric effect is- i. it is instantaneous incident ii. the kinetic energy of photoelectron is proportional the frequency of the incident light iii. the amount of the photoelectric current...
benqa_ext_12th-Physics-II_0238,A,Physics-II,physics-ii,0,0,1,D,B,A,"আইসোটোপের 'টোপ'-এর অর্থ কী? A. স্থান B. গতি C. ক্রিয়া D. বিকিরণ Answer with only A, B, C, or D.","aisotoper 'top'-er orth ki? A. sthan B. goti C. kriya D. bikiron Answer with only A, B, C, or D.","What is the meaning of 'tope' of Isotope? A. Place B. Motion C. Action D. Radiation Answer with only A, B, C, or D."
benqa_ext_12th-Physics-II_0244,D,Physics-II,physics-ii,1,0,1,D,C,D,"কোন তরঙ্গের জন্য অপবর্তন সর্বাধিক হয়? A. গামা রশ্মি B. এক্স রশ্মি C. অবলোহিত রশ্মি D. বেতার রশ্মি Answer with only A, B, C, or D.","kon torongger jony opoborton sorbadhik hoy? A. gama roshmi B. eks roshmi C. obolohit roshmi D. betar roshmi Answer with only A, B, C, or D.","By which maximum diffraction happens- A. Gamma ray B. X-ray C. Infrared ray D. Radio wave Answer with only A, B, C, or D."
benqa_ext_12th-Physics-II_0253,C,Physics-II,physics-ii,1,0,1,C,A,C,"একটি পরিবাহী তারের দৈর্ঘ্য দ্বিগুণ ও প্রস্থচ্ছেদের ক্ষেত্রফল অর্ধেক করলে উহার রোধ হবে? A. অর্ধেক B. দ্বিগুণ C. চারগুণ D. পরিবর্তন হবে না Answer with only A, B, C, or D.","ekoti poribahi tarer doirghy dwigun o prosthochchheder kshetrofol ordhek korole uhar rodh hobe? A. ordhek B. dwigun C. charogun D. poriborton hobe na Answer with only A, B, C, or D.","If the length of a conducting wire becomes two times and its area of cross-section becomes half then what will be its resistance- A. half B. two times C. four times D. will not change Answer with only A, B, C, or D."
benqa_ext_12th-Physics-II_0261,D,Physics-II,physics-ii,1,0,1,D,C,D,"কোন পদার্থের তাপমাত্রা বাড়লে রোধ কমে? A. নাইক্রোম B. কপার C. অ্যালুমিনিয়াম D. জার্মেনিয়াম Answer with only A, B, C, or D.","kon podarther tapomatra barole rodh kome? A. naikrom B. kopar C. aluminiyam D. jarmeniyam Answer with only A, B, C, or D.","Resistance of which substance decreases with the increases of temperature? A. Nichrome B. Copper C. Aluminium D. Germinium Answer with only A, B, C, or D."
benqa_ext_12th-Physics-II_0282,C,Physics-II,physics-ii,1,0,1,C,B,C,"তাপগতিবিদ্যার প্রথম সূত্র সম্পর্ক স্থাপন করে- A. তাপ ও চাপ এর মধ্যে B. তাপ ও বল এর মধ্যে C. তাপ ও কাজ এর মধ্যে D. তাপ ও ক্ষমতা এর মধ্যে Answer with only A, B, C, or D.","tapogotibidyar prothom sutr sompork sthapon kore- A. tap o chap er modhye B. tap o bol er modhye C. tap o kaj er modhye D. tap o kshomota er modhye Answer with only A, B, C, or D.","The first law of thermodynamics relates- A. Heat and pressure B. Heat and force C. Heat and work D. Heat and power Answer with only A, B, C, or D."
benqa_ext_12th-Physics-II_0284,D,Physics-II,physics-ii,1,0,1,D,C,D,"তড়িচ্চালক শক্তির একক হলো- A. অ্যাম্পিয়ার B. জুল C. কুলম্ব D. ভোল্ট Answer with only A, B, C, or D.","torichchalok shoktir ekok holo- A. ampiyar B. jul C. kulomb D. bholt Answer with only A, B, C, or D.","The unit of electromotive force is- A. Ampere B. Joule C. Coulomb D. Volt Answer with only A, B, C, or D."
benqa_ext_12th-Physics-II_0288,B,Physics-II,physics-ii,1,0,1,B,D,B,"পূর্ণতরঙ্গ একমুখীকরণ বর্তনী তৈরি করা যায়- i. ২ টি ডায়োড দিয়ে ii. ৩ টি ডায়োড দিয়ে iii. ৪ টি ডায়োড দিয়ে নিচের কোনটি সঠিক? A. i ও ii B. i ও iii C. ii ও iii D. i, ii ও iii Answer with only A, B, C, or D.","purnotorongg ekomukhikoron bortoni toiri kora jay- i. 2 ti dayod diye ii. 3 ti dayod diye iii. 4 ti dayod diye nicher konoti sothik? A. i o ii B. i o iii C. ii o iii D. i, ii o iii Answer with only A, B, C, or D.","Full wave rectifier circuit is made of- i. 2 diodes ii. 3 diodes iii. 4 diodes Which one is correct? A. i and ii B. i and iii C. ii and iii D. i, ii and iii Answer with only A, B, C, or D."
benqa_ext_12th-Physics-II_0291,D,Physics-II,physics-ii,1,0,1,D,C,D,"নিচের কোনটির রোধের উষ্ণতা গুণাংক ঋণাত্মক? A. তামা B. পিতল C. অ্যালুমিনিয়াম D. জার্মেনিয়াম Answer with only A, B, C, or D.","nicher konotir rodher ushnota gunangk rinatmok? A. tama B. pitol C. aluminiyam D. jarmeniyam Answer with only A, B, C, or D.","Which of the following has negative thermal co-efficient of resistance? A. Copper B. Brass C. Aluminium D. Germanium Answer with only A, B, C, or D."
benqa_ext_12th-Physics-II_0296,C,Physics-II,physics-ii,1,0,0,C,D,B,"একটি পদার্থের যোজন ব্যান্ড প্রায় পূর্ণ এবং পরিবহন ব্যান্ড প্রায় খালি। ব্যান্ড দুটোর শক্তি ব্যবধান খুবই বেশি। পদার্থটি হলো- A. পরিবাহী B. অর্ধপরিবাহী C. অন্তরক D. অতিপরিবাহী Answer with only A, B, C, or D.","ekoti podarther jojon byand pray purn ebong poribohon byand pray khali. byand dutor shokti byobodhan khuboi beshi. podarthoti holo- A. poribahi B. ordhoporibahi C. ontorok D. otiporibahi Answer with only A, B, C, or D.",The valence bond of a substance is almost full and the conduction bond is almost empty. The energy gap between the two bands is very small. The substance is a- A. conductor B. semi-conductor C. insulator D. super cond...
benqa_ext_12th-Physics-II_0307,B,Physics-II,physics-ii,1,0,1,B,D,B,"একটি ট্রানজিস্টরের সংগ্রাহক প্রবাহ 5 mA এবং ভূমি প্রবাহ 100 \mu A হলে নিঃসারক প্রবাহ কত? A. 5.2 mA B. 5.1 mA C. 5.0 mA D. 4.9 mA Answer with only A, B, C, or D.","ekoti tranojistorer songgrahok probah 5 mA ebong bhumi probah 100 \mu A hole nihsarok probah kot? A. 5.2 mA B. 5.1 mA C. 5.0 mA D. 4.9 mA Answer with only A, B, C, or D.","The collector and base current of a resistor is 5 mA and 100 \mu A respectively. Then the emitter current is- A. 5.2 mA B. 5.1 mA C. 5.0 mA D. 4.9 mA Answer with only A, B, C, or D."
benqa_ext_12th-Physics-II_0309,B,Physics-II,physics-ii,1,0,1,B,C,B,"তড়িৎ চৌম্বকীয় তরঙ্গের বেগ c = \frac{1}{\mu_{0} \varepsilon_{0}} প্রতিপাদিত হয়েছে যে তত্ত্ব হতে তার প্রবক্তা হলেন- A. ম্যাক্স প্ল্যাঙ্ক B. ম্যাক্স ওয়েল C. আইনস্টাইন D. নিউটন Answer with only A, B, C, or D.","torit choumbokiy torongger beg c = \frac{1}{\mu_{0} \varepsilon_{0}} protipadit hoyechhe je totto hote tar probokta holen- A. myaks plyangk B. myaks oyel C. ainostain D. niuton Answer with only A, B, C, or D.","The proponent of the electromagnetic wave velocity, c = \frac{1}{\mu_{0} \varepsilon_{0}} is- A. Max Plank B. Max Well C. Einstein D. Newton Answer with only A, B, C, or D."
benqa_ext_12th-Physics-II_0329,A,Physics-II,physics-ii,1,0,1,A,D,A,"নিচের কোন পদার্থের রোধের উষ্ণতা গুণাংক (\alpha) ঋণাত্মক? A. জার্মেনিয়াম B. ব্রোঞ্জ C. পিতল D. অভ্র Answer with only A, B, C, or D.","nicher kon podarther rodher ushnota gunangk (\alpha) rinatmok? A. jarmeniyam B. bronj C. pitol D. obhr Answer with only A, B, C, or D.","Following which material's resistance has negative thermal co-efficient (\alpha)? A. Germnanium B. Copper C. Brass D. Mica Answer with only A, B, C, or D."
benqa_ext_12th-Physics-I_0010,C,Physics-I,physics-i,1,0,1,C,B,C,"একটি বন্দুকের গুলির ভর ও বেগ যদি দ্বিগুণ করা হয় তাহলে গতিশক্তি কত গুণ হবে? A. 2 গুণ B. 4 গুণ C. 8 গুণ D. 16 গুণ Answer with only A, B, C, or D.","ekoti bonduker gulir bhor o beg jodi dwigun kora hoy tahole gotishokti kot gun hobe? A. 2 gun B. 4 gun C. 8 gun D. 16 gun Answer with only A, B, C, or D.","If the mass and velocityof bullet of a gun are doubled then how many time will the kinetic energy be- A. 2 times B. 4 times C. 8 times D. 16 times Answer with only A, B, C, or D."
benqa_ext_12th-Physics-I_0014,A,Physics-I,physics-i,1,0,1,A,C,A,"বিকৃতি বনাম পীড়ন লেখচিত্রের ঢাল কী নির্দেশ করে? A. স্থিতিস্থাপক গুণাঙ্ক B. পয়সনের অনুপাত C. মোট কৃতকাজ D. একক আয়তনে বিভবশক্তি Answer with only A, B, C, or D.","bikriti bonam piron lekhochitrer dhal ki nirdesh kore? A. sthitisthapok gunangk B. poyosoner onupat C. mot kritokaj D. ekok ayotone bibhoboshokti Answer with only A, B, C, or D.","What indicates the slope of the strain vs stress graph? A. Modulus of elasticity B. Poisson's ratio C. Toral work done D. Potential energy per unit volume Answer with only A, B, C, or D."
benqa_ext_12th-Physics-I_0021,A,Physics-I,physics-i,1,0,1,A,D,A,"\frac{1}{2}\hat{i}+\frac{1}{2}\hat{j}+m\hat{k} একটি একক ভেক্টর হলে m এর মান কত? A. \frac{1}{\sqrt{2}} B. \frac{1}{2} C. \frac{1}{4} D. 1 Answer with only A, B, C, or D.","\frac{1}{2}\hat{i}+\frac{1}{2}\hat{j}+m\hat{k} ekoti ekok bhektor hole m er man kot? A. \frac{1}{\sqrt{2}} B. \frac{1}{2} C. \frac{1}{4} D. 1 Answer with only A, B, C, or D.","If \frac{1}{2} \hat{i} + \frac{1}{2}\hat{j} + m\hat{k} is a unit vector then what will be value of m A. \frac{1}{\sqrt{2}} B. \frac{1}{2} C. \frac{1}{4} D. 1 Answer with only A, B, C, or D."
benqa_ext_12th-Physics-I_0028,A,Physics-I,physics-i,1,0,1,A,C,A,"কোনো বস্তুর গতিশক্তি 300% বৃদ্ধি করলে এর ভরবেগ বৃদ্ধি পাবে- A. 100% B. 200% C. 300% D. 400% Answer with only A, B, C, or D.","kono bostur gotishokti 300% briddhi korole er bhorobeg briddhi pabe- A. 100% B. 200% C. 300% D. 400% Answer with only A, B, C, or D.","If the kinetic energy is increased by 300% then the momentum of the particle will be increased by - A. 100% B. 200% C. 300% D. 400% Answer with only A, B, C, or D."
benqa_ext_12th-Physics-I_0034,A,Physics-I,physics-i,1,0,1,A,D,A,"কোনো বস্তুর আয়তন গুণাঙ্ক (K) এবং সংনম্যতার (C) মধ্যে সম্পর্ক কোনটি? A. C=\frac{1}{K} B. C=\frac{3}{2}KT C. C=\sqrt{\frac{3KT}{m}} D. \frac{C}{K}=1 Answer with only A, B, C, or D.","kono bostur ayoton gunangk (K) ebong songnomyotar (C) modhye sompork konoti? A. C=\frac{1}{K} B. C=\frac{3}{2}KT C. C=\sqrt{\frac{3KT}{m}} D. \frac{C}{K}=1 Answer with only A, B, C, or D.","What is the relation between bulk modulus(K) and compressibility © of an object? A. c = \frac{1}{K} B. c = \frac{3}{2} KT C. c = \sqrt{\frac{3KT}{m}} D. \frac{c}{K} = 1 Answer with only A, B, C, or D."
benqa_ext_12th-Physics-I_0069,A,Physics-I,physics-i,1,0,1,A,C,A,"PV' রাশিটি গ্যাসের ক্ষেত্রে নির্দেশ করে- A. শক্তি B. ক্ষমতা C. ভরবেগ D. জড়তা Answer with only A, B, C, or D.","PV' rashiti gyaser kshetre nirdesh kore- A. shokti B. kshomota C. bhorobeg D. jorota Answer with only A, B, C, or D.","For gas, what is indicated by the quantity PV' - A. energy B. power C. momentum D. inertia Answer with only A, B, C, or D."
benqa_ext_12th-Physics-I_0103,B,Physics-I,physics-i,0,0,1,D,C,B,"কোনটি স্কেলার রাশি? A. গ্রাডিয়েন্ট B. ভাইভারজেন্স C. কার্ল D. সরণ Answer with only A, B, C, or D.","konoti skelar rashi? A. gradiyent B. bhaibharojens C. karl D. soron Answer with only A, B, C, or D.","Which one is scalar quantity? A. Gradient B. Divergence C. Curl D. Displacement Answer with only A, B, C, or D."
benqa_ext_12th-Physics-I_0116,C,Physics-I,physics-i,0,0,1,A,B,C,"সমজাতীয় অসমমানের এবং বিপরীতমুখী ভেক্টরকে কী বলে? A. বিপরীত ভেক্টর B. বিপ্রতীপ ভেক্টর C. বিসদৃশ ভেক্টর D. সদৃশ ভেক্টর Answer with only A, B, C, or D.","somojatiy osomomaner ebong biporitomukhi bhektoroke ki bole? A. biporit bhektor B. biprotip bhektor C. bisodrish bhektor D. sodrish bhektor Answer with only A, B, C, or D.","What is meant by similar and opposite vectors of having not same magnitude? A. Opposite vector B. Reciprocal vector C. Unlike Vector D. Like Vector Answer with only A, B, C, or D."
benqa_ext_12th-Physics-I_0118,B,Physics-I,physics-i,1,0,1,B,C,B,"বৃত্তাকার পথে ঘূর্ণনরত কোনো বস্তুর উপর কেন্দ্রমুখী বল দ্বারা কৃতকাজ হলো- A. ঋণাত্মক B. শূণ্য C. ধনাত্মক D. অসীম Answer with only A, B, C, or D.","brittakar pothe ghurnonorot kono bostur upor kendromukhi bol dwara kritokaj holo- A. rinatmok B. shuny C. dhonatmok D. osim Answer with only A, B, C, or D.","Work done by the centripetal force of a body rotating in the circular orbit is- A. negative B. zero C. positive D. infinity Answer with only A, B, C, or D."
benqa_ext_12th-Physics-I_0130,A,Physics-I,physics-i,1,0,1,A,B,A,"পর্যায়কাল দ্বিগুণ করলে সরলদোলকের দৈর্ঘ্য কতগুণ বৃদ্ধি করতে হবে? A. 4 B. 2 C. \frac{1}{2} D. \frac{1}{4} Answer with only A, B, C, or D.","poryayokal dwigun korole sorolodoloker doirghy kotogun briddhi korote hobe? A. 4 B. 2 C. \frac{1}{2} D. \frac{1}{4} Answer with only A, B, C, or D.","If the time period is double, the how much time the length of the simple pendulum is to be increased? A. 4 B. 2 C. \frac{1}{2} D. \frac{1}{4} Answer with only A, B, C, or D."
benqa_ext_12th-Physics-I_0135,C,Physics-I,physics-i,1,0,1,C,B,C,"আপেক্ষিক আর্দ্রতা প্রকাশ করা হয়- i. R = \frac{F}{f} ii. R = \frac{f}{F} iii. R = \frac{f}{F}\times 100% নিচের কোনটি সঠিক? A. i ও ii B. i ও iii C. ii ও iii D. i, ii ও iii Answer with only A, B, C, or D.","apekshik ardrota prokash kora hoy- i. R = \frac{F}{f} ii. R = \frac{f}{F} iii. R = \frac{f}{F}\times 100% nicher konoti sothik? A. i o ii B. i o iii C. ii o iii D. i, ii o iii Answer with only A, B, C, or D.","Relative humidity is expressed as- i. R = \frac{F}{f} ii. R = \frac{f}{F} iii. R = \frac{f}{F} \times 100% Which one is correct? A. i & ii B. i & iii C. ii & iii D. i, ii & iii Answer with only A, B, C, or D."
benqa_ext_12th-Physics-I_0138,B,Physics-I,physics-i,1,0,1,B,D,B,"\hat{i} এবং \hat{j} যে তলে অবস্থিত সেই তলের উপর লম্ব, একক ভেক্টর হলো- A. (\hat{j}\times \hat{k}) B. (\hat{i}\times \hat{j}) C. (k\times i) D. (i\times k) Answer with only A, B, C, or D.","\hat{i} ebong \hat{j} je tole obosthit sei toler upor lomb, ekok bhektor holo- A. (\hat{j}\times \hat{k}) B. (\hat{i}\times \hat{j}) C. (k\times i) D. (i\times k) Answer with only A, B, C, or D.","Perpendicular unit vector on the plane in which \hat{i} and \hat{j} are located- A. (\hat{j} \times \hat{k}) B. (\hat{i} \times \hat{j}) C. (\hat{k} \times \hat{i}) D. (\hat{i} \times \hay{k}) Answer with only A, B, C..."
benqa_ext_12th-Physics-I_0150,B,Physics-I,physics-i,1,0,1,B,A,B,"আয়তন স্থির রেখে গ্যাসের তাপমাত্রা বৃদ্ধি করা হলে- A. চাপ হ্রাস পাবে B. বৃদ্ধি পাবে C. চাপ ধ্রুব থাকবে D. কোনোটিই নয় Answer with only A, B, C, or D.","ayoton sthir rekhe gyaser tapomatra briddhi kora hole- A. chap hras pabe B. briddhi pabe C. chap dhrub thakobe D. konotii noy Answer with only A, B, C, or D.","If the temperature is increased at constant volume, then- A. the pressure will be decreased B. the pressure will be in increased C. the pressure will constant D. none of above Answer with only A, B, C, or D."
benqa_ext_12th-Physics-I_0161,C,Physics-I,physics-i,1,0,1,C,D,C,"i = 0 সময়ে সরলদোলন গতিসম্পন্ন কোনো বস্তুর দশাকে বলা হয়- A. কৌণিক দশা B. রৈখিক দশা C. দশা D. তাৎক্ষণিক দশা Answer with only A, B, C, or D.","i = 0 somoye sorolodolon gotisomponn kono bostur doshake bola hoy- A. kounik dosha B. roikhik dosha C. dosha D. tatokshonik dosha Answer with only A, B, C, or D.","The state of an object with simple harmonic motion at t= 0 is called- A. angular phase B. linear phase C. initial phase D. instantaneous phase Answer with only A, B, C, or D."
benqa_ext_12th-Physics-I_0163,D,Physics-I,physics-i,1,0,1,D,C,D,"0.01 kg ভরের একটি বস্তুকণা সরলরেখা বরাবর সরল দোলন গতি অর্জন করে। এর দোলনকাল 2 sec বিস্তার 0.1 m এবং সরণ 0.02m. উদ্দীপকে উল্লিখিত সরণকালে গতিশক্তি বিভবশক্তির কতগুণ? A. 0.42 B. 2.4 C. 4.2 D. 24 Answer with only A, B, C,...",0.01 kg bhorer ekoti bostukona sorolorekha borabor sorol dolon goti orjon kore. er dolonokal 2 sec bistar 0.1 m ebong soron 0.02m. uddipoke ullikhit soronokale gotishokti bibhoboshoktir kotogun? A. 0.42 B. 2.4 C. 4.2...,"An objdect with 0.01 kg has achieved simple harmonic motion along the straight line. Its time period is 2sec amplitude is 0.1m and displacement is 0.02m. During the motion as mentioned in the stem, how much times the..."
benqa_ext_12th-Physics-I_0182,C,Physics-I,physics-i,1,0,1,C,B,C,"6 স্বাধীনতা মাত্রা সম্পন্ন কোনো অণুর মোট শক্তি হবে- A. \frac{1}{2} KT B. KT C. 3 KT D. 6 KT Answer with only A, B, C, or D.","6 sbadhinota matra somponn kono onur mot shokti hobe- A. \frac{1}{2} KT B. KT C. 3 KT D. 6 KT Answer with only A, B, C, or D.","The total energy of a molecule of 6 degree of freedom is A. \frac{1}{2} KT B. KT C. 3KT D. 6 KT Answer with only A, B, C, or D."
benqa_ext_12th-Physics-I_0195,C,Physics-I,physics-i,1,0,1,C,D,C,"স্ফেরোোমিটারের লঘিষ্ঠ ধ্রুবকের মান 0.01 mm হলে, নিচের কোন বেধটি নির্ভুলভাবে মাপা যাবে? A. 0.005 mm B. 0.001 mm C. 0.02 mm D. 0.002 mm Answer with only A, B, C, or D.","sferoomitarer loghishth dhruboker man 0.01 mm hole, nicher kon bedhoti nirbhulobhabe mapa jabe? A. 0.005 mm B. 0.001 mm C. 0.02 mm D. 0.002 mm Answer with only A, B, C, or D.","If the leas count of a spherometer is 0.01 mm which of the following thickness can be measured accurately? A. 0.005mm B. 0.001 mm C. 0.02 mm D. 0.002 mm Answer with only A, B, C, or D."
benqa_ext_12th-Physics-I_0227,A,Physics-I,physics-i,1,0,1,A,C,A,"মূল গড় বর্গবেগ c এবং চাপ P এর মধ্যে সম্পর্ক হল- A. c=\sqrt{\frac{3P}{\rho}} B. c=\sqrt{\frac{3\rho}{P}} C. c=\sqrt{\frac{P}{3\rho}} D. c=\sqrt{\frac{\rho}{3P}} Answer with only A, B, C, or D.","mul gor borgobeg c ebong chap P er modhye sompork hol- A. c=\sqrt{\frac{3P}{\rho}} B. c=\sqrt{\frac{3\rho}{P}} C. c=\sqrt{\frac{P}{3\rho}} D. c=\sqrt{\frac{\rho}{3P}} Answer with only A, B, C, or D.","The relation between rms 'C' and pressure 'P' is- A. C = \sqrt{\frac{3P}{\rho}} B. C = \sqrt{\frac{3\rho}{P}} C. C = \sqrt{\frac{P}{3\rho}} D. C = \sqrt{\frac{\rho}{3P}} Answer with only A, B, C, or D."
benqa_ext_12th-Physics-I_0238,D,Physics-I,physics-i,1,0,1,D,A,D,"একটি সরলদোোলকের কার্যকর দৈর্ঘ্য অর্ধেক করে পৃথিবীর কেন্দ্রে নিয়ে গেলে এর দোলনকাল- A. শূন্য হবে B. \frac{1}{\sqrt{2}} হবে C. অপরিবর্তীত থাকবে D. অসীম হবে Answer with only A, B, C, or D.","ekoti sorolodooloker karyokor doirghy ordhek kore prithibir kendre niye gele er dolonokal- A. shuny hobe B. \frac{1}{\sqrt{2}} hobe C. oporibortit thakobe D. osim hobe Answer with only A, B, C, or D.","If the effective length of a simple pendulum is made half then the time period of that pendulum in the centre of earth is A. zero B. \frac{1}{\sqrt{2}} times C. unchanged D. infinity Answer with only A, B, C, or D."
benqa_ext_12th-Physics-I_0247,A,Physics-I,physics-i,1,0,1,A,D,A,"সর্বোচ্চ কাজের জন্য প্রযুক্ত বল ও সরণের মধ্যবর্তী কোণ- A. 0^{\circ} B. 30^{\circ} C. 60^{\circ} D. 90^{\circ} Answer with only A, B, C, or D.","sorbochch kajer jony projukt bol o soroner modhyoborti kon- A. 0^{\circ} B. 30^{\circ} C. 60^{\circ} D. 90^{\circ} Answer with only A, B, C, or D.","What is the angle between the acting force and displacement for a maximum work? A. 0\degree B. 30\degree C. 60\degree D. 90\degree Answer with only A, B, C, or D."
benqa_ext_12th-Physics-I_0251,A,Physics-I,physics-i,1,0,1,A,C,A,"বস্তুকে যেভাবেই রাখা হোক না কেন তার ওজন যে বিশেষ বিন্দুর মধ্য দিয়ে পৃথিবীর কেন্দ্রের দিকে ক্রিয়া করে তাকে কী বলে? A. অভিকর্ষ কেন্দ্র B. অভিকর্ষ ত্বরণ C. মহাকর্ষ বল D. মহাকর্ষ ক্ষেত্র প্রাবল্য Answer with only A, B, C,...",bostuke jebhabei rakha hok na ken tar ojon je bishesh bindur modhy diye prithibir kendrer dike kriya kore take ki bole? A. obhikorsh kendr B. obhikorsh tworon C. mohakorsh bol D. mohakorsh kshetr praboly Answer with o...,What is called when the weight act at the special point through to the centre of the earth at any position of the object? A. Center of gravity B. Acceleration due to gravity C. Grvitational force D. Gravitational fiel...
benqa_ext_12th-Physics-I_0282,C,Physics-I,physics-i,1,0,1,C,D,C,একটি সিলিন্ডারে 27^{\circ}C তাপমাত্রায় হিলিয়াম গ্যাস আছে। গ্যাসের দুটি অণুর বেগ যথাক্রমে 9 ms^{-1} ও 10 ms^{-1}। হিলিয়াম অণুর গড় গতিশক্তি কত? A. 6232.5 J B. 3739.5 J C. 6.21\times 10^{-21}J D. 10.35\times 10^{-21}J An...,ekoti silindare 27^{\circ}C tapomatray hiliyam gyas achhe. gyaser duti onur beg jothakrome 9 ms^{-1} o 10 ms^{-1}. hiliyam onur gor gotishokti kot? A. 6232.5 J B. 3739.5 J C. 6.21\times 10^{-21}J D. 10.35\times 10^{-2...,At 27\degree C Helium gas contains in a cylinder. The velocity of two molecules of the gass are 9ms^{-1} and 10ms^{-1} What is the average kinetic energy of Helium molecules? A. 6232.5 J B. 3739.5J C. 6.21 \times 10^{...
benqa_ext_12th-Physics-I_0285,A,Physics-I,physics-i,0,0,1,C,C,A,"PV = ধ্রুবক, সমীকরণটি নিচের কোন প্রক্রিয়াকে সমর্থন করে? A. সমোঞ্চ B. সম আয়তন C. সম চাপ D. রুদ্ধতাপীয় Answer with only A, B, C, or D.","PV = dhrubok, somikoronoti nicher kon prokriyake somorthon kore? A. somonch B. som ayoton C. som chap D. ruddhotapiy Answer with only A, B, C, or D.","Which one of the following process is supported by the equation PV= Constant? A. Isothermal B. Isochoric C. Isobaric D. Adiabatic Answer with only A, B, C, or D."
benqa_ext_12th-Physics-I_0303,B,Physics-I,physics-i,0,0,1,A,D,B,"\vec{A} = 9\hat{i} ও \vec{B} = \frac{1}{9} \hat{i} ভেক্টরদ্বয়- i. সদৃশ ভেক্টর ii. বিপ্রতীপ ভেক্টর iii. পরস্পর লম্ব A. ii B. i ও ii C. ii ও iii D. i, ii ও iii Answer with only A, B, C, or D.","\vec{A} = 9\hat{i} o \vec{B} = \frac{1}{9} \hat{i} bhektorodboy- i. sodrish bhektor ii. biprotip bhektor iii. porospor lomb A. ii B. i o ii C. ii o iii D. i, ii o iii Answer with only A, B, C, or D.","If \vec{A} = 9\hat{i} and \vec{B} = \frac{1}{9} \hat{i} then two vector are- i. like vector ii. Opposite vector iii. Perpendicular to each other Which one is correct? A. ii B. i & ii C. ii & iii D. i, ii & iii Answer..."
benqa_ext_8th-Math_0003,C,Math,math,0,0,1,B,D,C,"\left ( 3a + \frac{3}{a} \right ) = 9 হলে- i. \left ( a + \frac{1}{a} \right )^{2} = 3 ii. a + \frac{1}{a} = 1 iii. a^{2} + \frac{1}{a^{2}} = - 1 নিচের কোনটি সঠিক? A. i ও ii B. i ও iii C. ii ও iii D. i, ii ও iii Answe...","\left ( 3a + \frac{3}{a} \right ) = 9 hole- i. \left ( a + \frac{1}{a} \right )^{2} = 3 ii. a + \frac{1}{a} = 1 iii. a^{2} + \frac{1}{a^{2}} = - 1 nicher konoti sothik? A. i o ii B. i o iii C. ii o iii D. i, ii o iii...","If \left ( 3a + \frac{3}{a} \right ) = 9, then- i. \left ( a + \frac{1}{a} \right )^{2} = 3 ii. a + \frac{1}{a} = 1 iii. a^{2} + \frac{1}{a^{2}} = - 1 which one is correct? A. i and ii B. i and iii C. ii and iii D. i,..."
benqa_ext_8th-Math_0103,A,Math,math,1,0,1,A,D,A,"x + 2y = 1, x - y = 7 সমীকরণ জোটের ভুজ নিচের কোনটি? A. 5 B. 2 C. -2 D. -5 Answer with only A, B, C, or D.","x + 2y = 1, x - y = 7 somikoron joter bhuj nicher konoti? A. 5 B. 2 C. -2 D. -5 Answer with only A, B, C, or D.","x + 2y = 1, x - y = 7 What is the abscissa of the system of equation? A. 5 B. 2 C. -2 D. -5 Answer with only A, B, C, or D."
benqa_ext_8th-Math_0111,A,Math,math,1,0,1,A,B,A,"25, 15, 19, 23, 30, 12, 27, 35, 17, 21 সংখ্যাগুলোর মধ্যক কত? A. 22 B. 23 C. 26 D. 30 Answer with only A, B, C, or D.","25, 15, 19, 23, 30, 12, 27, 35, 17, 21 songkhyagulor modhyok kot? A. 22 B. 23 C. 26 D. 30 Answer with only A, B, C, or D.","25, 15, 19, 23, 30, 12, 27, 35, 17, 21 What is the median of the numbers? A. 22 B. 23 C. 26 D. 30 Answer with only A, B, C, or D."
benqa_ext_8th-Math_0156,C,Math,math,0,0,1,A,A,C,"2 বিঘা = ? A. 1600 বর্গ গজ B. 1337.8 বর্গ গজ C. 3200 বর্গ গজ D. 2672.8 বর্গ গজ Answer with only A, B, C, or D.","2 bigha = ? A. 1600 borg goj B. 1337.8 borg goj C. 3200 borg goj D. 2672.8 borg goj Answer with only A, B, C, or D.","2 Bigha = ? A. 1600 sq.yards B. 1337.8 sq. Metres C. 3200 sq, yards D. 2672.8 sq.metres Answer with only A, B, C, or D."
benqa_ext_8th-Math_0157,A,Math,math,1,0,0,A,D,D,"a + \frac{1}{a} = 2 হলে- i. a^{2} + \frac{1}{a^{2}} = 2 ii. a^{3} + \frac{1}{^{3}} = 2 iii. a^{4} + \frac{1}{a^{4}} = 5 নিচের কোনটি সঠিক? A. i ও ii B. i ও iii C. ii ও iii D. i, ii ও iii Answer with only A, B, C, or D.","a + \frac{1}{a} = 2 hole- i. a^{2} + \frac{1}{a^{2}} = 2 ii. a^{3} + \frac{1}{^{3}} = 2 iii. a^{4} + \frac{1}{a^{4}} = 5 nicher konoti sothik? A. i o ii B. i o iii C. ii o iii D. i, ii o iii Answer with only A, B, C,...","If a + \frac{1}{a} = 2 i. a^{2} + \frac{1}{a^{2}} = 2 ii. a^{3} + \frac{1}{^{3}} = 2 iii. a^{4} + \frac{1}{a^{4}} = 5 Which one is correct? A. i and ii B. i and iii C. ii and iii D. i, ii and iii Answer with only A, B..."
benqa_ext_8th-Math_0195,A,Math,math,0,0,1,B,B,A,"m - \frac{1}{m} = 4 হলে, \left ( m + \frac{1}{m} \right ) এর মান কত? A. 20 B. 18 C. 14 D. 12 Answer with only A, B, C, or D.","m - \frac{1}{m} = 4 hole, \left ( m + \frac{1}{m} \right ) er man kot? A. 20 B. 18 C. 14 D. 12 Answer with only A, B, C, or D.","If m - \frac{1}{m} = 4, what is the value of \left ( m + \frac{1}{m} \right )? A. 20 B. 18 C. 14 D. 12 Answer with only A, B, C, or D."
benqa_ext_8th-Science_0001,D,Science,science,1,0,1,D,C,D,"তেঁতুলে কোন এসিড থাকে? A. ম্যালিক B. সাইট্রিক C. অক্সালিক D. টারটারিক Answer with only A, B, C, or D.","tentule kon esid thake? A. myalik B. saitrik C. oksalik D. tarotarik Answer with only A, B, C, or D.","Which acid present in tamarind? A. Malic B. Citric C. Oxalic D. Tartaric Answer with only A, B, C, or D."
benqa_ext_8th-Science_0007,A,Science,science,0,0,1,B,B,A,"প্লাটিপাসের বৈশিষ্ট্য কোনটি? A. মতৃদুগ্ধ পান করে B. শীতল রক্তবিশিষ্ট C. বুকে ভর করে চলে D. সন্তান প্রসব করে Answer with only A, B, C, or D.","platipaser boishishty konoti? A. motridugdh pan kore B. shitol roktobishisht C. buke bhor kore chole D. sontan prosob kore Answer with only A, B, C, or D.","Which one is the characteristic of platypus? A. The sucked milk from mammary gland B. Cold blooded animal C. They move by crawling D. They give birth of child Answer with only A, B, C, or D."
benqa_ext_8th-Science_0011,A,Science,science,1,0,1,A,B,A,"“বিশ্বকাপ ক্রিকেট ২০১৯” দেখতে সাহায্য করেছিল কোন উপগ্রহ? A. যোগাযোগ B. আবহাওয়া C. সামরিক D. পৃথিবী পর্যবেক্ষণকারী Answer with only A, B, C, or D.","“bishbokap kriket 2019” dekhote sahajy korechhil kon upogroh? A. jogajog B. abohaoya C. samorik D. prithibi poryobekshonokari Answer with only A, B, C, or D.","Which satellite helps to watch the World Cup Cricket-2019? A. Communication satellite B. Weather satellite C. Military Satellite D. Earth observation satellite Answer with only A, B, C, or D."
benqa_ext_8th-Science_0028,B,Science,science,1,0,1,B,C,B,"৭০ কেজি ভরের একজন মহাশূন্যচারীর চাঁদে ভর কত হবে? A. ১১.৬৭ কেজি B. ৭০ কেজি C. ৪২০ কেজি D. ৬৮৬ কেজি Answer with only A, B, C, or D.","70 keji bhorer ekojon mohashunyocharir chande bhor kot hobe? A. 11.67 keji B. 70 keji C. 420 keji D. 686 keji Answer with only A, B, C, or D.","What is the mass of an astronaut in th Moon when the mass of this astronaut is 70 kg on earh A. 11.67 kg B. 70 kg C. 420 kg D. 686 kg Answer with only A, B, C, or D."
benqa_ext_8th-Science_0034,A,Science,science,1,0,1,A,C,A,"আমাদের দেহের গঠন উপাদান কোনটি? A. আমিষ B. শর্করা C. স্নেহ D. ভিটামিন Answer with only A, B, C, or D.","amader deher gothon upadan konoti? A. amish B. shorkora C. sneh D. bhitamin Answer with only A, B, C, or D.","Which is the structure element of our body? A. Protein B. Carbohydrates C. Fat D. Vitamis Answer with only A, B, C, or D."
benqa_ext_8th-Science_0046,D,Science,science,1,0,1,D,A,D,"রক্ত জমাট বাঁধতে সাহায্য করে কোনটি? A. ভিটামিন এ B. ভিটামিন সি C. ভিটামিন বি D. ভিটামিন কে Answer with only A, B, C, or D.","rokt jomat bandhote sahajy kore konoti? A. bhitamin e B. bhitamin si C. bhitamin bi D. bhitamin ke Answer with only A, B, C, or D.","Which helps to clot blood? A. Vitamin A B. Vitamin C C. Vitamin B D. Vitamin K Answer with only A, B, C, or D."
benqa_ext_8th-Science_0049,C,Science,science,1,0,1,C,D,C,করিম সাহেবের ফলের দোকান আছে। তিনি কাঁচা ফলগুলো পাকাতে এক ধরনের রাসায়নিক পদার্থ ব্যবহার করনে। উক্ত রাসায়নিক পদাথের বৈশিষ্ট্য- i. শাখা কলমে মূল গজায় ii. পাতা ও মূলে দেখা যায় iii. চারা গাছের কান্ডের বৃদ্ধি ঘটায় নিচের কোন...,korim saheber foler dokan achhe. tini kancha fologulo pakate ek dhoroner rasayonik podarth byobohar korone. ukt rasayonik podather boishishty- i. shakha kolome mul gojay ii. pata o mule dekha jay iii. chara gachher ka...,Mr. Karim has fruit shop. He uses one kind of chemical to ripen green fruits. The characteristic of this chemical is- i. root grow up in cutting ii. Found in leaves and roots iii. Seedling gives rise to the stem of th...
benqa_ext_8th-Science_0050,A,Science,science,1,0,1,A,D,A,"কোনটি প্লাটিহেলমিনথেস পর্বের প্রাণী? A. ফিতাকৃমি B. গোলকৃমি C. কেঁচো D. জোঁক Answer with only A, B, C, or D.","konoti platihelominothes porber prani? A. fitakrimi B. golokrimi C. kencho D. jonk Answer with only A, B, C, or D.","Which one belongs to platyhelminthes phylum? A. Tape worm B. Round worm C. Earth worm D. Leech Answer with only A, B, C, or D."
benqa_ext_8th-Science_0060,B,Science,science,1,0,1,B,C,B,"অভিকর্ষজ ত্বরণ G এর মান সবচেয়ে বেশি- A. বিষুব অঞ্চলে B. মেরু অঞ্চলে C. পৃথিবীর কেন্দ্রে D. চাঁদে Answer with only A, B, C, or D.","obhikorshoj tworon G er man sobocheye beshi- A. bishub onchole B. meru onchole C. prithibir kendre D. chande Answer with only A, B, C, or D.","The value of acceleration due to gravity 'g' is higher in_ A. equator region B. polar region C. at the center of the earth D. at moon Answer with only A, B, C, or D."
benqa_ext_8th-Science_0063,A,Science,science,1,0,1,A,D,A,নিউটনের মহাকর্ষ সূত্রের ক্ষেত্রে- i. মহাবিশ্বের প্রতিটি বস্তুকণা একে অপরকে নিজের দিকে আকর্ষণ করে ii. আকর্ষণ বলের মান বস্তুকণাদ্বয়ের ভরের গুণফলে সমানুপাতিক iii. আকর্ষণ বলের মান বস্তুর দূরত্বের বর্গের সমানুপাতিক নিচের ক...,niutoner mohakorsh sutrer kshetre- i. mohabishber protiti bostukona eke oporoke nijer dike akorshon kore ii. akorshon boler man bostukonadboyer bhorer gunofole somanupatik iii. akorshon boler man bostur durotter borge...,In the Newton law of gravitation- i. every particle in the unverse attracts each other ii. The force of attraction is proportional to the product of their masses iii. The force of attraction is proportional to the squ...
benqa_ext_8th-Science_0077,D,Science,science,0,0,1,B,C,D,"মাইটোসিস কোষ বিভাজনের কোন ধাপটি স্বল্পস্থায়ী? A. প্রোফেজ B. এনাফেজ C. মেটাফেজ D. প্রো- মেটাফেজ Answer with only A, B, C, or D.","maitosis kosh bibhajoner kon dhapoti sbolposthayi? A. profej B. enafej C. metafej D. pro- metafej Answer with only A, B, C, or D.","which step of mitosis cell division is transitory? A. Prophase B. Anaphase C. Metaphasc D. Pro-metaphase Answer with only A, B, C, or D."
benqa_ext_8th-Science_0083,D,Science,science,1,0,1,D,C,D,"CaO+ 2HCI\rightarrow \fbox{x} + H_{2}O বিক্রিয়াটিতে X যৌগটি কী? A. ক্ষার B. এসিড C. ক্ষারক D. লবণ Answer with only A, B, C, or D.","CaO+ 2HCI\rightarrow \fbox{x} + H_{2}O bikriyatite X jougoti ki? A. kshar B. esid C. ksharok D. lobon Answer with only A, B, C, or D.","CaO+ 2HCI\rightarrow \fbox{x} + H_{2}O What is the compound X in the rection? A. Base B. Acid C. Alkail D. Salt Answer with only A, B, C, or D."
benqa_ext_8th-Science_0090,C,Science,science,1,0,1,C,D,C,"S+O_{2}\xrightarrow[]{তাপ}X উদ্দীপকের X যৌগটি- i. তরল ii. ঝাঝালো গন্ধবিশিষ্ট iii. সালফার ও অক্সিজেনের প্রত্যক্ষ সংযোগে উৎপন্ন হয় নিচের কোনটি সঠিক? A. i ও ii B. i ও iii C. ii ও iii D. i, ii ও iii Answer with only A, B,...","S+O_{2}\xrightarrow[]{tap}X uddipoker X jougoti- i. torol ii. jhajhalo gondhobishisht iii. salofar o oksijener protyoksh songjoge utoponn hoy nicher konoti sothik? A. i o ii B. i o iii C. ii o iii D. i, ii o iii Answe...",S+O_{2}\xrightarrow[]{heat}X The X compound mentiond in the stem is- i. liquid ii. Having pungent fragrance iii. Produced by direct contact of sulphur and xoygen Which one is correct? A. i & ii B. i & iii C. ii & iii...
benqa_ext_8th-Science_0097,A,Science,science,1,0,1,A,D,A,"লঘু মস্তিষ্ক- i. দেহের ভারসাম্য রক্ষা করে ii. চলাফেরা নিয়ন্ত্রণ করে iii. তাপ সংরক্ষণ করে নিচের কোনটি সঠিক? A. i ও ii B. i ও iii C. ii ও iii D. i, ii ও iii Answer with only A, B, C, or D.","loghu mostishk- i. deher bharosamy roksha kore ii. cholafera niyontron kore iii. tap songrokshon kore nicher konoti sothik? A. i o ii B. i o iii C. ii o iii D. i, ii o iii Answer with only A, B, C, or D.","Hind brain- i. retains the balance of he body ii. Controls movement iii. Preserves heat Which on is correct? A. i & ii B. i & iii C. ii & iii D. i, ii & iii Answer with only A, B, C, or D."
benqa_ext_8th-Science_0103,A,Science,science,0,0,1,D,D,A,"কোথায় G এর মান বেশি? A. মেরু অঞ্চলে B. বিষুবীয় অঞ্চলে C. ক্রাস্তীয় অঞ্চলে D. পৃথিবীর কেন্দ্রে Answer with only A, B, C, or D.","kothay G er man beshi? A. meru onchole B. bishubiy onchole C. krastiy onchole D. prithibir kendre Answer with only A, B, C, or D.","Where the value of 'g' is maximum? A. At polar region B. At the eqator C. At the equinotical point D. At the center of the earth Answer with only A, B, C, or D."
benqa_ext_8th-Science_0114,A,Science,science,1,0,1,A,C,A,"বেলি ফুলের গন্ধ ছড়িয়ে পড়ে কোন প্রক্রিয়ায়? A. ব্যাপন B. অভিস্রবণ C. প্রস্বেদন D. ইমবাইবিশন Answer with only A, B, C, or D.","beli fuler gondh chhoriye pore kon prokriyay? A. byapon B. obhisrobon C. prosbedon D. imobaibishon Answer with only A, B, C, or D.","In which process the smell of Jasmine is spreaded out? A. Diffusion B. Osmosis C. Transpiration D. Imbibition Answer with only A, B, C, or D."
benqa_ext_8th-Science_0116,B,Science,science,1,0,1,B,C,B,"কোনটি লিটমাসের বর্ণ পরির্বতন করে না? A. HCI B. NaCI C. NH_{3} D. Ca(OH)_{2} Answer with only A, B, C, or D.","konoti litomaser born porirboton kore na? A. HCI B. NaCI C. NH_{3} D. Ca(OH)_{2} Answer with only A, B, C, or D.","Which one does not change th colour of litmus paper? A. HCI B. NaCI C. NH_{3} D. Ca(OH)_{2} Answer with only A, B, C, or D."
benqa_ext_8th-Science_0119,C,Science,science,1,0,1,C,B,C,"বৃদ্ধি প্রতিবন্ধক হরমোন কোনটি? A. অক্সিন B. জিব্বেরেলিন C. ইথিলিন D. সাইটোকইনিন Answer with only A, B, C, or D.","briddhi protibondhok horomon konoti? A. oksin B. jibberelin C. ithilin D. saitokoinin Answer with only A, B, C, or D.","Which one is the growth retarding agents hormone? A. Auxin B. Gibberellin C. Ethylene D. Cytokinin Answer with only A, B, C, or D."
benqa_ext_8th-Science_0124,D,Science,science,1,0,1,D,C,D,"বাস্তুতন্ত্রের জৈব উপাদান কোনটি? A. মাটি B. পানি C. বায়ু D. মৃত জীব Answer with only A, B, C, or D.","bastutontrer joib upadan konoti? A. mati B. pani C. bayu D. mrit jib Answer with only A, B, C, or D.","What is the organic element of ecosystem? A. soil B. water C. wind D. dead orgnism Answer with only A, B, C, or D."
benqa_ext_8th-Science_0131,B,Science,science,1,0,1,B,D,B,"১০০ ভোল্টের একটি বাল্ব ৫ অ্যাম্পিয়ার তড়িৎপ্রবাহের বর্তনীতে সংযুক্ত করা হলো। বর্তনীর রোধ কত? A. ০.০৫ ও’ম B. ২০ ও’ম C. ১০৫ ও’ম D. ৫০০ ও’ম Answer with only A, B, C, or D.","100 bholter ekoti balb 5 ampiyar toritoprobaher bortonite songjukt kora holo. bortonir rodh kot? A. 0.05 o’m B. 20 o’m C. 105 o’m D. 500 o’m Answer with only A, B, C, or D.","A bulb of 100 volt is connected to an electric circuit of 5 ampere. What is the resistance of the circuit? A. 0.05 Ohm B. 20 Ohm C. 105 Ohm D. 500 Ohm Answer with only A, B, C, or D."
benqa_ext_8th-Science_0134,D,Science,science,1,0,1,D,A,D,"কোনটি দ্বারা মিষ্টি আলুর প্রজনন ঘটে? A. অণুবীজ B. কান্ড C. পাতা D. মূল Answer with only A, B, C, or D.","konoti dwara mishti alur projonon ghote? A. onubij B. kand C. pata D. mul Answer with only A, B, C, or D.","By which does the reproduction of sweet potato occer? A. Spore B. Stem C. Leaf D. Root Answer with only A, B, C, or D."
benqa_ext_8th-Science_0144,A,Science,science,1,0,1,A,B,A,"কোনটিতে সাইট্রিক এসিড রয়েছে? A. কমলা B. তেতুঁল C. টমেটো D. আপেল Answer with only A, B, C, or D.","konotite saitrik esid royechhe? A. komola B. tetunl C. tometo D. apel Answer with only A, B, C, or D.","Which of the following has citric acid? A. Orange B. Tamarind C. Tomato D. Apple Answer with only A, B, C, or D."
benqa_ext_8th-Science_0146,D,Science,science,1,0,1,D,C,D,"কোন আমিষের সহজ পাচ্যতার গুণক ১? A. মাছ B. মাংস C. ডাল D. ডিম Answer with only A, B, C, or D.","kon amisher sohoj pachyotar gunok 1? A. machh B. mangs C. dal D. dim Answer with only A, B, C, or D.","Which protein has easily quotient I? A. Fish B. Meat C. Pulse D. Egg Answer with only A, B, C, or D."
benqa_ext_8th-Science_0154,C,Science,science,1,0,1,C,B,C,"কোন প্রাণীটির ত্বক শুষ্ক? A. ইলিশ B. হাঙ্গর C. সাপ D. কুনোব্যাঙ Answer with only A, B, C, or D.","kon pranitir twok shushk? A. ilish B. hanggor C. sap D. kunobyang Answer with only A, B, C, or D.","The skin of which animal is dry? A. Hilsha B. Shark C. Snake D. Toad Answer with only A, B, C, or D."
benqa_ext_8th-Science_0156,D,Science,science,1,0,1,D,C,D,"নিচের কোনটিতে মিয়োসিস কোষ বিভাজন ঘটে? A. ভ্রুণ মুকুল B. মূলের অগ্রভাগ C. মুকুল D. পরাগধানী Answer with only A, B, C, or D.","nicher konotite miyosis kosh bibhajon ghote? A. bhrun mukul B. muler ogrobhag C. mukul D. poragodhani Answer with only A, B, C, or D.","Which of the following occurs meisosis cell division? A. Ffloral axis B. Apex of root C. Buds D. stamen Answer with only A, B, C, or D."
benqa_ext_8th-Science_0168,B,Science,science,1,0,1,B,C,B,"পৃথিবীর পর্যবেক্ষণকারী উপগ্রহের কাজ কোনটি? A. আকাশে বিমানের অবস্থা জানা B. সমুদ্রে জাহাজের জন্য তেল চুইয়ে পড়া পর্যবেক্ষণ C. মেঘ সৃষ্টি হওয়ার স্থান পর্যবেক্ষণ D. তোর সংকেত প্রেরণে সহায়তা করা Answer with only A, B, C, o...",prithibir poryobekshonokari upogroher kaj konoti? A. akashe bimaner obostha jana B. somudre jahajer jony tel chuiye pora poryobekshon C. megh srishti hooyar sthan poryobekshon D. tor songket prerone sohayota kora Answ...,Which is the function of the earth observation satellite? A. Locate the exact positions of Biman on the sky B. Observe the possible leakage of oil from ships in the sea C. Observe the space where the cloud is formed D...
benqa_ext_8th-Science_0171,B,Science,science,1,0,0,B,D,C,"নিচের কোনটি মধুগ্রন্থিহীন ফূল? A. কদম B. ধান C. কচু D. শিমুল Answer with only A, B, C, or D.","nicher konoti modhugronthihin ful? A. kodom B. dhan C. kochu D. shimul Answer with only A, B, C, or D.","Which of the following is honey glandless flower? A. Kadom B. Paddy C. Arum D. Shimul Answer with only A, B, C, or D."
benqa_ext_8th-Science_0173,A,Science,science,1,0,1,A,C,A,"নিচের কোনটি তড়িৎ অবিশ্লেষ্য পদার্থ? A. চিনি B. খাদ্য লবণ C. তুঁতে D. সাইট্রিক এসিড Answer with only A, B, C, or D.","nicher konoti torit obishleshy podarth? A. chini B. khaddo lobon C. tunte D. saitrik esid Answer with only A, B, C, or D.","Which of the folloving is non-electrolyte? A. Sugar B. Table salt C. Tunte D. Citric Acid Answer with only A, B, C, or D."
benqa_ext_8th-Science_0175,B,Science,science,1,0,1,B,D,B,"কলয়েডধর্মী পদার্থ কোনটি? A. পলিথিন B. জিলেটিন C. কিউটিন D. ভেসলিন Answer with only A, B, C, or D.","koloyedodhormi podarth konoti? A. polithin B. jiletin C. kiutin D. bhesolin Answer with only A, B, C, or D.","Which substance is Coloidal? A. Polythene B. Gelatine C. Cutine D. Vaseline Answer with only A, B, C, or D."
benqa_ext_8th-Science_0178,C,Science,science,0,0,1,B,D,C,"শস্যদানায় কোন ভিটামিন পাওয়া যায়? A. কে B. বি C. ই D. সি Answer with only A, B, C, or D.","shosyodanay kon bhitamin paoya jay? A. ke B. bi C. i D. si Answer with only A, B, C, or D.","Which vitamin found in foodgrains? A. K B. D C. E D. C Answer with only A, B, C, or D."
benqa_ext_8th-Science_0181,D,Science,science,1,0,1,D,C,D,"কোন প্রাণীর দেহে শিখা অঙ্গ থাকে? A. কাঁকড়া B. কেঁচো C. গোলকৃমি D. ফিতাকৃমি Answer with only A, B, C, or D.","kon pranir dehe shikha ongg thake? A. kankora B. kencho C. golokrimi D. fitakrimi Answer with only A, B, C, or D.","Which animal's body bears flame cell? A. Crab B. Earthworm C. Roundworm D. Tapeworm Answer with only A, B, C, or D."
benqa_ext_8th-Science_0182,A,Science,science,1,0,1,A,C,A,"নিচের কোনটি অভ্রিস্রবণ প্রক্রিয়ার সাথে সম্পর্কিত? A. জাইলেম টিস্যু B. ফ্লোয়েম টিস্যু C. নিম্নমুখী পরিবহন D. উভমুখী পরিবহন Answer with only A, B, C, or D.","nicher konoti obhrisrobon prokriyar sathe somporkit? A. jailem tisyu B. floyem tisyu C. nimnomukhi poribohon D. ubhomukhi poribohon Answer with only A, B, C, or D.","Which of the follwing is related with the process of osmosis? A. Xylem tissue B. Phloem tissue C. Downward transportation D. Reversible transportaton Answer with only A, B, C, or D."
benqa_ext_8th-Science_0188,D,Science,science,1,0,1,D,C,D,"একটি মৌলের ইলেকট্রন বিন্যাস ২, ৮,৫ হলে মৌলটি কী? A. ক্লোরিন B. ফ্লোরিন C. সালফার D. ফসফরাস Answer with only A, B, C, or D.","ekoti mouler ilekotron binyas 2, 8,5 hole mouloti ki? A. klorin B. florin C. salofar D. fosoforas Answer with only A, B, C, or D.","The electronic configuration of an element is 2,8,5 - Which is the element? A. Chlorine B. Fluorine C. Sulphur D. Phosphorus Answer with only A, B, C, or D."
benqa_ext_8th-Science_0199,D,Science,science,1,0,1,D,A,D,"কলা কোন ধরনের ফল? A. নীরস ফল B. গুচ্ছ ফল C. যৌগিক ফল D. রসালো ফল Answer with only A, B, C, or D.","kola kon dhoroner fol? A. niros fol B. guchchh fol C. jougik fol D. rosalo fol Answer with only A, B, C, or D.","What thype of fruit is banana? A. Dry fruit B. Aggregate fruit C. Multiple fruit D. Fleshy fruit Answer with only A, B, C, or D."
benqa_ext_8th-Science_0205,B,Science,science,1,0,1,B,D,B,"২৫ গ্রাম শর্করা ও ২৫ গ্রাম আমিষ থেকে মোট কত কিলোক্যালরি শক্তি উৎপন্ন হয়? A. 50 B. 200 C. 325 D. 450 Answer with only A, B, C, or D.","25 gram shorkora o 25 gram amish theke mot kot kilokyalori shokti utoponn hoy? A. 50 B. 200 C. 325 D. 450 Answer with only A, B, C, or D.","How much kilocalories of energy is produced from 25 grams of carbohydrate and 25 grams of protein? A. 50 B. 200 C. 325 D. 450 Answer with only A, B, C, or D."
benqa_ext_8th-Science_0216,B,Science,science,1,0,1,B,C,B,"কোন হরমোন উদ্ভিদের বৃদ্ধি প্রতিবন্ধক হিসাবে কাজ করে? A. অক্সিন B. অ্যাবসাইসিক এসিড C. সাইটোকাইনিন D. জিব্বেরেলিন Answer with only A, B, C, or D.","kon horomon udbhider briddhi protibondhok hisabe kaj kore? A. oksin B. abosaisik esid C. saitokainin D. jibberelin Answer with only A, B, C, or D.","Which hormone acts as growth retarding agent for plants A. Auxin B. Abscisic acid C. Cytokinin D. Gebberellin Answer with only A, B, C, or D."
benqa_ext_8th-Science_0223,B,Science,science,1,0,1,B,C,B,"বুক ধড়ফড় করা কোন রোগের লক্ষণ? A. ক্রোটিনিজম B. অ্যানিমিয়া C. গলগন্ড D. স্কার্ভি Answer with only A, B, C, or D.","buk dhorofor kora kon roger lokshon? A. krotinijom B. animiya C. gologond D. skarbhi Answer with only A, B, C, or D.","Unusually repid palapitation is the symptom of which disease? A. Cretinis B. Anemia C. Goiter D. Scurvy Answer with only A, B, C, or D."
benqa_ext_8th-Science_0224,B,Science,science,1,0,1,B,C,B,"নিচেরর কোন এসিডটি খাওয়ার ‍উপযোগী? A. ফসফরিক এসিড B. ম্যালিক এসিড C. পারক্লোরিক এসিড D. হাইড্রোক্লোরিক এসিড Answer with only A, B, C, or D.","nicheror kon esidoti khaoyar ‍upojogi? A. fosoforik esid B. myalik esid C. paroklorik esid D. haidroklorik esid Answer with only A, B, C, or D.","Which acid of the following is edible? A. Phosphoric acid B. Malic acid C. Perchoric acid D. Hydrochloric acid Answer with only A, B, C, or D."
