route,id,gold,rule,action,routed_answer,routed_correct,baseline_correct,delta_vs_baseline,changed_from_baseline,banglish_parsed,generated_bn_parsed,generated_en_parsed,repair_strategy
Qwen3 historical protected-v1 BNB + raw self-translate EN,benqa_10th-Biology_0057,C,baseline,baseline,D,False,False,0,False,D,D,,raw_self_translate
Qwen3 historical protected-v1 BNB + raw self-translate EN,benqa_10th-Biology_0057,C,strict_generated_agreement,fallback_baseline,D,False,False,0,False,D,D,,raw_self_translate
Qwen3 historical protected-v1 BNB + raw self-translate EN,benqa_10th-Biology_0057,C,three_view_majority,banglish_bn_majority,D,False,False,0,False,D,D,,raw_self_translate
Qwen3 historical protected-v1 BNB + raw self-translate EN,benqa_10th-Biology_0057,C,generated_bn_only,use_generated_bn,D,False,False,0,False,D,D,,raw_self_translate
Qwen3 historical protected-v1 BNB + raw self-translate EN,benqa_10th-Biology_0057,C,generated_en_only,fallback_baseline,D,False,False,0,False,D,D,,raw_self_translate
Qwen3 historical protected-v1 BNB + raw self-translate EN,benqa_10th-Biology_0057,C,generated_bn_if_baseline_empty,fallback_baseline,D,False,False,0,False,D,D,,raw_self_translate
Qwen3 historical protected-v1 BNB + raw self-translate EN,benqa_10th-Biology_0057,C,generated_en_if_baseline_empty,fallback_baseline,D,False,False,0,False,D,D,,raw_self_translate
Qwen3 historical protected-v1 BNB + raw self-translate EN,benqa_10th-Biology_0057,C,all_disagree_bn_tiebreak,fallback_baseline,D,False,False,0,False,D,D,,raw_self_translate
Qwen3 historical protected-v1 BNB + raw self-translate EN,benqa_10th-Biology_0057,C,all_disagree_en_tiebreak,fallback_baseline,D,False,False,0,False,D,D,,raw_self_translate
Qwen3 historical protected-v1 BNB + raw self-translate EN,benqa_10th-Biology_0057,C,generated_bn_priority_nonbaseline,fallback_baseline,D,False,False,0,False,D,D,,raw_self_translate
Qwen3 historical protected-v1 BNB + raw self-translate EN,benqa_10th-Biology_0057,C,generated_en_priority_nonbaseline,fallback_baseline,D,False,False,0,False,D,D,,raw_self_translate
Qwen3 historical protected-v1 BNB + raw self-translate EN,benqa_10th-Biology_0143,C,baseline,baseline,C,True,True,0,False,C,D,C,raw_self_translate
Qwen3 historical protected-v1 BNB + raw self-translate EN,benqa_10th-Biology_0143,C,strict_generated_agreement,fallback_baseline,C,True,True,0,False,C,D,C,raw_self_translate
Qwen3 historical protected-v1 BNB + raw self-translate EN,benqa_10th-Biology_0143,C,three_view_majority,banglish_en_majority,C,True,True,0,False,C,D,C,raw_self_translate
Qwen3 historical protected-v1 BNB + raw self-translate EN,benqa_10th-Biology_0143,C,generated_bn_only,use_generated_bn,D,False,True,-1,True,C,D,C,raw_self_translate
Qwen3 historical protected-v1 BNB + raw self-translate EN,benqa_10th-Biology_0143,C,generated_en_only,use_generated_en,C,True,True,0,False,C,D,C,raw_self_translate
Qwen3 historical protected-v1 BNB + raw self-translate EN,benqa_10th-Biology_0143,C,generated_bn_if_baseline_empty,fallback_baseline,C,True,True,0,False,C,D,C,raw_self_translate
Qwen3 historical protected-v1 BNB + raw self-translate EN,benqa_10th-Biology_0143,C,generated_en_if_baseline_empty,fallback_baseline,C,True,True,0,False,C,D,C,raw_self_translate
Qwen3 historical protected-v1 BNB + raw self-translate EN,benqa_10th-Biology_0143,C,all_disagree_bn_tiebreak,fallback_baseline,C,True,True,0,False,C,D,C,raw_self_translate
Qwen3 historical protected-v1 BNB + raw self-translate EN,benqa_10th-Biology_0143,C,all_disagree_en_tiebreak,fallback_baseline,C,True,True,0,False,C,D,C,raw_self_translate
Qwen3 historical protected-v1 BNB + raw self-translate EN,benqa_10th-Biology_0143,C,generated_bn_priority_nonbaseline,bn_nonbaseline_priority,D,False,True,-1,True,C,D,C,raw_self_translate
Qwen3 historical protected-v1 BNB + raw self-translate EN,benqa_10th-Biology_0143,C,generated_en_priority_nonbaseline,bn_nonbaseline_priority,D,False,True,-1,True,C,D,C,raw_self_translate
Qwen3 historical protected-v1 BNB + raw self-translate EN,benqa_10th-Biology_0197,D,baseline,baseline,D,True,True,0,False,D,D,,raw_self_translate
Qwen3 historical protected-v1 BNB + raw self-translate EN,benqa_10th-Biology_0197,D,strict_generated_agreement,fallback_baseline,D,True,True,0,False,D,D,,raw_self_translate
Qwen3 historical protected-v1 BNB + raw self-translate EN,benqa_10th-Biology_0197,D,three_view_majority,banglish_bn_majority,D,True,True,0,False,D,D,,raw_self_translate
Qwen3 historical protected-v1 BNB + raw self-translate EN,benqa_10th-Biology_0197,D,generated_bn_only,use_generated_bn,D,True,True,0,False,D,D,,raw_self_translate
Qwen3 historical protected-v1 BNB + raw self-translate EN,benqa_10th-Biology_0197,D,generated_en_only,fallback_baseline,D,True,True,0,False,D,D,,raw_self_translate
Qwen3 historical protected-v1 BNB + raw self-translate EN,benqa_10th-Biology_0197,D,generated_bn_if_baseline_empty,fallback_baseline,D,True,True,0,False,D,D,,raw_self_translate
Qwen3 historical protected-v1 BNB + raw self-translate EN,benqa_10th-Biology_0197,D,generated_en_if_baseline_empty,fallback_baseline,D,True,True,0,False,D,D,,raw_self_translate
Qwen3 historical protected-v1 BNB + raw self-translate EN,benqa_10th-Biology_0197,D,all_disagree_bn_tiebreak,fallback_baseline,D,True,True,0,False,D,D,,raw_self_translate
Qwen3 historical protected-v1 BNB + raw self-translate EN,benqa_10th-Biology_0197,D,all_disagree_en_tiebreak,fallback_baseline,D,True,True,0,False,D,D,,raw_self_translate
Qwen3 historical protected-v1 BNB + raw self-translate EN,benqa_10th-Biology_0197,D,generated_bn_priority_nonbaseline,fallback_baseline,D,True,True,0,False,D,D,,raw_self_translate
Qwen3 historical protected-v1 BNB + raw self-translate EN,benqa_10th-Biology_0197,D,generated_en_priority_nonbaseline,fallback_baseline,D,True,True,0,False,D,D,,raw_self_translate
Qwen3 historical protected-v1 BNB + raw self-translate EN,benqa_10th-Chemistry_0280,A,baseline,baseline,D,False,False,0,False,D,D,D,raw_self_translate
Qwen3 historical protected-v1 BNB + raw self-translate EN,benqa_10th-Chemistry_0280,A,strict_generated_agreement,fallback_baseline,D,False,False,0,False,D,D,D,raw_self_translate
Qwen3 historical protected-v1 BNB + raw self-translate EN,benqa_10th-Chemistry_0280,A,three_view_majority,banglish_bn_majority,D,False,False,0,False,D,D,D,raw_self_translate
Qwen3 historical protected-v1 BNB + raw self-translate EN,benqa_10th-Chemistry_0280,A,generated_bn_only,use_generated_bn,D,False,False,0,False,D,D,D,raw_self_translate
Qwen3 historical protected-v1 BNB + raw self-translate EN,benqa_10th-Chemistry_0280,A,generated_en_only,use_generated_en,D,False,False,0,False,D,D,D,raw_self_translate
Qwen3 historical protected-v1 BNB + raw self-translate EN,benqa_10th-Chemistry_0280,A,generated_bn_if_baseline_empty,fallback_baseline,D,False,False,0,False,D,D,D,raw_self_translate
Qwen3 historical protected-v1 BNB + raw self-translate EN,benqa_10th-Chemistry_0280,A,generated_en_if_baseline_empty,fallback_baseline,D,False,False,0,False,D,D,D,raw_self_translate
Qwen3 historical protected-v1 BNB + raw self-translate EN,benqa_10th-Chemistry_0280,A,all_disagree_bn_tiebreak,fallback_baseline,D,False,False,0,False,D,D,D,raw_self_translate
Qwen3 historical protected-v1 BNB + raw self-translate EN,benqa_10th-Chemistry_0280,A,all_disagree_en_tiebreak,fallback_baseline,D,False,False,0,False,D,D,D,raw_self_translate
Qwen3 historical protected-v1 BNB + raw self-translate EN,benqa_10th-Chemistry_0280,A,generated_bn_priority_nonbaseline,fallback_baseline,D,False,False,0,False,D,D,D,raw_self_translate
Qwen3 historical protected-v1 BNB + raw self-translate EN,benqa_10th-Chemistry_0280,A,generated_en_priority_nonbaseline,fallback_baseline,D,False,False,0,False,D,D,D,raw_self_translate
Qwen3 historical protected-v1 BNB + raw self-translate EN,benqa_10th-Chemistry_0374,B,baseline,baseline,D,False,False,0,False,D,D,,raw_self_translate
Qwen3 historical protected-v1 BNB + raw self-translate EN,benqa_10th-Chemistry_0374,B,strict_generated_agreement,fallback_baseline,D,False,False,0,False,D,D,,raw_self_translate
Qwen3 historical protected-v1 BNB + raw self-translate EN,benqa_10th-Chemistry_0374,B,three_view_majority,banglish_bn_majority,D,False,False,0,False,D,D,,raw_self_translate
Qwen3 historical protected-v1 BNB + raw self-translate EN,benqa_10th-Chemistry_0374,B,generated_bn_only,use_generated_bn,D,False,False,0,False,D,D,,raw_self_translate
Qwen3 historical protected-v1 BNB + raw self-translate EN,benqa_10th-Chemistry_0374,B,generated_en_only,fallback_baseline,D,False,False,0,False,D,D,,raw_self_translate
Qwen3 historical protected-v1 BNB + raw self-translate EN,benqa_10th-Chemistry_0374,B,generated_bn_if_baseline_empty,fallback_baseline,D,False,False,0,False,D,D,,raw_self_translate
Qwen3 historical protected-v1 BNB + raw self-translate EN,benqa_10th-Chemistry_0374,B,generated_en_if_baseline_empty,fallback_baseline,D,False,False,0,False,D,D,,raw_self_translate
Qwen3 historical protected-v1 BNB + raw self-translate EN,benqa_10th-Chemistry_0374,B,all_disagree_bn_tiebreak,fallback_baseline,D,False,False,0,False,D,D,,raw_self_translate
Qwen3 historical protected-v1 BNB + raw self-translate EN,benqa_10th-Chemistry_0374,B,all_disagree_en_tiebreak,fallback_baseline,D,False,False,0,False,D,D,,raw_self_translate
Qwen3 historical protected-v1 BNB + raw self-translate EN,benqa_10th-Chemistry_0374,B,generated_bn_priority_nonbaseline,fallback_baseline,D,False,False,0,False,D,D,,raw_self_translate
Qwen3 historical protected-v1 BNB + raw self-translate EN,benqa_10th-Chemistry_0374,B,generated_en_priority_nonbaseline,fallback_baseline,D,False,False,0,False,D,D,,raw_self_translate
Qwen3 historical protected-v1 BNB + raw self-translate EN,benqa_10th-Chemistry_0388,D,baseline,baseline,D,True,True,0,False,D,D,B,raw_self_translate
Qwen3 historical protected-v1 BNB + raw self-translate EN,benqa_10th-Chemistry_0388,D,strict_generated_agreement,fallback_baseline,D,True,True,0,False,D,D,B,raw_self_translate
Qwen3 historical protected-v1 BNB + raw self-translate EN,benqa_10th-Chemistry_0388,D,three_view_majority,banglish_bn_majority,D,True,True,0,False,D,D,B,raw_self_translate
Qwen3 historical protected-v1 BNB + raw self-translate EN,benqa_10th-Chemistry_0388,D,generated_bn_only,use_generated_bn,D,True,True,0,False,D,D,B,raw_self_translate
Qwen3 historical protected-v1 BNB + raw self-translate EN,benqa_10th-Chemistry_0388,D,generated_en_only,use_generated_en,B,False,True,-1,True,D,D,B,raw_self_translate
Qwen3 historical protected-v1 BNB + raw self-translate EN,benqa_10th-Chemistry_0388,D,generated_bn_if_baseline_empty,fallback_baseline,D,True,True,0,False,D,D,B,raw_self_translate
Qwen3 historical protected-v1 BNB + raw self-translate EN,benqa_10th-Chemistry_0388,D,generated_en_if_baseline_empty,fallback_baseline,D,True,True,0,False,D,D,B,raw_self_translate
Qwen3 historical protected-v1 BNB + raw self-translate EN,benqa_10th-Chemistry_0388,D,all_disagree_bn_tiebreak,fallback_baseline,D,True,True,0,False,D,D,B,raw_self_translate
Qwen3 historical protected-v1 BNB + raw self-translate EN,benqa_10th-Chemistry_0388,D,all_disagree_en_tiebreak,fallback_baseline,D,True,True,0,False,D,D,B,raw_self_translate
Qwen3 historical protected-v1 BNB + raw self-translate EN,benqa_10th-Chemistry_0388,D,generated_bn_priority_nonbaseline,en_nonbaseline_priority,B,False,True,-1,True,D,D,B,raw_self_translate
Qwen3 historical protected-v1 BNB + raw self-translate EN,benqa_10th-Chemistry_0388,D,generated_en_priority_nonbaseline,en_nonbaseline_priority,B,False,True,-1,True,D,D,B,raw_self_translate
Qwen3 historical protected-v1 BNB + raw self-translate EN,benqa_10th-Math-II_0367,C,baseline,baseline,C,True,True,0,False,C,C,A,raw_self_translate
Qwen3 historical protected-v1 BNB + raw self-translate EN,benqa_10th-Math-II_0367,C,strict_generated_agreement,fallback_baseline,C,True,True,0,False,C,C,A,raw_self_translate
Qwen3 historical protected-v1 BNB + raw self-translate EN,benqa_10th-Math-II_0367,C,three_view_majority,banglish_bn_majority,C,True,True,0,False,C,C,A,raw_self_translate
Qwen3 historical protected-v1 BNB + raw self-translate EN,benqa_10th-Math-II_0367,C,generated_bn_only,use_generated_bn,C,True,True,0,False,C,C,A,raw_self_translate
Qwen3 historical protected-v1 BNB + raw self-translate EN,benqa_10th-Math-II_0367,C,generated_en_only,use_generated_en,A,False,True,-1,True,C,C,A,raw_self_translate
Qwen3 historical protected-v1 BNB + raw self-translate EN,benqa_10th-Math-II_0367,C,generated_bn_if_baseline_empty,fallback_baseline,C,True,True,0,False,C,C,A,raw_self_translate
Qwen3 historical protected-v1 BNB + raw self-translate EN,benqa_10th-Math-II_0367,C,generated_en_if_baseline_empty,fallback_baseline,C,True,True,0,False,C,C,A,raw_self_translate
Qwen3 historical protected-v1 BNB + raw self-translate EN,benqa_10th-Math-II_0367,C,all_disagree_bn_tiebreak,fallback_baseline,C,True,True,0,False,C,C,A,raw_self_translate
Qwen3 historical protected-v1 BNB + raw self-translate EN,benqa_10th-Math-II_0367,C,all_disagree_en_tiebreak,fallback_baseline,C,True,True,0,False,C,C,A,raw_self_translate
Qwen3 historical protected-v1 BNB + raw self-translate EN,benqa_10th-Math-II_0367,C,generated_bn_priority_nonbaseline,en_nonbaseline_priority,A,False,True,-1,True,C,C,A,raw_self_translate
Qwen3 historical protected-v1 BNB + raw self-translate EN,benqa_10th-Math-II_0367,C,generated_en_priority_nonbaseline,en_nonbaseline_priority,A,False,True,-1,True,C,C,A,raw_self_translate
Qwen3 historical protected-v1 BNB + raw self-translate EN,benqa_10th-Math_0032,B,baseline,baseline,,False,False,0,False,,D,,raw_self_translate
Qwen3 historical protected-v1 BNB + raw self-translate EN,benqa_10th-Math_0032,B,strict_generated_agreement,fallback_baseline,,False,False,0,False,,D,,raw_self_translate
Qwen3 historical protected-v1 BNB + raw self-translate EN,benqa_10th-Math_0032,B,three_view_majority,fallback_baseline,,False,False,0,False,,D,,raw_self_translate
Qwen3 historical protected-v1 BNB + raw self-translate EN,benqa_10th-Math_0032,B,generated_bn_only,use_generated_bn,D,False,False,0,True,,D,,raw_self_translate
Qwen3 historical protected-v1 BNB + raw self-translate EN,benqa_10th-Math_0032,B,generated_en_only,fallback_baseline,,False,False,0,False,,D,,raw_self_translate
Qwen3 historical protected-v1 BNB + raw self-translate EN,benqa_10th-Math_0032,B,generated_bn_if_baseline_empty,baseline_empty_use_bn,D,False,False,0,True,,D,,raw_self_translate
Qwen3 historical protected-v1 BNB + raw self-translate EN,benqa_10th-Math_0032,B,generated_en_if_baseline_empty,fallback_baseline,,False,False,0,False,,D,,raw_self_translate
Qwen3 historical protected-v1 BNB + raw self-translate EN,benqa_10th-Math_0032,B,all_disagree_bn_tiebreak,fallback_baseline,,False,False,0,False,,D,,raw_self_translate
Qwen3 historical protected-v1 BNB + raw self-translate EN,benqa_10th-Math_0032,B,all_disagree_en_tiebreak,fallback_baseline,,False,False,0,False,,D,,raw_self_translate
Qwen3 historical protected-v1 BNB + raw self-translate EN,benqa_10th-Math_0032,B,generated_bn_priority_nonbaseline,bn_nonbaseline_priority,D,False,False,0,True,,D,,raw_self_translate
Qwen3 historical protected-v1 BNB + raw self-translate EN,benqa_10th-Math_0032,B,generated_en_priority_nonbaseline,bn_nonbaseline_priority,D,False,False,0,True,,D,,raw_self_translate
Qwen3 historical protected-v1 BNB + raw self-translate EN,benqa_10th-Physics_0045,A,baseline,baseline,A,True,True,0,False,A,A,B,raw_self_translate
Qwen3 historical protected-v1 BNB + raw self-translate EN,benqa_10th-Physics_0045,A,strict_generated_agreement,fallback_baseline,A,True,True,0,False,A,A,B,raw_self_translate
Qwen3 historical protected-v1 BNB + raw self-translate EN,benqa_10th-Physics_0045,A,three_view_majority,banglish_bn_majority,A,True,True,0,False,A,A,B,raw_self_translate
Qwen3 historical protected-v1 BNB + raw self-translate EN,benqa_10th-Physics_0045,A,generated_bn_only,use_generated_bn,A,True,True,0,False,A,A,B,raw_self_translate
Qwen3 historical protected-v1 BNB + raw self-translate EN,benqa_10th-Physics_0045,A,generated_en_only,use_generated_en,B,False,True,-1,True,A,A,B,raw_self_translate
Qwen3 historical protected-v1 BNB + raw self-translate EN,benqa_10th-Physics_0045,A,generated_bn_if_baseline_empty,fallback_baseline,A,True,True,0,False,A,A,B,raw_self_translate
Qwen3 historical protected-v1 BNB + raw self-translate EN,benqa_10th-Physics_0045,A,generated_en_if_baseline_empty,fallback_baseline,A,True,True,0,False,A,A,B,raw_self_translate
Qwen3 historical protected-v1 BNB + raw self-translate EN,benqa_10th-Physics_0045,A,all_disagree_bn_tiebreak,fallback_baseline,A,True,True,0,False,A,A,B,raw_self_translate
Qwen3 historical protected-v1 BNB + raw self-translate EN,benqa_10th-Physics_0045,A,all_disagree_en_tiebreak,fallback_baseline,A,True,True,0,False,A,A,B,raw_self_translate
Qwen3 historical protected-v1 BNB + raw self-translate EN,benqa_10th-Physics_0045,A,generated_bn_priority_nonbaseline,en_nonbaseline_priority,B,False,True,-1,True,A,A,B,raw_self_translate
Qwen3 historical protected-v1 BNB + raw self-translate EN,benqa_10th-Physics_0045,A,generated_en_priority_nonbaseline,en_nonbaseline_priority,B,False,True,-1,True,A,A,B,raw_self_translate
Qwen3 historical protected-v1 BNB + raw self-translate EN,benqa_10th-Physics_0055,D,baseline,baseline,D,True,True,0,False,D,D,D,raw_self_translate
Qwen3 historical protected-v1 BNB + raw self-translate EN,benqa_10th-Physics_0055,D,strict_generated_agreement,fallback_baseline,D,True,True,0,False,D,D,D,raw_self_translate
Qwen3 historical protected-v1 BNB + raw self-translate EN,benqa_10th-Physics_0055,D,three_view_majority,banglish_bn_majority,D,True,True,0,False,D,D,D,raw_self_translate
Qwen3 historical protected-v1 BNB + raw self-translate EN,benqa_10th-Physics_0055,D,generated_bn_only,use_generated_bn,D,True,True,0,False,D,D,D,raw_self_translate
Qwen3 historical protected-v1 BNB + raw self-translate EN,benqa_10th-Physics_0055,D,generated_en_only,use_generated_en,D,True,True,0,False,D,D,D,raw_self_translate
Qwen3 historical protected-v1 BNB + raw self-translate EN,benqa_10th-Physics_0055,D,generated_bn_if_baseline_empty,fallback_baseline,D,True,True,0,False,D,D,D,raw_self_translate
Qwen3 historical protected-v1 BNB + raw self-translate EN,benqa_10th-Physics_0055,D,generated_en_if_baseline_empty,fallback_baseline,D,True,True,0,False,D,D,D,raw_self_translate
Qwen3 historical protected-v1 BNB + raw self-translate EN,benqa_10th-Physics_0055,D,all_disagree_bn_tiebreak,fallback_baseline,D,True,True,0,False,D,D,D,raw_self_translate
Qwen3 historical protected-v1 BNB + raw self-translate EN,benqa_10th-Physics_0055,D,all_disagree_en_tiebreak,fallback_baseline,D,True,True,0,False,D,D,D,raw_self_translate
Qwen3 historical protected-v1 BNB + raw self-translate EN,benqa_10th-Physics_0055,D,generated_bn_priority_nonbaseline,fallback_baseline,D,True,True,0,False,D,D,D,raw_self_translate
Qwen3 historical protected-v1 BNB + raw self-translate EN,benqa_10th-Physics_0055,D,generated_en_priority_nonbaseline,fallback_baseline,D,True,True,0,False,D,D,D,raw_self_translate
Qwen3 historical protected-v1 BNB + raw self-translate EN,benqa_10th-Physics_0296,D,baseline,baseline,D,True,True,0,False,D,D,,raw_self_translate
Qwen3 historical protected-v1 BNB + raw self-translate EN,benqa_10th-Physics_0296,D,strict_generated_agreement,fallback_baseline,D,True,True,0,False,D,D,,raw_self_translate
Qwen3 historical protected-v1 BNB + raw self-translate EN,benqa_10th-Physics_0296,D,three_view_majority,banglish_bn_majority,D,True,True,0,False,D,D,,raw_self_translate
Qwen3 historical protected-v1 BNB + raw self-translate EN,benqa_10th-Physics_0296,D,generated_bn_only,use_generated_bn,D,True,True,0,False,D,D,,raw_self_translate
Qwen3 historical protected-v1 BNB + raw self-translate EN,benqa_10th-Physics_0296,D,generated_en_only,fallback_baseline,D,True,True,0,False,D,D,,raw_self_translate
Qwen3 historical protected-v1 BNB + raw self-translate EN,benqa_10th-Physics_0296,D,generated_bn_if_baseline_empty,fallback_baseline,D,True,True,0,False,D,D,,raw_self_translate
Qwen3 historical protected-v1 BNB + raw self-translate EN,benqa_10th-Physics_0296,D,generated_en_if_baseline_empty,fallback_baseline,D,True,True,0,False,D,D,,raw_self_translate
Qwen3 historical protected-v1 BNB + raw self-translate EN,benqa_10th-Physics_0296,D,all_disagree_bn_tiebreak,fallback_baseline,D,True,True,0,False,D,D,,raw_self_translate
Qwen3 historical protected-v1 BNB + raw self-translate EN,benqa_10th-Physics_0296,D,all_disagree_en_tiebreak,fallback_baseline,D,True,True,0,False,D,D,,raw_self_translate
Qwen3 historical protected-v1 BNB + raw self-translate EN,benqa_10th-Physics_0296,D,generated_bn_priority_nonbaseline,fallback_baseline,D,True,True,0,False,D,D,,raw_self_translate
Qwen3 historical protected-v1 BNB + raw self-translate EN,benqa_10th-Physics_0296,D,generated_en_priority_nonbaseline,fallback_baseline,D,True,True,0,False,D,D,,raw_self_translate
Qwen3 historical protected-v1 BNB + raw self-translate EN,benqa_12th-Biology-II_0119,C,baseline,baseline,D,False,False,0,False,D,D,,raw_self_translate
Qwen3 historical protected-v1 BNB + raw self-translate EN,benqa_12th-Biology-II_0119,C,strict_generated_agreement,fallback_baseline,D,False,False,0,False,D,D,,raw_self_translate
Qwen3 historical protected-v1 BNB + raw self-translate EN,benqa_12th-Biology-II_0119,C,three_view_majority,banglish_bn_majority,D,False,False,0,False,D,D,,raw_self_translate
Qwen3 historical protected-v1 BNB + raw self-translate EN,benqa_12th-Biology-II_0119,C,generated_bn_only,use_generated_bn,D,False,False,0,False,D,D,,raw_self_translate
Qwen3 historical protected-v1 BNB + raw self-translate EN,benqa_12th-Biology-II_0119,C,generated_en_only,fallback_baseline,D,False,False,0,False,D,D,,raw_self_translate
Qwen3 historical protected-v1 BNB + raw self-translate EN,benqa_12th-Biology-II_0119,C,generated_bn_if_baseline_empty,fallback_baseline,D,False,False,0,False,D,D,,raw_self_translate
Qwen3 historical protected-v1 BNB + raw self-translate EN,benqa_12th-Biology-II_0119,C,generated_en_if_baseline_empty,fallback_baseline,D,False,False,0,False,D,D,,raw_self_translate
Qwen3 historical protected-v1 BNB + raw self-translate EN,benqa_12th-Biology-II_0119,C,all_disagree_bn_tiebreak,fallback_baseline,D,False,False,0,False,D,D,,raw_self_translate
Qwen3 historical protected-v1 BNB + raw self-translate EN,benqa_12th-Biology-II_0119,C,all_disagree_en_tiebreak,fallback_baseline,D,False,False,0,False,D,D,,raw_self_translate
Qwen3 historical protected-v1 BNB + raw self-translate EN,benqa_12th-Biology-II_0119,C,generated_bn_priority_nonbaseline,fallback_baseline,D,False,False,0,False,D,D,,raw_self_translate
Qwen3 historical protected-v1 BNB + raw self-translate EN,benqa_12th-Biology-II_0119,C,generated_en_priority_nonbaseline,fallback_baseline,D,False,False,0,False,D,D,,raw_self_translate
Qwen3 historical protected-v1 BNB + raw self-translate EN,benqa_12th-Biology-II_0179,A,baseline,baseline,D,False,False,0,False,D,D,A,raw_self_translate
Qwen3 historical protected-v1 BNB + raw self-translate EN,benqa_12th-Biology-II_0179,A,strict_generated_agreement,fallback_baseline,D,False,False,0,False,D,D,A,raw_self_translate
Qwen3 historical protected-v1 BNB + raw self-translate EN,benqa_12th-Biology-II_0179,A,three_view_majority,banglish_bn_majority,D,False,False,0,False,D,D,A,raw_self_translate
Qwen3 historical protected-v1 BNB + raw self-translate EN,benqa_12th-Biology-II_0179,A,generated_bn_only,use_generated_bn,D,False,False,0,False,D,D,A,raw_self_translate
Qwen3 historical protected-v1 BNB + raw self-translate EN,benqa_12th-Biology-II_0179,A,generated_en_only,use_generated_en,A,True,False,1,True,D,D,A,raw_self_translate
Qwen3 historical protected-v1 BNB + raw self-translate EN,benqa_12th-Biology-II_0179,A,generated_bn_if_baseline_empty,fallback_baseline,D,False,False,0,False,D,D,A,raw_self_translate
Qwen3 historical protected-v1 BNB + raw self-translate EN,benqa_12th-Biology-II_0179,A,generated_en_if_baseline_empty,fallback_baseline,D,False,False,0,False,D,D,A,raw_self_translate
Qwen3 historical protected-v1 BNB + raw self-translate EN,benqa_12th-Biology-II_0179,A,all_disagree_bn_tiebreak,fallback_baseline,D,False,False,0,False,D,D,A,raw_self_translate
Qwen3 historical protected-v1 BNB + raw self-translate EN,benqa_12th-Biology-II_0179,A,all_disagree_en_tiebreak,fallback_baseline,D,False,False,0,False,D,D,A,raw_self_translate
Qwen3 historical protected-v1 BNB + raw self-translate EN,benqa_12th-Biology-II_0179,A,generated_bn_priority_nonbaseline,en_nonbaseline_priority,A,True,False,1,True,D,D,A,raw_self_translate
Qwen3 historical protected-v1 BNB + raw self-translate EN,benqa_12th-Biology-II_0179,A,generated_en_priority_nonbaseline,en_nonbaseline_priority,A,True,False,1,True,D,D,A,raw_self_translate
Qwen3 historical protected-v1 BNB + raw self-translate EN,benqa_12th-Biology-II_0325,A,baseline,baseline,C,False,False,0,False,C,C,,raw_self_translate
Qwen3 historical protected-v1 BNB + raw self-translate EN,benqa_12th-Biology-II_0325,A,strict_generated_agreement,fallback_baseline,C,False,False,0,False,C,C,,raw_self_translate
Qwen3 historical protected-v1 BNB + raw self-translate EN,benqa_12th-Biology-II_0325,A,three_view_majority,banglish_bn_majority,C,False,False,0,False,C,C,,raw_self_translate
Qwen3 historical protected-v1 BNB + raw self-translate EN,benqa_12th-Biology-II_0325,A,generated_bn_only,use_generated_bn,C,False,False,0,False,C,C,,raw_self_translate
Qwen3 historical protected-v1 BNB + raw self-translate EN,benqa_12th-Biology-II_0325,A,generated_en_only,fallback_baseline,C,False,False,0,False,C,C,,raw_self_translate
Qwen3 historical protected-v1 BNB + raw self-translate EN,benqa_12th-Biology-II_0325,A,generated_bn_if_baseline_empty,fallback_baseline,C,False,False,0,False,C,C,,raw_self_translate
Qwen3 historical protected-v1 BNB + raw self-translate EN,benqa_12th-Biology-II_0325,A,generated_en_if_baseline_empty,fallback_baseline,C,False,False,0,False,C,C,,raw_self_translate
Qwen3 historical protected-v1 BNB + raw self-translate EN,benqa_12th-Biology-II_0325,A,all_disagree_bn_tiebreak,fallback_baseline,C,False,False,0,False,C,C,,raw_self_translate
Qwen3 historical protected-v1 BNB + raw self-translate EN,benqa_12th-Biology-II_0325,A,all_disagree_en_tiebreak,fallback_baseline,C,False,False,0,False,C,C,,raw_self_translate
Qwen3 historical protected-v1 BNB + raw self-translate EN,benqa_12th-Biology-II_0325,A,generated_bn_priority_nonbaseline,fallback_baseline,C,False,False,0,False,C,C,,raw_self_translate
Qwen3 historical protected-v1 BNB + raw self-translate EN,benqa_12th-Biology-II_0325,A,generated_en_priority_nonbaseline,fallback_baseline,C,False,False,0,False,C,C,,raw_self_translate
Qwen3 historical protected-v1 BNB + raw self-translate EN,benqa_12th-Biology-I_0039,C,baseline,baseline,B,False,False,0,False,B,D,B,raw_self_translate
Qwen3 historical protected-v1 BNB + raw self-translate EN,benqa_12th-Biology-I_0039,C,strict_generated_agreement,fallback_baseline,B,False,False,0,False,B,D,B,raw_self_translate
Qwen3 historical protected-v1 BNB + raw self-translate EN,benqa_12th-Biology-I_0039,C,three_view_majority,banglish_en_majority,B,False,False,0,False,B,D,B,raw_self_translate
Qwen3 historical protected-v1 BNB + raw self-translate EN,benqa_12th-Biology-I_0039,C,generated_bn_only,use_generated_bn,D,False,False,0,True,B,D,B,raw_self_translate
Qwen3 historical protected-v1 BNB + raw self-translate EN,benqa_12th-Biology-I_0039,C,generated_en_only,use_generated_en,B,False,False,0,False,B,D,B,raw_self_translate
Qwen3 historical protected-v1 BNB + raw self-translate EN,benqa_12th-Biology-I_0039,C,generated_bn_if_baseline_empty,fallback_baseline,B,False,False,0,False,B,D,B,raw_self_translate
Qwen3 historical protected-v1 BNB + raw self-translate EN,benqa_12th-Biology-I_0039,C,generated_en_if_baseline_empty,fallback_baseline,B,False,False,0,False,B,D,B,raw_self_translate
Qwen3 historical protected-v1 BNB + raw self-translate EN,benqa_12th-Biology-I_0039,C,all_disagree_bn_tiebreak,fallback_baseline,B,False,False,0,False,B,D,B,raw_self_translate
Qwen3 historical protected-v1 BNB + raw self-translate EN,benqa_12th-Biology-I_0039,C,all_disagree_en_tiebreak,fallback_baseline,B,False,False,0,False,B,D,B,raw_self_translate
Qwen3 historical protected-v1 BNB + raw self-translate EN,benqa_12th-Biology-I_0039,C,generated_bn_priority_nonbaseline,bn_nonbaseline_priority,D,False,False,0,True,B,D,B,raw_self_translate
Qwen3 historical protected-v1 BNB + raw self-translate EN,benqa_12th-Biology-I_0039,C,generated_en_priority_nonbaseline,bn_nonbaseline_priority,D,False,False,0,True,B,D,B,raw_self_translate
Qwen3 historical protected-v1 BNB + raw self-translate EN,benqa_12th-Biology-I_0218,B,baseline,baseline,D,False,False,0,False,D,D,D,raw_self_translate
Qwen3 historical protected-v1 BNB + raw self-translate EN,benqa_12th-Biology-I_0218,B,strict_generated_agreement,fallback_baseline,D,False,False,0,False,D,D,D,raw_self_translate
Qwen3 historical protected-v1 BNB + raw self-translate EN,benqa_12th-Biology-I_0218,B,three_view_majority,banglish_bn_majority,D,False,False,0,False,D,D,D,raw_self_translate
Qwen3 historical protected-v1 BNB + raw self-translate EN,benqa_12th-Biology-I_0218,B,generated_bn_only,use_generated_bn,D,False,False,0,False,D,D,D,raw_self_translate
Qwen3 historical protected-v1 BNB + raw self-translate EN,benqa_12th-Biology-I_0218,B,generated_en_only,use_generated_en,D,False,False,0,False,D,D,D,raw_self_translate
Qwen3 historical protected-v1 BNB + raw self-translate EN,benqa_12th-Biology-I_0218,B,generated_bn_if_baseline_empty,fallback_baseline,D,False,False,0,False,D,D,D,raw_self_translate
Qwen3 historical protected-v1 BNB + raw self-translate EN,benqa_12th-Biology-I_0218,B,generated_en_if_baseline_empty,fallback_baseline,D,False,False,0,False,D,D,D,raw_self_translate
Qwen3 historical protected-v1 BNB + raw self-translate EN,benqa_12th-Biology-I_0218,B,all_disagree_bn_tiebreak,fallback_baseline,D,False,False,0,False,D,D,D,raw_self_translate
Qwen3 historical protected-v1 BNB + raw self-translate EN,benqa_12th-Biology-I_0218,B,all_disagree_en_tiebreak,fallback_baseline,D,False,False,0,False,D,D,D,raw_self_translate
Qwen3 historical protected-v1 BNB + raw self-translate EN,benqa_12th-Biology-I_0218,B,generated_bn_priority_nonbaseline,fallback_baseline,D,False,False,0,False,D,D,D,raw_self_translate
Qwen3 historical protected-v1 BNB + raw self-translate EN,benqa_12th-Biology-I_0218,B,generated_en_priority_nonbaseline,fallback_baseline,D,False,False,0,False,D,D,D,raw_self_translate
Qwen3 historical protected-v1 BNB + raw self-translate EN,benqa_12th-Biology-I_0265,A,baseline,baseline,D,False,False,0,False,D,C,D,raw_self_translate
Qwen3 historical protected-v1 BNB + raw self-translate EN,benqa_12th-Biology-I_0265,A,strict_generated_agreement,fallback_baseline,D,False,False,0,False,D,C,D,raw_self_translate
Qwen3 historical protected-v1 BNB + raw self-translate EN,benqa_12th-Biology-I_0265,A,three_view_majority,banglish_en_majority,D,False,False,0,False,D,C,D,raw_self_translate
Qwen3 historical protected-v1 BNB + raw self-translate EN,benqa_12th-Biology-I_0265,A,generated_bn_only,use_generated_bn,C,False,False,0,True,D,C,D,raw_self_translate
Qwen3 historical protected-v1 BNB + raw self-translate EN,benqa_12th-Biology-I_0265,A,generated_en_only,use_generated_en,D,False,False,0,False,D,C,D,raw_self_translate
Qwen3 historical protected-v1 BNB + raw self-translate EN,benqa_12th-Biology-I_0265,A,generated_bn_if_baseline_empty,fallback_baseline,D,False,False,0,False,D,C,D,raw_self_translate
Qwen3 historical protected-v1 BNB + raw self-translate EN,benqa_12th-Biology-I_0265,A,generated_en_if_baseline_empty,fallback_baseline,D,False,False,0,False,D,C,D,raw_self_translate
Qwen3 historical protected-v1 BNB + raw self-translate EN,benqa_12th-Biology-I_0265,A,all_disagree_bn_tiebreak,fallback_baseline,D,False,False,0,False,D,C,D,raw_self_translate
Qwen3 historical protected-v1 BNB + raw self-translate EN,benqa_12th-Biology-I_0265,A,all_disagree_en_tiebreak,fallback_baseline,D,False,False,0,False,D,C,D,raw_self_translate
Qwen3 historical protected-v1 BNB + raw self-translate EN,benqa_12th-Biology-I_0265,A,generated_bn_priority_nonbaseline,bn_nonbaseline_priority,C,False,False,0,True,D,C,D,raw_self_translate
Qwen3 historical protected-v1 BNB + raw self-translate EN,benqa_12th-Biology-I_0265,A,generated_en_priority_nonbaseline,bn_nonbaseline_priority,C,False,False,0,True,D,C,D,raw_self_translate
Qwen3 historical protected-v1 BNB + raw self-translate EN,benqa_12th-Chemistry-II_0054,A,baseline,baseline,C,False,False,0,False,C,C,C,raw_self_translate
Qwen3 historical protected-v1 BNB + raw self-translate EN,benqa_12th-Chemistry-II_0054,A,strict_generated_agreement,fallback_baseline,C,False,False,0,False,C,C,C,raw_self_translate
Qwen3 historical protected-v1 BNB + raw self-translate EN,benqa_12th-Chemistry-II_0054,A,three_view_majority,banglish_bn_majority,C,False,False,0,False,C,C,C,raw_self_translate
Qwen3 historical protected-v1 BNB + raw self-translate EN,benqa_12th-Chemistry-II_0054,A,generated_bn_only,use_generated_bn,C,False,False,0,False,C,C,C,raw_self_translate
Qwen3 historical protected-v1 BNB + raw self-translate EN,benqa_12th-Chemistry-II_0054,A,generated_en_only,use_generated_en,C,False,False,0,False,C,C,C,raw_self_translate
Qwen3 historical protected-v1 BNB + raw self-translate EN,benqa_12th-Chemistry-II_0054,A,generated_bn_if_baseline_empty,fallback_baseline,C,False,False,0,False,C,C,C,raw_self_translate
Qwen3 historical protected-v1 BNB + raw self-translate EN,benqa_12th-Chemistry-II_0054,A,generated_en_if_baseline_empty,fallback_baseline,C,False,False,0,False,C,C,C,raw_self_translate
Qwen3 historical protected-v1 BNB + raw self-translate EN,benqa_12th-Chemistry-II_0054,A,all_disagree_bn_tiebreak,fallback_baseline,C,False,False,0,False,C,C,C,raw_self_translate
Qwen3 historical protected-v1 BNB + raw self-translate EN,benqa_12th-Chemistry-II_0054,A,all_disagree_en_tiebreak,fallback_baseline,C,False,False,0,False,C,C,C,raw_self_translate
Qwen3 historical protected-v1 BNB + raw self-translate EN,benqa_12th-Chemistry-II_0054,A,generated_bn_priority_nonbaseline,fallback_baseline,C,False,False,0,False,C,C,C,raw_self_translate
Qwen3 historical protected-v1 BNB + raw self-translate EN,benqa_12th-Chemistry-II_0054,A,generated_en_priority_nonbaseline,fallback_baseline,C,False,False,0,False,C,C,C,raw_self_translate
Qwen3 historical protected-v1 BNB + raw self-translate EN,benqa_12th-Chemistry-II_0240,B,baseline,baseline,C,False,False,0,False,C,B,A,raw_self_translate
Qwen3 historical protected-v1 BNB + raw self-translate EN,benqa_12th-Chemistry-II_0240,B,strict_generated_agreement,fallback_baseline,C,False,False,0,False,C,B,A,raw_self_translate
Qwen3 historical protected-v1 BNB + raw self-translate EN,benqa_12th-Chemistry-II_0240,B,three_view_majority,fallback_baseline,C,False,False,0,False,C,B,A,raw_self_translate
Qwen3 historical protected-v1 BNB + raw self-translate EN,benqa_12th-Chemistry-II_0240,B,generated_bn_only,use_generated_bn,B,True,False,1,True,C,B,A,raw_self_translate
Qwen3 historical protected-v1 BNB + raw self-translate EN,benqa_12th-Chemistry-II_0240,B,generated_en_only,use_generated_en,A,False,False,0,True,C,B,A,raw_self_translate
Qwen3 historical protected-v1 BNB + raw self-translate EN,benqa_12th-Chemistry-II_0240,B,generated_bn_if_baseline_empty,fallback_baseline,C,False,False,0,False,C,B,A,raw_self_translate
Qwen3 historical protected-v1 BNB + raw self-translate EN,benqa_12th-Chemistry-II_0240,B,generated_en_if_baseline_empty,fallback_baseline,C,False,False,0,False,C,B,A,raw_self_translate
Qwen3 historical protected-v1 BNB + raw self-translate EN,benqa_12th-Chemistry-II_0240,B,all_disagree_bn_tiebreak,all_disagree_use_bn,B,True,False,1,True,C,B,A,raw_self_translate
Qwen3 historical protected-v1 BNB + raw self-translate EN,benqa_12th-Chemistry-II_0240,B,all_disagree_en_tiebreak,all_disagree_use_en,A,False,False,0,True,C,B,A,raw_self_translate
Qwen3 historical protected-v1 BNB + raw self-translate EN,benqa_12th-Chemistry-II_0240,B,generated_bn_priority_nonbaseline,bn_nonbaseline_priority,B,True,False,1,True,C,B,A,raw_self_translate
Qwen3 historical protected-v1 BNB + raw self-translate EN,benqa_12th-Chemistry-II_0240,B,generated_en_priority_nonbaseline,en_nonbaseline_priority,A,False,False,0,True,C,B,A,raw_self_translate
Qwen3 historical protected-v1 BNB + raw self-translate EN,benqa_12th-Chemistry-II_0305,D,baseline,baseline,D,True,True,0,False,D,D,,raw_self_translate
Qwen3 historical protected-v1 BNB + raw self-translate EN,benqa_12th-Chemistry-II_0305,D,strict_generated_agreement,fallback_baseline,D,True,True,0,False,D,D,,raw_self_translate
Qwen3 historical protected-v1 BNB + raw self-translate EN,benqa_12th-Chemistry-II_0305,D,three_view_majority,banglish_bn_majority,D,True,True,0,False,D,D,,raw_self_translate
Qwen3 historical protected-v1 BNB + raw self-translate EN,benqa_12th-Chemistry-II_0305,D,generated_bn_only,use_generated_bn,D,True,True,0,False,D,D,,raw_self_translate
Qwen3 historical protected-v1 BNB + raw self-translate EN,benqa_12th-Chemistry-II_0305,D,generated_en_only,fallback_baseline,D,True,True,0,False,D,D,,raw_self_translate
Qwen3 historical protected-v1 BNB + raw self-translate EN,benqa_12th-Chemistry-II_0305,D,generated_bn_if_baseline_empty,fallback_baseline,D,True,True,0,False,D,D,,raw_self_translate
Qwen3 historical protected-v1 BNB + raw self-translate EN,benqa_12th-Chemistry-II_0305,D,generated_en_if_baseline_empty,fallback_baseline,D,True,True,0,False,D,D,,raw_self_translate
Qwen3 historical protected-v1 BNB + raw self-translate EN,benqa_12th-Chemistry-II_0305,D,all_disagree_bn_tiebreak,fallback_baseline,D,True,True,0,False,D,D,,raw_self_translate
Qwen3 historical protected-v1 BNB + raw self-translate EN,benqa_12th-Chemistry-II_0305,D,all_disagree_en_tiebreak,fallback_baseline,D,True,True,0,False,D,D,,raw_self_translate
Qwen3 historical protected-v1 BNB + raw self-translate EN,benqa_12th-Chemistry-II_0305,D,generated_bn_priority_nonbaseline,fallback_baseline,D,True,True,0,False,D,D,,raw_self_translate
Qwen3 historical protected-v1 BNB + raw self-translate EN,benqa_12th-Chemistry-II_0305,D,generated_en_priority_nonbaseline,fallback_baseline,D,True,True,0,False,D,D,,raw_self_translate
Qwen3 historical protected-v1 BNB + raw self-translate EN,benqa_12th-Chemistry-I_0140,D,baseline,baseline,D,True,True,0,False,D,C,D,raw_self_translate
Qwen3 historical protected-v1 BNB + raw self-translate EN,benqa_12th-Chemistry-I_0140,D,strict_generated_agreement,fallback_baseline,D,True,True,0,False,D,C,D,raw_self_translate
Qwen3 historical protected-v1 BNB + raw self-translate EN,benqa_12th-Chemistry-I_0140,D,three_view_majority,banglish_en_majority,D,True,True,0,False,D,C,D,raw_self_translate
Qwen3 historical protected-v1 BNB + raw self-translate EN,benqa_12th-Chemistry-I_0140,D,generated_bn_only,use_generated_bn,C,False,True,-1,True,D,C,D,raw_self_translate
Qwen3 historical protected-v1 BNB + raw self-translate EN,benqa_12th-Chemistry-I_0140,D,generated_en_only,use_generated_en,D,True,True,0,False,D,C,D,raw_self_translate
Qwen3 historical protected-v1 BNB + raw self-translate EN,benqa_12th-Chemistry-I_0140,D,generated_bn_if_baseline_empty,fallback_baseline,D,True,True,0,False,D,C,D,raw_self_translate
Qwen3 historical protected-v1 BNB + raw self-translate EN,benqa_12th-Chemistry-I_0140,D,generated_en_if_baseline_empty,fallback_baseline,D,True,True,0,False,D,C,D,raw_self_translate
Qwen3 historical protected-v1 BNB + raw self-translate EN,benqa_12th-Chemistry-I_0140,D,all_disagree_bn_tiebreak,fallback_baseline,D,True,True,0,False,D,C,D,raw_self_translate
Qwen3 historical protected-v1 BNB + raw self-translate EN,benqa_12th-Chemistry-I_0140,D,all_disagree_en_tiebreak,fallback_baseline,D,True,True,0,False,D,C,D,raw_self_translate
Qwen3 historical protected-v1 BNB + raw self-translate EN,benqa_12th-Chemistry-I_0140,D,generated_bn_priority_nonbaseline,bn_nonbaseline_priority,C,False,True,-1,True,D,C,D,raw_self_translate
Qwen3 historical protected-v1 BNB + raw self-translate EN,benqa_12th-Chemistry-I_0140,D,generated_en_priority_nonbaseline,bn_nonbaseline_priority,C,False,True,-1,True,D,C,D,raw_self_translate
Qwen3 historical protected-v1 BNB + raw self-translate EN,benqa_12th-Chemistry-I_0190,B,baseline,baseline,D,False,False,0,False,D,D,D,raw_self_translate
Qwen3 historical protected-v1 BNB + raw self-translate EN,benqa_12th-Chemistry-I_0190,B,strict_generated_agreement,fallback_baseline,D,False,False,0,False,D,D,D,raw_self_translate
Qwen3 historical protected-v1 BNB + raw self-translate EN,benqa_12th-Chemistry-I_0190,B,three_view_majority,banglish_bn_majority,D,False,False,0,False,D,D,D,raw_self_translate
Qwen3 historical protected-v1 BNB + raw self-translate EN,benqa_12th-Chemistry-I_0190,B,generated_bn_only,use_generated_bn,D,False,False,0,False,D,D,D,raw_self_translate
Qwen3 historical protected-v1 BNB + raw self-translate EN,benqa_12th-Chemistry-I_0190,B,generated_en_only,use_generated_en,D,False,False,0,False,D,D,D,raw_self_translate
Qwen3 historical protected-v1 BNB + raw self-translate EN,benqa_12th-Chemistry-I_0190,B,generated_bn_if_baseline_empty,fallback_baseline,D,False,False,0,False,D,D,D,raw_self_translate
Qwen3 historical protected-v1 BNB + raw self-translate EN,benqa_12th-Chemistry-I_0190,B,generated_en_if_baseline_empty,fallback_baseline,D,False,False,0,False,D,D,D,raw_self_translate
Qwen3 historical protected-v1 BNB + raw self-translate EN,benqa_12th-Chemistry-I_0190,B,all_disagree_bn_tiebreak,fallback_baseline,D,False,False,0,False,D,D,D,raw_self_translate
Qwen3 historical protected-v1 BNB + raw self-translate EN,benqa_12th-Chemistry-I_0190,B,all_disagree_en_tiebreak,fallback_baseline,D,False,False,0,False,D,D,D,raw_self_translate
Qwen3 historical protected-v1 BNB + raw self-translate EN,benqa_12th-Chemistry-I_0190,B,generated_bn_priority_nonbaseline,fallback_baseline,D,False,False,0,False,D,D,D,raw_self_translate
Qwen3 historical protected-v1 BNB + raw self-translate EN,benqa_12th-Chemistry-I_0190,B,generated_en_priority_nonbaseline,fallback_baseline,D,False,False,0,False,D,D,D,raw_self_translate
Qwen3 historical protected-v1 BNB + raw self-translate EN,benqa_12th-Chemistry-I_0303,D,baseline,baseline,D,True,True,0,False,D,D,D,raw_self_translate
Qwen3 historical protected-v1 BNB + raw self-translate EN,benqa_12th-Chemistry-I_0303,D,strict_generated_agreement,fallback_baseline,D,True,True,0,False,D,D,D,raw_self_translate
Qwen3 historical protected-v1 BNB + raw self-translate EN,benqa_12th-Chemistry-I_0303,D,three_view_majority,banglish_bn_majority,D,True,True,0,False,D,D,D,raw_self_translate
Qwen3 historical protected-v1 BNB + raw self-translate EN,benqa_12th-Chemistry-I_0303,D,generated_bn_only,use_generated_bn,D,True,True,0,False,D,D,D,raw_self_translate
Qwen3 historical protected-v1 BNB + raw self-translate EN,benqa_12th-Chemistry-I_0303,D,generated_en_only,use_generated_en,D,True,True,0,False,D,D,D,raw_self_translate
Qwen3 historical protected-v1 BNB + raw self-translate EN,benqa_12th-Chemistry-I_0303,D,generated_bn_if_baseline_empty,fallback_baseline,D,True,True,0,False,D,D,D,raw_self_translate
Qwen3 historical protected-v1 BNB + raw self-translate EN,benqa_12th-Chemistry-I_0303,D,generated_en_if_baseline_empty,fallback_baseline,D,True,True,0,False,D,D,D,raw_self_translate
Qwen3 historical protected-v1 BNB + raw self-translate EN,benqa_12th-Chemistry-I_0303,D,all_disagree_bn_tiebreak,fallback_baseline,D,True,True,0,False,D,D,D,raw_self_translate
Qwen3 historical protected-v1 BNB + raw self-translate EN,benqa_12th-Chemistry-I_0303,D,all_disagree_en_tiebreak,fallback_baseline,D,True,True,0,False,D,D,D,raw_self_translate
Qwen3 historical protected-v1 BNB + raw self-translate EN,benqa_12th-Chemistry-I_0303,D,generated_bn_priority_nonbaseline,fallback_baseline,D,True,True,0,False,D,D,D,raw_self_translate
Qwen3 historical protected-v1 BNB + raw self-translate EN,benqa_12th-Chemistry-I_0303,D,generated_en_priority_nonbaseline,fallback_baseline,D,True,True,0,False,D,D,D,raw_self_translate
Qwen3 historical protected-v1 BNB + raw self-translate EN,benqa_12th-Math-II_0230,D,baseline,baseline,D,True,True,0,False,D,D,,raw_self_translate
Qwen3 historical protected-v1 BNB + raw self-translate EN,benqa_12th-Math-II_0230,D,strict_generated_agreement,fallback_baseline,D,True,True,0,False,D,D,,raw_self_translate
Qwen3 historical protected-v1 BNB + raw self-translate EN,benqa_12th-Math-II_0230,D,three_view_majority,banglish_bn_majority,D,True,True,0,False,D,D,,raw_self_translate
Qwen3 historical protected-v1 BNB + raw self-translate EN,benqa_12th-Math-II_0230,D,generated_bn_only,use_generated_bn,D,True,True,0,False,D,D,,raw_self_translate
Qwen3 historical protected-v1 BNB + raw self-translate EN,benqa_12th-Math-II_0230,D,generated_en_only,fallback_baseline,D,True,True,0,False,D,D,,raw_self_translate
Qwen3 historical protected-v1 BNB + raw self-translate EN,benqa_12th-Math-II_0230,D,generated_bn_if_baseline_empty,fallback_baseline,D,True,True,0,False,D,D,,raw_self_translate
Qwen3 historical protected-v1 BNB + raw self-translate EN,benqa_12th-Math-II_0230,D,generated_en_if_baseline_empty,fallback_baseline,D,True,True,0,False,D,D,,raw_self_translate
Qwen3 historical protected-v1 BNB + raw self-translate EN,benqa_12th-Math-II_0230,D,all_disagree_bn_tiebreak,fallback_baseline,D,True,True,0,False,D,D,,raw_self_translate
Qwen3 historical protected-v1 BNB + raw self-translate EN,benqa_12th-Math-II_0230,D,all_disagree_en_tiebreak,fallback_baseline,D,True,True,0,False,D,D,,raw_self_translate
Qwen3 historical protected-v1 BNB + raw self-translate EN,benqa_12th-Math-II_0230,D,generated_bn_priority_nonbaseline,fallback_baseline,D,True,True,0,False,D,D,,raw_self_translate
Qwen3 historical protected-v1 BNB + raw self-translate EN,benqa_12th-Math-II_0230,D,generated_en_priority_nonbaseline,fallback_baseline,D,True,True,0,False,D,D,,raw_self_translate
Qwen3 historical protected-v1 BNB + raw self-translate EN,benqa_12th-Math-II_0234,A,baseline,baseline,,False,False,0,False,,A,,raw_self_translate
Qwen3 historical protected-v1 BNB + raw self-translate EN,benqa_12th-Math-II_0234,A,strict_generated_agreement,fallback_baseline,,False,False,0,False,,A,,raw_self_translate
Qwen3 historical protected-v1 BNB + raw self-translate EN,benqa_12th-Math-II_0234,A,three_view_majority,fallback_baseline,,False,False,0,False,,A,,raw_self_translate
Qwen3 historical protected-v1 BNB + raw self-translate EN,benqa_12th-Math-II_0234,A,generated_bn_only,use_generated_bn,A,True,False,1,True,,A,,raw_self_translate
Qwen3 historical protected-v1 BNB + raw self-translate EN,benqa_12th-Math-II_0234,A,generated_en_only,fallback_baseline,,False,False,0,False,,A,,raw_self_translate
Qwen3 historical protected-v1 BNB + raw self-translate EN,benqa_12th-Math-II_0234,A,generated_bn_if_baseline_empty,baseline_empty_use_bn,A,True,False,1,True,,A,,raw_self_translate
Qwen3 historical protected-v1 BNB + raw self-translate EN,benqa_12th-Math-II_0234,A,generated_en_if_baseline_empty,fallback_baseline,,False,False,0,False,,A,,raw_self_translate
Qwen3 historical protected-v1 BNB + raw self-translate EN,benqa_12th-Math-II_0234,A,all_disagree_bn_tiebreak,fallback_baseline,,False,False,0,False,,A,,raw_self_translate
Qwen3 historical protected-v1 BNB + raw self-translate EN,benqa_12th-Math-II_0234,A,all_disagree_en_tiebreak,fallback_baseline,,False,False,0,False,,A,,raw_self_translate
Qwen3 historical protected-v1 BNB + raw self-translate EN,benqa_12th-Math-II_0234,A,generated_bn_priority_nonbaseline,bn_nonbaseline_priority,A,True,False,1,True,,A,,raw_self_translate
Qwen3 historical protected-v1 BNB + raw self-translate EN,benqa_12th-Math-II_0234,A,generated_en_priority_nonbaseline,bn_nonbaseline_priority,A,True,False,1,True,,A,,raw_self_translate
Qwen3 historical protected-v1 BNB + raw self-translate EN,benqa_12th-Math-I_0088,C,baseline,baseline,D,False,False,0,False,D,D,D,raw_self_translate
Qwen3 historical protected-v1 BNB + raw self-translate EN,benqa_12th-Math-I_0088,C,strict_generated_agreement,fallback_baseline,D,False,False,0,False,D,D,D,raw_self_translate
Qwen3 historical protected-v1 BNB + raw self-translate EN,benqa_12th-Math-I_0088,C,three_view_majority,banglish_bn_majority,D,False,False,0,False,D,D,D,raw_self_translate
Qwen3 historical protected-v1 BNB + raw self-translate EN,benqa_12th-Math-I_0088,C,generated_bn_only,use_generated_bn,D,False,False,0,False,D,D,D,raw_self_translate
Qwen3 historical protected-v1 BNB + raw self-translate EN,benqa_12th-Math-I_0088,C,generated_en_only,use_generated_en,D,False,False,0,False,D,D,D,raw_self_translate
Qwen3 historical protected-v1 BNB + raw self-translate EN,benqa_12th-Math-I_0088,C,generated_bn_if_baseline_empty,fallback_baseline,D,False,False,0,False,D,D,D,raw_self_translate
Qwen3 historical protected-v1 BNB + raw self-translate EN,benqa_12th-Math-I_0088,C,generated_en_if_baseline_empty,fallback_baseline,D,False,False,0,False,D,D,D,raw_self_translate
Qwen3 historical protected-v1 BNB + raw self-translate EN,benqa_12th-Math-I_0088,C,all_disagree_bn_tiebreak,fallback_baseline,D,False,False,0,False,D,D,D,raw_self_translate
Qwen3 historical protected-v1 BNB + raw self-translate EN,benqa_12th-Math-I_0088,C,all_disagree_en_tiebreak,fallback_baseline,D,False,False,0,False,D,D,D,raw_self_translate
Qwen3 historical protected-v1 BNB + raw self-translate EN,benqa_12th-Math-I_0088,C,generated_bn_priority_nonbaseline,fallback_baseline,D,False,False,0,False,D,D,D,raw_self_translate
Qwen3 historical protected-v1 BNB + raw self-translate EN,benqa_12th-Math-I_0088,C,generated_en_priority_nonbaseline,fallback_baseline,D,False,False,0,False,D,D,D,raw_self_translate
Qwen3 historical protected-v1 BNB + raw self-translate EN,benqa_12th-Math-I_0120,D,baseline,baseline,D,True,True,0,False,D,D,C,raw_self_translate
Qwen3 historical protected-v1 BNB + raw self-translate EN,benqa_12th-Math-I_0120,D,strict_generated_agreement,fallback_baseline,D,True,True,0,False,D,D,C,raw_self_translate
Qwen3 historical protected-v1 BNB + raw self-translate EN,benqa_12th-Math-I_0120,D,three_view_majority,banglish_bn_majority,D,True,True,0,False,D,D,C,raw_self_translate
Qwen3 historical protected-v1 BNB + raw self-translate EN,benqa_12th-Math-I_0120,D,generated_bn_only,use_generated_bn,D,True,True,0,False,D,D,C,raw_self_translate
Qwen3 historical protected-v1 BNB + raw self-translate EN,benqa_12th-Math-I_0120,D,generated_en_only,use_generated_en,C,False,True,-1,True,D,D,C,raw_self_translate
Qwen3 historical protected-v1 BNB + raw self-translate EN,benqa_12th-Math-I_0120,D,generated_bn_if_baseline_empty,fallback_baseline,D,True,True,0,False,D,D,C,raw_self_translate
Qwen3 historical protected-v1 BNB + raw self-translate EN,benqa_12th-Math-I_0120,D,generated_en_if_baseline_empty,fallback_baseline,D,True,True,0,False,D,D,C,raw_self_translate
Qwen3 historical protected-v1 BNB + raw self-translate EN,benqa_12th-Math-I_0120,D,all_disagree_bn_tiebreak,fallback_baseline,D,True,True,0,False,D,D,C,raw_self_translate
Qwen3 historical protected-v1 BNB + raw self-translate EN,benqa_12th-Math-I_0120,D,all_disagree_en_tiebreak,fallback_baseline,D,True,True,0,False,D,D,C,raw_self_translate
Qwen3 historical protected-v1 BNB + raw self-translate EN,benqa_12th-Math-I_0120,D,generated_bn_priority_nonbaseline,en_nonbaseline_priority,C,False,True,-1,True,D,D,C,raw_self_translate
Qwen3 historical protected-v1 BNB + raw self-translate EN,benqa_12th-Math-I_0120,D,generated_en_priority_nonbaseline,en_nonbaseline_priority,C,False,True,-1,True,D,D,C,raw_self_translate
Qwen3 historical protected-v1 BNB + raw self-translate EN,benqa_12th-Math-I_0202,B,baseline,baseline,B,True,True,0,False,B,B,,raw_self_translate
Qwen3 historical protected-v1 BNB + raw self-translate EN,benqa_12th-Math-I_0202,B,strict_generated_agreement,fallback_baseline,B,True,True,0,False,B,B,,raw_self_translate
Qwen3 historical protected-v1 BNB + raw self-translate EN,benqa_12th-Math-I_0202,B,three_view_majority,banglish_bn_majority,B,True,True,0,False,B,B,,raw_self_translate
Qwen3 historical protected-v1 BNB + raw self-translate EN,benqa_12th-Math-I_0202,B,generated_bn_only,use_generated_bn,B,True,True,0,False,B,B,,raw_self_translate
Qwen3 historical protected-v1 BNB + raw self-translate EN,benqa_12th-Math-I_0202,B,generated_en_only,fallback_baseline,B,True,True,0,False,B,B,,raw_self_translate
Qwen3 historical protected-v1 BNB + raw self-translate EN,benqa_12th-Math-I_0202,B,generated_bn_if_baseline_empty,fallback_baseline,B,True,True,0,False,B,B,,raw_self_translate
Qwen3 historical protected-v1 BNB + raw self-translate EN,benqa_12th-Math-I_0202,B,generated_en_if_baseline_empty,fallback_baseline,B,True,True,0,False,B,B,,raw_self_translate
Qwen3 historical protected-v1 BNB + raw self-translate EN,benqa_12th-Math-I_0202,B,all_disagree_bn_tiebreak,fallback_baseline,B,True,True,0,False,B,B,,raw_self_translate
Qwen3 historical protected-v1 BNB + raw self-translate EN,benqa_12th-Math-I_0202,B,all_disagree_en_tiebreak,fallback_baseline,B,True,True,0,False,B,B,,raw_self_translate
Qwen3 historical protected-v1 BNB + raw self-translate EN,benqa_12th-Math-I_0202,B,generated_bn_priority_nonbaseline,fallback_baseline,B,True,True,0,False,B,B,,raw_self_translate
Qwen3 historical protected-v1 BNB + raw self-translate EN,benqa_12th-Math-I_0202,B,generated_en_priority_nonbaseline,fallback_baseline,B,True,True,0,False,B,B,,raw_self_translate
Qwen3 historical protected-v1 BNB + raw self-translate EN,benqa_12th-Physics-II_0088,A,baseline,baseline,D,False,False,0,False,D,D,,raw_self_translate
Qwen3 historical protected-v1 BNB + raw self-translate EN,benqa_12th-Physics-II_0088,A,strict_generated_agreement,fallback_baseline,D,False,False,0,False,D,D,,raw_self_translate
Qwen3 historical protected-v1 BNB + raw self-translate EN,benqa_12th-Physics-II_0088,A,three_view_majority,banglish_bn_majority,D,False,False,0,False,D,D,,raw_self_translate
Qwen3 historical protected-v1 BNB + raw self-translate EN,benqa_12th-Physics-II_0088,A,generated_bn_only,use_generated_bn,D,False,False,0,False,D,D,,raw_self_translate
Qwen3 historical protected-v1 BNB + raw self-translate EN,benqa_12th-Physics-II_0088,A,generated_en_only,fallback_baseline,D,False,False,0,False,D,D,,raw_self_translate
Qwen3 historical protected-v1 BNB + raw self-translate EN,benqa_12th-Physics-II_0088,A,generated_bn_if_baseline_empty,fallback_baseline,D,False,False,0,False,D,D,,raw_self_translate
Qwen3 historical protected-v1 BNB + raw self-translate EN,benqa_12th-Physics-II_0088,A,generated_en_if_baseline_empty,fallback_baseline,D,False,False,0,False,D,D,,raw_self_translate
Qwen3 historical protected-v1 BNB + raw self-translate EN,benqa_12th-Physics-II_0088,A,all_disagree_bn_tiebreak,fallback_baseline,D,False,False,0,False,D,D,,raw_self_translate
Qwen3 historical protected-v1 BNB + raw self-translate EN,benqa_12th-Physics-II_0088,A,all_disagree_en_tiebreak,fallback_baseline,D,False,False,0,False,D,D,,raw_self_translate
Qwen3 historical protected-v1 BNB + raw self-translate EN,benqa_12th-Physics-II_0088,A,generated_bn_priority_nonbaseline,fallback_baseline,D,False,False,0,False,D,D,,raw_self_translate
Qwen3 historical protected-v1 BNB + raw self-translate EN,benqa_12th-Physics-II_0088,A,generated_en_priority_nonbaseline,fallback_baseline,D,False,False,0,False,D,D,,raw_self_translate
Qwen3 historical protected-v1 BNB + raw self-translate EN,benqa_12th-Physics-II_0131,B,baseline,baseline,D,False,False,0,False,D,D,D,raw_self_translate
Qwen3 historical protected-v1 BNB + raw self-translate EN,benqa_12th-Physics-II_0131,B,strict_generated_agreement,fallback_baseline,D,False,False,0,False,D,D,D,raw_self_translate
Qwen3 historical protected-v1 BNB + raw self-translate EN,benqa_12th-Physics-II_0131,B,three_view_majority,banglish_bn_majority,D,False,False,0,False,D,D,D,raw_self_translate
Qwen3 historical protected-v1 BNB + raw self-translate EN,benqa_12th-Physics-II_0131,B,generated_bn_only,use_generated_bn,D,False,False,0,False,D,D,D,raw_self_translate
Qwen3 historical protected-v1 BNB + raw self-translate EN,benqa_12th-Physics-II_0131,B,generated_en_only,use_generated_en,D,False,False,0,False,D,D,D,raw_self_translate
Qwen3 historical protected-v1 BNB + raw self-translate EN,benqa_12th-Physics-II_0131,B,generated_bn_if_baseline_empty,fallback_baseline,D,False,False,0,False,D,D,D,raw_self_translate
Qwen3 historical protected-v1 BNB + raw self-translate EN,benqa_12th-Physics-II_0131,B,generated_en_if_baseline_empty,fallback_baseline,D,False,False,0,False,D,D,D,raw_self_translate
Qwen3 historical protected-v1 BNB + raw self-translate EN,benqa_12th-Physics-II_0131,B,all_disagree_bn_tiebreak,fallback_baseline,D,False,False,0,False,D,D,D,raw_self_translate
Qwen3 historical protected-v1 BNB + raw self-translate EN,benqa_12th-Physics-II_0131,B,all_disagree_en_tiebreak,fallback_baseline,D,False,False,0,False,D,D,D,raw_self_translate
Qwen3 historical protected-v1 BNB + raw self-translate EN,benqa_12th-Physics-II_0131,B,generated_bn_priority_nonbaseline,fallback_baseline,D,False,False,0,False,D,D,D,raw_self_translate
Qwen3 historical protected-v1 BNB + raw self-translate EN,benqa_12th-Physics-II_0131,B,generated_en_priority_nonbaseline,fallback_baseline,D,False,False,0,False,D,D,D,raw_self_translate
Qwen3 historical protected-v1 BNB + raw self-translate EN,benqa_12th-Physics-I_0106,D,baseline,baseline,D,True,True,0,False,D,D,C,raw_self_translate
Qwen3 historical protected-v1 BNB + raw self-translate EN,benqa_12th-Physics-I_0106,D,strict_generated_agreement,fallback_baseline,D,True,True,0,False,D,D,C,raw_self_translate
Qwen3 historical protected-v1 BNB + raw self-translate EN,benqa_12th-Physics-I_0106,D,three_view_majority,banglish_bn_majority,D,True,True,0,False,D,D,C,raw_self_translate
Qwen3 historical protected-v1 BNB + raw self-translate EN,benqa_12th-Physics-I_0106,D,generated_bn_only,use_generated_bn,D,True,True,0,False,D,D,C,raw_self_translate
Qwen3 historical protected-v1 BNB + raw self-translate EN,benqa_12th-Physics-I_0106,D,generated_en_only,use_generated_en,C,False,True,-1,True,D,D,C,raw_self_translate
Qwen3 historical protected-v1 BNB + raw self-translate EN,benqa_12th-Physics-I_0106,D,generated_bn_if_baseline_empty,fallback_baseline,D,True,True,0,False,D,D,C,raw_self_translate
Qwen3 historical protected-v1 BNB + raw self-translate EN,benqa_12th-Physics-I_0106,D,generated_en_if_baseline_empty,fallback_baseline,D,True,True,0,False,D,D,C,raw_self_translate
Qwen3 historical protected-v1 BNB + raw self-translate EN,benqa_12th-Physics-I_0106,D,all_disagree_bn_tiebreak,fallback_baseline,D,True,True,0,False,D,D,C,raw_self_translate
Qwen3 historical protected-v1 BNB + raw self-translate EN,benqa_12th-Physics-I_0106,D,all_disagree_en_tiebreak,fallback_baseline,D,True,True,0,False,D,D,C,raw_self_translate
Qwen3 historical protected-v1 BNB + raw self-translate EN,benqa_12th-Physics-I_0106,D,generated_bn_priority_nonbaseline,en_nonbaseline_priority,C,False,True,-1,True,D,D,C,raw_self_translate
Qwen3 historical protected-v1 BNB + raw self-translate EN,benqa_12th-Physics-I_0106,D,generated_en_priority_nonbaseline,en_nonbaseline_priority,C,False,True,-1,True,D,D,C,raw_self_translate
Qwen3 historical protected-v1 BNB + raw self-translate EN,benqa_12th-Physics-I_0109,C,baseline,baseline,D,False,False,0,False,D,D,D,raw_self_translate
Qwen3 historical protected-v1 BNB + raw self-translate EN,benqa_12th-Physics-I_0109,C,strict_generated_agreement,fallback_baseline,D,False,False,0,False,D,D,D,raw_self_translate
Qwen3 historical protected-v1 BNB + raw self-translate EN,benqa_12th-Physics-I_0109,C,three_view_majority,banglish_bn_majority,D,False,False,0,False,D,D,D,raw_self_translate
Qwen3 historical protected-v1 BNB + raw self-translate EN,benqa_12th-Physics-I_0109,C,generated_bn_only,use_generated_bn,D,False,False,0,False,D,D,D,raw_self_translate
Qwen3 historical protected-v1 BNB + raw self-translate EN,benqa_12th-Physics-I_0109,C,generated_en_only,use_generated_en,D,False,False,0,False,D,D,D,raw_self_translate
Qwen3 historical protected-v1 BNB + raw self-translate EN,benqa_12th-Physics-I_0109,C,generated_bn_if_baseline_empty,fallback_baseline,D,False,False,0,False,D,D,D,raw_self_translate
Qwen3 historical protected-v1 BNB + raw self-translate EN,benqa_12th-Physics-I_0109,C,generated_en_if_baseline_empty,fallback_baseline,D,False,False,0,False,D,D,D,raw_self_translate
Qwen3 historical protected-v1 BNB + raw self-translate EN,benqa_12th-Physics-I_0109,C,all_disagree_bn_tiebreak,fallback_baseline,D,False,False,0,False,D,D,D,raw_self_translate
Qwen3 historical protected-v1 BNB + raw self-translate EN,benqa_12th-Physics-I_0109,C,all_disagree_en_tiebreak,fallback_baseline,D,False,False,0,False,D,D,D,raw_self_translate
Qwen3 historical protected-v1 BNB + raw self-translate EN,benqa_12th-Physics-I_0109,C,generated_bn_priority_nonbaseline,fallback_baseline,D,False,False,0,False,D,D,D,raw_self_translate
Qwen3 historical protected-v1 BNB + raw self-translate EN,benqa_12th-Physics-I_0109,C,generated_en_priority_nonbaseline,fallback_baseline,D,False,False,0,False,D,D,D,raw_self_translate
Qwen3 historical protected-v1 BNB + raw self-translate EN,benqa_8th-Math_0031,D,baseline,baseline,D,True,True,0,False,D,D,D,raw_self_translate
Qwen3 historical protected-v1 BNB + raw self-translate EN,benqa_8th-Math_0031,D,strict_generated_agreement,fallback_baseline,D,True,True,0,False,D,D,D,raw_self_translate
Qwen3 historical protected-v1 BNB + raw self-translate EN,benqa_8th-Math_0031,D,three_view_majority,banglish_bn_majority,D,True,True,0,False,D,D,D,raw_self_translate
Qwen3 historical protected-v1 BNB + raw self-translate EN,benqa_8th-Math_0031,D,generated_bn_only,use_generated_bn,D,True,True,0,False,D,D,D,raw_self_translate
Qwen3 historical protected-v1 BNB + raw self-translate EN,benqa_8th-Math_0031,D,generated_en_only,use_generated_en,D,True,True,0,False,D,D,D,raw_self_translate
Qwen3 historical protected-v1 BNB + raw self-translate EN,benqa_8th-Math_0031,D,generated_bn_if_baseline_empty,fallback_baseline,D,True,True,0,False,D,D,D,raw_self_translate
Qwen3 historical protected-v1 BNB + raw self-translate EN,benqa_8th-Math_0031,D,generated_en_if_baseline_empty,fallback_baseline,D,True,True,0,False,D,D,D,raw_self_translate
Qwen3 historical protected-v1 BNB + raw self-translate EN,benqa_8th-Math_0031,D,all_disagree_bn_tiebreak,fallback_baseline,D,True,True,0,False,D,D,D,raw_self_translate
Qwen3 historical protected-v1 BNB + raw self-translate EN,benqa_8th-Math_0031,D,all_disagree_en_tiebreak,fallback_baseline,D,True,True,0,False,D,D,D,raw_self_translate
Qwen3 historical protected-v1 BNB + raw self-translate EN,benqa_8th-Math_0031,D,generated_bn_priority_nonbaseline,fallback_baseline,D,True,True,0,False,D,D,D,raw_self_translate
Qwen3 historical protected-v1 BNB + raw self-translate EN,benqa_8th-Math_0031,D,generated_en_priority_nonbaseline,fallback_baseline,D,True,True,0,False,D,D,D,raw_self_translate
Qwen3 historical protected-v1 BNB + raw self-translate EN,benqa_8th-Math_0085,C,baseline,baseline,D,False,False,0,False,D,C,,raw_self_translate
Qwen3 historical protected-v1 BNB + raw self-translate EN,benqa_8th-Math_0085,C,strict_generated_agreement,fallback_baseline,D,False,False,0,False,D,C,,raw_self_translate
Qwen3 historical protected-v1 BNB + raw self-translate EN,benqa_8th-Math_0085,C,three_view_majority,fallback_baseline,D,False,False,0,False,D,C,,raw_self_translate
Qwen3 historical protected-v1 BNB + raw self-translate EN,benqa_8th-Math_0085,C,generated_bn_only,use_generated_bn,C,True,False,1,True,D,C,,raw_self_translate
Qwen3 historical protected-v1 BNB + raw self-translate EN,benqa_8th-Math_0085,C,generated_en_only,fallback_baseline,D,False,False,0,False,D,C,,raw_self_translate
Qwen3 historical protected-v1 BNB + raw self-translate EN,benqa_8th-Math_0085,C,generated_bn_if_baseline_empty,fallback_baseline,D,False,False,0,False,D,C,,raw_self_translate
Qwen3 historical protected-v1 BNB + raw self-translate EN,benqa_8th-Math_0085,C,generated_en_if_baseline_empty,fallback_baseline,D,False,False,0,False,D,C,,raw_self_translate
Qwen3 historical protected-v1 BNB + raw self-translate EN,benqa_8th-Math_0085,C,all_disagree_bn_tiebreak,fallback_baseline,D,False,False,0,False,D,C,,raw_self_translate
Qwen3 historical protected-v1 BNB + raw self-translate EN,benqa_8th-Math_0085,C,all_disagree_en_tiebreak,fallback_baseline,D,False,False,0,False,D,C,,raw_self_translate
Qwen3 historical protected-v1 BNB + raw self-translate EN,benqa_8th-Math_0085,C,generated_bn_priority_nonbaseline,bn_nonbaseline_priority,C,True,False,1,True,D,C,,raw_self_translate
Qwen3 historical protected-v1 BNB + raw self-translate EN,benqa_8th-Math_0085,C,generated_en_priority_nonbaseline,bn_nonbaseline_priority,C,True,False,1,True,D,C,,raw_self_translate
Qwen3 historical protected-v1 BNB + raw self-translate EN,benqa_8th-Science_0024,C,baseline,baseline,D,False,False,0,False,D,B,B,raw_self_translate
Qwen3 historical protected-v1 BNB + raw self-translate EN,benqa_8th-Science_0024,C,strict_generated_agreement,bn_en_agree_nonbaseline,B,False,False,0,True,D,B,B,raw_self_translate
Qwen3 historical protected-v1 BNB + raw self-translate EN,benqa_8th-Science_0024,C,three_view_majority,bn_en_majority,B,False,False,0,True,D,B,B,raw_self_translate
Qwen3 historical protected-v1 BNB + raw self-translate EN,benqa_8th-Science_0024,C,generated_bn_only,use_generated_bn,B,False,False,0,True,D,B,B,raw_self_translate
Qwen3 historical protected-v1 BNB + raw self-translate EN,benqa_8th-Science_0024,C,generated_en_only,use_generated_en,B,False,False,0,True,D,B,B,raw_self_translate
Qwen3 historical protected-v1 BNB + raw self-translate EN,benqa_8th-Science_0024,C,generated_bn_if_baseline_empty,fallback_baseline,D,False,False,0,False,D,B,B,raw_self_translate
Qwen3 historical protected-v1 BNB + raw self-translate EN,benqa_8th-Science_0024,C,generated_en_if_baseline_empty,fallback_baseline,D,False,False,0,False,D,B,B,raw_self_translate
Qwen3 historical protected-v1 BNB + raw self-translate EN,benqa_8th-Science_0024,C,all_disagree_bn_tiebreak,bn_en_agree_nonbaseline,B,False,False,0,True,D,B,B,raw_self_translate
Qwen3 historical protected-v1 BNB + raw self-translate EN,benqa_8th-Science_0024,C,all_disagree_en_tiebreak,bn_en_agree_nonbaseline,B,False,False,0,True,D,B,B,raw_self_translate
Qwen3 historical protected-v1 BNB + raw self-translate EN,benqa_8th-Science_0024,C,generated_bn_priority_nonbaseline,bn_en_agree_nonbaseline,B,False,False,0,True,D,B,B,raw_self_translate
Qwen3 historical protected-v1 BNB + raw self-translate EN,benqa_8th-Science_0024,C,generated_en_priority_nonbaseline,bn_en_agree_nonbaseline,B,False,False,0,True,D,B,B,raw_self_translate
Qwen3 historical protected-v1 BNB + raw self-translate EN,benqa_8th-Science_0153,C,baseline,baseline,D,False,False,0,False,D,C,C,raw_self_translate
Qwen3 historical protected-v1 BNB + raw self-translate EN,benqa_8th-Science_0153,C,strict_generated_agreement,bn_en_agree_nonbaseline,C,True,False,1,True,D,C,C,raw_self_translate
Qwen3 historical protected-v1 BNB + raw self-translate EN,benqa_8th-Science_0153,C,three_view_majority,bn_en_majority,C,True,False,1,True,D,C,C,raw_self_translate
Qwen3 historical protected-v1 BNB + raw self-translate EN,benqa_8th-Science_0153,C,generated_bn_only,use_generated_bn,C,True,False,1,True,D,C,C,raw_self_translate
Qwen3 historical protected-v1 BNB + raw self-translate EN,benqa_8th-Science_0153,C,generated_en_only,use_generated_en,C,True,False,1,True,D,C,C,raw_self_translate
Qwen3 historical protected-v1 BNB + raw self-translate EN,benqa_8th-Science_0153,C,generated_bn_if_baseline_empty,fallback_baseline,D,False,False,0,False,D,C,C,raw_self_translate
Qwen3 historical protected-v1 BNB + raw self-translate EN,benqa_8th-Science_0153,C,generated_en_if_baseline_empty,fallback_baseline,D,False,False,0,False,D,C,C,raw_self_translate
Qwen3 historical protected-v1 BNB + raw self-translate EN,benqa_8th-Science_0153,C,all_disagree_bn_tiebreak,bn_en_agree_nonbaseline,C,True,False,1,True,D,C,C,raw_self_translate
Qwen3 historical protected-v1 BNB + raw self-translate EN,benqa_8th-Science_0153,C,all_disagree_en_tiebreak,bn_en_agree_nonbaseline,C,True,False,1,True,D,C,C,raw_self_translate
Qwen3 historical protected-v1 BNB + raw self-translate EN,benqa_8th-Science_0153,C,generated_bn_priority_nonbaseline,bn_en_agree_nonbaseline,C,True,False,1,True,D,C,C,raw_self_translate
Qwen3 historical protected-v1 BNB + raw self-translate EN,benqa_8th-Science_0153,C,generated_en_priority_nonbaseline,bn_en_agree_nonbaseline,C,True,False,1,True,D,C,C,raw_self_translate
Qwen3 protected-v3 BNB + guarded EN,benqa_10th-Biology_0057,C,baseline,baseline,D,False,False,0,False,D,D,D,translated_stem_source_tail
Qwen3 protected-v3 BNB + guarded EN,benqa_10th-Biology_0057,C,strict_generated_agreement,fallback_baseline,D,False,False,0,False,D,D,D,translated_stem_source_tail
Qwen3 protected-v3 BNB + guarded EN,benqa_10th-Biology_0057,C,three_view_majority,banglish_bn_majority,D,False,False,0,False,D,D,D,translated_stem_source_tail
Qwen3 protected-v3 BNB + guarded EN,benqa_10th-Biology_0057,C,generated_bn_only,use_generated_bn,D,False,False,0,False,D,D,D,translated_stem_source_tail
Qwen3 protected-v3 BNB + guarded EN,benqa_10th-Biology_0057,C,generated_en_only,use_generated_en,D,False,False,0,False,D,D,D,translated_stem_source_tail
Qwen3 protected-v3 BNB + guarded EN,benqa_10th-Biology_0057,C,generated_bn_if_baseline_empty,fallback_baseline,D,False,False,0,False,D,D,D,translated_stem_source_tail
Qwen3 protected-v3 BNB + guarded EN,benqa_10th-Biology_0057,C,generated_en_if_baseline_empty,fallback_baseline,D,False,False,0,False,D,D,D,translated_stem_source_tail
Qwen3 protected-v3 BNB + guarded EN,benqa_10th-Biology_0057,C,all_disagree_bn_tiebreak,fallback_baseline,D,False,False,0,False,D,D,D,translated_stem_source_tail
Qwen3 protected-v3 BNB + guarded EN,benqa_10th-Biology_0057,C,all_disagree_en_tiebreak,fallback_baseline,D,False,False,0,False,D,D,D,translated_stem_source_tail
Qwen3 protected-v3 BNB + guarded EN,benqa_10th-Biology_0057,C,generated_bn_priority_nonbaseline,fallback_baseline,D,False,False,0,False,D,D,D,translated_stem_source_tail
Qwen3 protected-v3 BNB + guarded EN,benqa_10th-Biology_0057,C,generated_en_priority_nonbaseline,fallback_baseline,D,False,False,0,False,D,D,D,translated_stem_source_tail
Qwen3 protected-v3 BNB + guarded EN,benqa_10th-Biology_0143,C,baseline,baseline,C,True,True,0,False,C,D,C,translated_stem_source_tail
Qwen3 protected-v3 BNB + guarded EN,benqa_10th-Biology_0143,C,strict_generated_agreement,fallback_baseline,C,True,True,0,False,C,D,C,translated_stem_source_tail
Qwen3 protected-v3 BNB + guarded EN,benqa_10th-Biology_0143,C,three_view_majority,banglish_en_majority,C,True,True,0,False,C,D,C,translated_stem_source_tail
Qwen3 protected-v3 BNB + guarded EN,benqa_10th-Biology_0143,C,generated_bn_only,use_generated_bn,D,False,True,-1,True,C,D,C,translated_stem_source_tail
Qwen3 protected-v3 BNB + guarded EN,benqa_10th-Biology_0143,C,generated_en_only,use_generated_en,C,True,True,0,False,C,D,C,translated_stem_source_tail
Qwen3 protected-v3 BNB + guarded EN,benqa_10th-Biology_0143,C,generated_bn_if_baseline_empty,fallback_baseline,C,True,True,0,False,C,D,C,translated_stem_source_tail
Qwen3 protected-v3 BNB + guarded EN,benqa_10th-Biology_0143,C,generated_en_if_baseline_empty,fallback_baseline,C,True,True,0,False,C,D,C,translated_stem_source_tail
Qwen3 protected-v3 BNB + guarded EN,benqa_10th-Biology_0143,C,all_disagree_bn_tiebreak,fallback_baseline,C,True,True,0,False,C,D,C,translated_stem_source_tail
Qwen3 protected-v3 BNB + guarded EN,benqa_10th-Biology_0143,C,all_disagree_en_tiebreak,fallback_baseline,C,True,True,0,False,C,D,C,translated_stem_source_tail
Qwen3 protected-v3 BNB + guarded EN,benqa_10th-Biology_0143,C,generated_bn_priority_nonbaseline,bn_nonbaseline_priority,D,False,True,-1,True,C,D,C,translated_stem_source_tail
Qwen3 protected-v3 BNB + guarded EN,benqa_10th-Biology_0143,C,generated_en_priority_nonbaseline,bn_nonbaseline_priority,D,False,True,-1,True,C,D,C,translated_stem_source_tail
Qwen3 protected-v3 BNB + guarded EN,benqa_10th-Biology_0197,D,baseline,baseline,D,True,True,0,False,D,D,D,translated_stem_source_tail
Qwen3 protected-v3 BNB + guarded EN,benqa_10th-Biology_0197,D,strict_generated_agreement,fallback_baseline,D,True,True,0,False,D,D,D,translated_stem_source_tail
Qwen3 protected-v3 BNB + guarded EN,benqa_10th-Biology_0197,D,three_view_majority,banglish_bn_majority,D,True,True,0,False,D,D,D,translated_stem_source_tail
Qwen3 protected-v3 BNB + guarded EN,benqa_10th-Biology_0197,D,generated_bn_only,use_generated_bn,D,True,True,0,False,D,D,D,translated_stem_source_tail
Qwen3 protected-v3 BNB + guarded EN,benqa_10th-Biology_0197,D,generated_en_only,use_generated_en,D,True,True,0,False,D,D,D,translated_stem_source_tail
Qwen3 protected-v3 BNB + guarded EN,benqa_10th-Biology_0197,D,generated_bn_if_baseline_empty,fallback_baseline,D,True,True,0,False,D,D,D,translated_stem_source_tail
Qwen3 protected-v3 BNB + guarded EN,benqa_10th-Biology_0197,D,generated_en_if_baseline_empty,fallback_baseline,D,True,True,0,False,D,D,D,translated_stem_source_tail
Qwen3 protected-v3 BNB + guarded EN,benqa_10th-Biology_0197,D,all_disagree_bn_tiebreak,fallback_baseline,D,True,True,0,False,D,D,D,translated_stem_source_tail
Qwen3 protected-v3 BNB + guarded EN,benqa_10th-Biology_0197,D,all_disagree_en_tiebreak,fallback_baseline,D,True,True,0,False,D,D,D,translated_stem_source_tail
Qwen3 protected-v3 BNB + guarded EN,benqa_10th-Biology_0197,D,generated_bn_priority_nonbaseline,fallback_baseline,D,True,True,0,False,D,D,D,translated_stem_source_tail
Qwen3 protected-v3 BNB + guarded EN,benqa_10th-Biology_0197,D,generated_en_priority_nonbaseline,fallback_baseline,D,True,True,0,False,D,D,D,translated_stem_source_tail
Qwen3 protected-v3 BNB + guarded EN,benqa_10th-Chemistry_0280,A,baseline,baseline,D,False,False,0,False,D,D,D,translated_stem_source_tail
Qwen3 protected-v3 BNB + guarded EN,benqa_10th-Chemistry_0280,A,strict_generated_agreement,fallback_baseline,D,False,False,0,False,D,D,D,translated_stem_source_tail
Qwen3 protected-v3 BNB + guarded EN,benqa_10th-Chemistry_0280,A,three_view_majority,banglish_bn_majority,D,False,False,0,False,D,D,D,translated_stem_source_tail
Qwen3 protected-v3 BNB + guarded EN,benqa_10th-Chemistry_0280,A,generated_bn_only,use_generated_bn,D,False,False,0,False,D,D,D,translated_stem_source_tail
Qwen3 protected-v3 BNB + guarded EN,benqa_10th-Chemistry_0280,A,generated_en_only,use_generated_en,D,False,False,0,False,D,D,D,translated_stem_source_tail
Qwen3 protected-v3 BNB + guarded EN,benqa_10th-Chemistry_0280,A,generated_bn_if_baseline_empty,fallback_baseline,D,False,False,0,False,D,D,D,translated_stem_source_tail
Qwen3 protected-v3 BNB + guarded EN,benqa_10th-Chemistry_0280,A,generated_en_if_baseline_empty,fallback_baseline,D,False,False,0,False,D,D,D,translated_stem_source_tail
Qwen3 protected-v3 BNB + guarded EN,benqa_10th-Chemistry_0280,A,all_disagree_bn_tiebreak,fallback_baseline,D,False,False,0,False,D,D,D,translated_stem_source_tail
Qwen3 protected-v3 BNB + guarded EN,benqa_10th-Chemistry_0280,A,all_disagree_en_tiebreak,fallback_baseline,D,False,False,0,False,D,D,D,translated_stem_source_tail
Qwen3 protected-v3 BNB + guarded EN,benqa_10th-Chemistry_0280,A,generated_bn_priority_nonbaseline,fallback_baseline,D,False,False,0,False,D,D,D,translated_stem_source_tail
Qwen3 protected-v3 BNB + guarded EN,benqa_10th-Chemistry_0280,A,generated_en_priority_nonbaseline,fallback_baseline,D,False,False,0,False,D,D,D,translated_stem_source_tail
Qwen3 protected-v3 BNB + guarded EN,benqa_10th-Chemistry_0374,B,baseline,baseline,D,False,False,0,False,D,D,D,translated_stem_source_tail
Qwen3 protected-v3 BNB + guarded EN,benqa_10th-Chemistry_0374,B,strict_generated_agreement,fallback_baseline,D,False,False,0,False,D,D,D,translated_stem_source_tail
Qwen3 protected-v3 BNB + guarded EN,benqa_10th-Chemistry_0374,B,three_view_majority,banglish_bn_majority,D,False,False,0,False,D,D,D,translated_stem_source_tail
Qwen3 protected-v3 BNB + guarded EN,benqa_10th-Chemistry_0374,B,generated_bn_only,use_generated_bn,D,False,False,0,False,D,D,D,translated_stem_source_tail
Qwen3 protected-v3 BNB + guarded EN,benqa_10th-Chemistry_0374,B,generated_en_only,use_generated_en,D,False,False,0,False,D,D,D,translated_stem_source_tail
Qwen3 protected-v3 BNB + guarded EN,benqa_10th-Chemistry_0374,B,generated_bn_if_baseline_empty,fallback_baseline,D,False,False,0,False,D,D,D,translated_stem_source_tail
Qwen3 protected-v3 BNB + guarded EN,benqa_10th-Chemistry_0374,B,generated_en_if_baseline_empty,fallback_baseline,D,False,False,0,False,D,D,D,translated_stem_source_tail
Qwen3 protected-v3 BNB + guarded EN,benqa_10th-Chemistry_0374,B,all_disagree_bn_tiebreak,fallback_baseline,D,False,False,0,False,D,D,D,translated_stem_source_tail
Qwen3 protected-v3 BNB + guarded EN,benqa_10th-Chemistry_0374,B,all_disagree_en_tiebreak,fallback_baseline,D,False,False,0,False,D,D,D,translated_stem_source_tail
Qwen3 protected-v3 BNB + guarded EN,benqa_10th-Chemistry_0374,B,generated_bn_priority_nonbaseline,fallback_baseline,D,False,False,0,False,D,D,D,translated_stem_source_tail
Qwen3 protected-v3 BNB + guarded EN,benqa_10th-Chemistry_0374,B,generated_en_priority_nonbaseline,fallback_baseline,D,False,False,0,False,D,D,D,translated_stem_source_tail
Qwen3 protected-v3 BNB + guarded EN,benqa_10th-Chemistry_0388,D,baseline,baseline,D,True,True,0,False,D,D,D,source_fallback_after_failed_repair
Qwen3 protected-v3 BNB + guarded EN,benqa_10th-Chemistry_0388,D,strict_generated_agreement,fallback_baseline,D,True,True,0,False,D,D,D,source_fallback_after_failed_repair
Qwen3 protected-v3 BNB + guarded EN,benqa_10th-Chemistry_0388,D,three_view_majority,banglish_bn_majority,D,True,True,0,False,D,D,D,source_fallback_after_failed_repair
Qwen3 protected-v3 BNB + guarded EN,benqa_10th-Chemistry_0388,D,generated_bn_only,use_generated_bn,D,True,True,0,False,D,D,D,source_fallback_after_failed_repair
Qwen3 protected-v3 BNB + guarded EN,benqa_10th-Chemistry_0388,D,generated_en_only,use_generated_en,D,True,True,0,False,D,D,D,source_fallback_after_failed_repair
Qwen3 protected-v3 BNB + guarded EN,benqa_10th-Chemistry_0388,D,generated_bn_if_baseline_empty,fallback_baseline,D,True,True,0,False,D,D,D,source_fallback_after_failed_repair
Qwen3 protected-v3 BNB + guarded EN,benqa_10th-Chemistry_0388,D,generated_en_if_baseline_empty,fallback_baseline,D,True,True,0,False,D,D,D,source_fallback_after_failed_repair
Qwen3 protected-v3 BNB + guarded EN,benqa_10th-Chemistry_0388,D,all_disagree_bn_tiebreak,fallback_baseline,D,True,True,0,False,D,D,D,source_fallback_after_failed_repair
Qwen3 protected-v3 BNB + guarded EN,benqa_10th-Chemistry_0388,D,all_disagree_en_tiebreak,fallback_baseline,D,True,True,0,False,D,D,D,source_fallback_after_failed_repair
Qwen3 protected-v3 BNB + guarded EN,benqa_10th-Chemistry_0388,D,generated_bn_priority_nonbaseline,fallback_baseline,D,True,True,0,False,D,D,D,source_fallback_after_failed_repair
Qwen3 protected-v3 BNB + guarded EN,benqa_10th-Chemistry_0388,D,generated_en_priority_nonbaseline,fallback_baseline,D,True,True,0,False,D,D,D,source_fallback_after_failed_repair
Qwen3 protected-v3 BNB + guarded EN,benqa_10th-Math-II_0367,C,baseline,baseline,C,True,True,0,False,C,C,C,source_fallback_after_failed_repair
Qwen3 protected-v3 BNB + guarded EN,benqa_10th-Math-II_0367,C,strict_generated_agreement,fallback_baseline,C,True,True,0,False,C,C,C,source_fallback_after_failed_repair
Qwen3 protected-v3 BNB + guarded EN,benqa_10th-Math-II_0367,C,three_view_majority,banglish_bn_majority,C,True,True,0,False,C,C,C,source_fallback_after_failed_repair
Qwen3 protected-v3 BNB + guarded EN,benqa_10th-Math-II_0367,C,generated_bn_only,use_generated_bn,C,True,True,0,False,C,C,C,source_fallback_after_failed_repair
Qwen3 protected-v3 BNB + guarded EN,benqa_10th-Math-II_0367,C,generated_en_only,use_generated_en,C,True,True,0,False,C,C,C,source_fallback_after_failed_repair
Qwen3 protected-v3 BNB + guarded EN,benqa_10th-Math-II_0367,C,generated_bn_if_baseline_empty,fallback_baseline,C,True,True,0,False,C,C,C,source_fallback_after_failed_repair
Qwen3 protected-v3 BNB + guarded EN,benqa_10th-Math-II_0367,C,generated_en_if_baseline_empty,fallback_baseline,C,True,True,0,False,C,C,C,source_fallback_after_failed_repair
Qwen3 protected-v3 BNB + guarded EN,benqa_10th-Math-II_0367,C,all_disagree_bn_tiebreak,fallback_baseline,C,True,True,0,False,C,C,C,source_fallback_after_failed_repair
Qwen3 protected-v3 BNB + guarded EN,benqa_10th-Math-II_0367,C,all_disagree_en_tiebreak,fallback_baseline,C,True,True,0,False,C,C,C,source_fallback_after_failed_repair
Qwen3 protected-v3 BNB + guarded EN,benqa_10th-Math-II_0367,C,generated_bn_priority_nonbaseline,fallback_baseline,C,True,True,0,False,C,C,C,source_fallback_after_failed_repair
Qwen3 protected-v3 BNB + guarded EN,benqa_10th-Math-II_0367,C,generated_en_priority_nonbaseline,fallback_baseline,C,True,True,0,False,C,C,C,source_fallback_after_failed_repair
Qwen3 protected-v3 BNB + guarded EN,benqa_10th-Math_0032,B,baseline,baseline,,False,False,0,False,,,,source_fallback_after_failed_repair
Qwen3 protected-v3 BNB + guarded EN,benqa_10th-Math_0032,B,strict_generated_agreement,fallback_baseline,,False,False,0,False,,,,source_fallback_after_failed_repair
Qwen3 protected-v3 BNB + guarded EN,benqa_10th-Math_0032,B,three_view_majority,fallback_baseline,,False,False,0,False,,,,source_fallback_after_failed_repair
Qwen3 protected-v3 BNB + guarded EN,benqa_10th-Math_0032,B,generated_bn_only,fallback_baseline,,False,False,0,False,,,,source_fallback_after_failed_repair
Qwen3 protected-v3 BNB + guarded EN,benqa_10th-Math_0032,B,generated_en_only,fallback_baseline,,False,False,0,False,,,,source_fallback_after_failed_repair
Qwen3 protected-v3 BNB + guarded EN,benqa_10th-Math_0032,B,generated_bn_if_baseline_empty,fallback_baseline,,False,False,0,False,,,,source_fallback_after_failed_repair
Qwen3 protected-v3 BNB + guarded EN,benqa_10th-Math_0032,B,generated_en_if_baseline_empty,fallback_baseline,,False,False,0,False,,,,source_fallback_after_failed_repair
Qwen3 protected-v3 BNB + guarded EN,benqa_10th-Math_0032,B,all_disagree_bn_tiebreak,fallback_baseline,,False,False,0,False,,,,source_fallback_after_failed_repair
Qwen3 protected-v3 BNB + guarded EN,benqa_10th-Math_0032,B,all_disagree_en_tiebreak,fallback_baseline,,False,False,0,False,,,,source_fallback_after_failed_repair
Qwen3 protected-v3 BNB + guarded EN,benqa_10th-Math_0032,B,generated_bn_priority_nonbaseline,fallback_baseline,,False,False,0,False,,,,source_fallback_after_failed_repair
Qwen3 protected-v3 BNB + guarded EN,benqa_10th-Math_0032,B,generated_en_priority_nonbaseline,fallback_baseline,,False,False,0,False,,,,source_fallback_after_failed_repair
Qwen3 protected-v3 BNB + guarded EN,benqa_10th-Physics_0045,A,baseline,baseline,A,True,True,0,False,A,A,D,translated_stem_source_tail
Qwen3 protected-v3 BNB + guarded EN,benqa_10th-Physics_0045,A,strict_generated_agreement,fallback_baseline,A,True,True,0,False,A,A,D,translated_stem_source_tail
Qwen3 protected-v3 BNB + guarded EN,benqa_10th-Physics_0045,A,three_view_majority,banglish_bn_majority,A,True,True,0,False,A,A,D,translated_stem_source_tail
Qwen3 protected-v3 BNB + guarded EN,benqa_10th-Physics_0045,A,generated_bn_only,use_generated_bn,A,True,True,0,False,A,A,D,translated_stem_source_tail
Qwen3 protected-v3 BNB + guarded EN,benqa_10th-Physics_0045,A,generated_en_only,use_generated_en,D,False,True,-1,True,A,A,D,translated_stem_source_tail
Qwen3 protected-v3 BNB + guarded EN,benqa_10th-Physics_0045,A,generated_bn_if_baseline_empty,fallback_baseline,A,True,True,0,False,A,A,D,translated_stem_source_tail
Qwen3 protected-v3 BNB + guarded EN,benqa_10th-Physics_0045,A,generated_en_if_baseline_empty,fallback_baseline,A,True,True,0,False,A,A,D,translated_stem_source_tail
Qwen3 protected-v3 BNB + guarded EN,benqa_10th-Physics_0045,A,all_disagree_bn_tiebreak,fallback_baseline,A,True,True,0,False,A,A,D,translated_stem_source_tail
Qwen3 protected-v3 BNB + guarded EN,benqa_10th-Physics_0045,A,all_disagree_en_tiebreak,fallback_baseline,A,True,True,0,False,A,A,D,translated_stem_source_tail
Qwen3 protected-v3 BNB + guarded EN,benqa_10th-Physics_0045,A,generated_bn_priority_nonbaseline,en_nonbaseline_priority,D,False,True,-1,True,A,A,D,translated_stem_source_tail
Qwen3 protected-v3 BNB + guarded EN,benqa_10th-Physics_0045,A,generated_en_priority_nonbaseline,en_nonbaseline_priority,D,False,True,-1,True,A,A,D,translated_stem_source_tail
Qwen3 protected-v3 BNB + guarded EN,benqa_10th-Physics_0055,D,baseline,baseline,D,True,True,0,False,D,D,D,source_fallback_after_failed_repair
Qwen3 protected-v3 BNB + guarded EN,benqa_10th-Physics_0055,D,strict_generated_agreement,fallback_baseline,D,True,True,0,False,D,D,D,source_fallback_after_failed_repair
Qwen3 protected-v3 BNB + guarded EN,benqa_10th-Physics_0055,D,three_view_majority,banglish_bn_majority,D,True,True,0,False,D,D,D,source_fallback_after_failed_repair
Qwen3 protected-v3 BNB + guarded EN,benqa_10th-Physics_0055,D,generated_bn_only,use_generated_bn,D,True,True,0,False,D,D,D,source_fallback_after_failed_repair
Qwen3 protected-v3 BNB + guarded EN,benqa_10th-Physics_0055,D,generated_en_only,use_generated_en,D,True,True,0,False,D,D,D,source_fallback_after_failed_repair
Qwen3 protected-v3 BNB + guarded EN,benqa_10th-Physics_0055,D,generated_bn_if_baseline_empty,fallback_baseline,D,True,True,0,False,D,D,D,source_fallback_after_failed_repair
Qwen3 protected-v3 BNB + guarded EN,benqa_10th-Physics_0055,D,generated_en_if_baseline_empty,fallback_baseline,D,True,True,0,False,D,D,D,source_fallback_after_failed_repair
Qwen3 protected-v3 BNB + guarded EN,benqa_10th-Physics_0055,D,all_disagree_bn_tiebreak,fallback_baseline,D,True,True,0,False,D,D,D,source_fallback_after_failed_repair
Qwen3 protected-v3 BNB + guarded EN,benqa_10th-Physics_0055,D,all_disagree_en_tiebreak,fallback_baseline,D,True,True,0,False,D,D,D,source_fallback_after_failed_repair
Qwen3 protected-v3 BNB + guarded EN,benqa_10th-Physics_0055,D,generated_bn_priority_nonbaseline,fallback_baseline,D,True,True,0,False,D,D,D,source_fallback_after_failed_repair
Qwen3 protected-v3 BNB + guarded EN,benqa_10th-Physics_0055,D,generated_en_priority_nonbaseline,fallback_baseline,D,True,True,0,False,D,D,D,source_fallback_after_failed_repair
Qwen3 protected-v3 BNB + guarded EN,benqa_10th-Physics_0296,D,baseline,baseline,D,True,True,0,False,D,D,D,translated_stem_source_tail
Qwen3 protected-v3 BNB + guarded EN,benqa_10th-Physics_0296,D,strict_generated_agreement,fallback_baseline,D,True,True,0,False,D,D,D,translated_stem_source_tail
Qwen3 protected-v3 BNB + guarded EN,benqa_10th-Physics_0296,D,three_view_majority,banglish_bn_majority,D,True,True,0,False,D,D,D,translated_stem_source_tail
Qwen3 protected-v3 BNB + guarded EN,benqa_10th-Physics_0296,D,generated_bn_only,use_generated_bn,D,True,True,0,False,D,D,D,translated_stem_source_tail
Qwen3 protected-v3 BNB + guarded EN,benqa_10th-Physics_0296,D,generated_en_only,use_generated_en,D,True,True,0,False,D,D,D,translated_stem_source_tail
Qwen3 protected-v3 BNB + guarded EN,benqa_10th-Physics_0296,D,generated_bn_if_baseline_empty,fallback_baseline,D,True,True,0,False,D,D,D,translated_stem_source_tail
Qwen3 protected-v3 BNB + guarded EN,benqa_10th-Physics_0296,D,generated_en_if_baseline_empty,fallback_baseline,D,True,True,0,False,D,D,D,translated_stem_source_tail
Qwen3 protected-v3 BNB + guarded EN,benqa_10th-Physics_0296,D,all_disagree_bn_tiebreak,fallback_baseline,D,True,True,0,False,D,D,D,translated_stem_source_tail
Qwen3 protected-v3 BNB + guarded EN,benqa_10th-Physics_0296,D,all_disagree_en_tiebreak,fallback_baseline,D,True,True,0,False,D,D,D,translated_stem_source_tail
Qwen3 protected-v3 BNB + guarded EN,benqa_10th-Physics_0296,D,generated_bn_priority_nonbaseline,fallback_baseline,D,True,True,0,False,D,D,D,translated_stem_source_tail
Qwen3 protected-v3 BNB + guarded EN,benqa_10th-Physics_0296,D,generated_en_priority_nonbaseline,fallback_baseline,D,True,True,0,False,D,D,D,translated_stem_source_tail
Qwen3 protected-v3 BNB + guarded EN,benqa_12th-Biology-II_0119,C,baseline,baseline,D,False,False,0,False,D,D,D,source_fallback_after_failed_repair
Qwen3 protected-v3 BNB + guarded EN,benqa_12th-Biology-II_0119,C,strict_generated_agreement,fallback_baseline,D,False,False,0,False,D,D,D,source_fallback_after_failed_repair
Qwen3 protected-v3 BNB + guarded EN,benqa_12th-Biology-II_0119,C,three_view_majority,banglish_bn_majority,D,False,False,0,False,D,D,D,source_fallback_after_failed_repair
Qwen3 protected-v3 BNB + guarded EN,benqa_12th-Biology-II_0119,C,generated_bn_only,use_generated_bn,D,False,False,0,False,D,D,D,source_fallback_after_failed_repair
Qwen3 protected-v3 BNB + guarded EN,benqa_12th-Biology-II_0119,C,generated_en_only,use_generated_en,D,False,False,0,False,D,D,D,source_fallback_after_failed_repair
Qwen3 protected-v3 BNB + guarded EN,benqa_12th-Biology-II_0119,C,generated_bn_if_baseline_empty,fallback_baseline,D,False,False,0,False,D,D,D,source_fallback_after_failed_repair
Qwen3 protected-v3 BNB + guarded EN,benqa_12th-Biology-II_0119,C,generated_en_if_baseline_empty,fallback_baseline,D,False,False,0,False,D,D,D,source_fallback_after_failed_repair
Qwen3 protected-v3 BNB + guarded EN,benqa_12th-Biology-II_0119,C,all_disagree_bn_tiebreak,fallback_baseline,D,False,False,0,False,D,D,D,source_fallback_after_failed_repair
Qwen3 protected-v3 BNB + guarded EN,benqa_12th-Biology-II_0119,C,all_disagree_en_tiebreak,fallback_baseline,D,False,False,0,False,D,D,D,source_fallback_after_failed_repair
Qwen3 protected-v3 BNB + guarded EN,benqa_12th-Biology-II_0119,C,generated_bn_priority_nonbaseline,fallback_baseline,D,False,False,0,False,D,D,D,source_fallback_after_failed_repair
Qwen3 protected-v3 BNB + guarded EN,benqa_12th-Biology-II_0119,C,generated_en_priority_nonbaseline,fallback_baseline,D,False,False,0,False,D,D,D,source_fallback_after_failed_repair
Qwen3 protected-v3 BNB + guarded EN,benqa_12th-Biology-II_0179,A,baseline,baseline,D,False,False,0,False,D,B,A,translated_stem_source_tail
Qwen3 protected-v3 BNB + guarded EN,benqa_12th-Biology-II_0179,A,strict_generated_agreement,fallback_baseline,D,False,False,0,False,D,B,A,translated_stem_source_tail
Qwen3 protected-v3 BNB + guarded EN,benqa_12th-Biology-II_0179,A,three_view_majority,fallback_baseline,D,False,False,0,False,D,B,A,translated_stem_source_tail
Qwen3 protected-v3 BNB + guarded EN,benqa_12th-Biology-II_0179,A,generated_bn_only,use_generated_bn,B,False,False,0,True,D,B,A,translated_stem_source_tail
Qwen3 protected-v3 BNB + guarded EN,benqa_12th-Biology-II_0179,A,generated_en_only,use_generated_en,A,True,False,1,True,D,B,A,translated_stem_source_tail
Qwen3 protected-v3 BNB + guarded EN,benqa_12th-Biology-II_0179,A,generated_bn_if_baseline_empty,fallback_baseline,D,False,False,0,False,D,B,A,translated_stem_source_tail
Qwen3 protected-v3 BNB + guarded EN,benqa_12th-Biology-II_0179,A,generated_en_if_baseline_empty,fallback_baseline,D,False,False,0,False,D,B,A,translated_stem_source_tail
Qwen3 protected-v3 BNB + guarded EN,benqa_12th-Biology-II_0179,A,all_disagree_bn_tiebreak,all_disagree_use_bn,B,False,False,0,True,D,B,A,translated_stem_source_tail
Qwen3 protected-v3 BNB + guarded EN,benqa_12th-Biology-II_0179,A,all_disagree_en_tiebreak,all_disagree_use_en,A,True,False,1,True,D,B,A,translated_stem_source_tail
Qwen3 protected-v3 BNB + guarded EN,benqa_12th-Biology-II_0179,A,generated_bn_priority_nonbaseline,bn_nonbaseline_priority,B,False,False,0,True,D,B,A,translated_stem_source_tail
Qwen3 protected-v3 BNB + guarded EN,benqa_12th-Biology-II_0179,A,generated_en_priority_nonbaseline,en_nonbaseline_priority,A,True,False,1,True,D,B,A,translated_stem_source_tail
Qwen3 protected-v3 BNB + guarded EN,benqa_12th-Biology-II_0325,A,baseline,baseline,C,False,False,0,False,C,A,D,translated_stem_source_tail
Qwen3 protected-v3 BNB + guarded EN,benqa_12th-Biology-II_0325,A,strict_generated_agreement,fallback_baseline,C,False,False,0,False,C,A,D,translated_stem_source_tail
Qwen3 protected-v3 BNB + guarded EN,benqa_12th-Biology-II_0325,A,three_view_majority,fallback_baseline,C,False,False,0,False,C,A,D,translated_stem_source_tail
Qwen3 protected-v3 BNB + guarded EN,benqa_12th-Biology-II_0325,A,generated_bn_only,use_generated_bn,A,True,False,1,True,C,A,D,translated_stem_source_tail
Qwen3 protected-v3 BNB + guarded EN,benqa_12th-Biology-II_0325,A,generated_en_only,use_generated_en,D,False,False,0,True,C,A,D,translated_stem_source_tail
Qwen3 protected-v3 BNB + guarded EN,benqa_12th-Biology-II_0325,A,generated_bn_if_baseline_empty,fallback_baseline,C,False,False,0,False,C,A,D,translated_stem_source_tail
Qwen3 protected-v3 BNB + guarded EN,benqa_12th-Biology-II_0325,A,generated_en_if_baseline_empty,fallback_baseline,C,False,False,0,False,C,A,D,translated_stem_source_tail
Qwen3 protected-v3 BNB + guarded EN,benqa_12th-Biology-II_0325,A,all_disagree_bn_tiebreak,all_disagree_use_bn,A,True,False,1,True,C,A,D,translated_stem_source_tail
Qwen3 protected-v3 BNB + guarded EN,benqa_12th-Biology-II_0325,A,all_disagree_en_tiebreak,all_disagree_use_en,D,False,False,0,True,C,A,D,translated_stem_source_tail
Qwen3 protected-v3 BNB + guarded EN,benqa_12th-Biology-II_0325,A,generated_bn_priority_nonbaseline,bn_nonbaseline_priority,A,True,False,1,True,C,A,D,translated_stem_source_tail
Qwen3 protected-v3 BNB + guarded EN,benqa_12th-Biology-II_0325,A,generated_en_priority_nonbaseline,en_nonbaseline_priority,D,False,False,0,True,C,A,D,translated_stem_source_tail
Qwen3 protected-v3 BNB + guarded EN,benqa_12th-Biology-I_0039,C,baseline,baseline,B,False,False,0,False,B,C,B,translated_stem_source_tail
Qwen3 protected-v3 BNB + guarded EN,benqa_12th-Biology-I_0039,C,strict_generated_agreement,fallback_baseline,B,False,False,0,False,B,C,B,translated_stem_source_tail
Qwen3 protected-v3 BNB + guarded EN,benqa_12th-Biology-I_0039,C,three_view_majority,banglish_en_majority,B,False,False,0,False,B,C,B,translated_stem_source_tail
Qwen3 protected-v3 BNB + guarded EN,benqa_12th-Biology-I_0039,C,generated_bn_only,use_generated_bn,C,True,False,1,True,B,C,B,translated_stem_source_tail
Qwen3 protected-v3 BNB + guarded EN,benqa_12th-Biology-I_0039,C,generated_en_only,use_generated_en,B,False,False,0,False,B,C,B,translated_stem_source_tail
Qwen3 protected-v3 BNB + guarded EN,benqa_12th-Biology-I_0039,C,generated_bn_if_baseline_empty,fallback_baseline,B,False,False,0,False,B,C,B,translated_stem_source_tail
Qwen3 protected-v3 BNB + guarded EN,benqa_12th-Biology-I_0039,C,generated_en_if_baseline_empty,fallback_baseline,B,False,False,0,False,B,C,B,translated_stem_source_tail
Qwen3 protected-v3 BNB + guarded EN,benqa_12th-Biology-I_0039,C,all_disagree_bn_tiebreak,fallback_baseline,B,False,False,0,False,B,C,B,translated_stem_source_tail
Qwen3 protected-v3 BNB + guarded EN,benqa_12th-Biology-I_0039,C,all_disagree_en_tiebreak,fallback_baseline,B,False,False,0,False,B,C,B,translated_stem_source_tail
Qwen3 protected-v3 BNB + guarded EN,benqa_12th-Biology-I_0039,C,generated_bn_priority_nonbaseline,bn_nonbaseline_priority,C,True,False,1,True,B,C,B,translated_stem_source_tail
Qwen3 protected-v3 BNB + guarded EN,benqa_12th-Biology-I_0039,C,generated_en_priority_nonbaseline,bn_nonbaseline_priority,C,True,False,1,True,B,C,B,translated_stem_source_tail
Qwen3 protected-v3 BNB + guarded EN,benqa_12th-Biology-I_0218,B,baseline,baseline,D,False,False,0,False,D,D,D,translated_stem_source_tail
Qwen3 protected-v3 BNB + guarded EN,benqa_12th-Biology-I_0218,B,strict_generated_agreement,fallback_baseline,D,False,False,0,False,D,D,D,translated_stem_source_tail
Qwen3 protected-v3 BNB + guarded EN,benqa_12th-Biology-I_0218,B,three_view_majority,banglish_bn_majority,D,False,False,0,False,D,D,D,translated_stem_source_tail
Qwen3 protected-v3 BNB + guarded EN,benqa_12th-Biology-I_0218,B,generated_bn_only,use_generated_bn,D,False,False,0,False,D,D,D,translated_stem_source_tail
Qwen3 protected-v3 BNB + guarded EN,benqa_12th-Biology-I_0218,B,generated_en_only,use_generated_en,D,False,False,0,False,D,D,D,translated_stem_source_tail
Qwen3 protected-v3 BNB + guarded EN,benqa_12th-Biology-I_0218,B,generated_bn_if_baseline_empty,fallback_baseline,D,False,False,0,False,D,D,D,translated_stem_source_tail
Qwen3 protected-v3 BNB + guarded EN,benqa_12th-Biology-I_0218,B,generated_en_if_baseline_empty,fallback_baseline,D,False,False,0,False,D,D,D,translated_stem_source_tail
Qwen3 protected-v3 BNB + guarded EN,benqa_12th-Biology-I_0218,B,all_disagree_bn_tiebreak,fallback_baseline,D,False,False,0,False,D,D,D,translated_stem_source_tail
Qwen3 protected-v3 BNB + guarded EN,benqa_12th-Biology-I_0218,B,all_disagree_en_tiebreak,fallback_baseline,D,False,False,0,False,D,D,D,translated_stem_source_tail
Qwen3 protected-v3 BNB + guarded EN,benqa_12th-Biology-I_0218,B,generated_bn_priority_nonbaseline,fallback_baseline,D,False,False,0,False,D,D,D,translated_stem_source_tail
Qwen3 protected-v3 BNB + guarded EN,benqa_12th-Biology-I_0218,B,generated_en_priority_nonbaseline,fallback_baseline,D,False,False,0,False,D,D,D,translated_stem_source_tail
Qwen3 protected-v3 BNB + guarded EN,benqa_12th-Biology-I_0265,A,baseline,baseline,D,False,False,0,False,D,C,D,translated_stem_source_tail
Qwen3 protected-v3 BNB + guarded EN,benqa_12th-Biology-I_0265,A,strict_generated_agreement,fallback_baseline,D,False,False,0,False,D,C,D,translated_stem_source_tail
Qwen3 protected-v3 BNB + guarded EN,benqa_12th-Biology-I_0265,A,three_view_majority,banglish_en_majority,D,False,False,0,False,D,C,D,translated_stem_source_tail
Qwen3 protected-v3 BNB + guarded EN,benqa_12th-Biology-I_0265,A,generated_bn_only,use_generated_bn,C,False,False,0,True,D,C,D,translated_stem_source_tail
Qwen3 protected-v3 BNB + guarded EN,benqa_12th-Biology-I_0265,A,generated_en_only,use_generated_en,D,False,False,0,False,D,C,D,translated_stem_source_tail
Qwen3 protected-v3 BNB + guarded EN,benqa_12th-Biology-I_0265,A,generated_bn_if_baseline_empty,fallback_baseline,D,False,False,0,False,D,C,D,translated_stem_source_tail
Qwen3 protected-v3 BNB + guarded EN,benqa_12th-Biology-I_0265,A,generated_en_if_baseline_empty,fallback_baseline,D,False,False,0,False,D,C,D,translated_stem_source_tail
Qwen3 protected-v3 BNB + guarded EN,benqa_12th-Biology-I_0265,A,all_disagree_bn_tiebreak,fallback_baseline,D,False,False,0,False,D,C,D,translated_stem_source_tail
Qwen3 protected-v3 BNB + guarded EN,benqa_12th-Biology-I_0265,A,all_disagree_en_tiebreak,fallback_baseline,D,False,False,0,False,D,C,D,translated_stem_source_tail
Qwen3 protected-v3 BNB + guarded EN,benqa_12th-Biology-I_0265,A,generated_bn_priority_nonbaseline,bn_nonbaseline_priority,C,False,False,0,True,D,C,D,translated_stem_source_tail
Qwen3 protected-v3 BNB + guarded EN,benqa_12th-Biology-I_0265,A,generated_en_priority_nonbaseline,bn_nonbaseline_priority,C,False,False,0,True,D,C,D,translated_stem_source_tail
Qwen3 protected-v3 BNB + guarded EN,benqa_12th-Chemistry-II_0054,A,baseline,baseline,C,False,False,0,False,C,C,C,source_fallback_after_failed_repair
Qwen3 protected-v3 BNB + guarded EN,benqa_12th-Chemistry-II_0054,A,strict_generated_agreement,fallback_baseline,C,False,False,0,False,C,C,C,source_fallback_after_failed_repair
Qwen3 protected-v3 BNB + guarded EN,benqa_12th-Chemistry-II_0054,A,three_view_majority,banglish_bn_majority,C,False,False,0,False,C,C,C,source_fallback_after_failed_repair
Qwen3 protected-v3 BNB + guarded EN,benqa_12th-Chemistry-II_0054,A,generated_bn_only,use_generated_bn,C,False,False,0,False,C,C,C,source_fallback_after_failed_repair
Qwen3 protected-v3 BNB + guarded EN,benqa_12th-Chemistry-II_0054,A,generated_en_only,use_generated_en,C,False,False,0,False,C,C,C,source_fallback_after_failed_repair
Qwen3 protected-v3 BNB + guarded EN,benqa_12th-Chemistry-II_0054,A,generated_bn_if_baseline_empty,fallback_baseline,C,False,False,0,False,C,C,C,source_fallback_after_failed_repair
Qwen3 protected-v3 BNB + guarded EN,benqa_12th-Chemistry-II_0054,A,generated_en_if_baseline_empty,fallback_baseline,C,False,False,0,False,C,C,C,source_fallback_after_failed_repair
Qwen3 protected-v3 BNB + guarded EN,benqa_12th-Chemistry-II_0054,A,all_disagree_bn_tiebreak,fallback_baseline,C,False,False,0,False,C,C,C,source_fallback_after_failed_repair
Qwen3 protected-v3 BNB + guarded EN,benqa_12th-Chemistry-II_0054,A,all_disagree_en_tiebreak,fallback_baseline,C,False,False,0,False,C,C,C,source_fallback_after_failed_repair
Qwen3 protected-v3 BNB + guarded EN,benqa_12th-Chemistry-II_0054,A,generated_bn_priority_nonbaseline,fallback_baseline,C,False,False,0,False,C,C,C,source_fallback_after_failed_repair
Qwen3 protected-v3 BNB + guarded EN,benqa_12th-Chemistry-II_0054,A,generated_en_priority_nonbaseline,fallback_baseline,C,False,False,0,False,C,C,C,source_fallback_after_failed_repair
Qwen3 protected-v3 BNB + guarded EN,benqa_12th-Chemistry-II_0240,B,baseline,baseline,C,False,False,0,False,C,C,C,source_fallback_after_failed_repair
Qwen3 protected-v3 BNB + guarded EN,benqa_12th-Chemistry-II_0240,B,strict_generated_agreement,fallback_baseline,C,False,False,0,False,C,C,C,source_fallback_after_failed_repair
Qwen3 protected-v3 BNB + guarded EN,benqa_12th-Chemistry-II_0240,B,three_view_majority,banglish_bn_majority,C,False,False,0,False,C,C,C,source_fallback_after_failed_repair
Qwen3 protected-v3 BNB + guarded EN,benqa_12th-Chemistry-II_0240,B,generated_bn_only,use_generated_bn,C,False,False,0,False,C,C,C,source_fallback_after_failed_repair
Qwen3 protected-v3 BNB + guarded EN,benqa_12th-Chemistry-II_0240,B,generated_en_only,use_generated_en,C,False,False,0,False,C,C,C,source_fallback_after_failed_repair
Qwen3 protected-v3 BNB + guarded EN,benqa_12th-Chemistry-II_0240,B,generated_bn_if_baseline_empty,fallback_baseline,C,False,False,0,False,C,C,C,source_fallback_after_failed_repair
Qwen3 protected-v3 BNB + guarded EN,benqa_12th-Chemistry-II_0240,B,generated_en_if_baseline_empty,fallback_baseline,C,False,False,0,False,C,C,C,source_fallback_after_failed_repair
Qwen3 protected-v3 BNB + guarded EN,benqa_12th-Chemistry-II_0240,B,all_disagree_bn_tiebreak,fallback_baseline,C,False,False,0,False,C,C,C,source_fallback_after_failed_repair
Qwen3 protected-v3 BNB + guarded EN,benqa_12th-Chemistry-II_0240,B,all_disagree_en_tiebreak,fallback_baseline,C,False,False,0,False,C,C,C,source_fallback_after_failed_repair
Qwen3 protected-v3 BNB + guarded EN,benqa_12th-Chemistry-II_0240,B,generated_bn_priority_nonbaseline,fallback_baseline,C,False,False,0,False,C,C,C,source_fallback_after_failed_repair
Qwen3 protected-v3 BNB + guarded EN,benqa_12th-Chemistry-II_0240,B,generated_en_priority_nonbaseline,fallback_baseline,C,False,False,0,False,C,C,C,source_fallback_after_failed_repair
Qwen3 protected-v3 BNB + guarded EN,benqa_12th-Chemistry-II_0305,D,baseline,baseline,D,True,True,0,False,D,C,D,source_fallback_after_failed_repair
Qwen3 protected-v3 BNB + guarded EN,benqa_12th-Chemistry-II_0305,D,strict_generated_agreement,fallback_baseline,D,True,True,0,False,D,C,D,source_fallback_after_failed_repair
Qwen3 protected-v3 BNB + guarded EN,benqa_12th-Chemistry-II_0305,D,three_view_majority,banglish_en_majority,D,True,True,0,False,D,C,D,source_fallback_after_failed_repair
Qwen3 protected-v3 BNB + guarded EN,benqa_12th-Chemistry-II_0305,D,generated_bn_only,use_generated_bn,C,False,True,-1,True,D,C,D,source_fallback_after_failed_repair
Qwen3 protected-v3 BNB + guarded EN,benqa_12th-Chemistry-II_0305,D,generated_en_only,use_generated_en,D,True,True,0,False,D,C,D,source_fallback_after_failed_repair
Qwen3 protected-v3 BNB + guarded EN,benqa_12th-Chemistry-II_0305,D,generated_bn_if_baseline_empty,fallback_baseline,D,True,True,0,False,D,C,D,source_fallback_after_failed_repair
Qwen3 protected-v3 BNB + guarded EN,benqa_12th-Chemistry-II_0305,D,generated_en_if_baseline_empty,fallback_baseline,D,True,True,0,False,D,C,D,source_fallback_after_failed_repair
Qwen3 protected-v3 BNB + guarded EN,benqa_12th-Chemistry-II_0305,D,all_disagree_bn_tiebreak,fallback_baseline,D,True,True,0,False,D,C,D,source_fallback_after_failed_repair
Qwen3 protected-v3 BNB + guarded EN,benqa_12th-Chemistry-II_0305,D,all_disagree_en_tiebreak,fallback_baseline,D,True,True,0,False,D,C,D,source_fallback_after_failed_repair
Qwen3 protected-v3 BNB + guarded EN,benqa_12th-Chemistry-II_0305,D,generated_bn_priority_nonbaseline,bn_nonbaseline_priority,C,False,True,-1,True,D,C,D,source_fallback_after_failed_repair
Qwen3 protected-v3 BNB + guarded EN,benqa_12th-Chemistry-II_0305,D,generated_en_priority_nonbaseline,bn_nonbaseline_priority,C,False,True,-1,True,D,C,D,source_fallback_after_failed_repair
Qwen3 protected-v3 BNB + guarded EN,benqa_12th-Chemistry-I_0140,D,baseline,baseline,D,True,True,0,False,D,D,D,source_fallback_after_failed_repair
Qwen3 protected-v3 BNB + guarded EN,benqa_12th-Chemistry-I_0140,D,strict_generated_agreement,fallback_baseline,D,True,True,0,False,D,D,D,source_fallback_after_failed_repair
Qwen3 protected-v3 BNB + guarded EN,benqa_12th-Chemistry-I_0140,D,three_view_majority,banglish_bn_majority,D,True,True,0,False,D,D,D,source_fallback_after_failed_repair
Qwen3 protected-v3 BNB + guarded EN,benqa_12th-Chemistry-I_0140,D,generated_bn_only,use_generated_bn,D,True,True,0,False,D,D,D,source_fallback_after_failed_repair
Qwen3 protected-v3 BNB + guarded EN,benqa_12th-Chemistry-I_0140,D,generated_en_only,use_generated_en,D,True,True,0,False,D,D,D,source_fallback_after_failed_repair
Qwen3 protected-v3 BNB + guarded EN,benqa_12th-Chemistry-I_0140,D,generated_bn_if_baseline_empty,fallback_baseline,D,True,True,0,False,D,D,D,source_fallback_after_failed_repair
Qwen3 protected-v3 BNB + guarded EN,benqa_12th-Chemistry-I_0140,D,generated_en_if_baseline_empty,fallback_baseline,D,True,True,0,False,D,D,D,source_fallback_after_failed_repair
Qwen3 protected-v3 BNB + guarded EN,benqa_12th-Chemistry-I_0140,D,all_disagree_bn_tiebreak,fallback_baseline,D,True,True,0,False,D,D,D,source_fallback_after_failed_repair
Qwen3 protected-v3 BNB + guarded EN,benqa_12th-Chemistry-I_0140,D,all_disagree_en_tiebreak,fallback_baseline,D,True,True,0,False,D,D,D,source_fallback_after_failed_repair
Qwen3 protected-v3 BNB + guarded EN,benqa_12th-Chemistry-I_0140,D,generated_bn_priority_nonbaseline,fallback_baseline,D,True,True,0,False,D,D,D,source_fallback_after_failed_repair
Qwen3 protected-v3 BNB + guarded EN,benqa_12th-Chemistry-I_0140,D,generated_en_priority_nonbaseline,fallback_baseline,D,True,True,0,False,D,D,D,source_fallback_after_failed_repair
Qwen3 protected-v3 BNB + guarded EN,benqa_12th-Chemistry-I_0190,B,baseline,baseline,D,False,False,0,False,D,D,D,translated_stem_source_tail
Qwen3 protected-v3 BNB + guarded EN,benqa_12th-Chemistry-I_0190,B,strict_generated_agreement,fallback_baseline,D,False,False,0,False,D,D,D,translated_stem_source_tail
Qwen3 protected-v3 BNB + guarded EN,benqa_12th-Chemistry-I_0190,B,three_view_majority,banglish_bn_majority,D,False,False,0,False,D,D,D,translated_stem_source_tail
Qwen3 protected-v3 BNB + guarded EN,benqa_12th-Chemistry-I_0190,B,generated_bn_only,use_generated_bn,D,False,False,0,False,D,D,D,translated_stem_source_tail
Qwen3 protected-v3 BNB + guarded EN,benqa_12th-Chemistry-I_0190,B,generated_en_only,use_generated_en,D,False,False,0,False,D,D,D,translated_stem_source_tail
Qwen3 protected-v3 BNB + guarded EN,benqa_12th-Chemistry-I_0190,B,generated_bn_if_baseline_empty,fallback_baseline,D,False,False,0,False,D,D,D,translated_stem_source_tail
Qwen3 protected-v3 BNB + guarded EN,benqa_12th-Chemistry-I_0190,B,generated_en_if_baseline_empty,fallback_baseline,D,False,False,0,False,D,D,D,translated_stem_source_tail
Qwen3 protected-v3 BNB + guarded EN,benqa_12th-Chemistry-I_0190,B,all_disagree_bn_tiebreak,fallback_baseline,D,False,False,0,False,D,D,D,translated_stem_source_tail
Qwen3 protected-v3 BNB + guarded EN,benqa_12th-Chemistry-I_0190,B,all_disagree_en_tiebreak,fallback_baseline,D,False,False,0,False,D,D,D,translated_stem_source_tail
Qwen3 protected-v3 BNB + guarded EN,benqa_12th-Chemistry-I_0190,B,generated_bn_priority_nonbaseline,fallback_baseline,D,False,False,0,False,D,D,D,translated_stem_source_tail
Qwen3 protected-v3 BNB + guarded EN,benqa_12th-Chemistry-I_0190,B,generated_en_priority_nonbaseline,fallback_baseline,D,False,False,0,False,D,D,D,translated_stem_source_tail
Qwen3 protected-v3 BNB + guarded EN,benqa_12th-Chemistry-I_0303,D,baseline,baseline,D,True,True,0,False,D,D,D,translated_stem_source_tail
Qwen3 protected-v3 BNB + guarded EN,benqa_12th-Chemistry-I_0303,D,strict_generated_agreement,fallback_baseline,D,True,True,0,False,D,D,D,translated_stem_source_tail
Qwen3 protected-v3 BNB + guarded EN,benqa_12th-Chemistry-I_0303,D,three_view_majority,banglish_bn_majority,D,True,True,0,False,D,D,D,translated_stem_source_tail
Qwen3 protected-v3 BNB + guarded EN,benqa_12th-Chemistry-I_0303,D,generated_bn_only,use_generated_bn,D,True,True,0,False,D,D,D,translated_stem_source_tail
Qwen3 protected-v3 BNB + guarded EN,benqa_12th-Chemistry-I_0303,D,generated_en_only,use_generated_en,D,True,True,0,False,D,D,D,translated_stem_source_tail
Qwen3 protected-v3 BNB + guarded EN,benqa_12th-Chemistry-I_0303,D,generated_bn_if_baseline_empty,fallback_baseline,D,True,True,0,False,D,D,D,translated_stem_source_tail
Qwen3 protected-v3 BNB + guarded EN,benqa_12th-Chemistry-I_0303,D,generated_en_if_baseline_empty,fallback_baseline,D,True,True,0,False,D,D,D,translated_stem_source_tail
Qwen3 protected-v3 BNB + guarded EN,benqa_12th-Chemistry-I_0303,D,all_disagree_bn_tiebreak,fallback_baseline,D,True,True,0,False,D,D,D,translated_stem_source_tail
Qwen3 protected-v3 BNB + guarded EN,benqa_12th-Chemistry-I_0303,D,all_disagree_en_tiebreak,fallback_baseline,D,True,True,0,False,D,D,D,translated_stem_source_tail
Qwen3 protected-v3 BNB + guarded EN,benqa_12th-Chemistry-I_0303,D,generated_bn_priority_nonbaseline,fallback_baseline,D,True,True,0,False,D,D,D,translated_stem_source_tail
Qwen3 protected-v3 BNB + guarded EN,benqa_12th-Chemistry-I_0303,D,generated_en_priority_nonbaseline,fallback_baseline,D,True,True,0,False,D,D,D,translated_stem_source_tail
Qwen3 protected-v3 BNB + guarded EN,benqa_12th-Math-II_0230,D,baseline,baseline,D,True,True,0,False,D,D,D,translated_stem_source_tail
Qwen3 protected-v3 BNB + guarded EN,benqa_12th-Math-II_0230,D,strict_generated_agreement,fallback_baseline,D,True,True,0,False,D,D,D,translated_stem_source_tail
Qwen3 protected-v3 BNB + guarded EN,benqa_12th-Math-II_0230,D,three_view_majority,banglish_bn_majority,D,True,True,0,False,D,D,D,translated_stem_source_tail
Qwen3 protected-v3 BNB + guarded EN,benqa_12th-Math-II_0230,D,generated_bn_only,use_generated_bn,D,True,True,0,False,D,D,D,translated_stem_source_tail
Qwen3 protected-v3 BNB + guarded EN,benqa_12th-Math-II_0230,D,generated_en_only,use_generated_en,D,True,True,0,False,D,D,D,translated_stem_source_tail
Qwen3 protected-v3 BNB + guarded EN,benqa_12th-Math-II_0230,D,generated_bn_if_baseline_empty,fallback_baseline,D,True,True,0,False,D,D,D,translated_stem_source_tail
Qwen3 protected-v3 BNB + guarded EN,benqa_12th-Math-II_0230,D,generated_en_if_baseline_empty,fallback_baseline,D,True,True,0,False,D,D,D,translated_stem_source_tail
Qwen3 protected-v3 BNB + guarded EN,benqa_12th-Math-II_0230,D,all_disagree_bn_tiebreak,fallback_baseline,D,True,True,0,False,D,D,D,translated_stem_source_tail
Qwen3 protected-v3 BNB + guarded EN,benqa_12th-Math-II_0230,D,all_disagree_en_tiebreak,fallback_baseline,D,True,True,0,False,D,D,D,translated_stem_source_tail
Qwen3 protected-v3 BNB + guarded EN,benqa_12th-Math-II_0230,D,generated_bn_priority_nonbaseline,fallback_baseline,D,True,True,0,False,D,D,D,translated_stem_source_tail
Qwen3 protected-v3 BNB + guarded EN,benqa_12th-Math-II_0230,D,generated_en_priority_nonbaseline,fallback_baseline,D,True,True,0,False,D,D,D,translated_stem_source_tail
Qwen3 protected-v3 BNB + guarded EN,benqa_12th-Math-II_0234,A,baseline,baseline,,False,False,0,False,,D,,source_fallback_after_failed_repair
Qwen3 protected-v3 BNB + guarded EN,benqa_12th-Math-II_0234,A,strict_generated_agreement,fallback_baseline,,False,False,0,False,,D,,source_fallback_after_failed_repair
Qwen3 protected-v3 BNB + guarded EN,benqa_12th-Math-II_0234,A,three_view_majority,fallback_baseline,,False,False,0,False,,D,,source_fallback_after_failed_repair
Qwen3 protected-v3 BNB + guarded EN,benqa_12th-Math-II_0234,A,generated_bn_only,use_generated_bn,D,False,False,0,True,,D,,source_fallback_after_failed_repair
Qwen3 protected-v3 BNB + guarded EN,benqa_12th-Math-II_0234,A,generated_en_only,fallback_baseline,,False,False,0,False,,D,,source_fallback_after_failed_repair
Qwen3 protected-v3 BNB + guarded EN,benqa_12th-Math-II_0234,A,generated_bn_if_baseline_empty,baseline_empty_use_bn,D,False,False,0,True,,D,,source_fallback_after_failed_repair
Qwen3 protected-v3 BNB + guarded EN,benqa_12th-Math-II_0234,A,generated_en_if_baseline_empty,fallback_baseline,,False,False,0,False,,D,,source_fallback_after_failed_repair
Qwen3 protected-v3 BNB + guarded EN,benqa_12th-Math-II_0234,A,all_disagree_bn_tiebreak,fallback_baseline,,False,False,0,False,,D,,source_fallback_after_failed_repair
Qwen3 protected-v3 BNB + guarded EN,benqa_12th-Math-II_0234,A,all_disagree_en_tiebreak,fallback_baseline,,False,False,0,False,,D,,source_fallback_after_failed_repair
Qwen3 protected-v3 BNB + guarded EN,benqa_12th-Math-II_0234,A,generated_bn_priority_nonbaseline,bn_nonbaseline_priority,D,False,False,0,True,,D,,source_fallback_after_failed_repair
Qwen3 protected-v3 BNB + guarded EN,benqa_12th-Math-II_0234,A,generated_en_priority_nonbaseline,bn_nonbaseline_priority,D,False,False,0,True,,D,,source_fallback_after_failed_repair
Qwen3 protected-v3 BNB + guarded EN,benqa_12th-Math-I_0088,C,baseline,baseline,D,False,False,0,False,D,D,D,source_fallback_after_failed_repair
Qwen3 protected-v3 BNB + guarded EN,benqa_12th-Math-I_0088,C,strict_generated_agreement,fallback_baseline,D,False,False,0,False,D,D,D,source_fallback_after_failed_repair
Qwen3 protected-v3 BNB + guarded EN,benqa_12th-Math-I_0088,C,three_view_majority,banglish_bn_majority,D,False,False,0,False,D,D,D,source_fallback_after_failed_repair
Qwen3 protected-v3 BNB + guarded EN,benqa_12th-Math-I_0088,C,generated_bn_only,use_generated_bn,D,False,False,0,False,D,D,D,source_fallback_after_failed_repair
Qwen3 protected-v3 BNB + guarded EN,benqa_12th-Math-I_0088,C,generated_en_only,use_generated_en,D,False,False,0,False,D,D,D,source_fallback_after_failed_repair
Qwen3 protected-v3 BNB + guarded EN,benqa_12th-Math-I_0088,C,generated_bn_if_baseline_empty,fallback_baseline,D,False,False,0,False,D,D,D,source_fallback_after_failed_repair
Qwen3 protected-v3 BNB + guarded EN,benqa_12th-Math-I_0088,C,generated_en_if_baseline_empty,fallback_baseline,D,False,False,0,False,D,D,D,source_fallback_after_failed_repair
Qwen3 protected-v3 BNB + guarded EN,benqa_12th-Math-I_0088,C,all_disagree_bn_tiebreak,fallback_baseline,D,False,False,0,False,D,D,D,source_fallback_after_failed_repair
Qwen3 protected-v3 BNB + guarded EN,benqa_12th-Math-I_0088,C,all_disagree_en_tiebreak,fallback_baseline,D,False,False,0,False,D,D,D,source_fallback_after_failed_repair
Qwen3 protected-v3 BNB + guarded EN,benqa_12th-Math-I_0088,C,generated_bn_priority_nonbaseline,fallback_baseline,D,False,False,0,False,D,D,D,source_fallback_after_failed_repair
Qwen3 protected-v3 BNB + guarded EN,benqa_12th-Math-I_0088,C,generated_en_priority_nonbaseline,fallback_baseline,D,False,False,0,False,D,D,D,source_fallback_after_failed_repair
Qwen3 protected-v3 BNB + guarded EN,benqa_12th-Math-I_0120,D,baseline,baseline,D,True,True,0,False,D,D,D,source_fallback_after_failed_repair
Qwen3 protected-v3 BNB + guarded EN,benqa_12th-Math-I_0120,D,strict_generated_agreement,fallback_baseline,D,True,True,0,False,D,D,D,source_fallback_after_failed_repair
Qwen3 protected-v3 BNB + guarded EN,benqa_12th-Math-I_0120,D,three_view_majority,banglish_bn_majority,D,True,True,0,False,D,D,D,source_fallback_after_failed_repair
Qwen3 protected-v3 BNB + guarded EN,benqa_12th-Math-I_0120,D,generated_bn_only,use_generated_bn,D,True,True,0,False,D,D,D,source_fallback_after_failed_repair
Qwen3 protected-v3 BNB + guarded EN,benqa_12th-Math-I_0120,D,generated_en_only,use_generated_en,D,True,True,0,False,D,D,D,source_fallback_after_failed_repair
Qwen3 protected-v3 BNB + guarded EN,benqa_12th-Math-I_0120,D,generated_bn_if_baseline_empty,fallback_baseline,D,True,True,0,False,D,D,D,source_fallback_after_failed_repair
Qwen3 protected-v3 BNB + guarded EN,benqa_12th-Math-I_0120,D,generated_en_if_baseline_empty,fallback_baseline,D,True,True,0,False,D,D,D,source_fallback_after_failed_repair
Qwen3 protected-v3 BNB + guarded EN,benqa_12th-Math-I_0120,D,all_disagree_bn_tiebreak,fallback_baseline,D,True,True,0,False,D,D,D,source_fallback_after_failed_repair
Qwen3 protected-v3 BNB + guarded EN,benqa_12th-Math-I_0120,D,all_disagree_en_tiebreak,fallback_baseline,D,True,True,0,False,D,D,D,source_fallback_after_failed_repair
Qwen3 protected-v3 BNB + guarded EN,benqa_12th-Math-I_0120,D,generated_bn_priority_nonbaseline,fallback_baseline,D,True,True,0,False,D,D,D,source_fallback_after_failed_repair
Qwen3 protected-v3 BNB + guarded EN,benqa_12th-Math-I_0120,D,generated_en_priority_nonbaseline,fallback_baseline,D,True,True,0,False,D,D,D,source_fallback_after_failed_repair
Qwen3 protected-v3 BNB + guarded EN,benqa_12th-Math-I_0202,B,baseline,baseline,B,True,True,0,False,B,B,B,source_fallback_after_failed_repair
Qwen3 protected-v3 BNB + guarded EN,benqa_12th-Math-I_0202,B,strict_generated_agreement,fallback_baseline,B,True,True,0,False,B,B,B,source_fallback_after_failed_repair
Qwen3 protected-v3 BNB + guarded EN,benqa_12th-Math-I_0202,B,three_view_majority,banglish_bn_majority,B,True,True,0,False,B,B,B,source_fallback_after_failed_repair
Qwen3 protected-v3 BNB + guarded EN,benqa_12th-Math-I_0202,B,generated_bn_only,use_generated_bn,B,True,True,0,False,B,B,B,source_fallback_after_failed_repair
Qwen3 protected-v3 BNB + guarded EN,benqa_12th-Math-I_0202,B,generated_en_only,use_generated_en,B,True,True,0,False,B,B,B,source_fallback_after_failed_repair
Qwen3 protected-v3 BNB + guarded EN,benqa_12th-Math-I_0202,B,generated_bn_if_baseline_empty,fallback_baseline,B,True,True,0,False,B,B,B,source_fallback_after_failed_repair
Qwen3 protected-v3 BNB + guarded EN,benqa_12th-Math-I_0202,B,generated_en_if_baseline_empty,fallback_baseline,B,True,True,0,False,B,B,B,source_fallback_after_failed_repair
Qwen3 protected-v3 BNB + guarded EN,benqa_12th-Math-I_0202,B,all_disagree_bn_tiebreak,fallback_baseline,B,True,True,0,False,B,B,B,source_fallback_after_failed_repair
Qwen3 protected-v3 BNB + guarded EN,benqa_12th-Math-I_0202,B,all_disagree_en_tiebreak,fallback_baseline,B,True,True,0,False,B,B,B,source_fallback_after_failed_repair
Qwen3 protected-v3 BNB + guarded EN,benqa_12th-Math-I_0202,B,generated_bn_priority_nonbaseline,fallback_baseline,B,True,True,0,False,B,B,B,source_fallback_after_failed_repair
Qwen3 protected-v3 BNB + guarded EN,benqa_12th-Math-I_0202,B,generated_en_priority_nonbaseline,fallback_baseline,B,True,True,0,False,B,B,B,source_fallback_after_failed_repair
Qwen3 protected-v3 BNB + guarded EN,benqa_12th-Physics-II_0088,A,baseline,baseline,D,False,False,0,False,D,D,D,source_fallback_after_failed_repair
Qwen3 protected-v3 BNB + guarded EN,benqa_12th-Physics-II_0088,A,strict_generated_agreement,fallback_baseline,D,False,False,0,False,D,D,D,source_fallback_after_failed_repair
Qwen3 protected-v3 BNB + guarded EN,benqa_12th-Physics-II_0088,A,three_view_majority,banglish_bn_majority,D,False,False,0,False,D,D,D,source_fallback_after_failed_repair
Qwen3 protected-v3 BNB + guarded EN,benqa_12th-Physics-II_0088,A,generated_bn_only,use_generated_bn,D,False,False,0,False,D,D,D,source_fallback_after_failed_repair
Qwen3 protected-v3 BNB + guarded EN,benqa_12th-Physics-II_0088,A,generated_en_only,use_generated_en,D,False,False,0,False,D,D,D,source_fallback_after_failed_repair
Qwen3 protected-v3 BNB + guarded EN,benqa_12th-Physics-II_0088,A,generated_bn_if_baseline_empty,fallback_baseline,D,False,False,0,False,D,D,D,source_fallback_after_failed_repair
Qwen3 protected-v3 BNB + guarded EN,benqa_12th-Physics-II_0088,A,generated_en_if_baseline_empty,fallback_baseline,D,False,False,0,False,D,D,D,source_fallback_after_failed_repair
Qwen3 protected-v3 BNB + guarded EN,benqa_12th-Physics-II_0088,A,all_disagree_bn_tiebreak,fallback_baseline,D,False,False,0,False,D,D,D,source_fallback_after_failed_repair
Qwen3 protected-v3 BNB + guarded EN,benqa_12th-Physics-II_0088,A,all_disagree_en_tiebreak,fallback_baseline,D,False,False,0,False,D,D,D,source_fallback_after_failed_repair
Qwen3 protected-v3 BNB + guarded EN,benqa_12th-Physics-II_0088,A,generated_bn_priority_nonbaseline,fallback_baseline,D,False,False,0,False,D,D,D,source_fallback_after_failed_repair
Qwen3 protected-v3 BNB + guarded EN,benqa_12th-Physics-II_0088,A,generated_en_priority_nonbaseline,fallback_baseline,D,False,False,0,False,D,D,D,source_fallback_after_failed_repair
Qwen3 protected-v3 BNB + guarded EN,benqa_12th-Physics-II_0131,B,baseline,baseline,D,False,False,0,False,D,D,D,translated_stem_source_tail
Qwen3 protected-v3 BNB + guarded EN,benqa_12th-Physics-II_0131,B,strict_generated_agreement,fallback_baseline,D,False,False,0,False,D,D,D,translated_stem_source_tail
Qwen3 protected-v3 BNB + guarded EN,benqa_12th-Physics-II_0131,B,three_view_majority,banglish_bn_majority,D,False,False,0,False,D,D,D,translated_stem_source_tail
Qwen3 protected-v3 BNB + guarded EN,benqa_12th-Physics-II_0131,B,generated_bn_only,use_generated_bn,D,False,False,0,False,D,D,D,translated_stem_source_tail
Qwen3 protected-v3 BNB + guarded EN,benqa_12th-Physics-II_0131,B,generated_en_only,use_generated_en,D,False,False,0,False,D,D,D,translated_stem_source_tail
Qwen3 protected-v3 BNB + guarded EN,benqa_12th-Physics-II_0131,B,generated_bn_if_baseline_empty,fallback_baseline,D,False,False,0,False,D,D,D,translated_stem_source_tail
Qwen3 protected-v3 BNB + guarded EN,benqa_12th-Physics-II_0131,B,generated_en_if_baseline_empty,fallback_baseline,D,False,False,0,False,D,D,D,translated_stem_source_tail
Qwen3 protected-v3 BNB + guarded EN,benqa_12th-Physics-II_0131,B,all_disagree_bn_tiebreak,fallback_baseline,D,False,False,0,False,D,D,D,translated_stem_source_tail
Qwen3 protected-v3 BNB + guarded EN,benqa_12th-Physics-II_0131,B,all_disagree_en_tiebreak,fallback_baseline,D,False,False,0,False,D,D,D,translated_stem_source_tail
Qwen3 protected-v3 BNB + guarded EN,benqa_12th-Physics-II_0131,B,generated_bn_priority_nonbaseline,fallback_baseline,D,False,False,0,False,D,D,D,translated_stem_source_tail
Qwen3 protected-v3 BNB + guarded EN,benqa_12th-Physics-II_0131,B,generated_en_priority_nonbaseline,fallback_baseline,D,False,False,0,False,D,D,D,translated_stem_source_tail
Qwen3 protected-v3 BNB + guarded EN,benqa_12th-Physics-I_0106,D,baseline,baseline,D,True,True,0,False,D,D,C,translated_stem_source_tail
Qwen3 protected-v3 BNB + guarded EN,benqa_12th-Physics-I_0106,D,strict_generated_agreement,fallback_baseline,D,True,True,0,False,D,D,C,translated_stem_source_tail
Qwen3 protected-v3 BNB + guarded EN,benqa_12th-Physics-I_0106,D,three_view_majority,banglish_bn_majority,D,True,True,0,False,D,D,C,translated_stem_source_tail
Qwen3 protected-v3 BNB + guarded EN,benqa_12th-Physics-I_0106,D,generated_bn_only,use_generated_bn,D,True,True,0,False,D,D,C,translated_stem_source_tail
Qwen3 protected-v3 BNB + guarded EN,benqa_12th-Physics-I_0106,D,generated_en_only,use_generated_en,C,False,True,-1,True,D,D,C,translated_stem_source_tail
Qwen3 protected-v3 BNB + guarded EN,benqa_12th-Physics-I_0106,D,generated_bn_if_baseline_empty,fallback_baseline,D,True,True,0,False,D,D,C,translated_stem_source_tail
Qwen3 protected-v3 BNB + guarded EN,benqa_12th-Physics-I_0106,D,generated_en_if_baseline_empty,fallback_baseline,D,True,True,0,False,D,D,C,translated_stem_source_tail
Qwen3 protected-v3 BNB + guarded EN,benqa_12th-Physics-I_0106,D,all_disagree_bn_tiebreak,fallback_baseline,D,True,True,0,False,D,D,C,translated_stem_source_tail
Qwen3 protected-v3 BNB + guarded EN,benqa_12th-Physics-I_0106,D,all_disagree_en_tiebreak,fallback_baseline,D,True,True,0,False,D,D,C,translated_stem_source_tail
Qwen3 protected-v3 BNB + guarded EN,benqa_12th-Physics-I_0106,D,generated_bn_priority_nonbaseline,en_nonbaseline_priority,C,False,True,-1,True,D,D,C,translated_stem_source_tail
Qwen3 protected-v3 BNB + guarded EN,benqa_12th-Physics-I_0106,D,generated_en_priority_nonbaseline,en_nonbaseline_priority,C,False,True,-1,True,D,D,C,translated_stem_source_tail
Qwen3 protected-v3 BNB + guarded EN,benqa_12th-Physics-I_0109,C,baseline,baseline,D,False,False,0,False,D,D,D,translated_stem_source_tail
Qwen3 protected-v3 BNB + guarded EN,benqa_12th-Physics-I_0109,C,strict_generated_agreement,fallback_baseline,D,False,False,0,False,D,D,D,translated_stem_source_tail
Qwen3 protected-v3 BNB + guarded EN,benqa_12th-Physics-I_0109,C,three_view_majority,banglish_bn_majority,D,False,False,0,False,D,D,D,translated_stem_source_tail
Qwen3 protected-v3 BNB + guarded EN,benqa_12th-Physics-I_0109,C,generated_bn_only,use_generated_bn,D,False,False,0,False,D,D,D,translated_stem_source_tail
Qwen3 protected-v3 BNB + guarded EN,benqa_12th-Physics-I_0109,C,generated_en_only,use_generated_en,D,False,False,0,False,D,D,D,translated_stem_source_tail
Qwen3 protected-v3 BNB + guarded EN,benqa_12th-Physics-I_0109,C,generated_bn_if_baseline_empty,fallback_baseline,D,False,False,0,False,D,D,D,translated_stem_source_tail
Qwen3 protected-v3 BNB + guarded EN,benqa_12th-Physics-I_0109,C,generated_en_if_baseline_empty,fallback_baseline,D,False,False,0,False,D,D,D,translated_stem_source_tail
Qwen3 protected-v3 BNB + guarded EN,benqa_12th-Physics-I_0109,C,all_disagree_bn_tiebreak,fallback_baseline,D,False,False,0,False,D,D,D,translated_stem_source_tail
Qwen3 protected-v3 BNB + guarded EN,benqa_12th-Physics-I_0109,C,all_disagree_en_tiebreak,fallback_baseline,D,False,False,0,False,D,D,D,translated_stem_source_tail
Qwen3 protected-v3 BNB + guarded EN,benqa_12th-Physics-I_0109,C,generated_bn_priority_nonbaseline,fallback_baseline,D,False,False,0,False,D,D,D,translated_stem_source_tail
Qwen3 protected-v3 BNB + guarded EN,benqa_12th-Physics-I_0109,C,generated_en_priority_nonbaseline,fallback_baseline,D,False,False,0,False,D,D,D,translated_stem_source_tail
Qwen3 protected-v3 BNB + guarded EN,benqa_8th-Math_0031,D,baseline,baseline,D,True,True,0,False,D,D,D,translated_stem_source_tail
Qwen3 protected-v3 BNB + guarded EN,benqa_8th-Math_0031,D,strict_generated_agreement,fallback_baseline,D,True,True,0,False,D,D,D,translated_stem_source_tail
Qwen3 protected-v3 BNB + guarded EN,benqa_8th-Math_0031,D,three_view_majority,banglish_bn_majority,D,True,True,0,False,D,D,D,translated_stem_source_tail
Qwen3 protected-v3 BNB + guarded EN,benqa_8th-Math_0031,D,generated_bn_only,use_generated_bn,D,True,True,0,False,D,D,D,translated_stem_source_tail
Qwen3 protected-v3 BNB + guarded EN,benqa_8th-Math_0031,D,generated_en_only,use_generated_en,D,True,True,0,False,D,D,D,translated_stem_source_tail
Qwen3 protected-v3 BNB + guarded EN,benqa_8th-Math_0031,D,generated_bn_if_baseline_empty,fallback_baseline,D,True,True,0,False,D,D,D,translated_stem_source_tail
Qwen3 protected-v3 BNB + guarded EN,benqa_8th-Math_0031,D,generated_en_if_baseline_empty,fallback_baseline,D,True,True,0,False,D,D,D,translated_stem_source_tail
Qwen3 protected-v3 BNB + guarded EN,benqa_8th-Math_0031,D,all_disagree_bn_tiebreak,fallback_baseline,D,True,True,0,False,D,D,D,translated_stem_source_tail
Qwen3 protected-v3 BNB + guarded EN,benqa_8th-Math_0031,D,all_disagree_en_tiebreak,fallback_baseline,D,True,True,0,False,D,D,D,translated_stem_source_tail
Qwen3 protected-v3 BNB + guarded EN,benqa_8th-Math_0031,D,generated_bn_priority_nonbaseline,fallback_baseline,D,True,True,0,False,D,D,D,translated_stem_source_tail
Qwen3 protected-v3 BNB + guarded EN,benqa_8th-Math_0031,D,generated_en_priority_nonbaseline,fallback_baseline,D,True,True,0,False,D,D,D,translated_stem_source_tail
Qwen3 protected-v3 BNB + guarded EN,benqa_8th-Math_0085,C,baseline,baseline,D,False,False,0,False,D,C,C,translated_stem_source_tail
Qwen3 protected-v3 BNB + guarded EN,benqa_8th-Math_0085,C,strict_generated_agreement,bn_en_agree_nonbaseline,C,True,False,1,True,D,C,C,translated_stem_source_tail
Qwen3 protected-v3 BNB + guarded EN,benqa_8th-Math_0085,C,three_view_majority,bn_en_majority,C,True,False,1,True,D,C,C,translated_stem_source_tail
Qwen3 protected-v3 BNB + guarded EN,benqa_8th-Math_0085,C,generated_bn_only,use_generated_bn,C,True,False,1,True,D,C,C,translated_stem_source_tail
Qwen3 protected-v3 BNB + guarded EN,benqa_8th-Math_0085,C,generated_en_only,use_generated_en,C,True,False,1,True,D,C,C,translated_stem_source_tail
Qwen3 protected-v3 BNB + guarded EN,benqa_8th-Math_0085,C,generated_bn_if_baseline_empty,fallback_baseline,D,False,False,0,False,D,C,C,translated_stem_source_tail
Qwen3 protected-v3 BNB + guarded EN,benqa_8th-Math_0085,C,generated_en_if_baseline_empty,fallback_baseline,D,False,False,0,False,D,C,C,translated_stem_source_tail
Qwen3 protected-v3 BNB + guarded EN,benqa_8th-Math_0085,C,all_disagree_bn_tiebreak,bn_en_agree_nonbaseline,C,True,False,1,True,D,C,C,translated_stem_source_tail
Qwen3 protected-v3 BNB + guarded EN,benqa_8th-Math_0085,C,all_disagree_en_tiebreak,bn_en_agree_nonbaseline,C,True,False,1,True,D,C,C,translated_stem_source_tail
Qwen3 protected-v3 BNB + guarded EN,benqa_8th-Math_0085,C,generated_bn_priority_nonbaseline,bn_en_agree_nonbaseline,C,True,False,1,True,D,C,C,translated_stem_source_tail
Qwen3 protected-v3 BNB + guarded EN,benqa_8th-Math_0085,C,generated_en_priority_nonbaseline,bn_en_agree_nonbaseline,C,True,False,1,True,D,C,C,translated_stem_source_tail
Qwen3 protected-v3 BNB + guarded EN,benqa_8th-Science_0024,C,baseline,baseline,D,False,False,0,False,D,B,D,source_fallback_after_failed_repair
Qwen3 protected-v3 BNB + guarded EN,benqa_8th-Science_0024,C,strict_generated_agreement,fallback_baseline,D,False,False,0,False,D,B,D,source_fallback_after_failed_repair
Qwen3 protected-v3 BNB + guarded EN,benqa_8th-Science_0024,C,three_view_majority,banglish_en_majority,D,False,False,0,False,D,B,D,source_fallback_after_failed_repair
Qwen3 protected-v3 BNB + guarded EN,benqa_8th-Science_0024,C,generated_bn_only,use_generated_bn,B,False,False,0,True,D,B,D,source_fallback_after_failed_repair
Qwen3 protected-v3 BNB + guarded EN,benqa_8th-Science_0024,C,generated_en_only,use_generated_en,D,False,False,0,False,D,B,D,source_fallback_after_failed_repair
Qwen3 protected-v3 BNB + guarded EN,benqa_8th-Science_0024,C,generated_bn_if_baseline_empty,fallback_baseline,D,False,False,0,False,D,B,D,source_fallback_after_failed_repair
Qwen3 protected-v3 BNB + guarded EN,benqa_8th-Science_0024,C,generated_en_if_baseline_empty,fallback_baseline,D,False,False,0,False,D,B,D,source_fallback_after_failed_repair
Qwen3 protected-v3 BNB + guarded EN,benqa_8th-Science_0024,C,all_disagree_bn_tiebreak,fallback_baseline,D,False,False,0,False,D,B,D,source_fallback_after_failed_repair
Qwen3 protected-v3 BNB + guarded EN,benqa_8th-Science_0024,C,all_disagree_en_tiebreak,fallback_baseline,D,False,False,0,False,D,B,D,source_fallback_after_failed_repair
Qwen3 protected-v3 BNB + guarded EN,benqa_8th-Science_0024,C,generated_bn_priority_nonbaseline,bn_nonbaseline_priority,B,False,False,0,True,D,B,D,source_fallback_after_failed_repair
Qwen3 protected-v3 BNB + guarded EN,benqa_8th-Science_0024,C,generated_en_priority_nonbaseline,bn_nonbaseline_priority,B,False,False,0,True,D,B,D,source_fallback_after_failed_repair
Qwen3 protected-v3 BNB + guarded EN,benqa_8th-Science_0153,C,baseline,baseline,D,False,False,0,False,D,C,D,translated_stem_source_tail
Qwen3 protected-v3 BNB + guarded EN,benqa_8th-Science_0153,C,strict_generated_agreement,fallback_baseline,D,False,False,0,False,D,C,D,translated_stem_source_tail
Qwen3 protected-v3 BNB + guarded EN,benqa_8th-Science_0153,C,three_view_majority,banglish_en_majority,D,False,False,0,False,D,C,D,translated_stem_source_tail
Qwen3 protected-v3 BNB + guarded EN,benqa_8th-Science_0153,C,generated_bn_only,use_generated_bn,C,True,False,1,True,D,C,D,translated_stem_source_tail
Qwen3 protected-v3 BNB + guarded EN,benqa_8th-Science_0153,C,generated_en_only,use_generated_en,D,False,False,0,False,D,C,D,translated_stem_source_tail
Qwen3 protected-v3 BNB + guarded EN,benqa_8th-Science_0153,C,generated_bn_if_baseline_empty,fallback_baseline,D,False,False,0,False,D,C,D,translated_stem_source_tail
Qwen3 protected-v3 BNB + guarded EN,benqa_8th-Science_0153,C,generated_en_if_baseline_empty,fallback_baseline,D,False,False,0,False,D,C,D,translated_stem_source_tail
Qwen3 protected-v3 BNB + guarded EN,benqa_8th-Science_0153,C,all_disagree_bn_tiebreak,fallback_baseline,D,False,False,0,False,D,C,D,translated_stem_source_tail
Qwen3 protected-v3 BNB + guarded EN,benqa_8th-Science_0153,C,all_disagree_en_tiebreak,fallback_baseline,D,False,False,0,False,D,C,D,translated_stem_source_tail
Qwen3 protected-v3 BNB + guarded EN,benqa_8th-Science_0153,C,generated_bn_priority_nonbaseline,bn_nonbaseline_priority,C,True,False,1,True,D,C,D,translated_stem_source_tail
Qwen3 protected-v3 BNB + guarded EN,benqa_8th-Science_0153,C,generated_en_priority_nonbaseline,bn_nonbaseline_priority,C,True,False,1,True,D,C,D,translated_stem_source_tail
Qwen2.5 protected-v3 phonetic + guarded EN,benqa_10th-Biology_0057,C,baseline,baseline,D,False,False,0,False,D,C,D,translated_stem_source_tail
Qwen2.5 protected-v3 phonetic + guarded EN,benqa_10th-Biology_0057,C,strict_generated_agreement,fallback_baseline,D,False,False,0,False,D,C,D,translated_stem_source_tail
Qwen2.5 protected-v3 phonetic + guarded EN,benqa_10th-Biology_0057,C,three_view_majority,banglish_en_majority,D,False,False,0,False,D,C,D,translated_stem_source_tail
Qwen2.5 protected-v3 phonetic + guarded EN,benqa_10th-Biology_0057,C,generated_bn_only,use_generated_bn,C,True,False,1,True,D,C,D,translated_stem_source_tail
Qwen2.5 protected-v3 phonetic + guarded EN,benqa_10th-Biology_0057,C,generated_en_only,use_generated_en,D,False,False,0,False,D,C,D,translated_stem_source_tail
Qwen2.5 protected-v3 phonetic + guarded EN,benqa_10th-Biology_0057,C,generated_bn_if_baseline_empty,fallback_baseline,D,False,False,0,False,D,C,D,translated_stem_source_tail
Qwen2.5 protected-v3 phonetic + guarded EN,benqa_10th-Biology_0057,C,generated_en_if_baseline_empty,fallback_baseline,D,False,False,0,False,D,C,D,translated_stem_source_tail
Qwen2.5 protected-v3 phonetic + guarded EN,benqa_10th-Biology_0057,C,all_disagree_bn_tiebreak,fallback_baseline,D,False,False,0,False,D,C,D,translated_stem_source_tail
Qwen2.5 protected-v3 phonetic + guarded EN,benqa_10th-Biology_0057,C,all_disagree_en_tiebreak,fallback_baseline,D,False,False,0,False,D,C,D,translated_stem_source_tail
Qwen2.5 protected-v3 phonetic + guarded EN,benqa_10th-Biology_0057,C,generated_bn_priority_nonbaseline,bn_nonbaseline_priority,C,True,False,1,True,D,C,D,translated_stem_source_tail
Qwen2.5 protected-v3 phonetic + guarded EN,benqa_10th-Biology_0057,C,generated_en_priority_nonbaseline,bn_nonbaseline_priority,C,True,False,1,True,D,C,D,translated_stem_source_tail
Qwen2.5 protected-v3 phonetic + guarded EN,benqa_10th-Biology_0143,C,baseline,baseline,B,False,False,0,False,B,B,D,translated_stem_source_tail
Qwen2.5 protected-v3 phonetic + guarded EN,benqa_10th-Biology_0143,C,strict_generated_agreement,fallback_baseline,B,False,False,0,False,B,B,D,translated_stem_source_tail
Qwen2.5 protected-v3 phonetic + guarded EN,benqa_10th-Biology_0143,C,three_view_majority,banglish_bn_majority,B,False,False,0,False,B,B,D,translated_stem_source_tail
Qwen2.5 protected-v3 phonetic + guarded EN,benqa_10th-Biology_0143,C,generated_bn_only,use_generated_bn,B,False,False,0,False,B,B,D,translated_stem_source_tail
Qwen2.5 protected-v3 phonetic + guarded EN,benqa_10th-Biology_0143,C,generated_en_only,use_generated_en,D,False,False,0,True,B,B,D,translated_stem_source_tail
Qwen2.5 protected-v3 phonetic + guarded EN,benqa_10th-Biology_0143,C,generated_bn_if_baseline_empty,fallback_baseline,B,False,False,0,False,B,B,D,translated_stem_source_tail
Qwen2.5 protected-v3 phonetic + guarded EN,benqa_10th-Biology_0143,C,generated_en_if_baseline_empty,fallback_baseline,B,False,False,0,False,B,B,D,translated_stem_source_tail
Qwen2.5 protected-v3 phonetic + guarded EN,benqa_10th-Biology_0143,C,all_disagree_bn_tiebreak,fallback_baseline,B,False,False,0,False,B,B,D,translated_stem_source_tail
Qwen2.5 protected-v3 phonetic + guarded EN,benqa_10th-Biology_0143,C,all_disagree_en_tiebreak,fallback_baseline,B,False,False,0,False,B,B,D,translated_stem_source_tail
Qwen2.5 protected-v3 phonetic + guarded EN,benqa_10th-Biology_0143,C,generated_bn_priority_nonbaseline,en_nonbaseline_priority,D,False,False,0,True,B,B,D,translated_stem_source_tail
Qwen2.5 protected-v3 phonetic + guarded EN,benqa_10th-Biology_0143,C,generated_en_priority_nonbaseline,en_nonbaseline_priority,D,False,False,0,True,B,B,D,translated_stem_source_tail
Qwen2.5 protected-v3 phonetic + guarded EN,benqa_10th-Biology_0197,D,baseline,baseline,A,False,False,0,False,A,B,A,translated_stem_source_tail
Qwen2.5 protected-v3 phonetic + guarded EN,benqa_10th-Biology_0197,D,strict_generated_agreement,fallback_baseline,A,False,False,0,False,A,B,A,translated_stem_source_tail
Qwen2.5 protected-v3 phonetic + guarded EN,benqa_10th-Biology_0197,D,three_view_majority,banglish_en_majority,A,False,False,0,False,A,B,A,translated_stem_source_tail
Qwen2.5 protected-v3 phonetic + guarded EN,benqa_10th-Biology_0197,D,generated_bn_only,use_generated_bn,B,False,False,0,True,A,B,A,translated_stem_source_tail
Qwen2.5 protected-v3 phonetic + guarded EN,benqa_10th-Biology_0197,D,generated_en_only,use_generated_en,A,False,False,0,False,A,B,A,translated_stem_source_tail
Qwen2.5 protected-v3 phonetic + guarded EN,benqa_10th-Biology_0197,D,generated_bn_if_baseline_empty,fallback_baseline,A,False,False,0,False,A,B,A,translated_stem_source_tail
Qwen2.5 protected-v3 phonetic + guarded EN,benqa_10th-Biology_0197,D,generated_en_if_baseline_empty,fallback_baseline,A,False,False,0,False,A,B,A,translated_stem_source_tail
Qwen2.5 protected-v3 phonetic + guarded EN,benqa_10th-Biology_0197,D,all_disagree_bn_tiebreak,fallback_baseline,A,False,False,0,False,A,B,A,translated_stem_source_tail
Qwen2.5 protected-v3 phonetic + guarded EN,benqa_10th-Biology_0197,D,all_disagree_en_tiebreak,fallback_baseline,A,False,False,0,False,A,B,A,translated_stem_source_tail
Qwen2.5 protected-v3 phonetic + guarded EN,benqa_10th-Biology_0197,D,generated_bn_priority_nonbaseline,bn_nonbaseline_priority,B,False,False,0,True,A,B,A,translated_stem_source_tail
Qwen2.5 protected-v3 phonetic + guarded EN,benqa_10th-Biology_0197,D,generated_en_priority_nonbaseline,bn_nonbaseline_priority,B,False,False,0,True,A,B,A,translated_stem_source_tail
Qwen2.5 protected-v3 phonetic + guarded EN,benqa_10th-Chemistry_0280,A,baseline,baseline,D,False,False,0,False,D,D,D,translated_stem_source_tail
Qwen2.5 protected-v3 phonetic + guarded EN,benqa_10th-Chemistry_0280,A,strict_generated_agreement,fallback_baseline,D,False,False,0,False,D,D,D,translated_stem_source_tail
Qwen2.5 protected-v3 phonetic + guarded EN,benqa_10th-Chemistry_0280,A,three_view_majority,banglish_bn_majority,D,False,False,0,False,D,D,D,translated_stem_source_tail
Qwen2.5 protected-v3 phonetic + guarded EN,benqa_10th-Chemistry_0280,A,generated_bn_only,use_generated_bn,D,False,False,0,False,D,D,D,translated_stem_source_tail
Qwen2.5 protected-v3 phonetic + guarded EN,benqa_10th-Chemistry_0280,A,generated_en_only,use_generated_en,D,False,False,0,False,D,D,D,translated_stem_source_tail
Qwen2.5 protected-v3 phonetic + guarded EN,benqa_10th-Chemistry_0280,A,generated_bn_if_baseline_empty,fallback_baseline,D,False,False,0,False,D,D,D,translated_stem_source_tail
Qwen2.5 protected-v3 phonetic + guarded EN,benqa_10th-Chemistry_0280,A,generated_en_if_baseline_empty,fallback_baseline,D,False,False,0,False,D,D,D,translated_stem_source_tail
Qwen2.5 protected-v3 phonetic + guarded EN,benqa_10th-Chemistry_0280,A,all_disagree_bn_tiebreak,fallback_baseline,D,False,False,0,False,D,D,D,translated_stem_source_tail
Qwen2.5 protected-v3 phonetic + guarded EN,benqa_10th-Chemistry_0280,A,all_disagree_en_tiebreak,fallback_baseline,D,False,False,0,False,D,D,D,translated_stem_source_tail
Qwen2.5 protected-v3 phonetic + guarded EN,benqa_10th-Chemistry_0280,A,generated_bn_priority_nonbaseline,fallback_baseline,D,False,False,0,False,D,D,D,translated_stem_source_tail
Qwen2.5 protected-v3 phonetic + guarded EN,benqa_10th-Chemistry_0280,A,generated_en_priority_nonbaseline,fallback_baseline,D,False,False,0,False,D,D,D,translated_stem_source_tail
Qwen2.5 protected-v3 phonetic + guarded EN,benqa_10th-Chemistry_0374,B,baseline,baseline,B,True,True,0,False,B,D,B,translated_stem_source_tail
Qwen2.5 protected-v3 phonetic + guarded EN,benqa_10th-Chemistry_0374,B,strict_generated_agreement,fallback_baseline,B,True,True,0,False,B,D,B,translated_stem_source_tail
Qwen2.5 protected-v3 phonetic + guarded EN,benqa_10th-Chemistry_0374,B,three_view_majority,banglish_en_majority,B,True,True,0,False,B,D,B,translated_stem_source_tail
Qwen2.5 protected-v3 phonetic + guarded EN,benqa_10th-Chemistry_0374,B,generated_bn_only,use_generated_bn,D,False,True,-1,True,B,D,B,translated_stem_source_tail
Qwen2.5 protected-v3 phonetic + guarded EN,benqa_10th-Chemistry_0374,B,generated_en_only,use_generated_en,B,True,True,0,False,B,D,B,translated_stem_source_tail
Qwen2.5 protected-v3 phonetic + guarded EN,benqa_10th-Chemistry_0374,B,generated_bn_if_baseline_empty,fallback_baseline,B,True,True,0,False,B,D,B,translated_stem_source_tail
Qwen2.5 protected-v3 phonetic + guarded EN,benqa_10th-Chemistry_0374,B,generated_en_if_baseline_empty,fallback_baseline,B,True,True,0,False,B,D,B,translated_stem_source_tail
Qwen2.5 protected-v3 phonetic + guarded EN,benqa_10th-Chemistry_0374,B,all_disagree_bn_tiebreak,fallback_baseline,B,True,True,0,False,B,D,B,translated_stem_source_tail
Qwen2.5 protected-v3 phonetic + guarded EN,benqa_10th-Chemistry_0374,B,all_disagree_en_tiebreak,fallback_baseline,B,True,True,0,False,B,D,B,translated_stem_source_tail
Qwen2.5 protected-v3 phonetic + guarded EN,benqa_10th-Chemistry_0374,B,generated_bn_priority_nonbaseline,bn_nonbaseline_priority,D,False,True,-1,True,B,D,B,translated_stem_source_tail
Qwen2.5 protected-v3 phonetic + guarded EN,benqa_10th-Chemistry_0374,B,generated_en_priority_nonbaseline,bn_nonbaseline_priority,D,False,True,-1,True,B,D,B,translated_stem_source_tail
Qwen2.5 protected-v3 phonetic + guarded EN,benqa_10th-Chemistry_0388,D,baseline,baseline,B,False,False,0,False,B,B,B,source_fallback_after_failed_repair
Qwen2.5 protected-v3 phonetic + guarded EN,benqa_10th-Chemistry_0388,D,strict_generated_agreement,fallback_baseline,B,False,False,0,False,B,B,B,source_fallback_after_failed_repair
Qwen2.5 protected-v3 phonetic + guarded EN,benqa_10th-Chemistry_0388,D,three_view_majority,banglish_bn_majority,B,False,False,0,False,B,B,B,source_fallback_after_failed_repair
Qwen2.5 protected-v3 phonetic + guarded EN,benqa_10th-Chemistry_0388,D,generated_bn_only,use_generated_bn,B,False,False,0,False,B,B,B,source_fallback_after_failed_repair
Qwen2.5 protected-v3 phonetic + guarded EN,benqa_10th-Chemistry_0388,D,generated_en_only,use_generated_en,B,False,False,0,False,B,B,B,source_fallback_after_failed_repair
Qwen2.5 protected-v3 phonetic + guarded EN,benqa_10th-Chemistry_0388,D,generated_bn_if_baseline_empty,fallback_baseline,B,False,False,0,False,B,B,B,source_fallback_after_failed_repair
Qwen2.5 protected-v3 phonetic + guarded EN,benqa_10th-Chemistry_0388,D,generated_en_if_baseline_empty,fallback_baseline,B,False,False,0,False,B,B,B,source_fallback_after_failed_repair
Qwen2.5 protected-v3 phonetic + guarded EN,benqa_10th-Chemistry_0388,D,all_disagree_bn_tiebreak,fallback_baseline,B,False,False,0,False,B,B,B,source_fallback_after_failed_repair
Qwen2.5 protected-v3 phonetic + guarded EN,benqa_10th-Chemistry_0388,D,all_disagree_en_tiebreak,fallback_baseline,B,False,False,0,False,B,B,B,source_fallback_after_failed_repair
Qwen2.5 protected-v3 phonetic + guarded EN,benqa_10th-Chemistry_0388,D,generated_bn_priority_nonbaseline,fallback_baseline,B,False,False,0,False,B,B,B,source_fallback_after_failed_repair
Qwen2.5 protected-v3 phonetic + guarded EN,benqa_10th-Chemistry_0388,D,generated_en_priority_nonbaseline,fallback_baseline,B,False,False,0,False,B,B,B,source_fallback_after_failed_repair
Qwen2.5 protected-v3 phonetic + guarded EN,benqa_10th-Math-II_0367,C,baseline,baseline,B,False,False,0,False,B,B,B,source_fallback_after_failed_repair
Qwen2.5 protected-v3 phonetic + guarded EN,benqa_10th-Math-II_0367,C,strict_generated_agreement,fallback_baseline,B,False,False,0,False,B,B,B,source_fallback_after_failed_repair
Qwen2.5 protected-v3 phonetic + guarded EN,benqa_10th-Math-II_0367,C,three_view_majority,banglish_bn_majority,B,False,False,0,False,B,B,B,source_fallback_after_failed_repair
Qwen2.5 protected-v3 phonetic + guarded EN,benqa_10th-Math-II_0367,C,generated_bn_only,use_generated_bn,B,False,False,0,False,B,B,B,source_fallback_after_failed_repair
Qwen2.5 protected-v3 phonetic + guarded EN,benqa_10th-Math-II_0367,C,generated_en_only,use_generated_en,B,False,False,0,False,B,B,B,source_fallback_after_failed_repair
Qwen2.5 protected-v3 phonetic + guarded EN,benqa_10th-Math-II_0367,C,generated_bn_if_baseline_empty,fallback_baseline,B,False,False,0,False,B,B,B,source_fallback_after_failed_repair
Qwen2.5 protected-v3 phonetic + guarded EN,benqa_10th-Math-II_0367,C,generated_en_if_baseline_empty,fallback_baseline,B,False,False,0,False,B,B,B,source_fallback_after_failed_repair
Qwen2.5 protected-v3 phonetic + guarded EN,benqa_10th-Math-II_0367,C,all_disagree_bn_tiebreak,fallback_baseline,B,False,False,0,False,B,B,B,source_fallback_after_failed_repair
Qwen2.5 protected-v3 phonetic + guarded EN,benqa_10th-Math-II_0367,C,all_disagree_en_tiebreak,fallback_baseline,B,False,False,0,False,B,B,B,source_fallback_after_failed_repair
Qwen2.5 protected-v3 phonetic + guarded EN,benqa_10th-Math-II_0367,C,generated_bn_priority_nonbaseline,fallback_baseline,B,False,False,0,False,B,B,B,source_fallback_after_failed_repair
Qwen2.5 protected-v3 phonetic + guarded EN,benqa_10th-Math-II_0367,C,generated_en_priority_nonbaseline,fallback_baseline,B,False,False,0,False,B,B,B,source_fallback_after_failed_repair
Qwen2.5 protected-v3 phonetic + guarded EN,benqa_10th-Math_0032,B,baseline,baseline,A,False,False,0,False,A,B,A,source_fallback_after_failed_repair
Qwen2.5 protected-v3 phonetic + guarded EN,benqa_10th-Math_0032,B,strict_generated_agreement,fallback_baseline,A,False,False,0,False,A,B,A,source_fallback_after_failed_repair
Qwen2.5 protected-v3 phonetic + guarded EN,benqa_10th-Math_0032,B,three_view_majority,banglish_en_majority,A,False,False,0,False,A,B,A,source_fallback_after_failed_repair
Qwen2.5 protected-v3 phonetic + guarded EN,benqa_10th-Math_0032,B,generated_bn_only,use_generated_bn,B,True,False,1,True,A,B,A,source_fallback_after_failed_repair
Qwen2.5 protected-v3 phonetic + guarded EN,benqa_10th-Math_0032,B,generated_en_only,use_generated_en,A,False,False,0,False,A,B,A,source_fallback_after_failed_repair
Qwen2.5 protected-v3 phonetic + guarded EN,benqa_10th-Math_0032,B,generated_bn_if_baseline_empty,fallback_baseline,A,False,False,0,False,A,B,A,source_fallback_after_failed_repair
Qwen2.5 protected-v3 phonetic + guarded EN,benqa_10th-Math_0032,B,generated_en_if_baseline_empty,fallback_baseline,A,False,False,0,False,A,B,A,source_fallback_after_failed_repair
Qwen2.5 protected-v3 phonetic + guarded EN,benqa_10th-Math_0032,B,all_disagree_bn_tiebreak,fallback_baseline,A,False,False,0,False,A,B,A,source_fallback_after_failed_repair
Qwen2.5 protected-v3 phonetic + guarded EN,benqa_10th-Math_0032,B,all_disagree_en_tiebreak,fallback_baseline,A,False,False,0,False,A,B,A,source_fallback_after_failed_repair
Qwen2.5 protected-v3 phonetic + guarded EN,benqa_10th-Math_0032,B,generated_bn_priority_nonbaseline,bn_nonbaseline_priority,B,True,False,1,True,A,B,A,source_fallback_after_failed_repair
Qwen2.5 protected-v3 phonetic + guarded EN,benqa_10th-Math_0032,B,generated_en_priority_nonbaseline,bn_nonbaseline_priority,B,True,False,1,True,A,B,A,source_fallback_after_failed_repair
Qwen2.5 protected-v3 phonetic + guarded EN,benqa_10th-Physics_0045,A,baseline,baseline,B,False,False,0,False,B,B,D,translated_stem_source_tail
Qwen2.5 protected-v3 phonetic + guarded EN,benqa_10th-Physics_0045,A,strict_generated_agreement,fallback_baseline,B,False,False,0,False,B,B,D,translated_stem_source_tail
Qwen2.5 protected-v3 phonetic + guarded EN,benqa_10th-Physics_0045,A,three_view_majority,banglish_bn_majority,B,False,False,0,False,B,B,D,translated_stem_source_tail
Qwen2.5 protected-v3 phonetic + guarded EN,benqa_10th-Physics_0045,A,generated_bn_only,use_generated_bn,B,False,False,0,False,B,B,D,translated_stem_source_tail
Qwen2.5 protected-v3 phonetic + guarded EN,benqa_10th-Physics_0045,A,generated_en_only,use_generated_en,D,False,False,0,True,B,B,D,translated_stem_source_tail
Qwen2.5 protected-v3 phonetic + guarded EN,benqa_10th-Physics_0045,A,generated_bn_if_baseline_empty,fallback_baseline,B,False,False,0,False,B,B,D,translated_stem_source_tail
Qwen2.5 protected-v3 phonetic + guarded EN,benqa_10th-Physics_0045,A,generated_en_if_baseline_empty,fallback_baseline,B,False,False,0,False,B,B,D,translated_stem_source_tail
Qwen2.5 protected-v3 phonetic + guarded EN,benqa_10th-Physics_0045,A,all_disagree_bn_tiebreak,fallback_baseline,B,False,False,0,False,B,B,D,translated_stem_source_tail
Qwen2.5 protected-v3 phonetic + guarded EN,benqa_10th-Physics_0045,A,all_disagree_en_tiebreak,fallback_baseline,B,False,False,0,False,B,B,D,translated_stem_source_tail
Qwen2.5 protected-v3 phonetic + guarded EN,benqa_10th-Physics_0045,A,generated_bn_priority_nonbaseline,en_nonbaseline_priority,D,False,False,0,True,B,B,D,translated_stem_source_tail
Qwen2.5 protected-v3 phonetic + guarded EN,benqa_10th-Physics_0045,A,generated_en_priority_nonbaseline,en_nonbaseline_priority,D,False,False,0,True,B,B,D,translated_stem_source_tail
Qwen2.5 protected-v3 phonetic + guarded EN,benqa_10th-Physics_0055,D,baseline,baseline,D,True,True,0,False,D,D,D,source_fallback_after_failed_repair
Qwen2.5 protected-v3 phonetic + guarded EN,benqa_10th-Physics_0055,D,strict_generated_agreement,fallback_baseline,D,True,True,0,False,D,D,D,source_fallback_after_failed_repair
Qwen2.5 protected-v3 phonetic + guarded EN,benqa_10th-Physics_0055,D,three_view_majority,banglish_bn_majority,D,True,True,0,False,D,D,D,source_fallback_after_failed_repair
Qwen2.5 protected-v3 phonetic + guarded EN,benqa_10th-Physics_0055,D,generated_bn_only,use_generated_bn,D,True,True,0,False,D,D,D,source_fallback_after_failed_repair
Qwen2.5 protected-v3 phonetic + guarded EN,benqa_10th-Physics_0055,D,generated_en_only,use_generated_en,D,True,True,0,False,D,D,D,source_fallback_after_failed_repair
Qwen2.5 protected-v3 phonetic + guarded EN,benqa_10th-Physics_0055,D,generated_bn_if_baseline_empty,fallback_baseline,D,True,True,0,False,D,D,D,source_fallback_after_failed_repair
Qwen2.5 protected-v3 phonetic + guarded EN,benqa_10th-Physics_0055,D,generated_en_if_baseline_empty,fallback_baseline,D,True,True,0,False,D,D,D,source_fallback_after_failed_repair
Qwen2.5 protected-v3 phonetic + guarded EN,benqa_10th-Physics_0055,D,all_disagree_bn_tiebreak,fallback_baseline,D,True,True,0,False,D,D,D,source_fallback_after_failed_repair
Qwen2.5 protected-v3 phonetic + guarded EN,benqa_10th-Physics_0055,D,all_disagree_en_tiebreak,fallback_baseline,D,True,True,0,False,D,D,D,source_fallback_after_failed_repair
Qwen2.5 protected-v3 phonetic + guarded EN,benqa_10th-Physics_0055,D,generated_bn_priority_nonbaseline,fallback_baseline,D,True,True,0,False,D,D,D,source_fallback_after_failed_repair
Qwen2.5 protected-v3 phonetic + guarded EN,benqa_10th-Physics_0055,D,generated_en_priority_nonbaseline,fallback_baseline,D,True,True,0,False,D,D,D,source_fallback_after_failed_repair
Qwen2.5 protected-v3 phonetic + guarded EN,benqa_10th-Physics_0296,D,baseline,baseline,B,False,False,0,False,B,B,B,translated_stem_source_tail
Qwen2.5 protected-v3 phonetic + guarded EN,benqa_10th-Physics_0296,D,strict_generated_agreement,fallback_baseline,B,False,False,0,False,B,B,B,translated_stem_source_tail
Qwen2.5 protected-v3 phonetic + guarded EN,benqa_10th-Physics_0296,D,three_view_majority,banglish_bn_majority,B,False,False,0,False,B,B,B,translated_stem_source_tail
Qwen2.5 protected-v3 phonetic + guarded EN,benqa_10th-Physics_0296,D,generated_bn_only,use_generated_bn,B,False,False,0,False,B,B,B,translated_stem_source_tail
Qwen2.5 protected-v3 phonetic + guarded EN,benqa_10th-Physics_0296,D,generated_en_only,use_generated_en,B,False,False,0,False,B,B,B,translated_stem_source_tail
Qwen2.5 protected-v3 phonetic + guarded EN,benqa_10th-Physics_0296,D,generated_bn_if_baseline_empty,fallback_baseline,B,False,False,0,False,B,B,B,translated_stem_source_tail
Qwen2.5 protected-v3 phonetic + guarded EN,benqa_10th-Physics_0296,D,generated_en_if_baseline_empty,fallback_baseline,B,False,False,0,False,B,B,B,translated_stem_source_tail
Qwen2.5 protected-v3 phonetic + guarded EN,benqa_10th-Physics_0296,D,all_disagree_bn_tiebreak,fallback_baseline,B,False,False,0,False,B,B,B,translated_stem_source_tail
Qwen2.5 protected-v3 phonetic + guarded EN,benqa_10th-Physics_0296,D,all_disagree_en_tiebreak,fallback_baseline,B,False,False,0,False,B,B,B,translated_stem_source_tail
Qwen2.5 protected-v3 phonetic + guarded EN,benqa_10th-Physics_0296,D,generated_bn_priority_nonbaseline,fallback_baseline,B,False,False,0,False,B,B,B,translated_stem_source_tail
Qwen2.5 protected-v3 phonetic + guarded EN,benqa_10th-Physics_0296,D,generated_en_priority_nonbaseline,fallback_baseline,B,False,False,0,False,B,B,B,translated_stem_source_tail
Qwen2.5 protected-v3 phonetic + guarded EN,benqa_12th-Biology-II_0119,C,baseline,baseline,B,False,False,0,False,B,C,B,source_fallback_after_failed_repair
Qwen2.5 protected-v3 phonetic + guarded EN,benqa_12th-Biology-II_0119,C,strict_generated_agreement,fallback_baseline,B,False,False,0,False,B,C,B,source_fallback_after_failed_repair
Qwen2.5 protected-v3 phonetic + guarded EN,benqa_12th-Biology-II_0119,C,three_view_majority,banglish_en_majority,B,False,False,0,False,B,C,B,source_fallback_after_failed_repair
Qwen2.5 protected-v3 phonetic + guarded EN,benqa_12th-Biology-II_0119,C,generated_bn_only,use_generated_bn,C,True,False,1,True,B,C,B,source_fallback_after_failed_repair
Qwen2.5 protected-v3 phonetic + guarded EN,benqa_12th-Biology-II_0119,C,generated_en_only,use_generated_en,B,False,False,0,False,B,C,B,source_fallback_after_failed_repair
Qwen2.5 protected-v3 phonetic + guarded EN,benqa_12th-Biology-II_0119,C,generated_bn_if_baseline_empty,fallback_baseline,B,False,False,0,False,B,C,B,source_fallback_after_failed_repair
Qwen2.5 protected-v3 phonetic + guarded EN,benqa_12th-Biology-II_0119,C,generated_en_if_baseline_empty,fallback_baseline,B,False,False,0,False,B,C,B,source_fallback_after_failed_repair
Qwen2.5 protected-v3 phonetic + guarded EN,benqa_12th-Biology-II_0119,C,all_disagree_bn_tiebreak,fallback_baseline,B,False,False,0,False,B,C,B,source_fallback_after_failed_repair
Qwen2.5 protected-v3 phonetic + guarded EN,benqa_12th-Biology-II_0119,C,all_disagree_en_tiebreak,fallback_baseline,B,False,False,0,False,B,C,B,source_fallback_after_failed_repair
Qwen2.5 protected-v3 phonetic + guarded EN,benqa_12th-Biology-II_0119,C,generated_bn_priority_nonbaseline,bn_nonbaseline_priority,C,True,False,1,True,B,C,B,source_fallback_after_failed_repair
Qwen2.5 protected-v3 phonetic + guarded EN,benqa_12th-Biology-II_0119,C,generated_en_priority_nonbaseline,bn_nonbaseline_priority,C,True,False,1,True,B,C,B,source_fallback_after_failed_repair
Qwen2.5 protected-v3 phonetic + guarded EN,benqa_12th-Biology-II_0179,A,baseline,baseline,B,False,False,0,False,B,D,A,translated_stem_source_tail
Qwen2.5 protected-v3 phonetic + guarded EN,benqa_12th-Biology-II_0179,A,strict_generated_agreement,fallback_baseline,B,False,False,0,False,B,D,A,translated_stem_source_tail
Qwen2.5 protected-v3 phonetic + guarded EN,benqa_12th-Biology-II_0179,A,three_view_majority,fallback_baseline,B,False,False,0,False,B,D,A,translated_stem_source_tail
Qwen2.5 protected-v3 phonetic + guarded EN,benqa_12th-Biology-II_0179,A,generated_bn_only,use_generated_bn,D,False,False,0,True,B,D,A,translated_stem_source_tail
Qwen2.5 protected-v3 phonetic + guarded EN,benqa_12th-Biology-II_0179,A,generated_en_only,use_generated_en,A,True,False,1,True,B,D,A,translated_stem_source_tail
Qwen2.5 protected-v3 phonetic + guarded EN,benqa_12th-Biology-II_0179,A,generated_bn_if_baseline_empty,fallback_baseline,B,False,False,0,False,B,D,A,translated_stem_source_tail
Qwen2.5 protected-v3 phonetic + guarded EN,benqa_12th-Biology-II_0179,A,generated_en_if_baseline_empty,fallback_baseline,B,False,False,0,False,B,D,A,translated_stem_source_tail
Qwen2.5 protected-v3 phonetic + guarded EN,benqa_12th-Biology-II_0179,A,all_disagree_bn_tiebreak,all_disagree_use_bn,D,False,False,0,True,B,D,A,translated_stem_source_tail
Qwen2.5 protected-v3 phonetic + guarded EN,benqa_12th-Biology-II_0179,A,all_disagree_en_tiebreak,all_disagree_use_en,A,True,False,1,True,B,D,A,translated_stem_source_tail
Qwen2.5 protected-v3 phonetic + guarded EN,benqa_12th-Biology-II_0179,A,generated_bn_priority_nonbaseline,bn_nonbaseline_priority,D,False,False,0,True,B,D,A,translated_stem_source_tail
Qwen2.5 protected-v3 phonetic + guarded EN,benqa_12th-Biology-II_0179,A,generated_en_priority_nonbaseline,en_nonbaseline_priority,A,True,False,1,True,B,D,A,translated_stem_source_tail
Qwen2.5 protected-v3 phonetic + guarded EN,benqa_12th-Biology-II_0325,A,baseline,baseline,B,False,False,0,False,B,C,A,translated_stem_source_tail
Qwen2.5 protected-v3 phonetic + guarded EN,benqa_12th-Biology-II_0325,A,strict_generated_agreement,fallback_baseline,B,False,False,0,False,B,C,A,translated_stem_source_tail
Qwen2.5 protected-v3 phonetic + guarded EN,benqa_12th-Biology-II_0325,A,three_view_majority,fallback_baseline,B,False,False,0,False,B,C,A,translated_stem_source_tail
Qwen2.5 protected-v3 phonetic + guarded EN,benqa_12th-Biology-II_0325,A,generated_bn_only,use_generated_bn,C,False,False,0,True,B,C,A,translated_stem_source_tail
Qwen2.5 protected-v3 phonetic + guarded EN,benqa_12th-Biology-II_0325,A,generated_en_only,use_generated_en,A,True,False,1,True,B,C,A,translated_stem_source_tail
Qwen2.5 protected-v3 phonetic + guarded EN,benqa_12th-Biology-II_0325,A,generated_bn_if_baseline_empty,fallback_baseline,B,False,False,0,False,B,C,A,translated_stem_source_tail
Qwen2.5 protected-v3 phonetic + guarded EN,benqa_12th-Biology-II_0325,A,generated_en_if_baseline_empty,fallback_baseline,B,False,False,0,False,B,C,A,translated_stem_source_tail
Qwen2.5 protected-v3 phonetic + guarded EN,benqa_12th-Biology-II_0325,A,all_disagree_bn_tiebreak,all_disagree_use_bn,C,False,False,0,True,B,C,A,translated_stem_source_tail
Qwen2.5 protected-v3 phonetic + guarded EN,benqa_12th-Biology-II_0325,A,all_disagree_en_tiebreak,all_disagree_use_en,A,True,False,1,True,B,C,A,translated_stem_source_tail
Qwen2.5 protected-v3 phonetic + guarded EN,benqa_12th-Biology-II_0325,A,generated_bn_priority_nonbaseline,bn_nonbaseline_priority,C,False,False,0,True,B,C,A,translated_stem_source_tail
Qwen2.5 protected-v3 phonetic + guarded EN,benqa_12th-Biology-II_0325,A,generated_en_priority_nonbaseline,en_nonbaseline_priority,A,True,False,1,True,B,C,A,translated_stem_source_tail
Qwen2.5 protected-v3 phonetic + guarded EN,benqa_12th-Biology-I_0039,C,baseline,baseline,B,False,False,0,False,B,B,B,translated_stem_source_tail
Qwen2.5 protected-v3 phonetic + guarded EN,benqa_12th-Biology-I_0039,C,strict_generated_agreement,fallback_baseline,B,False,False,0,False,B,B,B,translated_stem_source_tail
Qwen2.5 protected-v3 phonetic + guarded EN,benqa_12th-Biology-I_0039,C,three_view_majority,banglish_bn_majority,B,False,False,0,False,B,B,B,translated_stem_source_tail
Qwen2.5 protected-v3 phonetic + guarded EN,benqa_12th-Biology-I_0039,C,generated_bn_only,use_generated_bn,B,False,False,0,False,B,B,B,translated_stem_source_tail
Qwen2.5 protected-v3 phonetic + guarded EN,benqa_12th-Biology-I_0039,C,generated_en_only,use_generated_en,B,False,False,0,False,B,B,B,translated_stem_source_tail
Qwen2.5 protected-v3 phonetic + guarded EN,benqa_12th-Biology-I_0039,C,generated_bn_if_baseline_empty,fallback_baseline,B,False,False,0,False,B,B,B,translated_stem_source_tail
Qwen2.5 protected-v3 phonetic + guarded EN,benqa_12th-Biology-I_0039,C,generated_en_if_baseline_empty,fallback_baseline,B,False,False,0,False,B,B,B,translated_stem_source_tail
Qwen2.5 protected-v3 phonetic + guarded EN,benqa_12th-Biology-I_0039,C,all_disagree_bn_tiebreak,fallback_baseline,B,False,False,0,False,B,B,B,translated_stem_source_tail
Qwen2.5 protected-v3 phonetic + guarded EN,benqa_12th-Biology-I_0039,C,all_disagree_en_tiebreak,fallback_baseline,B,False,False,0,False,B,B,B,translated_stem_source_tail
Qwen2.5 protected-v3 phonetic + guarded EN,benqa_12th-Biology-I_0039,C,generated_bn_priority_nonbaseline,fallback_baseline,B,False,False,0,False,B,B,B,translated_stem_source_tail
Qwen2.5 protected-v3 phonetic + guarded EN,benqa_12th-Biology-I_0039,C,generated_en_priority_nonbaseline,fallback_baseline,B,False,False,0,False,B,B,B,translated_stem_source_tail
Qwen2.5 protected-v3 phonetic + guarded EN,benqa_12th-Biology-I_0218,B,baseline,baseline,D,False,False,0,False,D,B,D,translated_stem_source_tail
Qwen2.5 protected-v3 phonetic + guarded EN,benqa_12th-Biology-I_0218,B,strict_generated_agreement,fallback_baseline,D,False,False,0,False,D,B,D,translated_stem_source_tail
Qwen2.5 protected-v3 phonetic + guarded EN,benqa_12th-Biology-I_0218,B,three_view_majority,banglish_en_majority,D,False,False,0,False,D,B,D,translated_stem_source_tail
Qwen2.5 protected-v3 phonetic + guarded EN,benqa_12th-Biology-I_0218,B,generated_bn_only,use_generated_bn,B,True,False,1,True,D,B,D,translated_stem_source_tail
Qwen2.5 protected-v3 phonetic + guarded EN,benqa_12th-Biology-I_0218,B,generated_en_only,use_generated_en,D,False,False,0,False,D,B,D,translated_stem_source_tail
Qwen2.5 protected-v3 phonetic + guarded EN,benqa_12th-Biology-I_0218,B,generated_bn_if_baseline_empty,fallback_baseline,D,False,False,0,False,D,B,D,translated_stem_source_tail
Qwen2.5 protected-v3 phonetic + guarded EN,benqa_12th-Biology-I_0218,B,generated_en_if_baseline_empty,fallback_baseline,D,False,False,0,False,D,B,D,translated_stem_source_tail
Qwen2.5 protected-v3 phonetic + guarded EN,benqa_12th-Biology-I_0218,B,all_disagree_bn_tiebreak,fallback_baseline,D,False,False,0,False,D,B,D,translated_stem_source_tail
Qwen2.5 protected-v3 phonetic + guarded EN,benqa_12th-Biology-I_0218,B,all_disagree_en_tiebreak,fallback_baseline,D,False,False,0,False,D,B,D,translated_stem_source_tail
Qwen2.5 protected-v3 phonetic + guarded EN,benqa_12th-Biology-I_0218,B,generated_bn_priority_nonbaseline,bn_nonbaseline_priority,B,True,False,1,True,D,B,D,translated_stem_source_tail
Qwen2.5 protected-v3 phonetic + guarded EN,benqa_12th-Biology-I_0218,B,generated_en_priority_nonbaseline,bn_nonbaseline_priority,B,True,False,1,True,D,B,D,translated_stem_source_tail
Qwen2.5 protected-v3 phonetic + guarded EN,benqa_12th-Biology-I_0265,A,baseline,baseline,D,False,False,0,False,D,D,D,translated_stem_source_tail
Qwen2.5 protected-v3 phonetic + guarded EN,benqa_12th-Biology-I_0265,A,strict_generated_agreement,fallback_baseline,D,False,False,0,False,D,D,D,translated_stem_source_tail
Qwen2.5 protected-v3 phonetic + guarded EN,benqa_12th-Biology-I_0265,A,three_view_majority,banglish_bn_majority,D,False,False,0,False,D,D,D,translated_stem_source_tail
Qwen2.5 protected-v3 phonetic + guarded EN,benqa_12th-Biology-I_0265,A,generated_bn_only,use_generated_bn,D,False,False,0,False,D,D,D,translated_stem_source_tail
Qwen2.5 protected-v3 phonetic + guarded EN,benqa_12th-Biology-I_0265,A,generated_en_only,use_generated_en,D,False,False,0,False,D,D,D,translated_stem_source_tail
Qwen2.5 protected-v3 phonetic + guarded EN,benqa_12th-Biology-I_0265,A,generated_bn_if_baseline_empty,fallback_baseline,D,False,False,0,False,D,D,D,translated_stem_source_tail
Qwen2.5 protected-v3 phonetic + guarded EN,benqa_12th-Biology-I_0265,A,generated_en_if_baseline_empty,fallback_baseline,D,False,False,0,False,D,D,D,translated_stem_source_tail
Qwen2.5 protected-v3 phonetic + guarded EN,benqa_12th-Biology-I_0265,A,all_disagree_bn_tiebreak,fallback_baseline,D,False,False,0,False,D,D,D,translated_stem_source_tail
Qwen2.5 protected-v3 phonetic + guarded EN,benqa_12th-Biology-I_0265,A,all_disagree_en_tiebreak,fallback_baseline,D,False,False,0,False,D,D,D,translated_stem_source_tail
Qwen2.5 protected-v3 phonetic + guarded EN,benqa_12th-Biology-I_0265,A,generated_bn_priority_nonbaseline,fallback_baseline,D,False,False,0,False,D,D,D,translated_stem_source_tail
Qwen2.5 protected-v3 phonetic + guarded EN,benqa_12th-Biology-I_0265,A,generated_en_priority_nonbaseline,fallback_baseline,D,False,False,0,False,D,D,D,translated_stem_source_tail
Qwen2.5 protected-v3 phonetic + guarded EN,benqa_12th-Chemistry-II_0054,A,baseline,baseline,A,True,True,0,False,A,D,A,source_fallback_after_failed_repair
Qwen2.5 protected-v3 phonetic + guarded EN,benqa_12th-Chemistry-II_0054,A,strict_generated_agreement,fallback_baseline,A,True,True,0,False,A,D,A,source_fallback_after_failed_repair
Qwen2.5 protected-v3 phonetic + guarded EN,benqa_12th-Chemistry-II_0054,A,three_view_majority,banglish_en_majority,A,True,True,0,False,A,D,A,source_fallback_after_failed_repair
Qwen2.5 protected-v3 phonetic + guarded EN,benqa_12th-Chemistry-II_0054,A,generated_bn_only,use_generated_bn,D,False,True,-1,True,A,D,A,source_fallback_after_failed_repair
Qwen2.5 protected-v3 phonetic + guarded EN,benqa_12th-Chemistry-II_0054,A,generated_en_only,use_generated_en,A,True,True,0,False,A,D,A,source_fallback_after_failed_repair
Qwen2.5 protected-v3 phonetic + guarded EN,benqa_12th-Chemistry-II_0054,A,generated_bn_if_baseline_empty,fallback_baseline,A,True,True,0,False,A,D,A,source_fallback_after_failed_repair
Qwen2.5 protected-v3 phonetic + guarded EN,benqa_12th-Chemistry-II_0054,A,generated_en_if_baseline_empty,fallback_baseline,A,True,True,0,False,A,D,A,source_fallback_after_failed_repair
Qwen2.5 protected-v3 phonetic + guarded EN,benqa_12th-Chemistry-II_0054,A,all_disagree_bn_tiebreak,fallback_baseline,A,True,True,0,False,A,D,A,source_fallback_after_failed_repair
Qwen2.5 protected-v3 phonetic + guarded EN,benqa_12th-Chemistry-II_0054,A,all_disagree_en_tiebreak,fallback_baseline,A,True,True,0,False,A,D,A,source_fallback_after_failed_repair
Qwen2.5 protected-v3 phonetic + guarded EN,benqa_12th-Chemistry-II_0054,A,generated_bn_priority_nonbaseline,bn_nonbaseline_priority,D,False,True,-1,True,A,D,A,source_fallback_after_failed_repair
Qwen2.5 protected-v3 phonetic + guarded EN,benqa_12th-Chemistry-II_0054,A,generated_en_priority_nonbaseline,bn_nonbaseline_priority,D,False,True,-1,True,A,D,A,source_fallback_after_failed_repair
Qwen2.5 protected-v3 phonetic + guarded EN,benqa_12th-Chemistry-II_0240,B,baseline,baseline,B,True,True,0,False,B,A,B,source_fallback_after_failed_repair
Qwen2.5 protected-v3 phonetic + guarded EN,benqa_12th-Chemistry-II_0240,B,strict_generated_agreement,fallback_baseline,B,True,True,0,False,B,A,B,source_fallback_after_failed_repair
Qwen2.5 protected-v3 phonetic + guarded EN,benqa_12th-Chemistry-II_0240,B,three_view_majority,banglish_en_majority,B,True,True,0,False,B,A,B,source_fallback_after_failed_repair
Qwen2.5 protected-v3 phonetic + guarded EN,benqa_12th-Chemistry-II_0240,B,generated_bn_only,use_generated_bn,A,False,True,-1,True,B,A,B,source_fallback_after_failed_repair
Qwen2.5 protected-v3 phonetic + guarded EN,benqa_12th-Chemistry-II_0240,B,generated_en_only,use_generated_en,B,True,True,0,False,B,A,B,source_fallback_after_failed_repair
Qwen2.5 protected-v3 phonetic + guarded EN,benqa_12th-Chemistry-II_0240,B,generated_bn_if_baseline_empty,fallback_baseline,B,True,True,0,False,B,A,B,source_fallback_after_failed_repair
Qwen2.5 protected-v3 phonetic + guarded EN,benqa_12th-Chemistry-II_0240,B,generated_en_if_baseline_empty,fallback_baseline,B,True,True,0,False,B,A,B,source_fallback_after_failed_repair
Qwen2.5 protected-v3 phonetic + guarded EN,benqa_12th-Chemistry-II_0240,B,all_disagree_bn_tiebreak,fallback_baseline,B,True,True,0,False,B,A,B,source_fallback_after_failed_repair
Qwen2.5 protected-v3 phonetic + guarded EN,benqa_12th-Chemistry-II_0240,B,all_disagree_en_tiebreak,fallback_baseline,B,True,True,0,False,B,A,B,source_fallback_after_failed_repair
Qwen2.5 protected-v3 phonetic + guarded EN,benqa_12th-Chemistry-II_0240,B,generated_bn_priority_nonbaseline,bn_nonbaseline_priority,A,False,True,-1,True,B,A,B,source_fallback_after_failed_repair
Qwen2.5 protected-v3 phonetic + guarded EN,benqa_12th-Chemistry-II_0240,B,generated_en_priority_nonbaseline,bn_nonbaseline_priority,A,False,True,-1,True,B,A,B,source_fallback_after_failed_repair
Qwen2.5 protected-v3 phonetic + guarded EN,benqa_12th-Chemistry-II_0305,D,baseline,baseline,A,False,False,0,False,A,B,A,source_fallback_after_failed_repair
Qwen2.5 protected-v3 phonetic + guarded EN,benqa_12th-Chemistry-II_0305,D,strict_generated_agreement,fallback_baseline,A,False,False,0,False,A,B,A,source_fallback_after_failed_repair
Qwen2.5 protected-v3 phonetic + guarded EN,benqa_12th-Chemistry-II_0305,D,three_view_majority,banglish_en_majority,A,False,False,0,False,A,B,A,source_fallback_after_failed_repair
Qwen2.5 protected-v3 phonetic + guarded EN,benqa_12th-Chemistry-II_0305,D,generated_bn_only,use_generated_bn,B,False,False,0,True,A,B,A,source_fallback_after_failed_repair
Qwen2.5 protected-v3 phonetic + guarded EN,benqa_12th-Chemistry-II_0305,D,generated_en_only,use_generated_en,A,False,False,0,False,A,B,A,source_fallback_after_failed_repair
Qwen2.5 protected-v3 phonetic + guarded EN,benqa_12th-Chemistry-II_0305,D,generated_bn_if_baseline_empty,fallback_baseline,A,False,False,0,False,A,B,A,source_fallback_after_failed_repair
Qwen2.5 protected-v3 phonetic + guarded EN,benqa_12th-Chemistry-II_0305,D,generated_en_if_baseline_empty,fallback_baseline,A,False,False,0,False,A,B,A,source_fallback_after_failed_repair
Qwen2.5 protected-v3 phonetic + guarded EN,benqa_12th-Chemistry-II_0305,D,all_disagree_bn_tiebreak,fallback_baseline,A,False,False,0,False,A,B,A,source_fallback_after_failed_repair
Qwen2.5 protected-v3 phonetic + guarded EN,benqa_12th-Chemistry-II_0305,D,all_disagree_en_tiebreak,fallback_baseline,A,False,False,0,False,A,B,A,source_fallback_after_failed_repair
Qwen2.5 protected-v3 phonetic + guarded EN,benqa_12th-Chemistry-II_0305,D,generated_bn_priority_nonbaseline,bn_nonbaseline_priority,B,False,False,0,True,A,B,A,source_fallback_after_failed_repair
Qwen2.5 protected-v3 phonetic + guarded EN,benqa_12th-Chemistry-II_0305,D,generated_en_priority_nonbaseline,bn_nonbaseline_priority,B,False,False,0,True,A,B,A,source_fallback_after_failed_repair
Qwen2.5 protected-v3 phonetic + guarded EN,benqa_12th-Chemistry-I_0140,D,baseline,baseline,A,False,False,0,False,A,B,A,source_fallback_after_failed_repair
Qwen2.5 protected-v3 phonetic + guarded EN,benqa_12th-Chemistry-I_0140,D,strict_generated_agreement,fallback_baseline,A,False,False,0,False,A,B,A,source_fallback_after_failed_repair
Qwen2.5 protected-v3 phonetic + guarded EN,benqa_12th-Chemistry-I_0140,D,three_view_majority,banglish_en_majority,A,False,False,0,False,A,B,A,source_fallback_after_failed_repair
Qwen2.5 protected-v3 phonetic + guarded EN,benqa_12th-Chemistry-I_0140,D,generated_bn_only,use_generated_bn,B,False,False,0,True,A,B,A,source_fallback_after_failed_repair
Qwen2.5 protected-v3 phonetic + guarded EN,benqa_12th-Chemistry-I_0140,D,generated_en_only,use_generated_en,A,False,False,0,False,A,B,A,source_fallback_after_failed_repair
Qwen2.5 protected-v3 phonetic + guarded EN,benqa_12th-Chemistry-I_0140,D,generated_bn_if_baseline_empty,fallback_baseline,A,False,False,0,False,A,B,A,source_fallback_after_failed_repair
Qwen2.5 protected-v3 phonetic + guarded EN,benqa_12th-Chemistry-I_0140,D,generated_en_if_baseline_empty,fallback_baseline,A,False,False,0,False,A,B,A,source_fallback_after_failed_repair
Qwen2.5 protected-v3 phonetic + guarded EN,benqa_12th-Chemistry-I_0140,D,all_disagree_bn_tiebreak,fallback_baseline,A,False,False,0,False,A,B,A,source_fallback_after_failed_repair
Qwen2.5 protected-v3 phonetic + guarded EN,benqa_12th-Chemistry-I_0140,D,all_disagree_en_tiebreak,fallback_baseline,A,False,False,0,False,A,B,A,source_fallback_after_failed_repair
Qwen2.5 protected-v3 phonetic + guarded EN,benqa_12th-Chemistry-I_0140,D,generated_bn_priority_nonbaseline,bn_nonbaseline_priority,B,False,False,0,True,A,B,A,source_fallback_after_failed_repair
Qwen2.5 protected-v3 phonetic + guarded EN,benqa_12th-Chemistry-I_0140,D,generated_en_priority_nonbaseline,bn_nonbaseline_priority,B,False,False,0,True,A,B,A,source_fallback_after_failed_repair
Qwen2.5 protected-v3 phonetic + guarded EN,benqa_12th-Chemistry-I_0190,B,baseline,baseline,C,False,False,0,False,C,C,B,translated_stem_source_tail
Qwen2.5 protected-v3 phonetic + guarded EN,benqa_12th-Chemistry-I_0190,B,strict_generated_agreement,fallback_baseline,C,False,False,0,False,C,C,B,translated_stem_source_tail
Qwen2.5 protected-v3 phonetic + guarded EN,benqa_12th-Chemistry-I_0190,B,three_view_majority,banglish_bn_majority,C,False,False,0,False,C,C,B,translated_stem_source_tail
Qwen2.5 protected-v3 phonetic + guarded EN,benqa_12th-Chemistry-I_0190,B,generated_bn_only,use_generated_bn,C,False,False,0,False,C,C,B,translated_stem_source_tail
Qwen2.5 protected-v3 phonetic + guarded EN,benqa_12th-Chemistry-I_0190,B,generated_en_only,use_generated_en,B,True,False,1,True,C,C,B,translated_stem_source_tail
Qwen2.5 protected-v3 phonetic + guarded EN,benqa_12th-Chemistry-I_0190,B,generated_bn_if_baseline_empty,fallback_baseline,C,False,False,0,False,C,C,B,translated_stem_source_tail
Qwen2.5 protected-v3 phonetic + guarded EN,benqa_12th-Chemistry-I_0190,B,generated_en_if_baseline_empty,fallback_baseline,C,False,False,0,False,C,C,B,translated_stem_source_tail
Qwen2.5 protected-v3 phonetic + guarded EN,benqa_12th-Chemistry-I_0190,B,all_disagree_bn_tiebreak,fallback_baseline,C,False,False,0,False,C,C,B,translated_stem_source_tail
Qwen2.5 protected-v3 phonetic + guarded EN,benqa_12th-Chemistry-I_0190,B,all_disagree_en_tiebreak,fallback_baseline,C,False,False,0,False,C,C,B,translated_stem_source_tail
Qwen2.5 protected-v3 phonetic + guarded EN,benqa_12th-Chemistry-I_0190,B,generated_bn_priority_nonbaseline,en_nonbaseline_priority,B,True,False,1,True,C,C,B,translated_stem_source_tail
Qwen2.5 protected-v3 phonetic + guarded EN,benqa_12th-Chemistry-I_0190,B,generated_en_priority_nonbaseline,en_nonbaseline_priority,B,True,False,1,True,C,C,B,translated_stem_source_tail
Qwen2.5 protected-v3 phonetic + guarded EN,benqa_12th-Chemistry-I_0303,D,baseline,baseline,D,True,True,0,False,D,D,D,translated_stem_source_tail
Qwen2.5 protected-v3 phonetic + guarded EN,benqa_12th-Chemistry-I_0303,D,strict_generated_agreement,fallback_baseline,D,True,True,0,False,D,D,D,translated_stem_source_tail
Qwen2.5 protected-v3 phonetic + guarded EN,benqa_12th-Chemistry-I_0303,D,three_view_majority,banglish_bn_majority,D,True,True,0,False,D,D,D,translated_stem_source_tail
Qwen2.5 protected-v3 phonetic + guarded EN,benqa_12th-Chemistry-I_0303,D,generated_bn_only,use_generated_bn,D,True,True,0,False,D,D,D,translated_stem_source_tail
Qwen2.5 protected-v3 phonetic + guarded EN,benqa_12th-Chemistry-I_0303,D,generated_en_only,use_generated_en,D,True,True,0,False,D,D,D,translated_stem_source_tail
Qwen2.5 protected-v3 phonetic + guarded EN,benqa_12th-Chemistry-I_0303,D,generated_bn_if_baseline_empty,fallback_baseline,D,True,True,0,False,D,D,D,translated_stem_source_tail
Qwen2.5 protected-v3 phonetic + guarded EN,benqa_12th-Chemistry-I_0303,D,generated_en_if_baseline_empty,fallback_baseline,D,True,True,0,False,D,D,D,translated_stem_source_tail
Qwen2.5 protected-v3 phonetic + guarded EN,benqa_12th-Chemistry-I_0303,D,all_disagree_bn_tiebreak,fallback_baseline,D,True,True,0,False,D,D,D,translated_stem_source_tail
Qwen2.5 protected-v3 phonetic + guarded EN,benqa_12th-Chemistry-I_0303,D,all_disagree_en_tiebreak,fallback_baseline,D,True,True,0,False,D,D,D,translated_stem_source_tail
Qwen2.5 protected-v3 phonetic + guarded EN,benqa_12th-Chemistry-I_0303,D,generated_bn_priority_nonbaseline,fallback_baseline,D,True,True,0,False,D,D,D,translated_stem_source_tail
Qwen2.5 protected-v3 phonetic + guarded EN,benqa_12th-Chemistry-I_0303,D,generated_en_priority_nonbaseline,fallback_baseline,D,True,True,0,False,D,D,D,translated_stem_source_tail
Qwen2.5 protected-v3 phonetic + guarded EN,benqa_12th-Math-II_0230,D,baseline,baseline,D,True,True,0,False,D,D,D,translated_stem_source_tail
Qwen2.5 protected-v3 phonetic + guarded EN,benqa_12th-Math-II_0230,D,strict_generated_agreement,fallback_baseline,D,True,True,0,False,D,D,D,translated_stem_source_tail
Qwen2.5 protected-v3 phonetic + guarded EN,benqa_12th-Math-II_0230,D,three_view_majority,banglish_bn_majority,D,True,True,0,False,D,D,D,translated_stem_source_tail
Qwen2.5 protected-v3 phonetic + guarded EN,benqa_12th-Math-II_0230,D,generated_bn_only,use_generated_bn,D,True,True,0,False,D,D,D,translated_stem_source_tail
Qwen2.5 protected-v3 phonetic + guarded EN,benqa_12th-Math-II_0230,D,generated_en_only,use_generated_en,D,True,True,0,False,D,D,D,translated_stem_source_tail
Qwen2.5 protected-v3 phonetic + guarded EN,benqa_12th-Math-II_0230,D,generated_bn_if_baseline_empty,fallback_baseline,D,True,True,0,False,D,D,D,translated_stem_source_tail
Qwen2.5 protected-v3 phonetic + guarded EN,benqa_12th-Math-II_0230,D,generated_en_if_baseline_empty,fallback_baseline,D,True,True,0,False,D,D,D,translated_stem_source_tail
Qwen2.5 protected-v3 phonetic + guarded EN,benqa_12th-Math-II_0230,D,all_disagree_bn_tiebreak,fallback_baseline,D,True,True,0,False,D,D,D,translated_stem_source_tail
Qwen2.5 protected-v3 phonetic + guarded EN,benqa_12th-Math-II_0230,D,all_disagree_en_tiebreak,fallback_baseline,D,True,True,0,False,D,D,D,translated_stem_source_tail
Qwen2.5 protected-v3 phonetic + guarded EN,benqa_12th-Math-II_0230,D,generated_bn_priority_nonbaseline,fallback_baseline,D,True,True,0,False,D,D,D,translated_stem_source_tail
Qwen2.5 protected-v3 phonetic + guarded EN,benqa_12th-Math-II_0230,D,generated_en_priority_nonbaseline,fallback_baseline,D,True,True,0,False,D,D,D,translated_stem_source_tail
Qwen2.5 protected-v3 phonetic + guarded EN,benqa_12th-Math-II_0234,A,baseline,baseline,A,True,True,0,False,A,A,A,source_fallback_after_failed_repair
Qwen2.5 protected-v3 phonetic + guarded EN,benqa_12th-Math-II_0234,A,strict_generated_agreement,fallback_baseline,A,True,True,0,False,A,A,A,source_fallback_after_failed_repair
Qwen2.5 protected-v3 phonetic + guarded EN,benqa_12th-Math-II_0234,A,three_view_majority,banglish_bn_majority,A,True,True,0,False,A,A,A,source_fallback_after_failed_repair
Qwen2.5 protected-v3 phonetic + guarded EN,benqa_12th-Math-II_0234,A,generated_bn_only,use_generated_bn,A,True,True,0,False,A,A,A,source_fallback_after_failed_repair
Qwen2.5 protected-v3 phonetic + guarded EN,benqa_12th-Math-II_0234,A,generated_en_only,use_generated_en,A,True,True,0,False,A,A,A,source_fallback_after_failed_repair
Qwen2.5 protected-v3 phonetic + guarded EN,benqa_12th-Math-II_0234,A,generated_bn_if_baseline_empty,fallback_baseline,A,True,True,0,False,A,A,A,source_fallback_after_failed_repair
Qwen2.5 protected-v3 phonetic + guarded EN,benqa_12th-Math-II_0234,A,generated_en_if_baseline_empty,fallback_baseline,A,True,True,0,False,A,A,A,source_fallback_after_failed_repair
Qwen2.5 protected-v3 phonetic + guarded EN,benqa_12th-Math-II_0234,A,all_disagree_bn_tiebreak,fallback_baseline,A,True,True,0,False,A,A,A,source_fallback_after_failed_repair
Qwen2.5 protected-v3 phonetic + guarded EN,benqa_12th-Math-II_0234,A,all_disagree_en_tiebreak,fallback_baseline,A,True,True,0,False,A,A,A,source_fallback_after_failed_repair
Qwen2.5 protected-v3 phonetic + guarded EN,benqa_12th-Math-II_0234,A,generated_bn_priority_nonbaseline,fallback_baseline,A,True,True,0,False,A,A,A,source_fallback_after_failed_repair
Qwen2.5 protected-v3 phonetic + guarded EN,benqa_12th-Math-II_0234,A,generated_en_priority_nonbaseline,fallback_baseline,A,True,True,0,False,A,A,A,source_fallback_after_failed_repair
Qwen2.5 protected-v3 phonetic + guarded EN,benqa_12th-Math-I_0088,C,baseline,baseline,A,False,False,0,False,A,A,A,source_fallback_after_failed_repair
Qwen2.5 protected-v3 phonetic + guarded EN,benqa_12th-Math-I_0088,C,strict_generated_agreement,fallback_baseline,A,False,False,0,False,A,A,A,source_fallback_after_failed_repair
Qwen2.5 protected-v3 phonetic + guarded EN,benqa_12th-Math-I_0088,C,three_view_majority,banglish_bn_majority,A,False,False,0,False,A,A,A,source_fallback_after_failed_repair
Qwen2.5 protected-v3 phonetic + guarded EN,benqa_12th-Math-I_0088,C,generated_bn_only,use_generated_bn,A,False,False,0,False,A,A,A,source_fallback_after_failed_repair
Qwen2.5 protected-v3 phonetic + guarded EN,benqa_12th-Math-I_0088,C,generated_en_only,use_generated_en,A,False,False,0,False,A,A,A,source_fallback_after_failed_repair
Qwen2.5 protected-v3 phonetic + guarded EN,benqa_12th-Math-I_0088,C,generated_bn_if_baseline_empty,fallback_baseline,A,False,False,0,False,A,A,A,source_fallback_after_failed_repair
Qwen2.5 protected-v3 phonetic + guarded EN,benqa_12th-Math-I_0088,C,generated_en_if_baseline_empty,fallback_baseline,A,False,False,0,False,A,A,A,source_fallback_after_failed_repair
Qwen2.5 protected-v3 phonetic + guarded EN,benqa_12th-Math-I_0088,C,all_disagree_bn_tiebreak,fallback_baseline,A,False,False,0,False,A,A,A,source_fallback_after_failed_repair
Qwen2.5 protected-v3 phonetic + guarded EN,benqa_12th-Math-I_0088,C,all_disagree_en_tiebreak,fallback_baseline,A,False,False,0,False,A,A,A,source_fallback_after_failed_repair
Qwen2.5 protected-v3 phonetic + guarded EN,benqa_12th-Math-I_0088,C,generated_bn_priority_nonbaseline,fallback_baseline,A,False,False,0,False,A,A,A,source_fallback_after_failed_repair
Qwen2.5 protected-v3 phonetic + guarded EN,benqa_12th-Math-I_0088,C,generated_en_priority_nonbaseline,fallback_baseline,A,False,False,0,False,A,A,A,source_fallback_after_failed_repair
Qwen2.5 protected-v3 phonetic + guarded EN,benqa_12th-Math-I_0120,D,baseline,baseline,B,False,False,0,False,B,B,B,source_fallback_after_failed_repair
Qwen2.5 protected-v3 phonetic + guarded EN,benqa_12th-Math-I_0120,D,strict_generated_agreement,fallback_baseline,B,False,False,0,False,B,B,B,source_fallback_after_failed_repair
Qwen2.5 protected-v3 phonetic + guarded EN,benqa_12th-Math-I_0120,D,three_view_majority,banglish_bn_majority,B,False,False,0,False,B,B,B,source_fallback_after_failed_repair
Qwen2.5 protected-v3 phonetic + guarded EN,benqa_12th-Math-I_0120,D,generated_bn_only,use_generated_bn,B,False,False,0,False,B,B,B,source_fallback_after_failed_repair
Qwen2.5 protected-v3 phonetic + guarded EN,benqa_12th-Math-I_0120,D,generated_en_only,use_generated_en,B,False,False,0,False,B,B,B,source_fallback_after_failed_repair
Qwen2.5 protected-v3 phonetic + guarded EN,benqa_12th-Math-I_0120,D,generated_bn_if_baseline_empty,fallback_baseline,B,False,False,0,False,B,B,B,source_fallback_after_failed_repair
Qwen2.5 protected-v3 phonetic + guarded EN,benqa_12th-Math-I_0120,D,generated_en_if_baseline_empty,fallback_baseline,B,False,False,0,False,B,B,B,source_fallback_after_failed_repair
Qwen2.5 protected-v3 phonetic + guarded EN,benqa_12th-Math-I_0120,D,all_disagree_bn_tiebreak,fallback_baseline,B,False,False,0,False,B,B,B,source_fallback_after_failed_repair
Qwen2.5 protected-v3 phonetic + guarded EN,benqa_12th-Math-I_0120,D,all_disagree_en_tiebreak,fallback_baseline,B,False,False,0,False,B,B,B,source_fallback_after_failed_repair
Qwen2.5 protected-v3 phonetic + guarded EN,benqa_12th-Math-I_0120,D,generated_bn_priority_nonbaseline,fallback_baseline,B,False,False,0,False,B,B,B,source_fallback_after_failed_repair
Qwen2.5 protected-v3 phonetic + guarded EN,benqa_12th-Math-I_0120,D,generated_en_priority_nonbaseline,fallback_baseline,B,False,False,0,False,B,B,B,source_fallback_after_failed_repair
Qwen2.5 protected-v3 phonetic + guarded EN,benqa_12th-Math-I_0202,B,baseline,baseline,D,False,False,0,False,D,B,D,source_fallback_after_failed_repair
Qwen2.5 protected-v3 phonetic + guarded EN,benqa_12th-Math-I_0202,B,strict_generated_agreement,fallback_baseline,D,False,False,0,False,D,B,D,source_fallback_after_failed_repair
Qwen2.5 protected-v3 phonetic + guarded EN,benqa_12th-Math-I_0202,B,three_view_majority,banglish_en_majority,D,False,False,0,False,D,B,D,source_fallback_after_failed_repair
Qwen2.5 protected-v3 phonetic + guarded EN,benqa_12th-Math-I_0202,B,generated_bn_only,use_generated_bn,B,True,False,1,True,D,B,D,source_fallback_after_failed_repair
Qwen2.5 protected-v3 phonetic + guarded EN,benqa_12th-Math-I_0202,B,generated_en_only,use_generated_en,D,False,False,0,False,D,B,D,source_fallback_after_failed_repair
Qwen2.5 protected-v3 phonetic + guarded EN,benqa_12th-Math-I_0202,B,generated_bn_if_baseline_empty,fallback_baseline,D,False,False,0,False,D,B,D,source_fallback_after_failed_repair
Qwen2.5 protected-v3 phonetic + guarded EN,benqa_12th-Math-I_0202,B,generated_en_if_baseline_empty,fallback_baseline,D,False,False,0,False,D,B,D,source_fallback_after_failed_repair
Qwen2.5 protected-v3 phonetic + guarded EN,benqa_12th-Math-I_0202,B,all_disagree_bn_tiebreak,fallback_baseline,D,False,False,0,False,D,B,D,source_fallback_after_failed_repair
Qwen2.5 protected-v3 phonetic + guarded EN,benqa_12th-Math-I_0202,B,all_disagree_en_tiebreak,fallback_baseline,D,False,False,0,False,D,B,D,source_fallback_after_failed_repair
Qwen2.5 protected-v3 phonetic + guarded EN,benqa_12th-Math-I_0202,B,generated_bn_priority_nonbaseline,bn_nonbaseline_priority,B,True,False,1,True,D,B,D,source_fallback_after_failed_repair
Qwen2.5 protected-v3 phonetic + guarded EN,benqa_12th-Math-I_0202,B,generated_en_priority_nonbaseline,bn_nonbaseline_priority,B,True,False,1,True,D,B,D,source_fallback_after_failed_repair
Qwen2.5 protected-v3 phonetic + guarded EN,benqa_12th-Physics-II_0088,A,baseline,baseline,D,False,False,0,False,D,B,D,source_fallback_after_failed_repair
Qwen2.5 protected-v3 phonetic + guarded EN,benqa_12th-Physics-II_0088,A,strict_generated_agreement,fallback_baseline,D,False,False,0,False,D,B,D,source_fallback_after_failed_repair
Qwen2.5 protected-v3 phonetic + guarded EN,benqa_12th-Physics-II_0088,A,three_view_majority,banglish_en_majority,D,False,False,0,False,D,B,D,source_fallback_after_failed_repair
Qwen2.5 protected-v3 phonetic + guarded EN,benqa_12th-Physics-II_0088,A,generated_bn_only,use_generated_bn,B,False,False,0,True,D,B,D,source_fallback_after_failed_repair
Qwen2.5 protected-v3 phonetic + guarded EN,benqa_12th-Physics-II_0088,A,generated_en_only,use_generated_en,D,False,False,0,False,D,B,D,source_fallback_after_failed_repair
Qwen2.5 protected-v3 phonetic + guarded EN,benqa_12th-Physics-II_0088,A,generated_bn_if_baseline_empty,fallback_baseline,D,False,False,0,False,D,B,D,source_fallback_after_failed_repair
Qwen2.5 protected-v3 phonetic + guarded EN,benqa_12th-Physics-II_0088,A,generated_en_if_baseline_empty,fallback_baseline,D,False,False,0,False,D,B,D,source_fallback_after_failed_repair
Qwen2.5 protected-v3 phonetic + guarded EN,benqa_12th-Physics-II_0088,A,all_disagree_bn_tiebreak,fallback_baseline,D,False,False,0,False,D,B,D,source_fallback_after_failed_repair
Qwen2.5 protected-v3 phonetic + guarded EN,benqa_12th-Physics-II_0088,A,all_disagree_en_tiebreak,fallback_baseline,D,False,False,0,False,D,B,D,source_fallback_after_failed_repair
Qwen2.5 protected-v3 phonetic + guarded EN,benqa_12th-Physics-II_0088,A,generated_bn_priority_nonbaseline,bn_nonbaseline_priority,B,False,False,0,True,D,B,D,source_fallback_after_failed_repair
Qwen2.5 protected-v3 phonetic + guarded EN,benqa_12th-Physics-II_0088,A,generated_en_priority_nonbaseline,bn_nonbaseline_priority,B,False,False,0,True,D,B,D,source_fallback_after_failed_repair
Qwen2.5 protected-v3 phonetic + guarded EN,benqa_12th-Physics-II_0131,B,baseline,baseline,B,True,True,0,False,B,A,D,translated_stem_source_tail
Qwen2.5 protected-v3 phonetic + guarded EN,benqa_12th-Physics-II_0131,B,strict_generated_agreement,fallback_baseline,B,True,True,0,False,B,A,D,translated_stem_source_tail
Qwen2.5 protected-v3 phonetic + guarded EN,benqa_12th-Physics-II_0131,B,three_view_majority,fallback_baseline,B,True,True,0,False,B,A,D,translated_stem_source_tail
Qwen2.5 protected-v3 phonetic + guarded EN,benqa_12th-Physics-II_0131,B,generated_bn_only,use_generated_bn,A,False,True,-1,True,B,A,D,translated_stem_source_tail
Qwen2.5 protected-v3 phonetic + guarded EN,benqa_12th-Physics-II_0131,B,generated_en_only,use_generated_en,D,False,True,-1,True,B,A,D,translated_stem_source_tail
Qwen2.5 protected-v3 phonetic + guarded EN,benqa_12th-Physics-II_0131,B,generated_bn_if_baseline_empty,fallback_baseline,B,True,True,0,False,B,A,D,translated_stem_source_tail
Qwen2.5 protected-v3 phonetic + guarded EN,benqa_12th-Physics-II_0131,B,generated_en_if_baseline_empty,fallback_baseline,B,True,True,0,False,B,A,D,translated_stem_source_tail
Qwen2.5 protected-v3 phonetic + guarded EN,benqa_12th-Physics-II_0131,B,all_disagree_bn_tiebreak,all_disagree_use_bn,A,False,True,-1,True,B,A,D,translated_stem_source_tail
Qwen2.5 protected-v3 phonetic + guarded EN,benqa_12th-Physics-II_0131,B,all_disagree_en_tiebreak,all_disagree_use_en,D,False,True,-1,True,B,A,D,translated_stem_source_tail
Qwen2.5 protected-v3 phonetic + guarded EN,benqa_12th-Physics-II_0131,B,generated_bn_priority_nonbaseline,bn_nonbaseline_priority,A,False,True,-1,True,B,A,D,translated_stem_source_tail
Qwen2.5 protected-v3 phonetic + guarded EN,benqa_12th-Physics-II_0131,B,generated_en_priority_nonbaseline,en_nonbaseline_priority,D,False,True,-1,True,B,A,D,translated_stem_source_tail
Qwen2.5 protected-v3 phonetic + guarded EN,benqa_12th-Physics-I_0106,D,baseline,baseline,D,True,True,0,False,D,C,C,translated_stem_source_tail
Qwen2.5 protected-v3 phonetic + guarded EN,benqa_12th-Physics-I_0106,D,strict_generated_agreement,bn_en_agree_nonbaseline,C,False,True,-1,True,D,C,C,translated_stem_source_tail
Qwen2.5 protected-v3 phonetic + guarded EN,benqa_12th-Physics-I_0106,D,three_view_majority,bn_en_majority,C,False,True,-1,True,D,C,C,translated_stem_source_tail
Qwen2.5 protected-v3 phonetic + guarded EN,benqa_12th-Physics-I_0106,D,generated_bn_only,use_generated_bn,C,False,True,-1,True,D,C,C,translated_stem_source_tail
Qwen2.5 protected-v3 phonetic + guarded EN,benqa_12th-Physics-I_0106,D,generated_en_only,use_generated_en,C,False,True,-1,True,D,C,C,translated_stem_source_tail
Qwen2.5 protected-v3 phonetic + guarded EN,benqa_12th-Physics-I_0106,D,generated_bn_if_baseline_empty,fallback_baseline,D,True,True,0,False,D,C,C,translated_stem_source_tail
Qwen2.5 protected-v3 phonetic + guarded EN,benqa_12th-Physics-I_0106,D,generated_en_if_baseline_empty,fallback_baseline,D,True,True,0,False,D,C,C,translated_stem_source_tail
Qwen2.5 protected-v3 phonetic + guarded EN,benqa_12th-Physics-I_0106,D,all_disagree_bn_tiebreak,bn_en_agree_nonbaseline,C,False,True,-1,True,D,C,C,translated_stem_source_tail
Qwen2.5 protected-v3 phonetic + guarded EN,benqa_12th-Physics-I_0106,D,all_disagree_en_tiebreak,bn_en_agree_nonbaseline,C,False,True,-1,True,D,C,C,translated_stem_source_tail
Qwen2.5 protected-v3 phonetic + guarded EN,benqa_12th-Physics-I_0106,D,generated_bn_priority_nonbaseline,bn_en_agree_nonbaseline,C,False,True,-1,True,D,C,C,translated_stem_source_tail
Qwen2.5 protected-v3 phonetic + guarded EN,benqa_12th-Physics-I_0106,D,generated_en_priority_nonbaseline,bn_en_agree_nonbaseline,C,False,True,-1,True,D,C,C,translated_stem_source_tail
Qwen2.5 protected-v3 phonetic + guarded EN,benqa_12th-Physics-I_0109,C,baseline,baseline,B,False,False,0,False,B,B,A,translated_stem_source_tail
Qwen2.5 protected-v3 phonetic + guarded EN,benqa_12th-Physics-I_0109,C,strict_generated_agreement,fallback_baseline,B,False,False,0,False,B,B,A,translated_stem_source_tail
Qwen2.5 protected-v3 phonetic + guarded EN,benqa_12th-Physics-I_0109,C,three_view_majority,banglish_bn_majority,B,False,False,0,False,B,B,A,translated_stem_source_tail
Qwen2.5 protected-v3 phonetic + guarded EN,benqa_12th-Physics-I_0109,C,generated_bn_only,use_generated_bn,B,False,False,0,False,B,B,A,translated_stem_source_tail
Qwen2.5 protected-v3 phonetic + guarded EN,benqa_12th-Physics-I_0109,C,generated_en_only,use_generated_en,A,False,False,0,True,B,B,A,translated_stem_source_tail
Qwen2.5 protected-v3 phonetic + guarded EN,benqa_12th-Physics-I_0109,C,generated_bn_if_baseline_empty,fallback_baseline,B,False,False,0,False,B,B,A,translated_stem_source_tail
Qwen2.5 protected-v3 phonetic + guarded EN,benqa_12th-Physics-I_0109,C,generated_en_if_baseline_empty,fallback_baseline,B,False,False,0,False,B,B,A,translated_stem_source_tail
Qwen2.5 protected-v3 phonetic + guarded EN,benqa_12th-Physics-I_0109,C,all_disagree_bn_tiebreak,fallback_baseline,B,False,False,0,False,B,B,A,translated_stem_source_tail
Qwen2.5 protected-v3 phonetic + guarded EN,benqa_12th-Physics-I_0109,C,all_disagree_en_tiebreak,fallback_baseline,B,False,False,0,False,B,B,A,translated_stem_source_tail
Qwen2.5 protected-v3 phonetic + guarded EN,benqa_12th-Physics-I_0109,C,generated_bn_priority_nonbaseline,en_nonbaseline_priority,A,False,False,0,True,B,B,A,translated_stem_source_tail
Qwen2.5 protected-v3 phonetic + guarded EN,benqa_12th-Physics-I_0109,C,generated_en_priority_nonbaseline,en_nonbaseline_priority,A,False,False,0,True,B,B,A,translated_stem_source_tail
Qwen2.5 protected-v3 phonetic + guarded EN,benqa_8th-Math_0031,D,baseline,baseline,B,False,False,0,False,B,B,D,translated_stem_source_tail
Qwen2.5 protected-v3 phonetic + guarded EN,benqa_8th-Math_0031,D,strict_generated_agreement,fallback_baseline,B,False,False,0,False,B,B,D,translated_stem_source_tail
Qwen2.5 protected-v3 phonetic + guarded EN,benqa_8th-Math_0031,D,three_view_majority,banglish_bn_majority,B,False,False,0,False,B,B,D,translated_stem_source_tail
Qwen2.5 protected-v3 phonetic + guarded EN,benqa_8th-Math_0031,D,generated_bn_only,use_generated_bn,B,False,False,0,False,B,B,D,translated_stem_source_tail
Qwen2.5 protected-v3 phonetic + guarded EN,benqa_8th-Math_0031,D,generated_en_only,use_generated_en,D,True,False,1,True,B,B,D,translated_stem_source_tail
Qwen2.5 protected-v3 phonetic + guarded EN,benqa_8th-Math_0031,D,generated_bn_if_baseline_empty,fallback_baseline,B,False,False,0,False,B,B,D,translated_stem_source_tail
Qwen2.5 protected-v3 phonetic + guarded EN,benqa_8th-Math_0031,D,generated_en_if_baseline_empty,fallback_baseline,B,False,False,0,False,B,B,D,translated_stem_source_tail
Qwen2.5 protected-v3 phonetic + guarded EN,benqa_8th-Math_0031,D,all_disagree_bn_tiebreak,fallback_baseline,B,False,False,0,False,B,B,D,translated_stem_source_tail
Qwen2.5 protected-v3 phonetic + guarded EN,benqa_8th-Math_0031,D,all_disagree_en_tiebreak,fallback_baseline,B,False,False,0,False,B,B,D,translated_stem_source_tail
Qwen2.5 protected-v3 phonetic + guarded EN,benqa_8th-Math_0031,D,generated_bn_priority_nonbaseline,en_nonbaseline_priority,D,True,False,1,True,B,B,D,translated_stem_source_tail
Qwen2.5 protected-v3 phonetic + guarded EN,benqa_8th-Math_0031,D,generated_en_priority_nonbaseline,en_nonbaseline_priority,D,True,False,1,True,B,B,D,translated_stem_source_tail
Qwen2.5 protected-v3 phonetic + guarded EN,benqa_8th-Math_0085,C,baseline,baseline,B,False,False,0,False,B,D,B,translated_stem_source_tail
Qwen2.5 protected-v3 phonetic + guarded EN,benqa_8th-Math_0085,C,strict_generated_agreement,fallback_baseline,B,False,False,0,False,B,D,B,translated_stem_source_tail
Qwen2.5 protected-v3 phonetic + guarded EN,benqa_8th-Math_0085,C,three_view_majority,banglish_en_majority,B,False,False,0,False,B,D,B,translated_stem_source_tail
Qwen2.5 protected-v3 phonetic + guarded EN,benqa_8th-Math_0085,C,generated_bn_only,use_generated_bn,D,False,False,0,True,B,D,B,translated_stem_source_tail
Qwen2.5 protected-v3 phonetic + guarded EN,benqa_8th-Math_0085,C,generated_en_only,use_generated_en,B,False,False,0,False,B,D,B,translated_stem_source_tail
Qwen2.5 protected-v3 phonetic + guarded EN,benqa_8th-Math_0085,C,generated_bn_if_baseline_empty,fallback_baseline,B,False,False,0,False,B,D,B,translated_stem_source_tail
Qwen2.5 protected-v3 phonetic + guarded EN,benqa_8th-Math_0085,C,generated_en_if_baseline_empty,fallback_baseline,B,False,False,0,False,B,D,B,translated_stem_source_tail
Qwen2.5 protected-v3 phonetic + guarded EN,benqa_8th-Math_0085,C,all_disagree_bn_tiebreak,fallback_baseline,B,False,False,0,False,B,D,B,translated_stem_source_tail
Qwen2.5 protected-v3 phonetic + guarded EN,benqa_8th-Math_0085,C,all_disagree_en_tiebreak,fallback_baseline,B,False,False,0,False,B,D,B,translated_stem_source_tail
Qwen2.5 protected-v3 phonetic + guarded EN,benqa_8th-Math_0085,C,generated_bn_priority_nonbaseline,bn_nonbaseline_priority,D,False,False,0,True,B,D,B,translated_stem_source_tail
Qwen2.5 protected-v3 phonetic + guarded EN,benqa_8th-Math_0085,C,generated_en_priority_nonbaseline,bn_nonbaseline_priority,D,False,False,0,True,B,D,B,translated_stem_source_tail
Qwen2.5 protected-v3 phonetic + guarded EN,benqa_8th-Science_0024,C,baseline,baseline,D,False,False,0,False,D,B,D,source_fallback_after_failed_repair
Qwen2.5 protected-v3 phonetic + guarded EN,benqa_8th-Science_0024,C,strict_generated_agreement,fallback_baseline,D,False,False,0,False,D,B,D,source_fallback_after_failed_repair
Qwen2.5 protected-v3 phonetic + guarded EN,benqa_8th-Science_0024,C,three_view_majority,banglish_en_majority,D,False,False,0,False,D,B,D,source_fallback_after_failed_repair
Qwen2.5 protected-v3 phonetic + guarded EN,benqa_8th-Science_0024,C,generated_bn_only,use_generated_bn,B,False,False,0,True,D,B,D,source_fallback_after_failed_repair
Qwen2.5 protected-v3 phonetic + guarded EN,benqa_8th-Science_0024,C,generated_en_only,use_generated_en,D,False,False,0,False,D,B,D,source_fallback_after_failed_repair
Qwen2.5 protected-v3 phonetic + guarded EN,benqa_8th-Science_0024,C,generated_bn_if_baseline_empty,fallback_baseline,D,False,False,0,False,D,B,D,source_fallback_after_failed_repair
Qwen2.5 protected-v3 phonetic + guarded EN,benqa_8th-Science_0024,C,generated_en_if_baseline_empty,fallback_baseline,D,False,False,0,False,D,B,D,source_fallback_after_failed_repair
Qwen2.5 protected-v3 phonetic + guarded EN,benqa_8th-Science_0024,C,all_disagree_bn_tiebreak,fallback_baseline,D,False,False,0,False,D,B,D,source_fallback_after_failed_repair
Qwen2.5 protected-v3 phonetic + guarded EN,benqa_8th-Science_0024,C,all_disagree_en_tiebreak,fallback_baseline,D,False,False,0,False,D,B,D,source_fallback_after_failed_repair
Qwen2.5 protected-v3 phonetic + guarded EN,benqa_8th-Science_0024,C,generated_bn_priority_nonbaseline,bn_nonbaseline_priority,B,False,False,0,True,D,B,D,source_fallback_after_failed_repair
Qwen2.5 protected-v3 phonetic + guarded EN,benqa_8th-Science_0024,C,generated_en_priority_nonbaseline,bn_nonbaseline_priority,B,False,False,0,True,D,B,D,source_fallback_after_failed_repair
Qwen2.5 protected-v3 phonetic + guarded EN,benqa_8th-Science_0153,C,baseline,baseline,B,False,False,0,False,B,C,D,translated_stem_source_tail
Qwen2.5 protected-v3 phonetic + guarded EN,benqa_8th-Science_0153,C,strict_generated_agreement,fallback_baseline,B,False,False,0,False,B,C,D,translated_stem_source_tail
Qwen2.5 protected-v3 phonetic + guarded EN,benqa_8th-Science_0153,C,three_view_majority,fallback_baseline,B,False,False,0,False,B,C,D,translated_stem_source_tail
Qwen2.5 protected-v3 phonetic + guarded EN,benqa_8th-Science_0153,C,generated_bn_only,use_generated_bn,C,True,False,1,True,B,C,D,translated_stem_source_tail
Qwen2.5 protected-v3 phonetic + guarded EN,benqa_8th-Science_0153,C,generated_en_only,use_generated_en,D,False,False,0,True,B,C,D,translated_stem_source_tail
Qwen2.5 protected-v3 phonetic + guarded EN,benqa_8th-Science_0153,C,generated_bn_if_baseline_empty,fallback_baseline,B,False,False,0,False,B,C,D,translated_stem_source_tail
Qwen2.5 protected-v3 phonetic + guarded EN,benqa_8th-Science_0153,C,generated_en_if_baseline_empty,fallback_baseline,B,False,False,0,False,B,C,D,translated_stem_source_tail
Qwen2.5 protected-v3 phonetic + guarded EN,benqa_8th-Science_0153,C,all_disagree_bn_tiebreak,all_disagree_use_bn,C,True,False,1,True,B,C,D,translated_stem_source_tail
Qwen2.5 protected-v3 phonetic + guarded EN,benqa_8th-Science_0153,C,all_disagree_en_tiebreak,all_disagree_use_en,D,False,False,0,True,B,C,D,translated_stem_source_tail
Qwen2.5 protected-v3 phonetic + guarded EN,benqa_8th-Science_0153,C,generated_bn_priority_nonbaseline,bn_nonbaseline_priority,C,True,False,1,True,B,C,D,translated_stem_source_tail
Qwen2.5 protected-v3 phonetic + guarded EN,benqa_8th-Science_0153,C,generated_en_priority_nonbaseline,en_nonbaseline_priority,D,False,False,0,True,B,C,D,translated_stem_source_tail
