id,answer,subject,domain,bangla_correct,banglish_correct,english_correct,bangla_parsed,banglish_parsed,english_parsed,bangla_prompt,banglish_prompt,english_prompt
benqa_ext_10th-Biology_0002,D,Biology,biology,0,0,1,B,A,D,"কোনটিতে সৌরশক্তি স্থিতি শক্তিরূপে সঞ্চিত থাকে? A. অক্সিজেন B. পানি C. কার্বন ডাই অক্সাইড D. শ্বেতসার Answer with only A, B, C, or D.","konotite souroshokti sthiti shoktirupe sonchit thake? A. oksijen B. pani C. karbon dai oksaid D. shbetosar Answer with only A, B, C, or D.","Where is the solar energy stored as the potential energy? A. Oxygen B. Water C. Carbon-dioxide D. Carbohydrate Answer with only A, B, C, or D."
benqa_ext_10th-Biology_0034,A,Biology,biology,0,0,1,D,D,A,"ট্রাকিয়াতে পাওয়া যায়- i. সিউডো-স্ট্র্যাটিফাইড আবরণী টিস্যু ii. সিলিয়াযুক্ত আবরণী টিস্যু iii. কিউবয়ডাল আবরণী টিস্যু নিচের কোনটি সঠিক? A. i ও ii B. i ও iii C. ii ও iii D. i, ii ও iii Answer with only A, B, C, or D.","trakiyate paoya jay- i. siudo-stryatifaid aboroni tisyu ii. siliyajukt aboroni tisyu iii. kiuboyodal aboroni tisyu nicher konoti sothik? A. i o ii B. i o iii C. ii o iii D. i, ii o iii Answer with only A, B, C, or D.","Found in Trachea- i. Pseudo stractified epithelial tissue ii. Ciliated epithelial tissue iii. Cuboidal epithelial tissue Which one is correct? A. i and ii B. i and iii C. ii and iii D. i, ii and iii Answer with only A..."
benqa_ext_10th-Biology_0045,D,Biology,biology,0,0,1,B,A,D,"কীসের সাহায্যে ভ্রূণ জরায়ুর সাথে সংস্থাপিত হয়? A. অ্যামনিয়ন B. রক্তনালী C. আম্বিলিকাল কর্ড D. অমরা Answer with only A, B, C, or D.","kiser sahajye bhrun jorayur sathe songsthapit hoy? A. amoniyon B. roktonali C. ambilikal kord D. omora Answer with only A, B, C, or D.","By which part embryo is implanted with the uterus wall? A. Amnion B. Blood vessel C. Umbilical cord D. Placenta Answer with only A, B, C, or D."
benqa_ext_10th-Biology_0065,A,Biology,biology,0,0,1,C,B,A,"নিচের কোনটি C_{4} উদ্ভিদ? A. আখ B. আম C. শাপলা D. জবা Answer with only A, B, C, or D.","nicher konoti C_{4} udbhid? A. akh B. am C. shapola D. joba Answer with only A, B, C, or D.","Which one of the following is C_{4} plant? A. Sugarcane B. Mango C. Water lily D. Chinese hibiscus Answer with only A, B, C, or D."
benqa_ext_10th-Biology_0067,B,Biology,biology,0,0,1,C,C,B,"রতনের বয়স ৩৯ বছর। তার ওজন ৬৯ কেজি এবং উচ্চতা ১৭০ সে.মি.। রতনের ক্ষেত্রে প্রযোজ্য- A. শরীরের ওজন কম B. সুস্বাস্থ্যের অধিকারী C. শরীরের ওজন অতিরিক্ত D. অতিরিক্ত মোটাত্ব Answer with only A, B, C, or D.","rotoner boyos 39 bochhor. tar ojon 69 keji ebong uchchota 170 se.mi.. rotoner kshetre projojy- A. shorirer ojon kom B. susbasthyer odhikari C. shorirer ojon otirikt D. otirikt motatb Answer with only A, B, C, or D.","Ratan is 39 years old. His weight is 69 kg and height is 170 cm. Applicable for Ratan- A. Less body weight B. Possesses good health C. Excessive body weight D. Excessive fat Answer with only A, B, C, or D."
benqa_ext_10th-Biology_0069,A,Biology,biology,0,0,1,C,B,A,"জীবাণু ভক্ষণ করে নিচের কোন কণিকা? A. নিউট্রোফিল B. ইওসিনোফিল C. বেসোফিল D. থ্রম্বোসাইট Answer with only A, B, C, or D.","jibanu bhokshon kore nicher kon konika? A. niutrofil B. iosinofil C. besofil D. thrombosait Answer with only A, B, C, or D.","Which of the following blood corpuscle engulfs the germs? A. Neutrophil B. Eosinophil C. Basophil D. Thrombocyte Answer with only A, B, C, or D."
benqa_ext_10th-Biology_0084,C,Biology,biology,0,0,1,B,B,C,"জ্যান্থোফিল থাকলে উদ্ভিদ কী বর্ণ ধারণ করে? A. লাল B. নীল C. হলুদ D. কমলা Answer with only A, B, C, or D.","jyanthofil thakole udbhid ki born dharon kore? A. lal B. nil C. holud D. komola Answer with only A, B, C, or D.","A Plant turns into which colour with the presence of xanthophyll? A. Red B. Blue C. Yellow D. Orange Answer with only A, B, C, or D."
benqa_ext_10th-Biology_0085,D,Biology,biology,0,0,1,A,C,D,"লাইসোজোমের কাজ কোনটি? A. আমিষ সংশ্লেষণ B. খাদ্য সঞ্চয় C. প্রবাহ পথের নির্দেশনা D. জীবাণু ধ্বংস Answer with only A, B, C, or D.","laisojomer kaj konoti? A. amish songshleshon B. khaddo sonchoy C. probah pother nirdeshona D. jibanu dhbongs Answer with only A, B, C, or D.","Which one is the function of Lysosome? A. Protein synthesis B. Store food C. Works as a flow medium D. Kill germs Answer with only A, B, C, or D."
benqa_ext_10th-Biology_0091,C,Biology,biology,1,0,0,C,D,D,"সুগারবিট এর মূল এবং কাণ্ডের বৃদ্ধির জন্য কোন পুষ্টি উপাদান প্রয়োজন? A. বোরন B. আয়রন C. ক্লোরিন D. পটাশিয়াম Answer with only A, B, C, or D.","sugarobit er mul ebong kander briddhir jony kon pushti upadan proyojon? A. boron B. ayoron C. klorin D. potashiyam Answer with only A, B, C, or D.","Which is the necessary nutrient for the growth of root and stem of lsugar beet? A. Boron B. Iron C. Chlorine D. Potassium Answer with only A, B, C, or D."
benqa_ext_10th-Biology_0100,C,Biology,biology,1,0,1,C,D,C,"অ্যাকটিন ও মায়োসিন প্রোটিন কোন অঙ্গাণুতে থাকে? A. সেন্ট্রোজোম B. রাইবোজোম C. কোষকঙ্কাল D. ক্লোরোপ্লাস্ট Answer with only A, B, C, or D.","akotin o mayosin protin kon ongganute thake? A. sentrojom B. raibojom C. koshokongkal D. kloroplast Answer with only A, B, C, or D.","Which organ contains Actine and Myocin? A. Centrosome B. Ribosome C. Cytoskeleton D. Chloroplast Answer with only A, B, C, or D."
benqa_ext_10th-Biology_0102,A,Biology,biology,1,0,1,A,B,A,"জীবদেহের শ্বসন, রেচন ইত্যাদি সম্পর্কিত বিজ্ঞান কোনটি? A. শারীরবিদ্যা B. চিকিৎসাবিজ্ঞান C. ফার্মেসি D. প্রাণরসায়ন Answer with only A, B, C, or D.","jibodeher shboson, rechon ityadi somporkit bijnan konoti? A. sharirobidya B. chikitosabijnan C. farmesi D. pranorosayon Answer with only A, B, C, or D.","Which branch deals with respiration, excretion etc. of living organsms? A. Physiology B. Medical Science C. Pharmacy D. Biochemistry Answer with only A, B, C, or D."
benqa_ext_10th-Biology_0120,D,Biology,biology,1,0,1,D,B,D,"ব্যাকটেরিয়াতে কোন অঙ্গাণুটি উপস্থিত? A. মাইটোকন্ড্রিয়া B. প্লাস্টিড C. এন্ডোপ্লাজমিক রেটিকুলাম D. রাইবোজোম Answer with only A, B, C, or D.","byakoteriyate kon ongganuti uposthit? A. maitokondriya B. plastid C. endoplajomik retikulam D. raibojom Answer with only A, B, C, or D.","Which organelle is present is bacteria? A. Mitochondria B. Plastid C. Endoplasmic reticulum D. Ribosome Answer with only A, B, C, or D."
benqa_ext_10th-Biology_0151,A,Biology,biology,0,0,1,B,D,A,পাতার মেসোফিল টিস্যুর কোষের অম্লত্ব বেড়ে যায় কোনটির কারণে? A. CO_{2} এর মাত্রা খুব বেশি বেড়ে গেলে B. O_{2} এর বেশি মাত্রা খুব কমে গেলে C. খুব বেশি ক্লোরোপ্লাস্টের উপস্থিতিতে D. এনজাইমের বেশি ঘাটতি থাকলে Answer with on...,patar mesofil tisyur kosher omlotb bere jay konotir karone? A. CO_{2} er matra khub beshi bere gele B. O_{2} er beshi matra khub kome gele C. khub beshi kloroplaster uposthitite D. enojaimer beshi ghatoti thakole Answ...,For which reason the acidic condition in the cell of mesophyll tissue is increased? A. The amount of CO_{2} in increased to a very high level B. The amount O_{2} is decreased C. In the presence of too much chloroplast...
benqa_ext_10th-Biology_0184,A,Biology,biology,0,0,1,D,D,A,"বাঘ ও হরিণের মধ্যে সংগ্রাম বিদ্যমান- i. আন্তঃপ্রজাতিক ii. অন্তঃপ্রজাতিক iii. পরিবেশের সঙ্গে নিচের কোনটি সঠিক? A. i B. ii C. i ও ii D. ii ও iii Answer with only A, B, C, or D.","bagh o horiner modhye songgram bidyoman- i. antohprojatik ii. ontohprojatik iii. poribesher songge nicher konoti sothik? A. i B. ii C. i o ii D. ii o iii Answer with only A, B, C, or D.","What type of struggle found between tiger and deer? i. Inter specific struggle ii. Intra specific struggle iii. Struggle with environment Which one is correct? A. i B. ii C. i and ii D. ii and iii Answer with only A,..."
benqa_ext_10th-Biology_0196,C,Biology,biology,0,0,1,D,D,C,"চালতা কোন ধরণের ফল? A. যৌগিক B. গুচ্ছ C. অপ্রকৃত D. প্রকৃত Answer with only A, B, C, or D.","chalota kon dhoroner fol? A. jougik B. guchchh C. oprokrit D. prokrit Answer with only A, B, C, or D.","What kind of fruit Chalita is? A. Compound B. Agregate C. FALSE D. TRUE Answer with only A, B, C, or D."
benqa_ext_10th-Biology_0218,D,Biology,biology,1,0,1,D,B,D,"নিচের কোনটিতে স্টোন সেল বিদ্যমান? A. তাল B. কলা C. বাঁশ D. সাইকাস Answer with only A, B, C, or D.","nicher konotite ston sel bidyoman? A. tal B. kola C. bansh D. saikas Answer with only A, B, C, or D.","In which of the following stone cell is present? A. Palm B. Banana C. Bamboo D. Cycus Answer with only A, B, C, or D."
benqa_ext_10th-Biology_0225,C,Biology,biology,0,0,1,B,B,C,"ঝিল্লিবিহীন সাইটোপ্লাজমীয় অঙ্গাণু কোনটি? A. গলজি বস্তু B. লাইসোসোম C. রাইবোসোম D. কোষ গহ্বর Answer with only A, B, C, or D.","jhillibihin saitoplajomiy ongganu konoti? A. goloji bostu B. laisosom C. raibosom D. kosh gohbor Answer with only A, B, C, or D.","Which one is non-membranous Cytoplasmic organelle? A. Golgi body B. Lysosome C. Ribosome D. Cell vecuole Answer with only A, B, C, or D."
benqa_ext_10th-Biology_0243,D,Biology,biology,1,0,1,D,B,D,"ইলেকট্রন ট্রান্সপোর্ট সিস্টেম ঘটে কোনটিতে? A. নিউক্লিয়াস B. রাইবোজোম C. লাইসোজোম D. মাইটোকন্ড্রিয়া Answer with only A, B, C, or D.","ilekotron transoport sistem ghote konotite? A. niukliyas B. raibojom C. laisojom D. maitokondriya Answer with only A, B, C, or D.","Electron transport system is occurred in which organell? A. Nucleus B. Ribosome C. Lysosome D. Mitochondria Answer with only A, B, C, or D."
benqa_ext_10th-Biology_0278,D,Biology,biology,1,0,1,D,C,D,"কিডনি বিকল হলে রক্তে কোনটির পরিমাণ বৃদ্ধি পায়? A. অ্যামাইনো এসিড B. ইউরিক এসিড C. ইউরোক্রোম D. ক্রিয়েটিনিন Answer with only A, B, C, or D.","kidoni bikol hole rokte konotir poriman briddhi pay? A. amaino esid B. iurik esid C. iurokrom D. kriyetinin Answer with only A, B, C, or D.","Which one of the following is increased in the blood due to kidney failure? A. Amino acid B. Uric acid C. Urochrome D. Creatinine Answer with only A, B, C, or D."
benqa_ext_10th-Biology_0287,A,Biology,biology,1,0,0,A,B,D,"কোন খাবার অতিরিক্ত গ্রহণে মূত্রের অম্লতা বৃদ্ধি পায়? A. মাছ B. ভাত C. মাখন D. আম Answer with only A, B, C, or D.","kon khabar otirikt grohone mutrer omlota briddhi pay? A. machh B. bhat C. makhon D. am Answer with only A, B, C, or D.","Which food will increase the acidity of urine if it is taken excessively? A. Fish B. Rice C. Butter D. Mango Answer with only A, B, C, or D."
benqa_ext_10th-Biology_0305,A,Biology,biology,1,0,1,A,B,A,"কোনটি পতঙ্গ পরাগী ফুল? A. জবা B. কদম C. শিমুল D. কচু Answer with only A, B, C, or D.","konoti potongg poragi ful? A. joba B. kodom C. shimul D. kochu Answer with only A, B, C, or D.","Which one of the following is an insect pollinated flower? A. Hibiscus B. Kadam C. Shimul D. Taro Answer with only A, B, C, or D."
benqa_ext_10th-Biology_0316,D,Biology,biology,1,0,1,D,B,D,"কোন গ্রুপধারী ব্যক্তিদেরকে সর্বজনীন রক্তদাতা বলা হয়? A. A B. B C. AB D. O Answer with only A, B, C, or D.","kon grupodhari byoktideroke sorbojonin roktodata bola hoy? A. A B. B C. AB D. O Answer with only A, B, C, or D.","People belonging which group is known as the universal donor? A. A B. B C. AB D. O Answer with only A, B, C, or D."
benqa_ext_10th-Biology_0334,A,Biology,biology,0,0,1,B,B,A,"কোনটিতে ফ্লোয়েম ফাইবার পাওয়া যায়? A. পাট B. আখ C. ভুট্টা D. সরিষা Answer with only A, B, C, or D.","konotite floyem faibar paoya jay? A. pat B. akh C. bhutta D. sorisha Answer with only A, B, C, or D.","Where is found in phloem fiber? A. Jute B. Sugarcane C. Maize D. Mustard Answer with only A, B, C, or D."
benqa_ext_10th-Biology_0346,A,Biology,biology,1,0,1,A,D,A,"কোনটি বংশগতির প্রধান উপাদান? A. ক্রোমোসোম B. সেন্ট্রোজোম C. লাইসোজোম D. নিউক্লিওলাস Answer with only A, B, C, or D.","konoti bongshogotir prodhan upadan? A. kromosom B. sentrojom C. laisojom D. niukliolas Answer with only A, B, C, or D.","Which is the main component of heredity? A. Chromosome B. Centrosme C. Lysocome D. Nucleolus Answer with only A, B, C, or D."
benqa_ext_10th-Biology_0350,D,Biology,biology,0,0,1,C,A,D,"উত্তর ও মধ্য আমেরিকার কোয়েল পাখি বিলুপ্ত হওয়ার কারণ কোনটি? A. প্রকরণের পরিবর্তন B. আন্তঃপ্রজাতিক সংগ্রাম C. অন্তঃপ্রজাতিক সংগ্রাম D. পরিবেশের সাথে সংগ্রাম Answer with only A, B, C, or D.","uttor o modhy amerikar koyel pakhi bilupt hooyar karon konoti? A. prokoroner poriborton B. antohprojatik songgram C. ontohprojatik songgram D. poribesher sathe songgram Answer with only A, B, C, or D.","What is the reason for the extinction of North and South American Koel brids? A. Variation of variants B. Inter specific struggle C. Intra specific struggle D. Struggle with environment Answer with only A, B, C, or D."
benqa_ext_10th-Chemistry_0029,D,Chemistry,chemistry,0,0,1,B,B,D,"সালফার পর্যায় সারণির কোন গ্রুপের মৌল? A. 3 B. 6 C. 8 D. 16 Answer with only A, B, C, or D.","salofar poryay saronir kon gruper moul? A. 3 B. 6 C. 8 D. 16 Answer with only A, B, C, or D.","Sulphur is the element of which group of periodic table? A. 3 B. 6 C. 8 D. 16 Answer with only A, B, C, or D."
benqa_ext_10th-Chemistry_0058,B,Chemistry,chemistry,0,0,1,D,D,B,"হ্যালোজেন গ্রুপের মৌলগুলোর যোজ্যতা ইলেকট্রন কয়টি? A. 1 B. 7 C. 8 D. 17 Answer with only A, B, C, or D.","hyalojen gruper moulogulor jojyota ilekotron koyoti? A. 1 B. 7 C. 8 D. 17 Answer with only A, B, C, or D.","What is the valence electrons of the elements of halogen group? A. 1 B. 7 C. 8 D. 17 Answer with only A, B, C, or D."
benqa_ext_10th-Chemistry_0061,B,Chemistry,chemistry,0,0,1,D,D,B,"200 mL দ্রবণে কত গ্রাম সোডিয়াম হাইড্রোক্সাইড দ্রবীভূত থাকলে এর ঘনমাত্রা সেমিমোলার হবে? A. 20 B. 4 C. 1.25 D. 0.5 Answer with only A, B, C, or D.","200 mL drobone kot gram sodiyam haidroksaid drobibhut thakole er ghonomatra semimolar hobe? A. 20 B. 4 C. 1.25 D. 0.5 Answer with only A, B, C, or D.","How many grams of sodium hydroxide in 200 ml of solution will have a concentration of semi molar? A. 20 B. 4 C. 1.25 D. 0.5 Answer with only A, B, C, or D."
benqa_ext_10th-Chemistry_0075,B,Chemistry,chemistry,0,0,1,A,A,B,"হিলিয়ামের নিউক্লিয়াসে কয়টি প্রোটন থাকে? A. 1 B. 2 C. 3 D. 4 Answer with only A, B, C, or D.","hiliyamer niukliyase koyoti proton thake? A. 1 B. 2 C. 3 D. 4 Answer with only A, B, C, or D.","How many protons are in the nucleus of Helium? A. 1 B. 2 C. 3 D. 4 Answer with only A, B, C, or D."
benqa_ext_10th-Chemistry_0082,A,Chemistry,chemistry,1,0,1,A,B,A,"কোন মৌলটি রাসায়নিকভাবে আসক্তিহীন? A. Ne B. Na C. Cl D. Ca Answer with only A, B, C, or D.","kon mouloti rasayonikobhabe asoktihin? A. Ne B. Na C. Cl D. Ca Answer with only A, B, C, or D.","Which element is chemically inert? A. Ne B. Na C. Cl D. Ca Answer with only A, B, C, or D."
benqa_ext_10th-Chemistry_0088,A,Chemistry,chemistry,1,0,0,A,D,B,"আধান শূন্য কণিকা- i. ইলেকট্রন ii. প্রোটন iii. নিউট্রন নিচের কোনটি সঠিক? A. iii B. i ও ii C. i ও iii D. ii ও iii Answer with only A, B, C, or D.","adhan shuny konika- i. ilekotron ii. proton iii. niutron nicher konoti sothik? A. iii B. i o ii C. i o iii D. ii o iii Answer with only A, B, C, or D.","Particles containing zero charge- i. electron ii. proton iii. neutron Which one is correct? A. iii B. i and ii C. i and iii D. ii and iii Answer with only A, B, C, or D."
benqa_ext_10th-Chemistry_0095,D,Chemistry,chemistry,0,0,1,B,B,D,"CH_{3} - C \equiv CH যৌগটির IUPAC নাম কী? A. প্রোপাইল B. প্রোপেন C. প্রোপিন D. প্রোপাইন Answer with only A, B, C, or D.","CH_{3} - C \equiv CH jougotir IUPAC nam ki? A. propail B. propen C. propin D. propain Answer with only A, B, C, or D.","What is the IUPAC name of compound 'CH_{3}-C\equiv CH'? A. Propyl B. Propane C. Propene D. Propyne Answer with only A, B, C, or D."
benqa_ext_10th-Chemistry_0099,B,Chemistry,chemistry,0,0,1,A,C,B,"মৃৎক্ষার ধাতুসমূহের বহিঃস্থ স্তরে কতটি ইলেকট্রন থাকে? A. 1 B. 2 C. 3 D. 4 Answer with only A, B, C, or D.","mritokshar dhatusomuher bohihsth store kototi ilekotron thake? A. 1 B. 2 C. 3 D. 4 Answer with only A, B, C, or D.","How many electrons remain in the outermost energy level of an alkaline earth metal? A. 1 B. 2 C. 3 D. 4 Answer with only A, B, C, or D."
benqa_ext_10th-Chemistry_0102,D,Chemistry,chemistry,0,0,1,C,B,D,"নাইট্রোজেন কোন গ্রুপের মৌল? A. 12 B. 13 C. 14 D. 15 Answer with only A, B, C, or D.","naitrojen kon gruper moul? A. 12 B. 13 C. 14 D. 15 Answer with only A, B, C, or D.","Which group element is Nitrogen? A. 12 B. 13 C. 14 D. 15 Answer with only A, B, C, or D."
benqa_ext_10th-Chemistry_0134,B,Chemistry,chemistry,1,0,1,B,D,B,"পটাসশিয়াম এর ল্যাটিন নাম কোনটি? A. Plumbum B. Kaium C. Stannum D. Natrium Answer with only A, B, C, or D.","potasoshiyam er lyatin nam konoti? A. Plumbum B. Kaium C. Stannum D. Natrium Answer with only A, B, C, or D.","Which one is the Latin name of potassium? A. Plumbum B. Kalium C. Stannum D. Natrium Answer with only A, B, C, or D."
benqa_ext_10th-Chemistry_0181,C,Chemistry,chemistry,1,0,0,C,B,B,"_{19}X মৌলটির অবস্থান কোন পর্যায়ে? A. 1 B. 3 C. 4 D. 5 Answer with only A, B, C, or D.","_{19}X moulotir obosthan kon poryaye? A. 1 B. 3 C. 4 D. 5 Answer with only A, B, C, or D.","Which one is the period of element _{19}^{}\textrm{X} A. 1 B. 3 C. 4 D. 5 Answer with only A, B, C, or D."
benqa_ext_10th-Chemistry_0183,A,Chemistry,chemistry,1,0,0,A,D,D,"প্রাকৃতিক গ্যাসের দহনে উৎপন্ন হয়- i. CO_{2} ii. H_{2}O iii. NO_{2} নিচের কোনটি সঠিক? A. i ও ii B. i ও iii C. ii ও iii D. i, ii ও iii Answer with only A, B, C, or D.","prakritik gyaser dohone utoponn hoy- i. CO_{2} ii. H_{2}O iii. NO_{2} nicher konoti sothik? A. i o ii B. i o iii C. ii o iii D. i, ii o iii Answer with only A, B, C, or D.","Products of the combustion of metural gas- i. CO_{2} ii. H_{2}O iii. NO_{2} Which one is correct? A. i and ii B. i and iii C. ii and iii D. i, ii and iii Answer with only A, B, C, or D."
benqa_ext_10th-Chemistry_0201,C,Chemistry,chemistry,0,0,1,D,B,C,"কোনটি পানিতে অদ্রবণীয়? A. LiCl B. MgCl_{2} C. CH_{4} D. NaF Answer with only A, B, C, or D.","konoti panite odroboniy? A. LiCl B. MgCl_{2} C. CH_{4} D. NaF Answer with only A, B, C, or D.","Which is insoluble in water? A. LicL B. MgCl_{2} C. CH_{4} D. NaF Answer with only A, B, C, or D."
benqa_ext_10th-Chemistry_0203,D,Chemistry,chemistry,1,0,1,D,A,D,"কোন মৌলটির যোজনী শূন্য? A. Na B. Ni C. K D. Kr Answer with only A, B, C, or D.","kon moulotir jojoni shuny? A. Na B. Ni C. K D. Kr Answer with only A, B, C, or D.","The valency of which element is zero? A. Na B. Ni C. K D. Kr Answer with only A, B, C, or D."
benqa_ext_10th-Chemistry_0232,A,Chemistry,chemistry,1,0,1,A,D,A,"কোন মৌলের পরমাণুতে নিউট্রন নেই? A. H B. He C. Li D. Be Answer with only A, B, C, or D.","kon mouler poromanute niutron nei? A. H B. He C. Li D. Be Answer with only A, B, C, or D.","In which atom of the following elements has no neutron? A. H B. He C. Li D. Be Answer with only A, B, C, or D."
benqa_ext_10th-Chemistry_0269,C,Chemistry,chemistry,0,0,1,D,D,C,"পরিবেশের জন্য ক্ষতিকর কোনটি? A. ফ্লোরিন B. সিজিয়াম C. লেড D. বোরন Answer with only A, B, C, or D.","poribesher jony kshotikor konoti? A. florin B. sijiyam C. led D. boron Answer with only A, B, C, or D.","Which one is harmful for environment? A. Fluorine B. Cesium C. Lead D. Boron Answer with only A, B, C, or D."
benqa_ext_10th-Chemistry_0275,A,Chemistry,chemistry,1,0,0,A,D,B,"Na_{2}S_{2}O_{3} যৌগে সালফারের জারণ মান কত? A. \text{+ 2} B. \text{+ 4} C. \text {+ 5} D. \text{+ 6} Answer with only A, B, C, or D.","Na_{2}S_{2}O_{3} jouge salofarer jaron man kot? A. \text{+ 2} B. \text{+ 4} C. \text {+ 5} D. \text{+ 6} Answer with only A, B, C, or D.","What is the oxidation number of sulphur in compound Na_{2}S_{2}O_{3}? A. + 2 B. + 4 C. + 5 D. + 6 Answer with only A, B, C, or D."
benqa_ext_10th-Chemistry_0285,B,Chemistry,chemistry,0,0,1,D,D,B,"ঘনীভবনের ক্ষেত্রে- i. পদার্থ তাপশক্তি নির্গত করে ii. কণার গতিশক্তি বৃদ্ধি পায় iii. আয়তন হ্রাস পায় নিচের কোনটি সঠিক? A. i ও ii B. i ও iii C. ii ও iii D. i, ii ও iii Answer with only A, B, C, or D.","ghonibhoboner kshetre- i. podarth taposhokti nirgot kore ii. konar gotishokti briddhi pay iii. ayoton hras pay nicher konoti sothik? A. i o ii B. i o iii C. ii o iii D. i, ii o iii Answer with only A, B, C, or D.","In case of condensation- i. matter releases heat energy ii. kinetic energy of particels is increased iii. volume is decreased Which one is correct? A. i and ii B. i and iii C. ii and iii D. i, ii and iii Answer with o..."
benqa_ext_10th-Chemistry_0295,C,Chemistry,chemistry,1,0,0,C,A,D,"কোন মৌলের ইলেকট্রন, প্রোটন ও নিউট্রন সংখ্যা সমান? A. Na B. K C. Ca D. Cl Answer with only A, B, C, or D.","kon mouler ilekotron, proton o niutron songkhya soman? A. Na B. K C. Ca D. Cl Answer with only A, B, C, or D.","Which element has the equal numbers of electron, proton and neutron? A. Na B. K C. Ca D. Cl Answer with only A, B, C, or D."
benqa_ext_10th-Chemistry_0327,D,Chemistry,chemistry,1,0,0,D,A,A,"কোন মৌলটির ধাতব ধর্ম বেশি? A. Na B. Mg C. Ca D. K Answer with only A, B, C, or D.","kon moulotir dhatob dhorm beshi? A. Na B. Mg C. Ca D. K Answer with only A, B, C, or D.","Which element has more metallic property? A. Na B. Mg C. Ca D. K Answer with only A, B, C, or D."
benqa_ext_10th-Chemistry_0358,A,Chemistry,chemistry,0,0,1,B,B,A,"1 g KCl লবণে কয়টি অণু আছে? A. 8.084 \times 10^{21} B. 8.084 \times 10^{22} C. 8.084 \times 10^{23} D. 8.084 \times 10^{24} Answer with only A, B, C, or D.","1 g KCl lobone koyoti onu achhe? A. 8.084 \times 10^{21} B. 8.084 \times 10^{22} C. 8.084 \times 10^{23} D. 8.084 \times 10^{24} Answer with only A, B, C, or D.","How many molecules in 1gm KCl? A. 8.084\times 10^{21} B. 8.084\times 10^{22} C. 8.084\times 10^{23} D. 8.084\times 10^{24} Answer with only A, B, C, or D."
benqa_ext_10th-Chemistry_0376,B,Chemistry,chemistry,0,0,1,A,D,B,"কোনটি প্রাকৃতিক পলিমার? A. পলিথিন B. রাবার C. পিভিসি D. পলিপ্রোপিন Answer with only A, B, C, or D.","konoti prakritik polimar? A. polithin B. rabar C. pibhisi D. polipropin Answer with only A, B, C, or D.","Which one is natural polymer? A. Polythene B. Rubber C. PVC D. Polypropene Answer with only A, B, C, or D."
benqa_ext_10th-Chemistry_0383,A,Chemistry,chemistry,1,0,0,A,D,B,"কোন মৌলটি হ্যালোজেন গ্রুপের অন্তর্ভুক্ত? A. অ্যাস্টাটিন B. সিজিয়াম C. সিলভার D. স্ট্রনসিয়াম Answer with only A, B, C, or D.","kon mouloti hyalojen gruper ontorbhukt? A. astatin B. sijiyam C. silobhar D. stronosiyam Answer with only A, B, C, or D.","Which elements belongs to the Halogen group? A. Astatine B. Caesium C. Silver D. Strontium Answer with only A, B, C, or D."
benqa_ext_10th-Math-II_0078,A,Math-II,math-ii,0,0,1,C,B,A,"একটি নিরপেক্ষ ছক্কা নিক্ষেপ করলে 2 উঠার সম্ভাবনা কোনটি? A. \frac{1}{6} B. \frac{1}{3} C. \frac{1}{2} D. \frac{2}{3} Answer with only A, B, C, or D.","ekoti niropeksh chhokka nikshep korole 2 uthar sombhabona konoti? A. \frac{1}{6} B. \frac{1}{3} C. \frac{1}{2} D. \frac{2}{3} Answer with only A, B, C, or D.","What is the probability of getting 2 on throwing an unbiased dice? A. \frac{1}{6} B. \frac{1}{3} C. \frac{1}{2} D. \frac{2}{3} Answer with only A, B, C, or D."
benqa_ext_10th-Math-II_0089,C,Math-II,math-ii,1,0,1,C,B,C,"^{n}\textrm{C}_{2} = \,^{n}\textrm{C}_{3} হলে n এর মান নিচের কোনটি? A. 2 B. 3 C. 5 D. 6 Answer with only A, B, C, or D.","^{n}\textrm{C}_{2} = \,^{n}\textrm{C}_{3} hole n er man nicher konoti? A. 2 B. 3 C. 5 D. 6 Answer with only A, B, C, or D.","If _{}^{n}\textrm{C}_{2} = _{}^{n}\textrm{C}_{3} then, which is the value of n? A. 2 B. 3 C. 5 D. 6 Answer with only A, B, C, or D."
benqa_ext_10th-Math-II_0116,A,Math-II,math-ii,1,0,0,A,B,B,"x^{\frac{1}{p}} = y^{\frac{1}{q}} = z^{\frac{1}{r}} এবং xyz = 1 কোনটি সঠিক? A. x = y^{\frac{p}{q}} B. x = y^{\frac{q}{p}} C. y = x^{\frac{r}{q}} D. z = y^{\frac{q}{r}} Answer with only A, B, C, or D.","x^{\frac{1}{p}} = y^{\frac{1}{q}} = z^{\frac{1}{r}} ebong xyz = 1 konoti sothik? A. x = y^{\frac{p}{q}} B. x = y^{\frac{q}{p}} C. y = x^{\frac{r}{q}} D. z = y^{\frac{q}{r}} Answer with only A, B, C, or D.","x^{\frac{1}{p}} = y^{\frac{1}{q}} = z^{\frac{1}{r}} and xyz = 1 Which one is correct? A. x = y^{\frac{p}{q}} B. x = y^{\frac{q}{p}} C. y = x^{\frac{r}{q}} D. z = y^{\frac{q}{r}} Answer with only A, B, C, or D."
benqa_ext_10th-Math-II_0119,B,Math-II,math-ii,0,0,1,D,D,B,"8^{a} = 64^{b) হলে a:b এর মান নিচের কোনটি? A. 1:02 B. 2:01 C. 2:03 D. 3:02 Answer with only A, B, C, or D.","8^{a} = 64^{b) hole a:b er man nicher konoti? A. 1:02 B. 2:01 C. 2:03 D. 3:02 Answer with only A, B, C, or D.","If 8^{a} = 64^{b), which of the folowing is the value of a:b? A. 1:02 B. 2:01 C. 2:03 D. 3:02 Answer with only A, B, C, or D."
benqa_ext_10th-Math-II_0191,D,Math-II,math-ii,1,0,1,D,B,D,"1 + \frac{1}{2} + \frac{1}{2^{2}} + ........... অসীম ধারার যোগফল কোনটি? A. 2^{n + 1} B. \frac{1}{2^{n + 1}} C. 2^{n} D. 2 Answer with only A, B, C, or D.","1 + \frac{1}{2} + \frac{1}{2^{2}} + ........... osim dharar jogofol konoti? A. 2^{n + 1} B. \frac{1}{2^{n + 1}} C. 2^{n} D. 2 Answer with only A, B, C, or D.","Which one is the sum of the infinite series 1 + \frac{1}{2} + \frac{1}{2^{2}} + \cdots ? A. 2^{n + 1} B. \frac{1}{2^{n + 1}} C. 2^{n} D. 2 Answer with only A, B, C, or D."
benqa_ext_10th-Math-II_0317,B,Math-II,math-ii,1,0,1,B,A,B,রফিকের খুলনা হতে রাজশাহী বাসে যাওয়ার সম্ভাবনা \frac{4}{5} এবং রাজশাহী হতে রংপুর ট্রেনে যাওয়ার সম্ভাবনা \frac{6}{7}. রফিকের খুলনা হতে রাজশাহী বাসে না যাওয়ার সম্ভাবনা কত? A. \frac{1}{7} B. \frac{1}{5} C. \frac{4}{5} D....,rofiker khulona hote rajoshahi base jaoyar sombhabona \frac{4}{5} ebong rajoshahi hote rongpur trene jaoyar sombhabona \frac{6}{7}. rofiker khulona hote rajoshahi base na jaoyar sombhabona kot? A. \frac{1}{7} B. \frac...,The probability of Rafiq to go from Khulna to Rajshahi is \frac{4}{5} and to go from Rajshahi to Rangpur is \frac{6}{7}. What is the probability of not going by bus from Khulna to Rajshahi? A. \frac{1}{7} B. \frac{1}{...
benqa_ext_10th-Math-II_0328,C,Math-II,math-ii,1,0,0,C,B,B,"\frac{1}{2} + \frac{1}{4} + \frac{1}{8} + .... ধারাটির অসীমতক সমষ্টি কত? A. \frac{1}{3} B. \frac{1}{2} C. 1 D. 2 Answer with only A, B, C, or D.","\frac{1}{2} + \frac{1}{4} + \frac{1}{8} + .... dharatir osimotok somoshti kot? A. \frac{1}{3} B. \frac{1}{2} C. 1 D. 2 Answer with only A, B, C, or D.","What is the summation of the infinite series \frac{1}{2} + \frac{1}{4} + \frac{1}{8} + \cdots ? A. \frac{1}{3} B. \frac{1}{2} C. 1 D. 2 Answer with only A, B, C, or D."
benqa_ext_10th-Math_0028,A,Math,math,0,0,1,B,B,A,"(x + y)^{2} এর সাথে কত যোগ করলে যোগফল হবে (x - y)^{2}? A. -4xy B. 4xy C. -2xy D. 2xy Answer with only A, B, C, or D.","(x + y)^{2} er sathe kot jog korole jogofol hobe (x - y)^{2}? A. -4xy B. 4xy C. -2xy D. 2xy Answer with only A, B, C, or D.","Which is to be added to (x + y)^{2} that the sum will be (x - y)^{2}? A. - 4xy B. 4xy C. - 2xy D. 2xy Answer with only A, B, C, or D."
benqa_ext_10th-Math_0050,D,Math,math,0,0,1,C,C,D,"স্থূলকোণী ত্রিভূজের পরিকেন্দ্র কোথায় অবস্থিত? A. বৃহত্তর বাহুর উপর B. ক্ষুদ্রতর বাহুর উপর C. ত্রিভূজের অভ্যন্তরে D. ত্রিভূজের বহির্ভাগে Answer with only A, B, C, or D.","sthulokoni tribhujer porikendr kothay obosthit? A. brihottor bahur upor B. kshudrotor bahur upor C. tribhujer obhyontore D. tribhujer bohirbhage Answer with only A, B, C, or D.","Where lies the circumcentre of the obtuse-angled triangle? A. On greater side B. On lesser side C. Inside the triangle D. Outside the triangle Answer with only A, B, C, or D."
benqa_ext_10th-Math_0067,D,Math,math,1,0,1,D,B,D,"বৃত্তের ঘূর্ণন প্রতিসমতার মাত্রা কত? A. 0 B. 1 C. 2 D. অসীম Answer with only A, B, C, or D.","britter ghurnon protisomotar matra kot? A. 0 B. 1 C. 2 D. osim Answer with only A, B, C, or D.","How many number of lines of symmetry has a circle? A. 0 B. 1 C. 2 D. Unlimited Answer with only A, B, C, or D."
benqa_ext_10th-Math_0163,C,Math,math,1,0,1,C,B,C,"বৃত্তস্থ সামন্তরিক একটি- A. রম্বস B. বর্গ C. আয়ত D. ট্রাপিজিয়াম Answer with only A, B, C, or D.","brittosth samontorik ekoti- A. rombos B. borg C. ayot D. trapijiyam Answer with only A, B, C, or D.","Parallelogram inscribed in a circle is- A. rhombus B. square C. rectangle D. trapezium Answer with only A, B, C, or D."
benqa_ext_10th-Math_0197,B,Math,math,1,0,1,B,D,B,"\log_{3}\left ( \sqrt[3]{3}.\sqrt{3} \right ) = কত? A. \frac{1}{6} B. \frac{5}{6} C. \frac{1}{3} D. \frac{2}{3} Answer with only A, B, C, or D.","\log_{3}\left ( \sqrt[3]{3}.\sqrt{3} \right ) = kot? A. \frac{1}{6} B. \frac{5}{6} C. \frac{1}{3} D. \frac{2}{3} Answer with only A, B, C, or D.","\log_{3}\left ( \sqrt[3]{3}.\sqrt{3} \right ) = ? A. \frac{1}{6} B. \frac{5}{6} C. \frac{1}{3} D. \frac{2}{3} Answer with only A, B, C, or D."
benqa_ext_10th-Math_0199,C,Math,math,0,0,1,A,A,C,"y^{2} = \sqrt{7}y সমীকরণের সমাধারন সেট নিচের কোনটি? A. \{0, -\sqrt{7}\} B. \{\sqrt{7}\} C. \{0, \sqrt{7}\} D. \{0, 7\} Answer with only A, B, C, or D.","y^{2} = \sqrt{7}y somikoroner somadharon set nicher konoti? A. \{0, -\sqrt{7}\} B. \{\sqrt{7}\} C. \{0, \sqrt{7}\} D. \{0, 7\} Answer with only A, B, C, or D.","What is then solution set of the equation y^{2} = \sqrt{7}y? A. \{0, -\sqrt{7}\} B. \{\sqrt{7}\} C. \{0, \sqrt{7}\} D. \{0, 7\} Answer with only A, B, C, or D."
benqa_ext_10th-Math_0258,A,Math,math,0,0,1,B,B,A,"0.0625 সংখ্যাটি সাধারণ লগের পূর্ণক কত? A. \bar{2} B. \bar{1} C. 1 D. 2 Answer with only A, B, C, or D.","0.0625 songkhyati sadharon loger purnok kot? A. \bar{2} B. \bar{1} C. 1 D. 2 Answer with only A, B, C, or D.","What is the characteristic of the common \log of 0.0625? A. \bar{2} B. \bar{1} C. 1 D. 2 Answer with only A, B, C, or D."
benqa_ext_10th-Math_0301,A,Math,math,1,0,1,A,B,A,"32\sqrt{2} সে.মিটার পরিসীমবিশিষ্ট বর্গক্ষেত্রের ক্ষেত্রফল কত? A. 128 বর্গ সে.মি. B. 164 বর্গ সে.মি. C. 180 বর্গ সে.মি. D. 185 বর্গ সে.মি. Answer with only A, B, C, or D.","32\sqrt{2} se.mitar porisimobishisht borgokshetrer kshetrofol kot? A. 128 borg se.mi. B. 164 borg se.mi. C. 180 borg se.mi. D. 185 borg se.mi. Answer with only A, B, C, or D.","What is the area of a square having the permeter 32\sqrt{2}cm? A. 128 sq. cm B. 164 sq. cm C. 180 sq. cm D. 185 sq. cm Answer with only A, B, C, or D."
benqa_ext_10th-Math_0339,B,Math,math,1,0,1,B,D,B,"পরীক্ষায় প্রাপ্ত জিপিএ কোন ধরনের চলক? A. বিচ্ছিন্ন চলক B. অবিচ্ছিন্ন চলক C. অবিন্যস্ত চলক D. বিন্যাস্ত চলক Answer with only A, B, C, or D.","porikshay prapt jipie kon dhoroner cholok? A. bichchhinn cholok B. obichchhinn cholok C. obinyost cholok D. binyast cholok Answer with only A, B, C, or D.","What type of variable is G.P.A obtained in the examination? A. Discreate variable B. Indiscreate variable C. Unorganized variable D. Organized variable Answer with only A, B, C, or D."
benqa_ext_10th-Math_0362,D,Math,math,1,0,1,D,B,D,"cosA = \frac{1}{2} হলে sin^{2}A এর মান কত? A. \frac{1}{2} B. \frac{\sqrt{3}}{2} C. \frac{\sqrt{3}}{4} D. \frac{3}{4} Answer with only A, B, C, or D.","cosA = \frac{1}{2} hole sin^{2}A er man kot? A. \frac{1}{2} B. \frac{\sqrt{3}}{2} C. \frac{\sqrt{3}}{4} D. \frac{3}{4} Answer with only A, B, C, or D.","If \cos A = \frac{1}{2} then what is the value of \sin^{2} A? A. \frac{1}{2} B. \frac{\sqrt{3}}{2} C. \frac{\sqrt{3}}{4} D. \frac{3}{4} Answer with only A, B, C, or D."
benqa_ext_10th-Physics_0031,D,Physics,physics,1,0,0,D,B,B,"1 পিকোটার = কত সেন্টিমিটার? A. 10^{-8} B. 10^{-16} C. 10^{-12} D. 10^{-10} Answer with only A, B, C, or D.","1 pikotar = kot sentimitar? A. 10^{-8} B. 10^{-16} C. 10^{-12} D. 10^{-10} Answer with only A, B, C, or D.","1 picometer = How much cenbtimeter? A. 10^{-8} B. 10^{-16} C. 10^{-12} D. 10^{-10} Answer with only A, B, C, or D."
benqa_ext_10th-Physics_0070,A,Physics,physics,0,0,1,D,B,A,"কর্কের ঘনত্ব 0.25 \times 10^{3} kgm^{=-3} হলে, পানিতে ভাসিয়ে দিলে তার কত শতাংশ পানির নিচে থাকবে? A. 25% B. 15% C. 10% D. 5% Answer with only A, B, C, or D.","korker ghonotb 0.25 \times 10^{3} kgm^{=-3} hole, panite bhasiye dile tar kot shotangsh panir niche thakobe? A. 25% B. 15% C. 10% D. 5% Answer with only A, B, C, or D.","Density of cork is 0.25 \times 10^{3}kg/m^{3}, What percentage of the cork will remain under water if it is released in water to float? A. 25% B. 15% C. 10% D. 5% Answer with only A, B, C, or D."
benqa_ext_10th-Physics_0085,B,Physics,physics,0,0,1,C,D,B,"সময়ের সাথে চার্জ প্রবাহের হারকে কী বলে? A. বিভব B. তড়িৎ প্রবাহ C. রোধ D. পরিবাহিতা Answer with only A, B, C, or D.","somoyer sathe charj probaher haroke ki bole? A. bibhob B. torit probah C. rodh D. poribahita Answer with only A, B, C, or D.","Flow of charge with respected to time is called- A. potential B. electric current C. resistance D. conductivity Answer with only A, B, C, or D."
benqa_ext_10th-Physics_0119,A,Physics,physics,0,0,1,B,B,A,"কোনটির স্থিতিস্থাপকতা সবচেয়ে কম ? A. হাড় B. কাঠ C. কাচ D. অ্যালুমিনিয়াম Answer with only A, B, C, or D.","konotir sthitisthapokota sobocheye kom ? A. har B. kath C. kach D. aluminiyam Answer with only A, B, C, or D.","Which has the minimum elasticity? A. Bone B. wood C. Glass D. Aluminium Answer with only A, B, C, or D."
benqa_ext_10th-Physics_0120,B,Physics,physics,1,0,1,B,D,B,"বাতাসের প্রবাহ দিয়ে তৈরি বাদ্যযন্ত্র কোনটি ? A. বেহালা B. হারমোনিয়াম C. সেতার D. ঢোল Answer with only A, B, C, or D.","bataser probah diye toiri badyojontr konoti ? A. behala B. haromoniyam C. setar D. dhol Answer with only A, B, C, or D.","Which musical instrument is made with the flow of air? A. Violin B. Harmonium C. Setar D. Drums Answer with only A, B, C, or D."
benqa_ext_10th-Physics_0137,A,Physics,physics,0,0,1,B,D,A,"নিচের কোনটি ভেক্টর রাশি? A. সরণ B. দূরত্ব C. সময় D. দ্রুতি Answer with only A, B, C, or D.","nicher konoti bhektor rashi? A. soron B. durotto C. somoy D. druti Answer with only A, B, C, or D.","Which one of the following is vector quantity? A. Displacement B. distance C. Time D. Speed Answer with only A, B, C, or D."
benqa_ext_10th-Physics_0143,B,Physics,physics,0,0,1,D,D,B,"যদি বেগের পরিবর্তন না হয় (u = v), তাহলে অতিক্রান্ত দূরত্বের সমীকরণ- i.s = ut + \frac{1}{2} at^{2} ii. S = \left ( \frac{u + v}{2} \right ) t iii. s = vt নিচের কোনটি সঠিক? A. i and ii B. i and iii C. ii and iii D. i, i...","jodi beger poriborton na hoy (u = v), tahole otikrant durotter somikoron- i.s = ut + \frac{1}{2} at^{2} ii. S = \left ( \frac{u + v}{2} \right ) t iii. s = vt nicher konoti sothik? A. i and ii B. i and iii C. ii and i...","If velocity doesn't change (u = v), then the equation of displacement- i.s = ut + \frac{1}{2} at^{2} ii. S = \left ( \frac{u + v}{2} \right ) t iii. s = vt Which one is correct? A. i and ii B. i and iii C. ii and iii..."
benqa_ext_10th-Physics_0151,D,Physics,physics,1,0,1,D,B,D,"নিচের কোনটির পরিবাহকত্ব বেশি? A. বাতাস B. হীরা C. গ্রাফাইট D. সোনা Answer with only A, B, C, or D.","nicher konotir poribahokotb beshi? A. batas B. hira C. grafait D. sona Answer with only A, B, C, or D.","Which of the following substance has more conductivity? A. Air B. Diamond C. Graphite D. Gold Answer with only A, B, C, or D."
benqa_ext_10th-Physics_0164,A,Physics,physics,1,0,1,A,C,A,"তাপমাত্রা ও পরিবাহীর উপাদান ধ্রুব থাকলে তড়িৎ প্রবাহমাত্রা, বিভব পার্থক্যের- A. সমানুপাতিক B. ব্যাস্তানুপাতিক C. বর্গের সমানুপাতিক D. বর্গের ব্যাস্তানুপাতিক Answer with only A, B, C, or D.","tapomatra o poribahir upadan dhrub thakole torit probahomatra, bibhob parthokyer- A. somanupatik B. byastanupatik C. borger somanupatik D. borger byastanupatik Answer with only A, B, C, or D.","If temperature and material of a conductor are kept constant, then the relation between electric current and potential difference will be A. proportional B. inversely proportional C. proportional to the square D. inve..."
benqa_ext_10th-Physics_0167,A,Physics,physics,0,0,1,B,B,A,"এক টুকরা কাচে শতকরা কত ভাগ আলোর প্রতিফলন হয়? A. 4 ভাগ 5 ভাগ B. 40 থেকে 50 ভাগ C. 80 থেকে 90 ভাগ D. 95 থেকে 96 ভাগ Answer with only A, B, C, or D.","ek tukora kache shotokora kot bhag alor protifolon hoy? A. 4 bhag 5 bhag B. 40 theke 50 bhag C. 80 theke 90 bhag D. 95 theke 96 bhag Answer with only A, B, C, or D.","At what percentage is light refelcted from a piece of glass? A. 4% to 5% B. 40% to 50% C. 80% to 90% D. 95% to 96% Answer with only A, B, C, or D."
benqa_ext_10th-Physics_0170,B,Physics,physics,1,0,1,B,A,B,"স্লাইড ক্যালিপার্সের সাহায্যে একটি দণ্ডের দৈর্ঘ্য নির্ণোয়ের ক্ষেত্রে, প্রধান স্কেল পাঠ M, ভার্নিয়ার ধ্রুবক VC এবং ভার্নিয়ার সমপাতন V হলে, দণ্ডের দৈর্ঘ্য (L) নির্ণয়ের সূত্র নিচের কোনটি? A. L = M - V \times CV B. L = M...","slaid kyaliparser sahajye ekoti donder doirghy nirnoyer kshetre, prodhan skel path M, bharniyar dhrubok VC ebong bharniyar somopaton V hole, donder doirghy (L) nirnoyer sutr nicher konoti? A. L = M - V \times CV B. L...","In case of the determination of the length of a rod with the help of slide callipers if main scale reading is M. Vernier constant is VC and Vernier super imposition is V, then which one is the formula to determine the..."
benqa_ext_10th-Physics_0174,B,Physics,physics,1,0,0,B,C,A,"নিচের কোনটি দৃশ্যমান আলোর তরঙ্গ দৈর্ঘ্য? A. 300\eta m-700\eta m B. 400\mu m-700\eta m C. 300\mu m-700\mu m D. 700\mu m-400\mu m Answer with only A, B, C, or D.","nicher konoti drishyoman alor torongg doirghy? A. 300\eta m-700\eta m B. 400\mu m-700\eta m C. 300\mu m-700\mu m D. 700\mu m-400\mu m Answer with only A, B, C, or D.","Which one of the following is the wave length of visible light? A. 300\eta m-700\eta m B. 400\mu m-700\eta m C. 300\mu m-700\mu m D. 700\mu m-400\mu m Answer with only A, B, C, or D."
benqa_ext_10th-Physics_0180,B,Physics,physics,1,0,1,B,D,B,"আপেক্ষিক ত্রুটি- i. এক ধরনের অনুপাত ii. সত্যিকারের ত্রুটির পরিমাপ iii. সাধারণ স্কেলের তুলনায় ভার্নিয়ার স্কেলে কম হয় নিচের কোনটি সঠিক? A. i and ii B. i and iii C. ii and iii D. i, ii and iii Answer with only A, B, C, o...","apekshik truti- i. ek dhoroner onupat ii. sotyikarer trutir porimap iii. sadharon skeler tulonay bharniyar skele kom hoy nicher konoti sothik? A. i and ii B. i and iii C. ii and iii D. i, ii and iii Answer with only A...","Relative error is- i. a kind of ratio ii. actual measurement of error iii. smaller in Vernier scale compared to normal scale Which one is correct? A. i and ii B. i and iii C. ii and iii D. i, ii and iii Answer with on..."
benqa_ext_10th-Physics_0182,D,Physics,physics,0,0,1,A,A,D,"একটি 4 m ব্যাসার্ধের বৃত্তাকার পথে A বিন্দু থেকে একটি বস্তু যাত্রা শুরু করে আবার A বিন্দুতে পৌঁছাল। এ সময় বস্তুটির উপর 100 N বল প্রয়োগ করা হয়। বস্তুটির উপর কৃতকাজ কত? A. 2513J B. 800J C. 400J D. OJ Answer with only A,...",ekoti 4 m byasardher brittakar pothe A bindu theke ekoti bostu jatra shuru kore abar A bindute pounchhal. e somoy bostutir upor 100 N bol proyog kora hoy. bostutir upor kritokaj kot? A. 2513J B. 800J C. 400J D. OJ Ans...,An object strat to move in a circular path of radius 4 cm. It starts to move from point A and come back the same point A. In this time 100N force acts on it. The work done by the object is - A. 2513J B. 800J C. 400J D...
benqa_ext_10th-Physics_0190,A,Physics,physics,0,0,1,D,D,A,"সবচেয়ে ছোট তরঙ্গ দৈর্ঘ্যের আলো কোনটি? A. গামা রে B. এক্স-রে C. ইনফ্রারেড D. রেডিও ওয়েভ Answer with only A, B, C, or D.","sobocheye chhot torongg doirghyer alo konoti? A. gama re B. eks-re C. inofrared D. redio oyebh Answer with only A, B, C, or D.","Which one is the light of shortest wave length? A. Gamma ray B. X-ray C. Infrared D. Radio wave Answer with only A, B, C, or D."
benqa_ext_10th-Physics_0194,B,Physics,physics,0,0,1,C,D,B,"নিচের কোনটি অর্ধ-পরিবাহী? A. কাচ B. সিলিকন C. নাইক্রোম D. হীরা Answer with only A, B, C, or D.","nicher konoti ordh-poribahi? A. kach B. silikon C. naikrom D. hira Answer with only A, B, C, or D.","Which one of below is a semi- conductor? A. Glass B. Silicon C. Nichrome D. Diamond Answer with only A, B, C, or D."
benqa_ext_10th-Physics_0206,C,Physics,physics,0,0,1,D,D,C,"কোন শক্তিগুলো নবায়নযোগ্য শক্তি? A. কয়লা, ভূ-তাপ ও সমুদ্র তরঙ্গ B. প্রাকৃতিক গ্যাস, জোয়ার ভাটা ও বায়ু প্রবাহ C. জলপ্রবাহ, সমুদ্র তাপ ও সূর্যের আলো D. সূর্যের তাপ, হাইড্রোজেন ফুয়েল ও ইউরেনিয়াম Answer with only A, B, C,...","kon shoktigulo nobayonojogy shokti? A. koyola, bhu-tap o somudr torongg B. prakritik gyas, joyar bhata o bayu probah C. joloprobah, somudr tap o suryer alo D. suryer tap, haidrojen fuyel o iureniyam Answer with only A...","Which of the following are renewable energy? A. coal, Geothermal energy and sea wave B. Nature gas, tides and air flow C. watew floow, heat trom sea and sunlighy D. Sunlighy, Hydrogen fuel and Uranium Answer with only..."
benqa_ext_10th-Physics_0208,A,Physics,physics,0,0,1,D,D,A,"একটি বস্তুর ক্ষেত্রফল বাড়ালে- i. চাপ কমে ii. বল বাড়ে iii. ঘনত্ব বাড়ে নিচের কোনটি সঠিক? A. i ও ii B. i ও iii C. ii ও iii D. i, ii ও iii Answer with only A, B, C, or D.","ekoti bostur kshetrofol barale- i. chap kome ii. bol bare iii. ghonotb bare nicher konoti sothik? A. i o ii B. i o iii C. ii o iii D. i, ii o iii Answer with only A, B, C, or D.","To increase area of a body- i. pressure decreases ii. Force increases iii. Density increases which one is correct? A. i and ii B. i and iii C. ii and iii D. i, ii and iii Answer with only A, B, C, or D."
benqa_ext_10th-Physics_0218,C,Physics,physics,0,0,1,A,D,C,"সমতল দর্পণে কোন ধরণের প্রতিবিম্ব গঠিত হয়? A. বাস্তব ও উল্টো B. বাস্তব ও সোজা C. অবাস্তব ও সোজা D. অবাস্তব ও উল্টো Answer with only A, B, C, or D.","somotol dorpone kon dhoroner protibimb gothit hoy? A. bastob o ulto B. bastob o soja C. obastob o soja D. obastob o ulto Answer with only A, B, C, or D.","Which type of image is formed in plane mirror? A. Real & inverted B. Real & erect C. Virtual & erect D. Virtual & inverted Answer with only A, B, C, or D."
benqa_ext_10th-Physics_0221,B,Physics,physics,1,0,1,B,C,B,"একটি বস্তুকে g বেগে খাড়া উপরের দিকে নিক্ষেপ করা হলে, উহা কত উপরে উঠবে? A. 1m B. 4.9 C. 9.8 m D. 96.04 m Answer with only A, B, C, or D.","ekoti bostuke g bege khara uporer dike nikshep kora hole, uha kot upore uthobe? A. 1m B. 4.9 C. 9.8 m D. 96.04 m Answer with only A, B, C, or D.","How much height an object travel when it was thrown at a velocity of g, vertically upword? A. 1m B. 4.9 C. 9.8 m D. 96.04 m Answer with only A, B, C, or D."
benqa_ext_10th-Physics_0227,A,Physics,physics,1,0,1,A,B,A,"অবতল দর্পণে ফোকাস তল ও প্রধান অক্ষের মধ্যবর্তী কোণের মান কত? A. 90\degree B. 180\degree C. 270\degree D. 360\degree Answer with only A, B, C, or D.","obotol dorpone fokas tol o prodhan oksher modhyoborti koner man kot? A. 90\degree B. 180\degree C. 270\degree D. 360\degree Answer with only A, B, C, or D.","What is the angle between focal plane and principal axis of a concave mirror? A. 90\degree B. 180\degree C. 270\degree D. 360\degree Answer with only A, B, C, or D."
benqa_ext_10th-Physics_0228,D,Physics,physics,1,0,1,D,B,D,"কে কোয়ান্টাম তত্ত্ব প্রদান করেন? A. নিউটন B. আইনস্টাইন C. সত্যেন্দ্রনাথ বসু D. ম্যাক্স প্ল্যাঙ্ক Answer with only A, B, C, or D.","ke koyantam totto prodan koren? A. niuton B. ainostain C. sotyendronath bosu D. myaks plyangk Answer with only A, B, C, or D.","Who discovered ""Quantum theory""?"" A. Newton B. Einstein C. Satyendra Nath Basu D. Max Planck Answer with only A, B, C, or D."
benqa_ext_10th-Physics_0231,B,Physics,physics,1,0,1,B,D,B,"রাস্তার বাঁক দেখার জন্য সমতল দর্পণ কত ডিগ্রি কোণে স্থাপন করতে হয়? A. 30\degree B. 45\degree C. 60\degree D. 90\degree Answer with only A, B, C, or D.","rastar bank dekhar jony somotol dorpon kot digri kone sthapon korote hoy? A. 30\degree B. 45\degree C. 60\degree D. 90\degree Answer with only A, B, C, or D.","At which angle a plane mirror will be needed to place to view the turning of road? A. 30\degree B. 45\degree C. 60\degree D. 90\degree Answer with only A, B, C, or D."
benqa_ext_10th-Physics_0242,A,Physics,physics,0,0,1,D,B,A,"নবায়নযোগ্য শক্তি হচ্ছে- i. বায়ু শক্তি ii. বায়ো ফুয়েল iii. কয়লা নিচের কোনটি সঠিক? A. i and ii B. i and iii C. ii and iii D. i, ii and iii Answer with only A, B, C, or D.","nobayonojogy shokti hochchhe- i. bayu shokti ii. bayo fuyel iii. koyola nicher konoti sothik? A. i and ii B. i and iii C. ii and iii D. i, ii and iii Answer with only A, B, C, or D.","Renewable energy is - i. wind energy ii. bio fuel iii. coal Which one is correct? A. i and ii B. i and iii C. ii and iii D. i, ii and iii Answer with only A, B, C, or D."
benqa_ext_10th-Physics_0251,C,Physics,physics,0,0,1,B,B,C,"প্রকৃতিতে বিদ্যমান মৌলিক বল কয়টি? A. 2 টি B. 3 টি C. 4 টি D. 5 টি Answer with only A, B, C, or D.","prokritite bidyoman moulik bol koyoti? A. 2 ti B. 3 ti C. 4 ti D. 5 ti Answer with only A, B, C, or D.","How many fundamental forces exist in nature? A. 2 B. 3 C. 4 D. 5 Answer with only A, B, C, or D."
benqa_ext_10th-Physics_0271,A,Physics,physics,0,0,1,D,B,A,"রোধ প্রস্থচ্ছেদের ক্ষেত্রফলের সাথে কীভাবে সম্পর্কযুক্ত? A. ব্যাস্তানুপাতে B. সমানুপাতে C. বর্গের ব্যস্তানুপাতে D. বর্গমূলের ব্যস্তানুপাতে Answer with only A, B, C, or D.","rodh prosthochchheder kshetrofoler sathe kibhabe somporkojukt? A. byastanupate B. somanupate C. borger byostanupate D. borgomuler byostanupate Answer with only A, B, C, or D.","How is resistence related with the area of cross-section? A. Inversely proportionate B. Proportionate C. Square of inversely proportionate D. Square root of inversely proportionate Answer with only A, B, C, or D."
benqa_ext_10th-Physics_0282,D,Physics,physics,1,0,1,D,C,D,"2\Omega রোধের তিনটি রোধ পরস্পর সমান্তরালে সংযুক্ত করলে তুল্য রোধের মান কত ওহম হবে? A. 6 B. 4 C. 0.55 D. 0.67 Answer with only A, B, C, or D.","2\Omega rodher tinoti rodh porospor somantorale songjukt korole tuly rodher man kot ohom hobe? A. 6 B. 4 C. 0.55 D. 0.67 Answer with only A, B, C, or D.","If three resistances of 2\Omega are connected in parallel, what is the value of equivalent resistance? A. 6 B. 4 C. 0.55 D. 0.67 Answer with only A, B, C, or D."
benqa_ext_10th-Physics_0304,C,Physics,physics,1,0,0,C,B,D,"একটি দণ্ডের দৈর্ঘ্য (12 \pm 0.05) cm. দৈর্ঘ্য পরিমাপের আপেক্ষিক ত্রুটি কত? A. 12.05 B. 11.95 C. 0.42 D. 0.0042 Answer with only A, B, C, or D.","ekoti donder doirghy (12 \pm 0.05) cm. doirghy porimaper apekshik truti kot? A. 12.05 B. 11.95 C. 0.42 D. 0.0042 Answer with only A, B, C, or D.","If the length of a rod is (12 \pm 0.05) cm what will be the relative error of the length measurement? A. 12.05 B. 11.95 C. 0.42 D. 0.0042 Answer with only A, B, C, or D."
benqa_ext_12th-Biology-II_0011,A,Biology-II,biology-ii,0,0,1,B,B,A,সম্পূর্ণ রূপান্তরের ক্ষেত্রে নিচের কোনটি সঠিক? A. ডিম \rightarrow লার্ভা \rightarrow পিউপা \rightarrow ইমাগো B. ডিম \rightarrow পিউপা \rightarrow লার্ভা \rightarrow ইমাগো C. লার্ভা \rightarrow ডিম \rightarrow পিউপা \r...,sompurn rupantorer kshetre nicher konoti sothik? A. dim \rightarrow larbha \rightarrow piupa \rightarrow imago B. dim \rightarrow piupa \rightarrow larbha \rightarrow imago C. larbha \rightarrow dim \rightarrow piupa...,"Which is correct one incase of complete metamorphosis? A. Egg→Larva→Pupa→Imago B. Egg→Pupa→Larva→Imago C. Larva→Egg→Pupa→Imago D. Imago→Egg→Pupa→Larva Answer with only A, B, C, or D."
benqa_ext_12th-Biology-II_0014,C,Biology-II,biology-ii,1,0,1,C,D,C,"Archaeopteryx এ কোন কোন শ্রেণির বৈশিষ্ট রয়েছে? A. স্তন্যপায়ী ও পাখি B. সেরাীসৃপ ও উভচর C. সরীসৃপ ও পাখি D. স্তন্যপায়ী ও সরীসৃপ Answer with only A, B, C, or D.","Archaeopteryx e kon kon shrenir boishisht royechhe? A. stonyopayi o pakhi B. seraisrip o ubhochor C. sorisrip o pakhi D. stonyopayi o sorisrip Answer with only A, B, C, or D.","Which features of classes are found in Archaepteryx? A. Mammalia and Aves B. Reptilia and Amphibia C. Reptilia and Aves D. Mammalia and Reptalia Answer with only A, B, C, or D."
benqa_ext_12th-Biology-II_0015,A,Biology-II,biology-ii,1,0,0,A,B,B,"কোন শ্রেণিতে ৫-১৫ জোড়া গলবিলীয় ফুলকা রন্ধ্র পাওয়া যায়? A. Myxini B. Petromyzontida C. Chondrichlhyes D. Actinopterygii Answer with only A, B, C, or D.","kon shrenite 5-15 jora golobiliy fuloka rondhr paoya jay? A. Myxini B. Petromyzontida C. Chondrichlhyes D. Actinopterygii Answer with only A, B, C, or D.","Which of the following class have 5-15 pairs in pharynaxial gill-slits? A. myxini B. petromyzontida C. Chondrichthyes D. Actinopterygii Answer with only A, B, C, or D."
benqa_ext_12th-Biology-II_0033,C,Biology-II,biology-ii,0,0,1,D,D,C,"জনাব নাইম দম্পতির সন্তান্দের ৫০% লিঙ্গ নির্ধারিত রোগে আক্রান্ত এবং ৫০% বাহক হওয়ার সম্ভাবনা রয়েছে। উদ্দীপকের আলোকে সন্তানরা কখন এমন হতে পারে? A. বাবা আক্রান্ত, মা স্বাভাবিক B. বাবা স্বাভাবিক, মা আক্রান্ত C. -বাবা আক্রা...","jonab naim dompotir sontander 50% lingg nirdharit roge akrant ebong 50% bahok hooyar sombhabona royechhe. uddipoker aloke sontanora kokhon emon hote pare? A. baba akrant, ma sbabhabik B. baba sbabhabik, ma akrant C. -...","The children of Mr. and Mrs. Naim are 50% more likely to be infected with sex-linked disease and 50% more likely to be carriers. When can children be like that according to stem? A. Father infected,mother normal B. Fa..."
benqa_ext_12th-Biology-II_0059,C,Biology-II,biology-ii,0,0,1,B,D,C,"ইন্টাক্যালেটেড ডিস্ক পাওয়া যায় কোন পেশিতে? A. মসৃণ পেশি B. কঙ্কাল পেশি C. কাার্ডিয়াক পেশি D. ঐচ্ছিক পেশি Answer with only A, B, C, or D.","intakyaleted disk paoya jay kon peshite? A. mosrin peshi B. kongkal peshi C. kaardiyak peshi D. oichchhik peshi Answer with only A, B, C, or D.","In which muscle is found 'Intercalated Dise'? A. Smooth muscle B. Skeletal Muscle C. Cardiac muscle D. Voluntary muscle Answer with only A, B, C, or D."
benqa_ext_12th-Biology-II_0069,C,Biology-II,biology-ii,1,0,1,C,B,C,"নিচের কোনটি ফুসফুসের একক? A. নিউরন B. নেফ্রন C. অ্যালভিওলাস D. ব্রঙ্কিওল Answer with only A, B, C, or D.","nicher konoti fusofuser ekok? A. niuron B. nefron C. alobhiolas D. brongkiol Answer with only A, B, C, or D.","Which one of the following is an unit of lung A. Neuron B. Nepgron C. Alveolus D. Bronchiole Answer with only A, B, C, or D."
benqa_ext_12th-Biology-II_0071,C,Biology-II,biology-ii,1,0,1,C,D,C,"কোন রক্তগ্রুপ বহনকারী ব্যক্তিকে সর্বজনীন দাতা বলা হয়? A. A B. B C. O D. AB Answer with only A, B, C, or D.","kon roktogrup bohonokari byoktike sorbojonin data bola hoy? A. A B. B C. O D. AB Answer with only A, B, C, or D.","Which blood group carrier is known as ""Universal Donor""? A. A B. B C. O D. AB Answer with only A, B, C, or D."
benqa_ext_12th-Biology-II_0090,C,Biology-II,biology-ii,0,0,1,A,D,C,"মেন্ডেলের প্রথম সূত্রের ব্যতিক্রম নয় কোনটি? A. অস্টিম্পূর্ণ প্রকটতা B. ঘাতক জিন C. পরিপূরক জিন D. সমপ্রকটতা Answer with only A, B, C, or D.","mendeler prothom sutrer byotikrom noy konoti? A. ostimpurn prokotota B. ghatok jin C. poripurok jin D. somoprokotota Answer with only A, B, C, or D.","Which one is not the exception of Mendel's First Law? A. Incomplete dominance B. Lethal gene C. Complementary gene D. Codominance Answer with only A, B, C, or D."
benqa_ext_12th-Biology-II_0099,C,Biology-II,biology-ii,0,0,1,A,B,C,"সর্বপ্রথম 'Genetics' শব্দ কে প্রচলন করেন? A. মেন্ডেল B. কার্ল করেন্স C. উইলিয়াম বেটসন D. হুগো দ্যা ভ্রিস Answer with only A, B, C, or D.","sorboprothom 'Genetics' shobd ke procholon koren? A. mendel B. karl korens C. uiliyam betoson D. hugo dya bhris Answer with only A, B, C, or D.","Who first introduced the word 'Genetics'- A. Mendel B. Carl Correns C. William Bateson D. Hugo de vries Answer with only A, B, C, or D."
benqa_ext_12th-Biology-II_0151,D,Biology-II,biology-ii,1,0,1,D,B,D,"গ্রেগর জোহান মেন্ডেল কোন দেশে জন্মগ্রহণ করেন? A. ফ্রান্স B. ইংল্যান্ড C. ইতালি D. অস্ট্রিয়া Answer with only A, B, C, or D.","gregor johan mendel kon deshe jonmogrohon koren? A. frans B. inglyand C. itali D. ostriya Answer with only A, B, C, or D.","Gregor Johann Mendel was born in which country? A. France B. Italy C. England D. Austria Answer with only A, B, C, or D."
benqa_ext_12th-Biology-II_0172,A,Biology-II,biology-ii,0,0,1,B,D,A,"নিচের কোনটিতে অরীয় প্রতি সাম্যতা দেখা যায়? A. জেলি ফিশ B. শামুক C. মানুষ D. প্রজাপতি Answer with only A, B, C, or D.","nicher konotite oriy proti samyota dekha jay? A. jeli fish B. shamuk C. manush D. projapoti Answer with only A, B, C, or D.","Radial symmetry can be seen in any of the following? A. Jelly fish B. Apple snail C. Human D. Butterfly Answer with only A, B, C, or D."
benqa_ext_12th-Biology-II_0176,C,Biology-II,biology-ii,0,0,1,B,B,C,"Hydra-র গ্যাস্ট্রোর্ডামিসের কোষ কোনটি? A. নিডোসাইট B. জনন কোষ C. পুষ্টি কোষ D. প্যারাইটাল কোষ Answer with only A, B, C, or D.","Hydra-r gyastrordamiser kosh konoti? A. nidosait B. jonon kosh C. pushti kosh D. pyaraital kosh Answer with only A, B, C, or D.","Which is the gastrodermal cell of Hydra? A. Cnidocyte cell B. Reproductive cell C. Nutritive cell D. parietal cell Answer with only A, B, C, or D."
benqa_ext_12th-Biology-II_0178,A,Biology-II,biology-ii,1,0,1,A,B,A,নিচের কোনটি সঠিক? A. SA নোড \rightarrow AV নোড \rightarrow বান্ডল অব হিজ \rightarrow পারকিঞ্জি তন্তু B. SA নোড \rightarrow AV নোড \rightarrow পারকিঞ্জি তন্তু \rightarrow বান্ডল অব হিজ C. AV নোড \rightarrow SA নোড \rig...,nicher konoti sothik? A. SA nod \rightarrow AV nod \rightarrow bandol ob hij \rightarrow parokinji tontu B. SA nod \rightarrow AV nod \rightarrow parokinji tontu \rightarrow bandol ob hij C. AV nod \rightarrow SA nod...,Which is the correct? A. SA node→AV node bundle of his →Purkinje fibers B. SA node→AV nose→pukinje fibers bundle of his C. AV node→SA node→purkinji fibers→bundle of his D. AV node→bundle of his →SA node→purkinje fiber...
benqa_ext_12th-Biology-II_0198,A,Biology-II,biology-ii,0,0,1,D,C,A,"দুটি কালো গিনিপিগের মধ্যে ক্রস ঘটানোর ফলে সাদা ও কালো উভয় ধরনেরই অপত্য জন্ম নিল। উদ্দীপকে উল্লেখিত গিনিপিগের মাতা-পিতার জিনোইপ কী ধরনের? A. Bb,Bb B. BB,Bb C. Bb, bb D. BB,bb Answer with only A, B, C, or D.","duti kalo ginipiger modhye kros ghotanor fole sada o kalo ubhoy dhoroneroi opoty jonm nil. uddipoke ullekhit ginipiger mata-pitar jinoip ki dhoroner? A. Bb,Bb B. BB,Bb C. Bb, bb D. BB,bb Answer with only A, B, C, or D.","White and black both types of offspring are produced by the cross between two black guinea pigs. What are the genotypec of parents cited in stem? A. Bb,Bb B. BB,Bb C. Bb,bb D. BB,bb Answer with only A, B, C, or D."
benqa_ext_12th-Biology-II_0210,D,Biology-II,biology-ii,0,0,1,A,B,D,"অ্যামোসিট (Ammocete ) লার্ভা দশা দেখা যায় কোনটিতে? A. হ্যাগফিস B. হাঙর C. স্টিংরে D. ল্যামপ্রে Answer with only A, B, C, or D.","amosit (Ammocete ) larbha dosha dekha jay konotite? A. hyagofis B. hangor C. stingre D. lyamopre Answer with only A, B, C, or D.","Ammocete larval stage seen in which animal? A. Hagfish B. Shark C. Stingray D. Lamprey Answer with only A, B, C, or D."
benqa_ext_12th-Biology-II_0213,A,Biology-II,biology-ii,0,0,1,C,D,A,"সুক্রোজ এনজাইম সুক্রোজকে ভেঙ্গে কী তৈরি করে? A. গ্লুকোজ+ফ্রুক্টোজ B. মল্টোজ+গ্লুকোজ C. মাল্টোজ+গ্যালাকটোজ D. গ্লুকোজ+গ্যালাকটোজ Answer with only A, B, C, or D.","sukroj enojaim sukrojoke bhengge ki toiri kore? A. glukoj+fruktoj B. moltoj+glukoj C. maltoj+gyalakotoj D. glukoj+gyalakotoj Answer with only A, B, C, or D.","What is produced by the breakdown of sucrose by surcrase enzyme? A. Glucose+Fructose B. Moltose+Glucose C. Moltose+Galactose D. Glucose++Galactose Answer with only A, B, C, or D."
benqa_ext_12th-Biology-II_0216,D,Biology-II,biology-ii,0,0,1,B,B,D,"ইউরিয়া কোথায় তৈরি হয়? A. বৃক্ক B. অ্যাগ্ন্যাশয় C. ফুসফুস D. যকৃত Answer with only A, B, C, or D.","iuriya kothay toiri hoy? A. brikk B. agnyashoy C. fusofus D. jokrit Answer with only A, B, C, or D.","Where is urea produced? A. Kidney B. Pancreas C. Lung D. Liver Answer with only A, B, C, or D."
benqa_ext_12th-Biology-II_0218,A,Biology-II,biology-ii,0,0,1,B,C,A,ঘাসফড়িং এর পায়ের গঠনের সঠিক ক্রম হলো- A. কক্সা \rightarrow ট্রোক্যান্টার \rightarrow ফিমার \rightarrow টিবিয়া \rightarrow টার্সাস B. ট্রোক্যান্টার \rightarrow ফিমার \rightarrow টিবিয়া \rightarrow কক্সা \rightarrow ট...,ghasoforing er payer gothoner sothik krom holo- A. koksa \rightarrow trokyantar \rightarrow fimar \rightarrow tibiya \rightarrow tarsas B. trokyantar \rightarrow fimar \rightarrow tibiya \rightarrow koksa \rightarrow...,What are the correct chronological orders arranged in grasshopper legs? A. Coxa→Trochanter→Femur→Tibia→Tarsus B. Trochanter→Femur→Tibia→Coxa→Tarsus C. Coxa→Femur→Trochanter→Tibia→Tarsus D. Trochanter→Coxa→Tibia→Femur→...
benqa_ext_12th-Biology-II_0226,A,Biology-II,biology-ii,0,0,1,B,C,A,"অর্জিত বৈশিষ্ট্যের উত্তরাধিকার'- মতবাদের প্রবর্তক কোন বিজ্ঞানী? A. ল্যামার্ক B. চার্লস ডারউইন C. হু গো দা ভ্রিস D. আল ফ্রেন্ড রাসেল Answer with only A, B, C, or D.","orjit boishishtyer uttoradhikar'- motobader probortok kon bijnani? A. lyamark B. charlos darouin C. hu go da bhris D. al frend rasel Answer with only A, B, C, or D.","Who is the introducer of the theory of inheritance of acquired characters? A. Lamarck B. Charles Darwin C. Hugo de Vries D. Alfred Russel Answer with only A, B, C, or D."
benqa_ext_12th-Biology-II_0248,A,Biology-II,biology-ii,0,0,1,B,B,A,"কোন যুগে উদ্ভব হয়েছিল? A. জুরাসিক B. কার্বোনিফেরাস C. অর্ডেোভিসিয়ান D. ক্যামব্রিয়ান Answer with only A, B, C, or D.","kon juge udbhob hoyechhil? A. jurasik B. karboniferas C. ordeobhisiyan D. kyamobriyan Answer with only A, B, C, or D.","When did Archeopteryx evolved? A. Jurassic B. Carboniferous C. Ordovician D. Cambrian Answer with only A, B, C, or D."
benqa_ext_12th-Biology-II_0256,A,Biology-II,biology-ii,1,0,1,A,B,A,"কোন পর্বের প্রাণীরা সমুদ্রের rain forest নামে পরিচিত? A. Cnidria B. Nematoda C. Arthropoda D. Echainodarmata Answer with only A, B, C, or D.","kon porber pranira somudrer rain forest name porichit? A. Cnidria B. Nematoda C. Arthropoda D. Echainodarmata Answer with only A, B, C, or D.","Animals of which phylum are know as 'sea rain forest'? A. Cnidaria B. Nematoda C. Arthropoda D. Echinodermata Answer with only A, B, C, or D."
benqa_ext_12th-Biology-II_0270,C,Biology-II,biology-ii,0,0,1,B,B,C,"বহুভুজাকার কোষ দেখা যায় কোনটিতে? A. পাকস্থলিতে B. ক্ষুদ্রান্ত্রে C. যকৃতে D. অগ্ন্যাশয়ে Answer with only A, B, C, or D.","bohubhujakar kosh dekha jay konotite? A. pakostholite B. kshudrantre C. jokrite D. ognyashoye Answer with only A, B, C, or D.","Hexagonal cells exists In which organ? A. Stomach B. Small stomach C. Liver D. Pancreas Answer with only A, B, C, or D."
benqa_ext_12th-Biology-II_0280,C,Biology-II,biology-ii,0,0,1,A,D,C,"ঘাসফড়িং এর রেচন অঙ্গ কোনটি? A. নেফ্রিডিয়া B. শিখা কোষ C. মালপিজিয়ান নালিকা D. মালপিজিয়ান বডি Answer with only A, B, C, or D.","ghasoforing er rechon ongg konoti? A. nefridiya B. shikha kosh C. malopijiyan nalika D. malopijiyan bodi Answer with only A, B, C, or D.","Which one is the excretory Organ of Grasshopper? A. Nephridia B. Flame cell C. Malpighian tubule D. Malpighian body Answer with only A, B, C, or D."
benqa_ext_12th-Biology-II_0288,D,Biology-II,biology-ii,1,0,0,D,B,B,"উদ্দীপকের আলোকে যা হতে পারে- i. এরিথ্রোব্লাস্টোসিস ফিটালিস ii. সন্তানের রক্ত Rh + (Rh পজিটিভ) ফ্যাক্টরযুক্ত iii. সন্তানের রক্ত Rh - (Rh নেগেটিভ) ফ্যাক্টরযুক্ত নিচের কোনটি সঠিক? A. i ও ii B. i ও iii C. ii ও iii D. i, i...",uddipoker aloke ja hote pare- i. erithroblastosis fitalis ii. sontaner rokt Rh + (Rh pojitibh) fyaktorojukt iii. sontaner rokt Rh - (Rh negetibh) fyaktorojukt nicher konoti sothik? A. i o ii B. i o iii C. ii o iii D....,"According to stem what will be happened- i. erythroblastosis foetalis ii.offspring's blood with Rh+ iii.offspring's blood with Rh- Which one is correct? A. i & ii B. i & iii C. ii & iii D. I,ii & iii Answer with only..."
benqa_ext_12th-Biology-II_0292,A,Biology-II,biology-ii,0,0,1,B,D,A,"প্রাকৃতিক নির্বাচন মতবাদের প্রবর্তক কে? A. ডারউইন B. ল্যামার্ক C. ভাইজম্যান D. স্পেন্সার Answer with only A, B, C, or D.","prakritik nirbachon motobader probortok ke? A. darouin B. lyamark C. bhaijomyan D. spensar Answer with only A, B, C, or D.","Who is the persuasive of 'Theory of Natural Selection'? A. Darwin B. Lamarck C. Weismann D. Spencer Answer with only A, B, C, or D."
benqa_ext_12th-Biology-II_0295,B,Biology-II,biology-ii,1,0,1,B,D,B,"কোনটি ঘাসফড়িংয়ের দেহে দেখা যায়? A. মেসোগ্লিয়া B. হিমোসিল C. সিলেন্টেরন D. সমখণ্ডকায়ন Answer with only A, B, C, or D.","konoti ghasoforingyer dehe dekha jay? A. mesogliya B. himosil C. silenteron D. somokhondokayon Answer with only A, B, C, or D.","Which is found in the body of Grasshopper? A. Messoglea B. Haemocoel C. Coelenteron D. Homonomoces metamere Answer with only A, B, C, or D."
benqa_ext_12th-Biology-II_0316,A,Biology-II,biology-ii,0,0,1,B,B,A,"অরৈখিক পেশি পাওয়া যায় A. জরায়ু নালিতে B. জিহ্বায় C. মেধ্যচ্ছদা D. গলবিলে Answer with only A, B, C, or D.","oroikhik peshi paoya jay A. jorayu nalite B. jihbay C. medhyochchhoda D. golobile Answer with only A, B, C, or D.","Non straited muscle is found- A. Uterine tube B. tongue C. diaphragm D. pharynx Answer with only A, B, C, or D."
benqa_ext_12th-Biology-I_0002,D,Biology-I,biology-i,0,0,1,C,B,D,"কোষগহবরের চারিদিকে সাইটোপ্লাজমের হালকা স্তরকে কী বলে? A. হায়ালোপ্লাজম B. এক্টোপ্লাজম C. এন্ডোপ্লাজম D. টনোপ্লাজম Answer with only A, B, C, or D.","koshogohoborer charidike saitoplajomer haloka storoke ki bole? A. hayaloplajom B. ektoplajom C. endoplajom D. tonoplajom Answer with only A, B, C, or D.","What is called the this layer surrounding cytoplasm of cell vacuole? A. Hyaloplasm B. Ectoplasm C. Endoplasm D. Tonoplasm Answer with only A, B, C, or D."
benqa_ext_12th-Biology-I_0024,C,Biology-I,biology-i,0,0,1,B,B,C,"নিচের কোন ফলটিতে ক্যারিওপসিস দেখতে পাওয়া যায়? A. কলা B. তরমুজ C. ধান D. ঢেঁড়স Answer with only A, B, C, or D.","nicher kon folotite kyarioposis dekhote paoya jay? A. kola B. toromuj C. dhan D. dhenros Answer with only A, B, C, or D.","In which fruit of the following is caryopsis seen? A. Banana B. Water melon C. Rice D. Lady's finger Answer with only A, B, C, or D."
benqa_ext_12th-Biology-I_0026,A,Biology-I,biology-i,0,0,1,B,B,A,"গ্লাইকোলাইসিস প্রক্রিয়ায় ব্য্যিত শক্তি কত অণু ATP? A. 2 B. 4 C. 6 D. 8 Answer with only A, B, C, or D.","glaikolaisis prokriyay byojit shokti kot onu ATP? A. 2 B. 4 C. 6 D. 8 Answer with only A, B, C, or D.","How many molecules of ATP are expended in the glycolysis process? A. 2 B. 4 C. 6 D. 8 Answer with only A, B, C, or D."
benqa_ext_12th-Biology-I_0030,A,Biology-I,biology-i,0,0,1,C,B,A,"কোন প্রক্রিয়াটি নিষেক ক্রিয়া ছাড়া ডিম্বানু থেকে কর্মক্ষম ভ্রূণ উৎপাদনে সক্ষম? A. পার্থেনোজেনেসিস B. অ্যাপোস্পোরি C. অ্যাপোগ্যামি D. অ্যান্ড্রোজেনেসিস Answer with only A, B, C, or D.","kon prokriyati nishek kriya chhara dimbanu theke kormokshom bhrun utopadone sokshom? A. parthenojenesis B. apospori C. apogyami D. androjenesis Answer with only A, B, C, or D.","Which process is capable of producing functional embryos from eggs without fertilization? A. Parthenogenesis B. Apospory C. Apogamy D. Androgenesis Answer with only A, B, C, or D."
benqa_ext_12th-Biology-I_0043,A,Biology-I,biology-i,1,0,0,A,C,D,"জবা ফুলের বৈশিষ্ট্য কোনটি? A. উপপত্রযুক্ত B. একপ্রতিসম C. গর্ভকটি D. মূলীয় অমরাবিন্যাস Answer with only A, B, C, or D.","joba fuler boishishty konoti? A. upopotrojukt B. ekoprotisom C. gorbhokoti D. muliy omorabinyas Answer with only A, B, C, or D.","Which is the characteristic of China rose? A. Stapulate leaf B. Mono symmetrical C. Perigynus D. Basal placentation Answer with only A, B, C, or D."
benqa_ext_12th-Biology-I_0049,C,Biology-I,biology-i,0,0,1,B,B,C,"কোন আলোতে সালোকসংশ্লেষণের হার সর্বোচ্চ? A. হলুদ B. নীল C. লাল D. কমলা Answer with only A, B, C, or D.","kon alote salokosongshleshoner har sorbochch? A. holud B. nil C. lal D. komola Answer with only A, B, C, or D.","In which light, rate of photosynthesis is maximum? A. Yellow B. Blue C. Red D. Orange Answer with only A, B, C, or D."
benqa_ext_12th-Biology-I_0059,D,Biology-I,biology-i,0,0,1,B,B,D,"সবাত শ্বসন ও অবাত শ্বসনের অভিন্ন ধাপ কোনটি? A. ক্রেবস চক্র B. অ্যাসিটাইল কো-এ সৃষ্টি C. ETS D. গ্লাইকোলাইসিস Answer with only A, B, C, or D.","sobat shboson o obat shbosoner obhinn dhap konoti? A. krebos chokr B. asitail ko-e srishti C. ETS D. glaikolaisis Answer with only A, B, C, or D.","Which one is the common stage of aerobic and anaerobic respiration? A. Kreb's cycle B. Acetyl co-A formation C. ETS D. Glycolysis Answer with only A, B, C, or D."
benqa_ext_12th-Biology-I_0066,B,Biology-I,biology-i,1,0,0,B,A,C,"কোনটি Poaceae গোত্রের বৈশিষ্ট্য? A. পুংকেশের অসংখ্য B. সর্বমুখ পরাগধানী C. মুক্ত পার্শ্বীয় উপপত্র D. অক্ষীয় অমরা বিন্যাস Answer with only A, B, C, or D.","konoti Poaceae gotrer boishishty? A. pungkesher osongkhy B. sorbomukh poragodhani C. mukt parshbiy upopotr D. okshiy omora binyas Answer with only A, B, C, or D.","In which one, the characteristic of Poaceae family? A. Stamens numerous B. Verstile anther C. Free-lateral stipules D. Axile placentation Answer with only A, B, C, or D."
benqa_ext_12th-Biology-I_0085,C,Biology-I,biology-i,0,0,1,A,B,C,"নিচের কোন আয়ন দ্রুত গতিতে শোষিত হয়? A. Ca B. SO_4 C. K D. Mg Answer with only A, B, C, or D.","nicher kon ayon drut gotite shoshit hoy? A. Ca B. SO_4 C. K D. Mg Answer with only A, B, C, or D.","Which of the following ions is rapidly absorbed? A. Ca B. SO_{4} C. K D. Mg Answer with only A, B, C, or D."
benqa_ext_12th-Biology-I_0094,D,Biology-I,biology-i,0,0,1,B,B,D,"নিম্নের কোন পর্যায়ে কোষপ্লেট তৈরি হয়? A. প্রোফেজ B. অ্যানাফেজ C. টেলোফেজ D. সাইটোকাইনেসিস Answer with only A, B, C, or D.","nimner kon poryaye koshoplet toiri hoy? A. profej B. anafej C. telofej D. saitokainesis Answer with only A, B, C, or D.","In which stage cell plate is originated? A. Prohase B. Anaphase C. Telophase D. Cytokinesis Answer with only A, B, C, or D."
benqa_ext_12th-Biology-I_0098,D,Biology-I,biology-i,1,0,0,D,B,C,"সরিষাতে নিম্নলিখিত কোন প্রকারের ডিম্বক দেখা যায়? A. ঊর্ধ্বমুখী B. নিম্নমুখী C. পার্শ্বমুখী D. বক্রমুখী Answer with only A, B, C, or D.","sorishate nimnolikhit kon prokarer dimbok dekha jay? A. urdhbomukhi B. nimnomukhi C. parshbomukhi D. bokromukhi Answer with only A, B, C, or D.","Which of the following type of ovule is found in mustard? A. Atropous B. Anaptropous C. Amphitropous D. Camphylotropous Answer with only A, B, C, or D."
benqa_ext_12th-Biology-I_0110,B,Biology-I,biology-i,0,0,1,D,D,B,"নিষেকের ফলে- i. প্রজাতির ক্রোমোসোম সংখ্যার স্থিরতা রক্ষা হয় ii. নতুন প্রজাতি সৃষ্টির সম্ভাবনা থাকে না iii. অধিক ফলনশীল ও সহনশীল ফসল উৎপন্ন হয় নিচের কোনটি সঠিক? A. i ও ii B. i ও iii C. ii ও iii D. i, ii, ও iii Answer w...",nisheker fole- i. projatir kromosom songkhyar sthirota roksha hoy ii. notun projati srishtir sombhabona thake na iii. odhik folonoshil o sohonoshil fosol utoponn hoy nicher konoti sothik? A. i o ii B. i o iii C. ii o...,As a result of fertilization- i. the stability of the chromosome number of the species become maintained ii. there is no possibility to creating new species iii. more productive and tolerant crops become produced Whic...
benqa_ext_12th-Biology-I_0122,D,Biology-I,biology-i,0,0,1,A,B,D,"Draccaena উদ্ভিদে কোন ধরনের ভাস্কুলার বান্ডল বর্তমান? A. সমপার্শ্বীয় B. সমদ্বিপার্শ্বীয় C. জাইলেম কেন্দ্রিক D. ফ্লোয়েম কেন্দ্রিক Answer with only A, B, C, or D.","Draccaena udbhide kon dhoroner bhaskular bandol bortoman? A. somoparshbiy B. somodbiparshbiy C. jailem kendrik D. floyem kendrik Answer with only A, B, C, or D.","What kind of vascular bundle is found in Dracaena? A. Collateral B. Bi-collateral C. Hadrocentric D. Leptocentric Answer with only A, B, C, or D."
benqa_ext_12th-Biology-I_0141,D,Biology-I,biology-i,1,0,1,D,C,D,এক্সপ্লান্ট নির্বাচন \rightarrow আবাদ মাধ্যম তৈরি \rightarrow \fbox{A} \rightarrow \fbox{B} \rightarrow \fbox{C} \rightarrow \fbox{D} \rightarrow চারা টবে স্থানান্তর । উদ্দীপকের প্রক্রিয়ার প্রয়োগ- i. রোগমুক্ত উদ্ভিদ স...,eksoplant nirbachon \rightarrow abad madhyom toiri \rightarrow \fbox{A} \rightarrow \fbox{B} \rightarrow \fbox{C} \rightarrow \fbox{D} \rightarrow chara tobe sthanantor . uddipoker prokriyar proyog- i. rogomukt udbhid...,Explant selection \rightarrow Culture media preparation \rightarrow \fbox{A} \rightarrow \fbox{B} \rightarrow \fbox{C} \rightarrow \fbox{D} \rightarrow transfer the plantlet to tub. Application of the process of stem-...
benqa_ext_12th-Biology-I_0144,A,Biology-I,biology-i,0,0,1,D,D,A,"অবাত শ্বসনের ক্ষেত্রে প্রযোজ্য- i. ল্যাকটিক এসিড তৈরি হয় ii. ইস্টে প্রক্রিয়াটি সংঘটির হয় iii. অক্সিজেনের প্রয়োজন হয় নিচের কোনটি সঠিক? A. i ও ii B. ii ও iii C. i ও iii D. i, ii, ও iii Answer with only A, B, C, or D.","obat shbosoner kshetre projojy- i. lyakotik esid toiri hoy ii. iste prokriyati songghotir hoy iii. oksijener proyojon hoy nicher konoti sothik? A. i o ii B. ii o iii C. i o iii D. i, ii, o iii Answer with only A, B, C...","Applicable for anaerobic repiration- i. lactic acid production occurs ii. occurs in yeast iii. oxygen is required Which one is correct? A. i & ii B. i & iii C. ii & iii D. i, ii & iii Answer with only A, B, C, or D."
benqa_ext_12th-Biology-I_0147,B,Biology-I,biology-i,1,0,1,B,D,B,"মাইটোসিস কোষ বিভাজনের কোন ধাপে স্পিন্ডল যন্ত্রের সৃষ্টি হয়? A. প্রোফেজ B. প্রো-মেটাফেজ C. মেটাফেজ D. অ্যানাফেজ Answer with only A, B, C, or D.","maitosis kosh bibhajoner kon dhape spindol jontrer srishti hoy? A. profej B. pro-metafej C. metafej D. anafej Answer with only A, B, C, or D.","In which stage of mitosis cell division spindle apparatus is produced? A. Prophase B. Prometaphase C. Metaphase D. Anaphase Answer with only A, B, C, or D."
benqa_ext_12th-Biology-I_0151,C,Biology-I,biology-i,1,0,1,C,D,C,"DNA থেকে mRNA তৈরির প্রক্রিয়াকে কী বলা হয়? A. রেপ্লিকেশন B. মিউটেশন C. ট্রান্সক্রিপশন D. ট্রান্সলেশন Answer with only A, B, C, or D.","DNA theke mRNA toirir prokriyake ki bola hoy? A. replikeshon B. miuteshon C. transokriposhon D. transoleshon Answer with only A, B, C, or D.","What is called the process of mRNA production from DNA? A. Replication B. Mutation C. Transcription D. Translation Answer with only A, B, C, or D."
benqa_ext_12th-Biology-I_0163,C,Biology-I,biology-i,1,0,0,C,D,B,"পত্ররন্ধ্র খোলে যখন- i. রক্ষীকোষে K^+ প্রবেশ করে ii. কোষে CO_2 এর পরিমাণ বেড়ে যায় iii. রক্ষীকোষ থেকে সক্রিয়ভাবে H^+ বের হয়ে যায় নিচের কোনটি সঠিক? A. i ও ii B. ii ও iii C. i ও iii D. i, ii, ও iii Answer with only A, B,...","potrorondhr khole jokhon- i. rokshikoshe K^+ probesh kore ii. koshe CO_2 er poriman bere jay iii. rokshikosh theke sokriyobhabe H^+ ber hoye jay nicher konoti sothik? A. i o ii B. ii o iii C. i o iii D. i, ii, o iii A...",The stomate are opened when- i. K^{+} ion enter into guard cell ii. the amount of CO_{2} increases in the guard cell iii. H^{+} actively exits from guard cell Which one is corect? A. i & ii B. ii & iii C. i & iii D. i...
benqa_ext_12th-Biology-I_0185,D,Biology-I,biology-i,0,0,1,B,B,D,"ইন্টারফেরন নিঃসৃত হয়- A. মাস্ট কোষ হতে B. ব্যাকটেরিয়া আক্রান্ত কোষ হতে C. ক্যান্সার কোষ হতে D. ভাইরাস আক্রান্ত কোষ হতে Answer with only A, B, C, or D.","intaroferon nihsrit hoy- A. mast kosh hote B. byakoteriya akrant kosh hote C. kyansar kosh hote D. bhairas akrant kosh hote Answer with only A, B, C, or D.","Interferon excreted from- A. Mast cell B. Bacteria affected cell C. Cancer cell D. Virus affected cell Answer with only A, B, C, or D."
benqa_ext_12th-Biology-I_0188,D,Biology-I,biology-i,1,0,0,D,B,C,"রেস্ট্রিকশন এনজাইম নয় কোনটি? A. Bco Rl B. Hind III C. Hpa-II D. All-Po Answer with only A, B, C, or D.","restrikoshon enojaim noy konoti? A. Bco Rl B. Hind III C. Hpa-II D. All-Po Answer with only A, B, C, or D.","Which one is not restriction enzyme? A. Eco RI B. Hind III C. Hapa-II D. AII-P_{Q} Answer with only A, B, C, or D."
benqa_ext_12th-Biology-I_0200,A,Biology-I,biology-i,1,0,1,A,D,A,"লেপ্টোসেন্ট্রিক ভাস্কুলার বান্ডলের উদাহরণ হলো- A. Dracaena sp B. Mangifera sp C. Oryza sp D. Triticum sp Answer with only A, B, C, or D.","leptosentrik bhaskular bandoler udahoron holo- A. Dracaena sp B. Mangifera sp C. Oryza sp D. Triticum sp Answer with only A, B, C, or D.","Example of leptocentric vascular bundle is- A. Dracaena sp B. Mangifera sp C. Oryza sp D. Triticum sp Answer with only A, B, C, or D."
benqa_ext_12th-Biology-I_0203,C,Biology-I,biology-i,1,0,0,C,A,D,"ফ্রুক্টোজ ১, ৬ বিসফসফেট \xleftrightarrow{P} ৩ ফসফোগ্লিসারেল্ডিহাইড + ডাইহাইড্রোক্সি এসিটোন ফসফেট। উদ্দীপকের বিক্রিয়াটি নিচের কোন বিক্রিয়া পথে সংঘটিত হয়? A. ক্রেবস চক্র B. ক্যালভিন চক্র C. গ্লাইকোলাইসিস D. হ্যাচ-স্ল্যা...","fruktoj 1, 6 bisofosofet \xleftrightarrow{P} 3 fosofoglisareldihaid + daihaidroksi esiton fosofet. uddipoker bikriyati nicher kon bikriya pothe songghotit hoy? A. krebos chokr B. kyalobhin chokr C. glaikolaisis D. hya...","Fructose 1, 6 Bisphosphate \xleftrightharpoons{P} 3 Phosphogly-ceraldehyde + Dihydroxyacetone phosphate. In which of the following pathway the reaction is occurred as show in the stem? A. Kerbs cycle B. Calvin cycle C..."
benqa_ext_12th-Biology-I_0217,B,Biology-I,biology-i,0,0,1,D,D,B,"নগ্নবীজী উদ্ভিদে- i. আর্কিগোনিয়াম উপস্থিত ii. শস্য ট্রিপ্লয়েড iii. বীজ উৎপন্ন হয় নিচের কোনটি সঠিক? A. i ও ii B. i ও iii C. ii ও iii D. i, ii, ও iii Answer with only A, B, C, or D.","nognobiji udbhide- i. arkigoniyam uposthit ii. shosy triployed iii. bij utoponn hoy nicher konoti sothik? A. i o ii B. i o iii C. ii o iii D. i, ii, o iii Answer with only A, B, C, or D.","In Gymnosperm- i. Archegonium present ii. endosperin triploid iii. seed is produced Which one is correct? A. i and ii B. i and iii C. ii and iii D. i, ii and iii Answer with only A, B, C, or D."
benqa_ext_12th-Biology-I_0220,A,Biology-I,biology-i,0,0,1,C,B,A,"উদ্ভিদের মূল ও কাণ্ডের শীর্ষের টিস্যু কোনটি? A. ভাজক টিস্যু B. সরল টিস্যু C. জটিল টিস্যু D. ক্ষরণকারী টিস্যু Answer with only A, B, C, or D.","udbhider mul o kander shirsher tisyu konoti? A. bhajok tisyu B. sorol tisyu C. jotil tisyu D. kshoronokari tisyu Answer with only A, B, C, or D.","Which is the apex tissue of stem and root of a plant? A. Meristimatic tissue B. Simple tissue C. Compound tissue D. Secretory tissue Answer with only A, B, C, or D."
benqa_ext_12th-Biology-I_0233,C,Biology-I,biology-i,0,0,1,B,D,C,"স্টক' ও 'সায়ন' শব্দগুলো নিম্নের কোনটির ক্ষেত্রে প্রযোজ্য? A. কাটিং B. বাডিং C. গ্রাফটিং D. লেয়ারিং Answer with only A, B, C, or D.","stok' o 'sayon' shobdogulo nimner konotir kshetre projojy? A. kating B. bading C. grafoting D. leyaring Answer with only A, B, C, or D.","The words 'stock' and 'scion' apply to which of the following? A. Cutting B. Budding C. Grafting D. Layering Answer with only A, B, C, or D."
benqa_ext_12th-Biology-I_0235,A,Biology-I,biology-i,0,0,1,B,B,A,"ফার্মেন্টেশন প্রক্রিয়ায় নিম্নের কোন এনজাইমটি সবচেয়ে বেশি ক্রিয়াশীল হয়? A. জাইমেজ B. কাইনেজ C. আইসোমারেজ D. হাইড্রোজিনেজ Answer with only A, B, C, or D.","farmenteshon prokriyay nimner kon enojaimoti sobocheye beshi kriyashil hoy? A. jaimej B. kainej C. aisomarej D. haidrojinej Answer with only A, B, C, or D.","Which of the following enzymes is most active fermentation process? A. Zymase B. Kinase C. Isomerase D. Hydrogenase Answer with only A, B, C, or D."
benqa_ext_12th-Biology-I_0242,D,Biology-I,biology-i,0,0,1,A,C,D,"শ্বসনের কোন পর্যায়ে O_2 এর প্রয়োজন হয়? A. গ্লাইকোলাইসিস B. অ্যাসিটাইল Co-এ C. ক্রেবস চক্র D. ইলেক্ট্রন প্রবাহ তন্ত্র Answer with only A, B, C, or D.","shbosoner kon poryaye O_2 er proyojon hoy? A. glaikolaisis B. asitail Co-e C. krebos chokr D. ilektron probah tontr Answer with only A, B, C, or D.","At which stage of respiration is Oxygen needed? A. Glycolysis B. Acetyle CO-A C. Kerbs cycle D. Electron Transport System Answer with only A, B, C, or D."
benqa_ext_12th-Biology-I_0244,D,Biology-I,biology-i,0,0,1,B,B,D,"নিচের কোন ধরনের কোষে মিয়োসিস কোষ বিভাজন সংঘটিত হয়? A. পরাগরেণুতে B. জননকোষে C. দৈহিক কোষে D. পরাগ মাতৃকোষে Answer with only A, B, C, or D.","nicher kon dhoroner koshe miyosis kosh bibhajon songghotit hoy? A. poragorenute B. jononokoshe C. doihik koshe D. porag matrikoshe Answer with only A, B, C, or D.","Meiosis cell division occurs in which of the following types of cells? A. Pollen grain B. Gametic cell C. Somatic cell D. Pollen mother cell Answer with only A, B, C, or D."
benqa_ext_12th-Biology-I_0254,B,Biology-I,biology-i,0,0,1,C,D,B,"উদ্ভিদের ভ্রূণাবস্থায় উৎপত্তিলাভ করে কোনটি? A. প্রোমেরিস্টেম B. প্রাইমারি ভাজক টিস্যু C. প্রোক্যাম্বিয়াম D. কর্ক ক্যাম্বিয়াম Answer with only A, B, C, or D.","udbhider bhrunabosthay utopottilabh kore konoti? A. promeristem B. praimari bhajok tisyu C. prokyambiyam D. kork kyambiyam Answer with only A, B, C, or D.","Which one is produced during the embryo state of the plant? A. Promeristem B. Primary meristem C. Procambium D. Cork cambium Answer with only A, B, C, or D."
benqa_ext_12th-Biology-I_0268,A,Biology-I,biology-i,0,0,1,B,B,A,"DNA-এর মনোমারকে বলা হয়- A. ডিঅক্সিরাইবোনিউক্লিওটাইড B. রাইবোনিউক্লিওটাইড C. পলিরাইবোজোম D. নিউক্লিক এসিড Answer with only A, B, C, or D.","DNA-er monomaroke bola hoy- A. dioksiraiboniukliotaid B. raiboniukliotaid C. poliraibojom D. niuklik esid Answer with only A, B, C, or D.","The monome of DNA is called- A. Deoxyribonucleotide B. Ribonucleotide C. Polyribosome D. Nucleic acid Answer with only A, B, C, or D."
benqa_ext_12th-Biology-I_0271,B,Biology-I,biology-i,0,0,1,D,C,B,"মি. 'ক' দুটি গাছের মধ্যে ক্রস ঘটানোর পূর্বে একটি গাছের পুংকেশর সরিয়ে ফেললেন। মি. 'ক' এর পদ্ধতিটির নাম কী? A. স্বপরাগায়ন B. ইমাস্কুলেশন C. হাইব্রিডাইজেশন D. ব্যাগিং Answer with only A, B, C, or D.","mi. 'k' duti gachher modhye kros ghotanor purbe ekoti gachher pungkeshor soriye felolen. mi. 'k' er poddhotitir nam ki? A. sboporagayon B. imaskuleshon C. haibridaijeshon D. byaging Answer with only A, B, C, or D.","Mr. 'X' removes stamen of plant before crossing two plants. What is the name of the method of Mr. 'X'? A. Self-pollination B. Emusculation C. Hybridization D. Bagging Answer with only A, B, C, or D."
benqa_ext_12th-Biology-I_0272,A,Biology-I,biology-i,0,0,1,B,D,A,মি. 'ক' দুটি গাছের মধ্যে ক্রস ঘটানোর পূর্বে একটি গাছের পুংকেশর সরিয়ে ফেললেন। মি. 'ক' উল্লিখিত ঘটনাটি কেন ঘটালেন? i. ফুলটিকে স্ত্রী ফুলে পরিণত করার জন্য ii. স্বপরাগায়ন না ঘটার জন্য iii. স্ব-পরাগী ফুলে পরিণত করার জন্য ন...,mi. 'k' duti gachher modhye kros ghotanor purbe ekoti gachher pungkeshor soriye felolen. mi. 'k' ullikhit ghotonati ken ghotalen? i. fulotike stri fule porinot korar jony ii. sboporagayon na ghotar jony iii. sb-poragi...,Mr. 'X' removes stamen of plant before crossing two plants. Why did Mr. 'X' perform the above mentioned incident? i. To turn the flower into a female flower ii. To avoid selfing iii. To turn into a self-pollinated flo...
benqa_ext_12th-Biology-I_0275,D,Biology-I,biology-i,1,0,1,D,C,D,"একটি জিনকে দ্রুত বহু কপি জিনে পরিণত করা যায় কোন পদ্ধতিতে? A. রিপ্রোডাক্টিভ ক্লোনিং B. টিস্যু কালচার C. রিকম্বিনেন্ট DNA প্রযুক্তি D. PCR Answer with only A, B, C, or D.","ekoti jinoke drut bohu kopi jine porinot kora jay kon poddhotite? A. riprodaktibh kloning B. tisyu kalochar C. rikombinent DNA projukti D. PCR Answer with only A, B, C, or D.","In which way, can a gene be quickly multiplying? A. Reproductive eloning B. Tissue culture C. Recombinant DNA technology D. PCR Answer with only A, B, C, or D."
benqa_ext_12th-Biology-I_0287,A,Biology-I,biology-i,1,0,1,A,C,A,"হেড্রোসেন্ট্রিক ভাস্কুলার বান্ডল কোন উদ্ভিদে পাওয়া যায়? A. Pteris B. Dracaena C. Gnetum D. Yucca Answer with only A, B, C, or D.","hedrosentrik bhaskular bandol kon udbhide paoya jay? A. Pteris B. Dracaena C. Gnetum D. Yucca Answer with only A, B, C, or D.","In which plant is hadrocentric vascular bundle present? A. Pteris B. Dracaena C. Gnetum D. Yucca Answer with only A, B, C, or D."
benqa_ext_12th-Biology-I_0294,B,Biology-I,biology-i,0,0,1,D,C,B,"নিচের কোন অঙ্গাণুতে অটোলাইসিস ঘটে? A. গলজি বডি B. লাইসোসোম C. এন্ডোপ্লাজমিক রেটিকুলাম D. রাইবোসোম Answer with only A, B, C, or D.","nicher kon ongganute otolaisis ghote? A. goloji bodi B. laisosom C. endoplajomik retikulam D. raibosom Answer with only A, B, C, or D.","In which organelle does autholysis occur? A. Golgi body B. Lysome C. Endoplasmic reticulum D. Ribosome Answer with only A, B, C, or D."
benqa_ext_12th-Biology-I_0296,D,Biology-I,biology-i,0,0,1,C,B,D,"মায়োসিস কোষবিভাজন প্রক্রিয়ায় নিউক্লিয়াসের প্রথম ও দ্বিতীয় বিভাজনের মধ্যবর্তী সময়কে বলে- A. ক্যারিওকাইনেসিস B. সাইটোকাইনেসিস C. মেটাকাইনেসিস D. ইন্টারকাইনেসিস Answer with only A, B, C, or D.","mayosis koshobibhajon prokriyay niukliyaser prothom o dwitiy bibhajoner modhyoborti somoyoke bole- A. kyariokainesis B. saitokainesis C. metakainesis D. intarokainesis Answer with only A, B, C, or D.","In meiosis cell division intermediate period of first and second nuclear division is called- A. karyokinesis B. cytokinesis C. metakunesis D. Interkinesis Answer with only A, B, C, or D."
benqa_ext_12th-Biology-I_0300,C,Biology-I,biology-i,0,0,1,B,A,C,"কোনটি আণবিক কাঁচি নামে পরিচিত? A. প্লাজমিড B. লাইগেজ এনজাইম C. রেস্ট্রিকশন এনজাইম D. প্রাইমেজ Answer with only A, B, C, or D.","konoti anobik kanchi name porichit? A. plajomid B. laigej enojaim C. restrikoshon enojaim D. praimej Answer with only A, B, C, or D.","Which is known as molecular scissors? A. Plasmid B. Ligase enzyme C. Restriction enzyme D. Primase Answer with only A, B, C, or D."
benqa_ext_12th-Biology-I_0307,D,Biology-I,biology-i,1,0,0,D,B,B,"নিচের কোন জাইলেম ও ফ্লোয়েম উভয় টিস্যুতেই বিদ্যমান? A. ট্রাকিড B. ভেসেল C. সিভনল D. ফাইবার Answer with only A, B, C, or D.","nicher kon jailem o floyem ubhoy tisyutei bidyoman? A. trakid B. bhesel C. sibhonol D. faibar Answer with only A, B, C, or D.","Which of the following is present in both xylem and phloem tissue? A. Trachid B. Vessel C. Seive tube D. Fiber Answer with only A, B, C, or D."
benqa_ext_12th-Chemistry-II_0009,B,Chemistry-II,chemistry-ii,0,0,1,D,D,B,"Br^{-} + BrO_{3}^{-} + 6H^{+} \rightarrow Br_{2} + 3H_{2}O; এ বিক্রিয়াটিতে- i. Br^{-} বিজারক ii. BrO_{3}^{-} এর বিজারণ ঘটেছে iii. H^{+} জারক নিচের কোনটি সঠিক? A. i B. i ও ii C. ii ও iii D. i, ii ও iii Answer with only...","Br^{-} + BrO_{3}^{-} + 6H^{+} \rightarrow Br_{2} + 3H_{2}O; e bikriyatite- i. Br^{-} bijarok ii. BrO_{3}^{-} er bijaron ghotechhe iii. H^{+} jarok nicher konoti sothik? A. i B. i o ii C. ii o iii D. i, ii o iii Answer...",In reaction Br^{-} + BrO_{3}^{-} + 6H^{+} \rightarrow Br_{2} + 3H_{2}O i. Br^{-} is a reducing agent ii. reduction occurs of BrO_{3}^{-} iii. H^{+} is an oxidizing agent Which one is correct? A. i B. i and ii C. ii an...
benqa_ext_12th-Chemistry-II_0018,A,Chemistry-II,chemistry-ii,0,0,1,B,C,A,"তড়িৎ বিশ্লেষণে কোনটি আগে চার্জমুক্ত হবে? A. Pt^{2+} B. Cu^{2+} C. Cd^{2+} D. Mn^{2+} Answer with only A, B, C, or D.","torit bishleshone konoti age charjomukt hobe? A. Pt^{2+} B. Cu^{2+} C. Cd^{2+} D. Mn^{2+} Answer with only A, B, C, or D.","Which one will charge free first in electrolysis? A. Pl^{2+} B. Cu^{2+} C. Cd^{2+} D. Mn^{2+} Answer with only A, B, C, or D."
benqa_ext_12th-Chemistry-II_0034,A,Chemistry-II,chemistry-ii,1,0,0,A,D,D,"Zn/Zn^{2+} এবং Ag/Ag^{+} তড়িৎদ্বারের জারণ বিভব যথাক্রমে + 0.76V এবং -0.769V হলে, তড়িৎ কোষটির মোট বিভব কত? A. \text{+ 1.529V} B. \text{+ 0.779V} C. \text{+ 0.039V} D. \text{- 1.529V} Answer with only A, B, C, or D.","Zn/Zn^{2+} ebong Ag/Ag^{+} toritodbarer jaron bibhob jothakrome + 0.76V ebong -0.769V hole, torit koshotir mot bibhob kot? A. \text{+ 1.529V} B. \text{+ 0.779V} C. \text{+ 0.039V} D. \text{- 1.529V} Answer with only A...","If oxidation potential of Zn/Zn^{2+} and Ag/Ag^{+} are +0.76V and -0.769V respectively, what is the total potential of electric cell? A. \text{+ 1.529V} B. \text{+ 0.779V} C. \text{+ 0.039V} D. \text{- 1.529V} Answer..."
benqa_ext_12th-Chemistry-II_0047,C,Chemistry-II,chemistry-ii,0,0,1,B,B,C,"0.05M গ্লুকোজ দ্রবণের ঘনমাত্রা ppm এককে কত হবে? A. 900 B. 4500 C. 9000 D. 18000 Answer with only A, B, C, or D.","0.05M glukoj droboner ghonomatra ppm ekoke kot hobe? A. 900 B. 4500 C. 9000 D. 18000 Answer with only A, B, C, or D.","How will be the concentration of 0.05M glucose solution in ppm unit? A. 900 B. 4500 C. 9000 D. 18000 Answer with only A, B, C, or D."
benqa_ext_12th-Chemistry-II_0060,C,Chemistry-II,chemistry-ii,1,0,1,C,A,C,"কোনটি পানির অস্থায়ী খরতার জন্য দায়ী? A. CaCO_{3} B. AlCl_{3} C. Mg(HCO_{3})_{2} D. FeSO_{4} Answer with only A, B, C, or D.","konoti panir osthayi khorotar jony dayi? A. CaCO_{3} B. AlCl_{3} C. Mg(HCO_{3})_{2} D. FeSO_{4} Answer with only A, B, C, or D.","Which one is liable for temporary hardness of water? A. CaCO_{3} B. AlCl_{3} C. Mg(HCO_{3})_{2} D. FeSO_{4} Answer with only A, B, C, or D."
benqa_ext_12th-Chemistry-II_0094,D,Chemistry-II,chemistry-ii,1,0,1,D,C,D,"কোনটি পরমশূণ্য তাপমাত্রা? A. 0^oC B. 25^oC C. 273K D. -273^oC Answer with only A, B, C, or D.","konoti poromoshuny tapomatra? A. 0^oC B. 25^oC C. 273K D. -273^oC Answer with only A, B, C, or D.","Which one is absolute zero temperatur? A. 0\degree C B. 25\degree C C. 273 K D. - 273\degree C Answer with only A, B, C, or D."
benqa_ext_12th-Chemistry-II_0110,C,Chemistry-II,chemistry-ii,0,0,1,D,D,C,5H_{2}C_{2}O_{4} + 2KMnO_{4} + 3H_{2}SO_{4} \rightarrow 10C_{2} + 2MnSO{4} + 8H_{2}O + K_{2}SO_{4} বিক্রিয়াটিতে- i. H_{2}SO_{4} একটি জারক ii. KMnO_{4} এ Mn এর জারণ মান = +7 iii. H_{2}C_{2}O_{4} বিজারক পদার্থ নিচের কোন...,5H_{2}C_{2}O_{4} + 2KMnO_{4} + 3H_{2}SO_{4} \rightarrow 10C_{2} + 2MnSO{4} + 8H_{2}O + K_{2}SO_{4} bikriyatite- i. H_{2}SO_{4} ekoti jarok ii. KMnO_{4} e Mn er jaron man = +7 iii. H_{2}C_{2}O_{4} bijarok podarth niche...,5H_{2}C_{2}O_{4} + 2KMnO_{4} + 3H_{2}SO_{4} \rightarrow 10CO_{2} + 2MnSO_{4} + 8H_{2}O + K_{2}SO_{4} In this reaction- i. H_{2}SO_{4} is an oxidizing agent ii. oxidatio number of Mn in KMnO_{4} is +7 iii. H_{2}C_{2}O_...
benqa_ext_12th-Chemistry-II_0121,A,Chemistry-II,chemistry-ii,1,0,0,A,D,D,"22g CO_{2} এর জন্য আদর্শ গ্যাস সমীকরণ কোনটি? A. 2PV = RT B. PV = 2RT C. PV = 22RT D. PV = RT Answer with only A, B, C, or D.","22g CO_{2} er jony adorsh gyas somikoron konoti? A. 2PV = RT B. PV = 2RT C. PV = 22RT D. PV = RT Answer with only A, B, C, or D.","Which is the ideal gas equation for 22g of CO_{2}? A. 2PV = RT B. PV = 2RT C. PV = 22RT D. PV = RT Answer with only A, B, C, or D."
benqa_ext_12th-Chemistry-II_0130,D,Chemistry-II,chemistry-ii,1,0,1,D,A,D,"কোন যৌগে ক্লোরিনের জারণ মান সর্বোচ্চ? A. HClO B. HClO_2 C. HClO_{3} D. HClO_{4} Answer with only A, B, C, or D.","kon jouge kloriner jaron man sorbochch? A. HClO B. HClO_2 C. HClO_{3} D. HClO_{4} Answer with only A, B, C, or D.","In which compound, Chlorine has highest oxidation number? A. HClO B. HClO_{2} C. HClO_{3} D. HCIO_{4} Answer with only A, B, C, or D."
benqa_ext_12th-Chemistry-II_0144,C,Chemistry-II,chemistry-ii,1,0,1,C,B,C,"অ্যালকিনের সাধারণ সংকেত কোনটি? A. C_nH_{2n+2} B. C_nH_{2n+1} C. C_nH_{2n} D. C_nH{2n-2} Answer with only A, B, C, or D.","alokiner sadharon songket konoti? A. C_nH_{2n+2} B. C_nH_{2n+1} C. C_nH_{2n} D. C_nH{2n-2} Answer with only A, B, C, or D.","Which one is the general formula of Alkene? A. C_{a}H_{2n + 2} B. C_{a}H_{2n + 1}^{-} C. C_{a}H_{2n} D. C_{a}H_{2n - 2} Answer with only A, B, C, or D."
benqa_ext_12th-Chemistry-II_0160,D,Chemistry-II,chemistry-ii,1,0,0,D,B,B,"তড়িৎ বিশ্লষণকালে নিচের কোন আয়নটি আগে চার্জমুক্ত হবে? A. NO_{3}^{-} B. Cl^{-} C. SO_{4}^{2-} D. OH_{-} Answer with only A, B, C, or D.","torit bishloshonokale nicher kon ayonoti age charjomukt hobe? A. NO_{3}^{-} B. Cl^{-} C. SO_{4}^{2-} D. OH_{-} Answer with only A, B, C, or D.","Which ion of the following will be freed of charge first during electrolysis? A. NO_{3}^{-} B. Cl^{-} C. SO_{4}^{2-} D. OH^{-} Answer with only A, B, C, or D."
benqa_ext_12th-Chemistry-II_0164,D,Chemistry-II,chemistry-ii,1,0,0,D,B,C,"খাদ্য লবণের জলীয় দ্রবণকে তড়িৎ বিশ্লেষণ করলে ক্যাথোডে কোন গ্যাসটি মুক্ত হয়? A. O_{2} B. N_{2} C. Cl_{2} D. H_{2} Answer with only A, B, C, or D.","khaddo loboner joliy drobonoke torit bishleshon korole kyathode kon gyasoti mukt hoy? A. O_{2} B. N_{2} C. Cl_{2} D. H_{2} Answer with only A, B, C, or D.","Which gas is freed in cathode during the electrolysis of the aquous solution of edible salt? A. O_{2} B. N_{2} C. Cl_{2} D. H_{2} Answer with only A, B, C, or D."
benqa_ext_12th-Chemistry-II_0191,D,Chemistry-II,chemistry-ii,0,0,1,B,B,D,"3H_{2}S + 2HNO_{3} \rightarrow 2NO + 3S + 4H_{2}O বিক্রিয়াটিতে H_{2}S এর ভূমিকা কী? A. টাইট্রান্ট B. টাইট্রেট C. জারক D. বিজারক Answer with only A, B, C, or D.","3H_{2}S + 2HNO_{3} \rightarrow 2NO + 3S + 4H_{2}O bikriyatite H_{2}S er bhumika ki? A. taitrant B. taitret C. jarok D. bijarok Answer with only A, B, C, or D.","In 3H_{2}S + 2HNO_{3} \rightarrow 2NO +3S + 4H_{2}O reaction, the role H_{2}S is- A. Titrant B. Titrate C. Oxidant D. Reductant Answer with only A, B, C, or D."
benqa_ext_12th-Chemistry-II_0206,C,Chemistry-II,chemistry-ii,1,0,1,C,B,C,"অ্যানথ্রাইসিন অণুতে \pi (পাই) ইলেকট্রন সংখ্যা কত? A. 6 B. 10 C. 14 D. 16 Answer with only A, B, C, or D.","anothraisin onute \pi (pai) ilekotron songkhya kot? A. 6 B. 10 C. 14 D. 16 Answer with only A, B, C, or D.","How many \pi (pie) electrons are present in anthracin molecule? A. 6 B. 10 C. 14 D. 16 Answer with only A, B, C, or D."
benqa_ext_12th-Chemistry-II_0234,A,Chemistry-II,chemistry-ii,1,0,1,A,B,A,"গ্রিন হাউস গ্যাসের মধ্যে নিম্নের কোনটি বায়ুমণ্ডলে সবচেয়ে বেশি থাকে? A. CO_{2} B. CH_{4} C. O_{3} D. CFC Answer with only A, B, C, or D.","grin haus gyaser modhye nimner konoti bayumondole sobocheye beshi thake? A. CO_{2} B. CH_{4} C. O_{3} D. CFC Answer with only A, B, C, or D.","Which green house of the following is found largely in atmosphere? A. CO_{2} B. CH_{4} C. O_{3} D. CFC Answer with only A, B, C, or D."
benqa_ext_12th-Chemistry-II_0239,D,Chemistry-II,chemistry-ii,0,0,1,B,A,D,"CH_{3} - CH_{2} - COONa + NaOH \xrigharrow[\Delta]{CaO} A + Na_{2}CO_{3} উদ্দীপকের 'A' যৌগটি- A. প্রোপেন B. প্রোপিন C. বিউটেন D. ইথেন Answer with only A, B, C, or D.","CH_{3} - CH_{2} - COONa + NaOH \xrigharrow[\Delta]{CaO} A + Na_{2}CO_{3} uddipoker 'A' jougoti- A. propen B. propin C. biuten D. ithen Answer with only A, B, C, or D.","CH_{3}-CH_{2}-COONa+NaOH\xrightarrow[\Delta]{CaO}A+Na_{2}CO_{3} 'A' compound of the stem is- A. Propane B. Propine C. Butane D. Ethane Answer with only A, B, C, or D."
benqa_ext_12th-Chemistry-II_0248,A,Chemistry-II,chemistry-ii,0,0,1,B,B,A,"প্রমাণ হাইড্রোজেন তড়িৎদ্বারের বিভবের মান কত? A. 0.0 V B. \text{1.34 V} C. \text{+ 1.00 V} D. \text{+ 1.76 V} Answer with only A, B, C, or D.","proman haidrojen toritodbarer bibhober man kot? A. 0.0 V B. \text{1.34 V} C. \text{+ 1.00 V} D. \text{+ 1.76 V} Answer with only A, B, C, or D.","What is the value of standard hydrogen electrode? A. 0.0V B. -1.34V C. \text+1.00V D. \text+1.76V Answer with only A, B, C, or D."
benqa_ext_12th-Chemistry-II_0259,D,Chemistry-II,chemistry-ii,0,0,1,C,C,D,"ডাল্টনের আংশিক চাপ সূত্র প্রযোজ্য কোন ক্ষেত্রে? A. F{2}, H_{2} B. CH_{4}, Cl_{2} C. NH_{3}, HCl D. N_{2}, O_{2} Answer with only A, B, C, or D.","daltoner angshik chap sutr projojy kon kshetre? A. F{2}, H_{2} B. CH_{4}, Cl_{2} C. NH_{3}, HCl D. N_{2}, O_{2} Answer with only A, B, C, or D.","In which case is Dalton's partial pressure law applicable? A. F_{2}, H_{2} B. CH_{4}, Cl_{2} C. NH_{3}, HCl D. N_{2}, O_{2} Answer with only A, B, C, or D."
benqa_ext_12th-Chemistry-II_0262,D,Chemistry-II,chemistry-ii,0,0,1,A,C,D,"কোনটি নিউক্লিওফাইল? A. AlCl_{3} B. FeCl_{3} C. BF_{3} D. H_{2}O Answer with only A, B, C, or D.","konoti niukliofail? A. AlCl_{3} B. FeCl_{3} C. BF_{3} D. H_{2}O Answer with only A, B, C, or D.","Which one is nucleophile? A. AlCl_{3} B. FeCl_{3} C. BF_{3} D. H_{2}O Answer with only A, B, C, or D."
benqa_ext_12th-Chemistry-II_0271,A,Chemistry-II,chemistry-ii,1,0,1,A,C,A,"প্রমাণ দ্রবণ কোনটি? A. 1.0 M H_{2}SO_{4} B. 1.0 g H_{2}SO_{4} C. 1.0 m H_{2}SO_{4} D. 1.0 mol H_{2}SO_{4} Answer with only A, B, C, or D.","proman drobon konoti? A. 1.0 M H_{2}SO_{4} B. 1.0 g H_{2}SO_{4} C. 1.0 m H_{2}SO_{4} D. 1.0 mol H_{2}SO_{4} Answer with only A, B, C, or D.","Which one is standard solution? A. 1.0M H_{2}SO_{4} B. 1.0g H_{2}SO_{4} C. 1.0ml H_{2}SO_{4} D. 1.0mol H_{2}SO_{4} Answer with only A, B, C, or D."
benqa_ext_12th-Chemistry-II_0283,A,Chemistry-II,chemistry-ii,0,0,1,B,B,A,"WHO কর্তৃক অনুমোদিত পানীয় জলের pH মান- A. 6.5-8.5 B. 6.5-9.2 C. 4.5-9.5 D. 4.5-9.8 Answer with only A, B, C, or D.","WHO kortrik onumodit paniy joler pH man- A. 6.5-8.5 B. 6.5-9.2 C. 4.5-9.5 D. 4.5-9.8 Answer with only A, B, C, or D.","According to WHO the standard pH value of soft water should be? A. 6.5 \sim 8.5 B. 6.5 \sim 9.2 C. 4.5 \sim 9.5 D. 4.5 \sim 9.8 Answer with only A, B, C, or D."
benqa_ext_12th-Chemistry-II_0284,B,Chemistry-II,chemistry-ii,0,0,1,A,D,B,"কোনটিতে একই সাথে অ্যালকোহল ও এসিডের কার্যকরী মূলক বিদ্যমান? A. অক্সালিক এসিড B. ল্যাকটিক এসিড C. ম্যালেয়িক এসিড D. ফিউমারিক এসিড Answer with only A, B, C, or D.","konotite ekoi sathe alokohol o esider karyokori mulok bidyoman? A. oksalik esid B. lyakotik esid C. myaleyik esid D. fiumarik esid Answer with only A, B, C, or D.","Which compound has acidic and alcoholic functional groups together? A. Oxalic acid B. Lactic acid C. Malic acid D. Fumaric acid Answer with only A, B, C, or D."
benqa_ext_12th-Chemistry-II_0366,D,Chemistry-II,chemistry-ii,1,0,1,D,B,D,"বিক্রিয়াকালে অম্লীয় KMnO_{4} এর কেন্দ্রীয় পরমাণু কয়টি ইলেকট্রন গ্রহণ করে? A. 2 B. 3 C. 4 D. 5 Answer with only A, B, C, or D.","bikriyakale omliy KMnO_{4} er kendriy poromanu koyoti ilekotron grohon kore? A. 2 B. 3 C. 4 D. 5 Answer with only A, B, C, or D.","How many electron does the central atom of acidic KMnO_{4} receive during reaction? A. 2 B. 3 C. 4 D. 5 Answer with only A, B, C, or D."
benqa_ext_12th-Chemistry-I_0051,A,Chemistry-I,chemistry-i,1,0,1,A,D,A,"কীসের পরিবর্তনের ফলে সাম্যধ্রুবকের মান পরিবর্তিত হয়? A. তাপমাত্রা B. ঘনমাত্রা C. আয়তন D. প্রভাবক Answer with only A, B, C, or D.","kiser poribortoner fole samyodhruboker man poribortit hoy? A. tapomatra B. ghonomatra C. ayoton D. probhabok Answer with only A, B, C, or D.","As a result of what changes the value of the equilibrium constant changes? A. Temperature B. Concentration C. Volume D. Catalyst Answer with only A, B, C, or D."
benqa_ext_12th-Chemistry-I_0103,B,Chemistry-I,chemistry-i,0,0,1,D,D,B,"NH_{4}^{+} আয়নের সংকরণ কোনটি? A. dsp^{2} B. sp^{3} C. sp^{2} D. sp Answer with only A, B, C, or D.","NH_{4}^{+} ayoner songkoron konoti? A. dsp^{2} B. sp^{3} C. sp^{2} D. sp Answer with only A, B, C, or D.","""Which is the hybridization of NH_{4}^{+} ion? A. dsp^{2} B. sp^{3} C. sp^{2} D. sp Answer with only A, B, C, or D."
benqa_ext_12th-Chemistry-I_0107,B,Chemistry-I,chemistry-i,0,0,1,D,D,B,"বেরিয়াম কার্বাইড +HCl\rightarrow A+B(g); এখানে B এর ক্ষেত্রে প্রযোজ্য, এতে বিদ্যমান- i. sp সংকরণ ii. হাইড্রোজেন বন্ধন iii. S ব্লক মৌল A. i B. i ও iii C. ii ও iii D. i, ii ও iii Answer with only A, B, C, or D.","beriyam karbaid +HCl\rightarrow A+B(g); ekhane B er kshetre projojy, ete bidyoman- i. sp songkoron ii. haidrojen bondhon iii. S blok moul A. i B. i o iii C. ii o iii D. i, ii o iii Answer with only A, B, C, or D.","Barium carbide+HCI\rightarrow A+B(g),applicable for the B; it consists- i.sp hybridization ii.Hydrogen bond iii.S-block element Which one is correct? A. i B. i&iii C. ii&iii D. i.ii,&iii Answer with only A, B, C, or D."
benqa_ext_12th-Chemistry-I_0116,B,Chemistry-I,chemistry-i,0,0,1,D,D,B,"নিচের কোনটির জন্য বোর পরমাণু মডেল প্রযোজ্য? A. H^{+} B. He^{+} C. Li^{+} D. Be^{+} Answer with only A, B, C, or D.","nicher konotir jony bor poromanu model projojy? A. H^{+} B. He^{+} C. Li^{+} D. Be^{+} Answer with only A, B, C, or D.","Which one of the following is applicable for Bohr's atom model? A. H^{+} B. He^{+} C. Li^{+} D. Be^{+} Answer with only A, B, C, or D."
benqa_ext_12th-Chemistry-I_0127,C,Chemistry-I,chemistry-i,1,0,1,C,A,C,"পানি তরল হওয়ার জন্য নিচের কোন বন্ধন দায়ী A. আয়নিক বন্ধন B. সমযোজী বন্ধন C. হাইড্রোজেন বন্ধন D. ধাতব বন্ধব Answer with only A, B, C, or D.","pani torol hooyar jony nicher kon bondhon dayi A. ayonik bondhon B. somojoji bondhon C. haidrojen bondhon D. dhatob bondhob Answer with only A, B, C, or D.","Which bond is responsbible for liquifying the water? A. Ionic bond B. Covalent bond C. Hydrogen bond D. Metallic bond Answer with only A, B, C, or D."
benqa_ext_12th-Chemistry-I_0130,A,Chemistry-I,chemistry-i,0,0,1,D,D,A,"পানির আয়নিক গুণফলের মান কত? A. 1.0 \times 10^{-14} B. 1.0 \times 10^{-7} C. 1.0 \times 10^{-12} D. 1.0 \times 10^{-15} Answer with only A, B, C, or D.","panir ayonik gunofoler man kot? A. 1.0 \times 10^{-14} B. 1.0 \times 10^{-7} C. 1.0 \times 10^{-12} D. 1.0 \times 10^{-15} Answer with only A, B, C, or D.","What is the value of ionic product of water? A. 1.0 \times 10^{-14} B. 1.0 \times 10^{-7} C. 1.0 \times 10^{-12} D. 1.0 \times 10^{-15} Answer with only A, B, C, or D."
benqa_ext_12th-Chemistry-I_0132,A,Chemistry-I,chemistry-i,0,0,1,B,B,A,"K_{c} এর মানের ক্ষেত্রে কোনটি সঠিক? A. এর মান 1 হতে পারে B. এর মান প্রভাবকের উপর নির্ভর করে C. এর মান চাপের উপর নির্ভর করে D. এর মান অসীম হতে পারে Answer with only A, B, C, or D.","K_{c} er maner kshetre konoti sothik? A. er man 1 hote pare B. er man probhaboker upor nirbhor kore C. er man chaper upor nirbhor kore D. er man osim hote pare Answer with only A, B, C, or D.","In case of the value of K_{c},which one is correct? A. May be 1 B. Depends on catalyst C. Depends on pressure D. May be infinitive Answer with only A, B, C, or D."
benqa_ext_12th-Chemistry-I_0133,B,Chemistry-I,chemistry-i,0,0,1,D,D,B,"মানবদেহে কোন বাফারটি pH নিয়ন্ত্র করে? A. CH_{3}COOH + HCO_{3}^{-} B. H_{2}CO_{3} + NaHCO_{3} C. NH_{4}OH + NH_{4}Cl D. CH_{3}COOH + CH_{3}COONa Answer with only A, B, C, or D.","manobodehe kon bafaroti pH niyontr kore? A. CH_{3}COOH + HCO_{3}^{-} B. H_{2}CO_{3} + NaHCO_{3} C. NH_{4}OH + NH_{4}Cl D. CH_{3}COOH + CH_{3}COONa Answer with only A, B, C, or D.","Which of the following buffers controls the pH of the human body? A. CH_{3}COOH+HCO_{3}^{-} B. H_{2}CO_{3}+NaHCO_{3} C. NH_{4}OH + NH_{4}C D. CH_{3}COOH+CH_{3}COONa Answer with only A, B, C, or D."
benqa_ext_12th-Chemistry-I_0142,D,Chemistry-I,chemistry-i,0,0,1,C,A,D,"কোনটিতে সমযোজী বন্ধন অনুপস্থিত? A. HBr B. H_{2}S C. BeCl_{2} D. CaF_{2} Answer with only A, B, C, or D.","konotite somojoji bondhon onuposthit? A. HBr B. H_{2}S C. BeCl_{2} D. CaF_{2} Answer with only A, B, C, or D.","In which compound covalent bond is absent? A. HBr B. H_{2}S C. BeCI_{2} D. CaF_{2} Answer with only A, B, C, or D."
benqa_ext_12th-Chemistry-I_0157,C,Chemistry-I,chemistry-i,1,0,0,C,B,B,"sp-সংকরিত হলে অণুর আকৃতি কী হবে? A. পিরামিডীয় B. ত্রিকোণাকার ত্রিভুজ C. সরলরৈখিক D. চতুস্তলকীয় Answer with only A, B, C, or D.","sp-songkorit hole onur akriti ki hobe? A. piramidiy B. trikonakar tribhuj C. soroloroikhik D. chotustolokiy Answer with only A, B, C, or D.","What is molecular shape with sp hybridization ? A. pyramidal B. Triangular triangle C. Linear D. Tetrahedral Answer with only A, B, C, or D."
benqa_ext_12th-Chemistry-I_0169,B,Chemistry-I,chemistry-i,0,0,1,D,D,B,"সবুজ রসাায়নের অন্তর্ভুক্ত- i. কক্ষ তাপমাত্রা ও চাপে বিক্রিয়া সংঘটনের চেষ্টা ii. নবায়নযোগ্য কাঁচামাল কম ব্যবহার করা iii. মাধ্যমিক গৌণ উৎপাদ হ্রাস করা নিচের কোনটি সঠিক? A. i ও ii B. i ও iii C. ii ও iii D. i, ii ও iii An...",sobuj rosaayoner ontorbhukt- i. koksh tapomatra o chape bikriya songghotoner cheshta ii. nobayonojogy kanchamal kom byobohar kora iii. madhyomik goun utopad hras kora nicher konoti sothik? A. i o ii B. i o iii C. ii o...,"Green chemistry includes- i.attempts to organize reaction at room temperature pressure ii.to use less renewable raw materials iii.to reduce secondary product A. i&ii B. i&iii C. ii&iii D. I,ii&iii Answer with only A,..."
benqa_ext_12th-Chemistry-I_0175,A,Chemistry-I,chemistry-i,0,0,1,B,B,A,"কোনটির আয়নিকরণ শক্তি বেশি? A. Be B. B C. Mg D. Al Answer with only A, B, C, or D.","konotir ayonikoron shokti beshi? A. Be B. B C. Mg D. Al Answer with only A, B, C, or D.","Which one's ionization potential is the highest? A. Be B. B C. Mg D. Al Answer with only A, B, C, or D."
benqa_ext_12th-Chemistry-I_0177,A,Chemistry-I,chemistry-i,0,0,1,C,B,A,"[Zn(NH_{3})_{4}]^{2+} এ Zn এর সংকরণ কোনটি? A. sp^{3} B. sp^{3}d C. sp^{3}d^{2} D. sp^{2}d Answer with only A, B, C, or D.","[Zn(NH_{3})_{4}]^{2+} e Zn er songkoron konoti? A. sp^{3} B. sp^{3}d C. sp^{3}d^{2} D. sp^{2}d Answer with only A, B, C, or D.","What is the hybridisation of Zn in [Zn(NH_{3})_{4}]^{2-}? A. sp^{3} B. sp^{3}d C. sp^{3}d^{2} D. sp^{2}d Answer with only A, B, C, or D."
benqa_ext_12th-Chemistry-I_0185,D,Chemistry-I,chemistry-i,1,0,1,D,B,D,"কোনটি এন্টি অক্সিডেন্ট? A. C_{6}H_{5}COONa B. NaNO_{2} C. EDTA D. BHT Answer with only A, B, C, or D.","konoti enti oksident? A. C_{6}H_{5}COONa B. NaNO_{2} C. EDTA D. BHT Answer with only A, B, C, or D.","Which one in antioxidant? A. C_{6}H_{5}COONa B. NaNO_{2} C. EDTA D. BHT Answer with only A, B, C, or D."
benqa_ext_12th-Chemistry-I_0207,B,Chemistry-I,chemistry-i,0,0,1,A,A,B,"দ্রবণের pH = 3.6 হলে H^{+} আয়নের ঘনমাত্রা কত? A. 3.5\times 10^{-4} M B. 2.5\times 10^{-4} M C. 1.5\times 10^{-4} M D. 0.5\times 10^{-4} Answer with only A, B, C, or D.","droboner pH = 3.6 hole H^{+} ayoner ghonomatra kot? A. 3.5\times 10^{-4} M B. 2.5\times 10^{-4} M C. 1.5\times 10^{-4} M D. 0.5\times 10^{-4} Answer with only A, B, C, or D.","What is the concentration of H^{+} ion if pH=3.6 of aqueous solution? A. 3.5\times 10^{-4} M B. 2.5\times 10^{-4} M C. 1.5\times 10^{-4} M D. 0.5\times 10^{-4} Answer with only A, B, C, or D."
benqa_ext_12th-Chemistry-I_0220,B,Chemistry-I,chemistry-i,1,0,1,B,A,B,"A+O_{2}\xrightarrow[]{অ্যাসিটোব্যাক্টর}CH_{3}COOH বিক্রিয়াটিতে 'A' যৌগটি হলো- A. মিথানল B. ইথানল C. মিথান্যাল D. ইথান্যাল Answer with only A, B, C, or D.","A+O_{2}\xrightarrow[]{asitobyaktor}CH_{3}COOH bikriyatite 'A' jougoti holo- A. mithanol B. ithanol C. mithanyal D. ithanyal Answer with only A, B, C, or D.","A+O_{2}\xrightarrow[]{Acetobactor}CH_{3}COOH In this reaction 'A' is- A. Methanol B. Ethanol C. Methanal D. Ethanal Answer with only A, B, C, or D."
benqa_ext_12th-Chemistry-I_0226,C,Chemistry-I,chemistry-i,0,0,1,B,D,C,"ইলেকট্রন আসক্তি যে সকল নিয়ামক দ্বারা প্রভাবিত হয়- i. পারমাণবিক ভর ii. পরমাণুর আকার iii. কার্যকর নিউক্লিয়ার আধান নিচের কোনটি সঠিক? A. i ও ii B. i ও iii C. ii ও iii D. i, ii ও iii Answer with only A, B, C, or D.","ilekotron asokti je sokol niyamok dwara probhabit hoy- i. paromanobik bhor ii. poromanur akar iii. karyokor niukliyar adhan nicher konoti sothik? A. i o ii B. i o iii C. ii o iii D. i, ii o iii Answer with only A, B,...","Electron affinity depends on- i.atomic mass ii.atomic size iii.active nuclear charge Which one is correct? A. i&ii B. i&iii C. ii&iii D. I,ii&iii Answer with only A, B, C, or D."
benqa_ext_12th-Chemistry-I_0229,A,Chemistry-I,chemistry-i,0,0,1,B,C,A,"প্রাকৃতিক অ্যান্টি অক্সিডেন্ট কোনটি? A. বিটা ক্যারোটিন B. ভিনেগার C. BHT D. BHA Answer with only A, B, C, or D.","prakritik anti oksident konoti? A. bita kyarotin B. bhinegar C. BHT D. BHA Answer with only A, B, C, or D.","Which one is natural antioxidant? A. Beta-Carotine B. Vinegar C. BHT D. BHA Answer with only A, B, C, or D."
benqa_ext_12th-Chemistry-I_0231,C,Chemistry-I,chemistry-i,1,0,1,C,B,C,"H_{2}S অণুর বন্ধন কোণ কত? A. 109^{\circ} B. 107^{\circ} C. 92^{\circ} D. 72^{\circ} Answer with only A, B, C, or D.","H_{2}S onur bondhon kon kot? A. 109^{\circ} B. 107^{\circ} C. 92^{\circ} D. 72^{\circ} Answer with only A, B, C, or D.","What is the bond angle of H2S? A. 109^{\circ} B. 107^{\circ} C. 92^{\circ} D. 72^{\circ} Answer with only A, B, C, or D."
benqa_ext_12th-Chemistry-I_0262,C,Chemistry-I,chemistry-i,0,0,1,D,D,C,"নিম্নের কোন মৌলটি ব্যতিক্রমী ইলেকট্রন বিন্যাস দেখায়? A. Zn B. Fe C. Cu D. Pb Answer with only A, B, C, or D.","nimner kon mouloti byotikromi ilekotron binyas dekhay? A. Zn B. Fe C. Cu D. Pb Answer with only A, B, C, or D.","Which clement shows exceptional electronic configuration? A. Zn B. Fe C. Cu D. Pb Answer with only A, B, C, or D."
benqa_ext_12th-Chemistry-I_0285,D,Chemistry-I,chemistry-i,1,0,1,D,B,D,"নিচের কোনটি অভিজাত গ্যাস A. H_{2} B. N_{2} C. F_{2} D. Xe Answer with only A, B, C, or D.","nicher konoti obhijat gyas A. H_{2} B. N_{2} C. F_{2} D. Xe Answer with only A, B, C, or D.","Which of the following is a noble gas? A. H_{2} B. N_{2} C. F_{2} D. Xe Answer with only A, B, C, or D."
benqa_ext_12th-Chemistry-I_0287,C,Chemistry-I,chemistry-i,0,0,1,B,A,C,"NH_{4}^{+} এর আকৃতি কোনটি? A. অষ্টতলকীয় B. দ্বি-পিরামিডীয় C. চতুস্তলকীয় D. পিরামিডীয় Answer with only A, B, C, or D.","NH_{4}^{+} er akriti konoti? A. oshtotolokiy B. dwi-piramidiy C. chotustolokiy D. piramidiy Answer with only A, B, C, or D.","What is the shape of NH_{4}^{+}? A. Octahedral B. Bipyramidal C. Tetrahedral D. Pyramidal Answer with only A, B, C, or D."
benqa_ext_12th-Chemistry-I_0299,A,Chemistry-I,chemistry-i,1,0,0,A,B,D,"আসমানি আলোর তরঙ্গদৈর্ঘ্যের চেয়ে ছোট তরঙ্গদৈর্ঘ্যের আলো কোনটি? A. নীল B. সবুজ C. কমলা D. লাল Answer with only A, B, C, or D.","asomani alor toronggodoirghyer cheye chhot toronggodoirghyer alo konoti? A. nil B. sobuj C. komola D. lal Answer with only A, B, C, or D.","Which of the following light's wavelength is less than sky blue lights wavelength? A. Blue B. Green C. Orange D. Red Answer with only A, B, C, or D."
benqa_ext_12th-Chemistry-I_0300,C,Chemistry-I,chemistry-i,0,0,1,A,A,C,"গুক্লোজ থেকে ইথানল প্রস্তুতিতে কোন এনজাইমটি ব্যবহৃত হয়? A. ডায়াস্টেজ B. মল্টেজ C. জাইমেজ D. ইনভার্টেজ Answer with only A, B, C, or D.","gukloj theke ithanol prostutite kon enojaimoti byobohrit hoy? A. dayastej B. moltej C. jaimej D. inobhartej Answer with only A, B, C, or D.","Which enzyme is used to prepare ethanol from glucose? A. Diastase B. Maltase C. Zymase D. Invertsse Answer with only A, B, C, or D."
benqa_ext_12th-Chemistry-I_0320,C,Chemistry-I,chemistry-i,0,0,1,B,B,C,"NH_{4}^{+} আয়নে N এর সংকরণ কোনটি? A. sp B. sp^{2} C. sp^{3} D. sp^{3}d Answer with only A, B, C, or D.","NH_{4}^{+} ayone N er songkoron konoti? A. sp B. sp^{2} C. sp^{3} D. sp^{3}d Answer with only A, B, C, or D.","What is the hybridisation of 'N' in NH_{4}^{+} ion? A. sp B. sp^{2} C. sp^{3} D. sp^{3}d Answer with only A, B, C, or D."
benqa_ext_12th-Chemistry-I_0330,B,Chemistry-I,chemistry-i,0,0,1,D,A,B,"কোনটি মৃৃৎক্ষার ধাতু? A. Na B. Ca C. Al D. Zn Answer with only A, B, C, or D.","konoti mriritokshar dhatu? A. Na B. Ca C. Al D. Zn Answer with only A, B, C, or D.","Which one is alkaline earth metal? A. Na B. Ca C. Al D. Zn Answer with only A, B, C, or D."
benqa_ext_12th-Chemistry-I_0351,A,Chemistry-I,chemistry-i,0,0,1,D,D,A,"CO_{2} যৌগের কেন্দ্রীয় মৌলের সংকরায়ন হলো- A. sp B. sp^{2} C. sp^{3} D. sp^{3}d Answer with only A, B, C, or D.","CO_{2} jouger kendriy mouler songkorayon holo- A. sp B. sp^{2} C. sp^{3} D. sp^{3}d Answer with only A, B, C, or D.","Hybridization of the central atom of CO_{2}- A. sp B. sp^{2} C. sp^{3} D. sp^{3}d Answer with only A, B, C, or D."
benqa_ext_12th-Chemistry-I_0366,C,Chemistry-I,chemistry-i,0,0,1,A,D,C,"ভিনেগার কীভাবে ব্যাকটেরিয়া ধ্বংস করে? A. প্রোটিনের গঠন ভেঙ্গে দিয়ে B. দৃ্রবণে গ্লুকোজের মান কমিয়ে C. দ্রবণে pH এর মান কমিয়ে দিয়ে D. দ্রবণে pH এর মান বৃদ্ধি করে Answer with only A, B, C, or D.","bhinegar kibhabe byakoteriya dhbongs kore? A. protiner gothon bhengge diye B. drirobone glukojer man komiye C. drobone pH er man komiye diye D. drobone pH er man briddhi kore Answer with only A, B, C, or D.","How can vinegar destroy bacteria? A. By disintegrating Structure of protein B. By decreasing the value of glucose in solution C. By decreasing the pH of solution D. By increasing the pH of solution Answer with only A,..."
benqa_ext_12th-Math-II_0049,C,Math-II,math-ii,1,0,1,C,B,C,"যদি s = t^{3} + 3t^{2} + 6 হয়, তবে 2sec পরে এর ত্বরণ কত? A. 6 m/sec^{2} B. 12 m/sec^{2} C. 18 m/sec^{2} D. 24 m/^{2} Answer with only A, B, C, or D.","jodi s = t^{3} + 3t^{2} + 6 hoy, tobe 2sec pore er tworon kot? A. 6 m/sec^{2} B. 12 m/sec^{2} C. 18 m/sec^{2} D. 24 m/^{2} Answer with only A, B, C, or D.","If s = t^{3} + 3t^{2} + 6, then what is the acceleration after 2 sec? A. 6 m/sec^{2} B. 12 m/sec^{2} C. 18 m/sec^{2} D. 24 m/^{2} Answer with only A, B, C, or D."
benqa_ext_12th-Math-II_0090,A,Math-II,math-ii,0,0,1,D,D,A,"কোনো দ্বিঘাত সমীকরণের মূলদ্বয় মূলদ ও অসমান হলে পৃথায়ক হবে- i. পূর্ণবর্গ ii. ধনাত্মক সংখ্যা iii. ঋণাত্মক সংখ্যা নিচের কোনটি সঠিক? A. i ও ii B. i ও iii C. ii ও iii D. i, ii ও iii Answer with only A, B, C, or D.","kono dwighat somikoroner mulodboy mulod o osoman hole prithayok hobe- i. purnoborg ii. dhonatmok songkhya iii. rinatmok songkhya nicher konoti sothik? A. i o ii B. i o iii C. ii o iii D. i, ii o iii Answer with only A...","If the roots of a quadratic equation are rational and unequal, then the discriminant is- i. perfect square ii. positive number iii. negative number Which one is correct? A. i and ii B. i and iii C. ii and iii D. i, ii..."
benqa_ext_12th-Math-II_0113,B,Math-II,math-ii,0,0,1,D,D,B,"3x^{2} + 4y^{2} = 1 উপবৃত্তের- i. উৎকন্দ্রিকতা = \frac{1}{2} ii. উপকেন্দ্র (\pm 2\sqrt{3}, 0) iii. উপকেন্দ্রিক লম্বের দৈর্ঘ্য = \frac{\sqrt{3}}{2} নিচের কোনটি সঠিক? A. i ও ii B. i ও iii C. ii ও iii D. i, ii ও iii Answ...","3x^{2} + 4y^{2} = 1 upobritter- i. utokondrikota = \frac{1}{2} ii. upokendr (\pm 2\sqrt{3}, 0) iii. upokendrik lomber doirghy = \frac{\sqrt{3}}{2} nicher konoti sothik? A. i o ii B. i o iii C. ii o iii D. i, ii o iii...","In the ellipse 3x^{2} + 4y^{2} = 1- i. Eccentricity = \frac{1}{2} ii. Foci (\pm 2\sqrt{3}, 0) iii. Length of latus rectum = \frac{\sqrt{3}}{2} Which one is correct? A. i and ii B. i and iii C. ii and iii D. i, ii and..."
benqa_ext_12th-Math-II_0127,C,Math-II,math-ii,0,0,1,B,B,C,"\sqrt{37}N,3N এবং 4N মানের তিনটি বল একটি বস্তুর উপর ক্রিয়া করে ভারসাম্য সৃষ্টি করে। 3N ও 4N বলদ্বয়ের মধ্যবর্তী কোণ কত? A. 30\degree B. 45\degree C. 60\degree D. 90\degree Answer with only A, B, C, or D.","\sqrt{37}N,3N ebong 4N maner tinoti bol ekoti bostur upor kriya kore bharosamy srishti kore. 3N o 4N bolodboyer modhyoborti kon kot? A. 30\degree B. 45\degree C. 60\degree D. 90\degree Answer with only A, B, C, or D.","Three forces \sqrt{37}N,3N and 4N acting at an object are in equilibrium. What is the angle between the forces 3N and 4N? A. 30\degree B. 45\degree C. 60\degree D. 90\degree Answer with only A, B, C, or D."
benqa_ext_12th-Math-II_0172,B,Math-II,math-ii,0,0,1,D,D,B,"(x -3)^{2} = - 4(y - 4) পরাবৃত্তটির উপকেন্দ্রিক লম্বের সমীকরণ- A. y + 3 = 0 B. y - 3 = 0 C. x + 3 = 0 D. x - 3 = 0 Answer with only A, B, C, or D.","(x -3)^{2} = - 4(y - 4) porabrittotir upokendrik lomber somikoron- A. y + 3 = 0 B. y - 3 = 0 C. x + 3 = 0 D. x - 3 = 0 Answer with only A, B, C, or D.","The equation of the latus rectum of the parabola (x -3)^{2} = - 4(y - 4) is- A. y + 3 = 0 B. y - 3 = 0 C. x + 3 = 0 D. x - 3 = 0 Answer with only A, B, C, or D."
benqa_ext_12th-Math-II_0217,A,Math-II,math-ii,1,0,1,A,D,A,"3x^{2} + y^{2} = 4 উপবৃত্তটির উৎকেন্দ্রিকতা কত? A. \sqrt{\frac{2}{3}} B. \frac{\sqrt{2}}{3} C. 2\sqrt{\frac{2}{3}} D. \frac{2\sqrt{2}}{3} Answer with only A, B, C, or D.","3x^{2} + y^{2} = 4 upobrittotir utokendrikota kot? A. \sqrt{\frac{2}{3}} B. \frac{\sqrt{2}}{3} C. 2\sqrt{\frac{2}{3}} D. \frac{2\sqrt{2}}{3} Answer with only A, B, C, or D.","What is the eccentricity of the ellipse, 3x^{2} + y^{2} = 4? A. \sqrt{\frac{2}{3}} B. \frac{\sqrt{2}}{3} C. 2\sqrt{\frac{2}{3}} D. \frac{2\sqrt{2}}{3} Answer with only A, B, C, or D."
benqa_ext_12th-Math-II_0233,B,Math-II,math-ii,0,0,1,A,C,B,"2, 2 এবং 2\sqrt{2} একক মানের বলত্রয় একটি বস্তুর উপর ক্রিয়া করে ভারসাম্য সৃষ্টি করে। 2 এবং 2 একক বলদ্বয়ের মধ্যবর্তী কোণ কত? A. 45\degree B. 90\degree C. 135\degree D. 180\degree Answer with only A, B, C, or D.","2, 2 ebong 2\sqrt{2} ekok maner bolotroy ekoti bostur upor kriya kore bharosamy srishti kore. 2 ebong 2 ekok bolodboyer modhyoborti kon kot? A. 45\degree B. 90\degree C. 135\degree D. 180\degree Answer with only A, B,...","Three forces of magnitude 2, 2 and 2\sqrt{2} unit acting at a particle are in equilibrium. What is the angle between 2 and 2 unit forces. A. 45\degree B. 90\degree C. 135\degree D. 180\degree Answer with only A, B, C,..."
benqa_ext_12th-Math-II_0264,B,Math-II,math-ii,0,0,1,D,D,B,"-i এর মডুলাস ও আর্গুমেন্ট- A. 1 ও 0 B. 1 ও - \frac{\pi}{2} C. 1 ও \pi D. 1 ও \frac{\pi}{2} Answer with only A, B, C, or D.","-i er modulas o argument- A. 1 o 0 B. 1 o - \frac{\pi}{2} C. 1 o \pi D. 1 o \frac{\pi}{2} Answer with only A, B, C, or D.","The modulus and argument of -i are respectively- A. 1 and 0 B. 1 and - \frac{\pi}{2} C. 1 and \pi D. 1 and \frac{\pi}{2} Answer with only A, B, C, or D."
benqa_ext_12th-Math-II_0285,B,Math-II,math-ii,1,0,1,B,C,B,"z = x + iy হলে, |z| = 5 সমীকরণটি প্রকাশ করে- A. সরলরেখা B. বৃত্ত C. পরাবৃত্ত D. উপবৃত্ত Answer with only A, B, C, or D.","z = x + iy hole, |z| = 5 somikoronoti prokash kore- A. sorolorekha B. britt C. porabritt D. upobritt Answer with only A, B, C, or D.","If z = x + iy, then |z| = 5 represents- A. Straight line B. Circle C. parabola D. Ellipse Answer with only A, B, C, or D."
benqa_ext_12th-Math-II_0317,B,Math-II,math-ii,0,0,1,C,D,B,"একই বিন্দুতে ক্রিয়ারত তিনটি বল 5N, 7N ও 8N ভিন্ন ভিন্ন রেখা বরাবর ক্রিয়া করে সাম্যাবস্থায় থাকে। 8N ও 5N বলদ্বয়ের মধ্যবর্তী কোণ কোনটি? A. 60\degree B. 120\degree C. cos^{-1} \left ( \frac{1}{7} \right ) D. cos^{-1} \le...","ekoi bindute kriyarot tinoti bol 5N, 7N o 8N bhinn bhinn rekha borabor kriya kore samyabosthay thake. 8N o 5N bolodboyer modhyoborti kon konoti? A. 60\degree B. 120\degree C. cos^{-1} \left ( \frac{1}{7} \right ) D. c...","Three forces 5N, 7N and 8N acting at a point in different lines in equilibrium. What is the angle between the forces 8N and 5N? A. 60\degree B. 120\degree C. cos^{-1} \left ( \frac{1}{7} \right ) D. cos^{-1} \left ( -..."
benqa_ext_12th-Math-II_0321,D,Math-II,math-ii,0,0,1,A,A,D,5x^{2} - 7x - 3 = 0 সমীকরণের মূল \alpha ও \beta \alpha এর মান কত (যদি \alpha > \beta হয়)? A. - \frac{1}{10} (7 + \sqrt{109}) B. \frac{1}{10} (- 7 + \sqrt{109}) C. \frac{1}{10} (7 - \sqrt{109}) D. \frac{1}{10} (7 + \sq...,5x^{2} - 7x - 3 = 0 somikoroner mul \alpha o \beta \alpha er man kot (jodi \alpha > \beta hoy)? A. - \frac{1}{10} (7 + \sqrt{109}) B. \frac{1}{10} (- 7 + \sqrt{109}) C. \frac{1}{10} (7 - \sqrt{109}) D. \frac{1}{10} (7...,\alpha and \beta are the roots of 5x^{2} - 7x - 3 = 0. What is the value of \alpha (\alpha > \beta)? A. - \frac{1}{10} (7 + \sqrt{109}) B. \frac{1}{10} (- 7 + \sqrt{109}) C. \frac{1}{10} (7 - \sqrt{109}) D. \frac{1}{1...
benqa_ext_12th-Math-I_0054,C,Math-I,math-i,0,0,1,B,B,C,"f(x) = x(2a - x) এর সর্বোচ্চ মান কোনটি? A. a B. 2a C. a^{2} D. 2a^{2} Answer with only A, B, C, or D.","f(x) = x(2a - x) er sorbochch man konoti? A. a B. 2a C. a^{2} D. 2a^{2} Answer with only A, B, C, or D.","Which one is the maximum value of f(x) = x(2a - x)? A. a B. 2a C. a^{2} D. 2a^{2} Answer with only A, B, C, or D."
benqa_ext_12th-Math-I_0059,D,Math-I,math-i,1,0,1,D,A,D,"y - x = 4 এবং y = x সরলরেখাদ্বয়ের মধ্যবর্তী লম্ব দূরত্ব কত একক? A. 4 B. 2 C. 4\sqrt{2} D. 2\sqrt{2} Answer with only A, B, C, or D.","y - x = 4 ebong y = x sorolorekhadboyer modhyoborti lomb durotto kot ekok? A. 4 B. 2 C. 4\sqrt{2} D. 2\sqrt{2} Answer with only A, B, C, or D.","Which one is the perpendicular distance between the two straight lines y - x = 4 and y = x in unit? A. 4 B. 2 C. 4\sqrt{2} D. 2\sqrt{2} Answer with only A, B, C, or D."
benqa_ext_12th-Math-I_0135,A,Math-I,math-i,1,0,0,A,B,C,"f(x) = tanx এবং g(x) = sec^{2}x. \int f(x) dx = কত? A. - ln cosx + c B. - ln secx + c C. ln cosx + c D. ln sinx + c Answer with only A, B, C, or D.","f(x) = tanx ebong g(x) = sec^{2}x. \int f(x) dx = kot? A. - ln cosx + c B. - ln secx + c C. ln cosx + c D. ln sinx + c Answer with only A, B, C, or D.","f(x) = tanx and g(x) = sec^{2}x. \int f(x) dx = ? A. - ln cosx + c B. - ln secx + c C. ln cosx + c D. ln sinx + c Answer with only A, B, C, or D."
benqa_ext_12th-Math-I_0143,C,Math-I,math-i,1,0,0,C,D,D,"\int \frac{4x^{x}}{1 + x^{8}} dx = f(x) + c হলে f(x) এর মান কত? A. \frac{1}{1 + x^{2}} B. sin^{-1} x^{3} C. tan^{-1}x^{4} D. tan^{-1}x^{3} Answer with only A, B, C, or D.","\int \frac{4x^{x}}{1 + x^{8}} dx = f(x) + c hole f(x) er man kot? A. \frac{1}{1 + x^{2}} B. sin^{-1} x^{3} C. tan^{-1}x^{4} D. tan^{-1}x^{3} Answer with only A, B, C, or D.","If \int \frac{4x^{x}}{1 + x^{8}} dx = f(x) + c, then what is the value of f(x)? A. \frac{1}{1 + x^{2}} B. sin^{-1} x^{3} C. tan^{-1}x^{4} D. tan^{-1}x^{3} Answer with only A, B, C, or D."
benqa_ext_12th-Math-I_0167,C,Math-I,math-i,1,0,1,C,B,C,"\begin{bmatrix} a-3 & -1 \\ -8 & a + 4 \end{bmatrix} ম্যাট্রিক্সটি ব্যতিক্রমী হলে, a এর মান কোনটি? A. 0 B. 3 C. 4, -5 D. 5, -4 Answer with only A, B, C, or D.","\begin{bmatrix} a-3 & -1 \\ -8 & a + 4 \end{bmatrix} myatriksoti byotikromi hole, a er man konoti? A. 0 B. 3 C. 4, -5 D. 5, -4 Answer with only A, B, C, or D.","Which one is the value of a if the matrix \begin{bmatrix} a-3 & -1 \\ -8 & a + 4 \end{bmatrix} is singular? A. 0 B. 3 C. 4, -5 D. 5, -4 Answer with only A, B, C, or D."
benqa_ext_12th-Math-I_0178,A,Math-I,math-i,1,0,1,A,C,A,"(3, - 4) বিন্দুগামী এবং y-অক্ষের সমান্তরাল সরলরেখার সমীকরণ কোনটি? A. x - 3 = 0 B. x + 3 = 0 C. y - 4 = 0 D. y + 4 = 0 Answer with only A, B, C, or D.","(3, - 4) bindugami ebong y-oksher somantoral sorolorekhar somikoron konoti? A. x - 3 = 0 B. x + 3 = 0 C. y - 4 = 0 D. y + 4 = 0 Answer with only A, B, C, or D.","Which one of the following is the equation of a straight line which passes through the point (3, - 4) and parallel to y-axis? A. x - 3 = 0 B. x + 3 = 0 C. y - 4 = 0 D. y + 4 = 0 Answer with only A, B, C, or D."
benqa_ext_12th-Math-I_0180,C,Math-I,math-i,1,0,1,C,D,C,"\begin{vmatrix} 3 & -2 & 5 \\ 4 & 0 & 6 \\ -1 & 7 & 10 \end{vmatrix} নির্ণায়কের (2, 3) তম ভুক্তির সহগুণক কত? A. 114 B. 19 C. \text{- 19} D. \text{- 114} Answer with only A, B, C, or D.","\begin{vmatrix} 3 & -2 & 5 \\ 4 & 0 & 6 \\ -1 & 7 & 10 \end{vmatrix} nirnayoker (2, 3) tom bhuktir sohogunok kot? A. 114 B. 19 C. \text{- 19} D. \text{- 114} Answer with only A, B, C, or D.","\begin{vmatrix} 3 & -2 & 5 \\ 4 & 0 & 6 \\ -1 & 7 & 10 \end{vmatrix} What is the cofactor of (2, 3)th element of the determinant? A. 114 B. 19 C. \text{- 19} D. \text{- 114} Answer with only A, B, C, or D."
benqa_ext_12th-Math-I_0192,D,Math-I,math-i,1,0,1,D,B,D,"x^{2} + y^{2} = 13 বৃত্তের (-2, 3) বিন্দুতে স্পর্শকের সমীকরণ কোনটি? A. 2x + 3y + 13 = 0 B. 2x + 3y - 13 = 0 C. 2x - 3y - 13 = 0 D. 2x - 3y + 13 = 0 Answer with only A, B, C, or D.","x^{2} + y^{2} = 13 britter (-2, 3) bindute sporshoker somikoron konoti? A. 2x + 3y + 13 = 0 B. 2x + 3y - 13 = 0 C. 2x - 3y - 13 = 0 D. 2x - 3y + 13 = 0 Answer with only A, B, C, or D.","What is the equations of the tangent of the circle x^{2} + y^{2} = 13 at the point (-2, 3)? A. 2x + 3y + 13 = 0 B. 2x + 3y - 13 = 0 C. 2x - 3y - 13 = 0 D. 2x - 3y + 13 = 0 Answer with only A, B, C, or D."
benqa_ext_12th-Math-I_0241,B,Math-I,math-i,1,0,1,B,C,B,"(3, 270\degree) বিন্দুটির কার্তেসীয় স্থানাঙ্ক- A. (-3, 0) B. (0, -3) C. (3, -3) D. (0, 0) Answer with only A, B, C, or D.","(3, 270\degree) bindutir kartesiy sthanangk- A. (-3, 0) B. (0, -3) C. (3, -3) D. (0, 0) Answer with only A, B, C, or D.","The Cartesian co-ordinates of (3, 270\degree) is- A. (-3, 0) B. (0, -3) C. (3, -3) D. (0, 0) Answer with only A, B, C, or D."
benqa_ext_12th-Math-I_0279,B,Math-I,math-i,1,0,1,B,D,B,"f(x) ফাংশন x = b বিন্দুতে অবিচ্ছিন্ন হলে- i. f(b) সংজ্ঞায়িত হয় ii. \lim_{x \to b} f(x) বিদ্যমান থাকে না iii. \lim_{x \to b} f(x) = f(b) নিচের কোনটি সঠিক? A. i এবং ii B. i এবং iii C. ii এবং iii D. i, ii এবং iii Answer...","f(x) fangshon x = b bindute obichchhinn hole- i. f(b) songjnayit hoy ii. \lim_{x \to b} f(x) bidyoman thake na iii. \lim_{x \to b} f(x) = f(b) nicher konoti sothik? A. i ebong ii B. i ebong iii C. ii ebong iii D. i, i...","If the function f(x) is continuous at x = b- i. f(b) is defined ii. \lim_{x \to b} f(x) does not exist iii. \lim_{x \to b} f(x) = f(b) Which one is correct? A. i and ii B. i and iii C. ii and iii D. i, ii and iii Answ..."
benqa_ext_12th-Math-I_0339,A,Math-I,math-i,1,0,1,A,B,A,"(1, 2) ও (3, -2) বিন্দুগামী রেখার অক্ষ দুটির মধ্যবর্তী খণ্ডিতাংশের দৈর্ঘ্য কত? A. 2\sqrt{5} B. 3\sqrt{5} C. 5\sqrt{2} D. 5\sqrt{3} Answer with only A, B, C, or D.","(1, 2) o (3, -2) bindugami rekhar oksh dutir modhyoborti khonditangsher doirghy kot? A. 2\sqrt{5} B. 3\sqrt{5} C. 5\sqrt{2} D. 5\sqrt{3} Answer with only A, B, C, or D.","What is the length of intercepted part by axes of the line which is passing through the points (1, 2) and (3, -2)? A. 2\sqrt{5} B. 3\sqrt{5} C. 5\sqrt{2} D. 5\sqrt{3} Answer with only A, B, C, or D."
benqa_ext_12th-Math-I_0364,B,Math-I,math-i,1,0,0,B,C,A,"x^{2} + y^{2} - 4x + 8y = 0 বৃত্তের y-অক্ষের খণ্ডিতাংশের দৈর্ঘ্য কোনটি? A. 4 B. 8 C. 16 D. 32 Answer with only A, B, C, or D.","x^{2} + y^{2} - 4x + 8y = 0 britter y-oksher khonditangsher doirghy konoti? A. 4 B. 8 C. 16 D. 32 Answer with only A, B, C, or D.","Which is the length of intercept made by the circle x^{2} + y^{2} - 4x + 8y = 0 on y-axis? A. 4 B. 8 C. 16 D. 32 Answer with only A, B, C, or D."
benqa_ext_12th-Math-I_0372,D,Math-I,math-i,0,0,1,A,A,D,"(\sqrt{2}, - \sqrt{2}) বিন্দুর পোলার স্থানাঙ্ক কত? A. \left ( 4, \frac{7\pi}{4} \right ) B. \left ( 6, \frac{- \pi}{4} \right ) C. \left ( 8, \frac{\pi}{4} \right ) D. \left ( 2, \frac{- \pi}{4} \right ) Answer with o...","(\sqrt{2}, - \sqrt{2}) bindur polar sthanangk kot? A. \left ( 4, \frac{7\pi}{4} \right ) B. \left ( 6, \frac{- \pi}{4} \right ) C. \left ( 8, \frac{\pi}{4} \right ) D. \left ( 2, \frac{- \pi}{4} \right ) Answer with o...","What is the polar co-ordinate of (\sqrt{2}, - \sqrt{2})? A. \left ( 4, \frac{7\pi}{4} \right ) B. \left ( 6, \frac{- \pi}{4} \right ) C. \left ( 8, \frac{\pi}{4} \right ) D. \left ( 2, \frac{- \pi}{4} \right ) Answer..."
benqa_ext_12th-Physics-II_0010,A,Physics-II,physics-ii,0,0,1,B,D,A,"আপেক্ষিক তত্ত্ব অনুসারে গতিশীলতার দরুন- A. দৈর্ঘ্য হ্রাস পায় B. ভর হ্রাস পায় C. দৈর্ঘ্য বৃদ্ধি পায় D. সময় সংকুচিত হয় Answer with only A, B, C, or D.","apekshik totto onusare gotishilotar dorun- A. doirghy hras pay B. bhor hras pay C. doirghy briddhi pay D. somoy songkuchit hoy Answer with only A, B, C, or D.","According to theory of relativity due to motion- A. length contracts B. mass decreases C. length increases D. time contracts Answer with only A, B, C, or D."
benqa_ext_12th-Physics-II_0013,A,Physics-II,physics-ii,1,0,1,A,B,A,"রোধের বিপরীত রাশি নিচের কোনটি? A. পরিবাহিতা B. আপেক্ষিক রোধ C. উষ্ণতা গুণাঙ্ক D. প্রবাহ ঘনত্ব Answer with only A, B, C, or D.","rodher biporit rashi nicher konoti? A. poribahita B. apekshik rodh C. ushnota gunangk D. probah ghonotb Answer with only A, B, C, or D.","Which quantity is the reciprocal of resistance? A. Conductivity B. Specific resistance C. Co-efficient of temperature D. Current density Answer with only A, B, C, or D."
benqa_ext_12th-Physics-II_0033,A,Physics-II,physics-ii,0,0,1,D,B,A,গঠনমূলক ব্যতিচারের ক্ষেত্রে উপরিপাতিত তরঙ্গদ্বয়ের মধ্যে পথ পার্থক্য হবে- A. \frac{\lambda}{2} এর যুগ্ম গুণিতক B. \frac{\lambda}{2} এর অযুগ্ম গুণিতক C. \lambda এর যুগ্ম গুণিতক D. \lambda এর অযুগ্ম গুণিতক Answer with on...,gothonomulok byoticharer kshetre uporipatit toronggodboyer modhye poth parthoky hobe- A. \frac{\lambda}{2} er jugm gunitok B. \frac{\lambda}{2} er ojugm gunitok C. \lambda er jugm gunitok D. \lambda er ojugm gunitok A...,For constructive interference the path difference between the over lapped waves will be- A. even multiple of \frac{\lambda}{2} B. odd multiple of \frac{\lambda}{2} C. even multiple of \lambda D. odd multiple of \lambd...
benqa_ext_12th-Physics-II_0115,D,Physics-II,physics-ii,1,0,1,D,C,D,"একটি N টাইপ অর্ধ-পরিবাহীর বৈশিষ্ট্য হলো- A. একটি ঋণাত্মক চার্জগ্রস্থ B. এতে প্রোটনের আধিক্য থাকে C. হোলের পরিমাণ বেশি থাকে D. এটি আধান নিরপেক্ষ Answer with only A, B, C, or D.","ekoti N taip ordh-poribahir boishishty holo- A. ekoti rinatmok charjogrosth B. ete protoner adhiky thake C. holer poriman beshi thake D. eti adhan niropeksh Answer with only A, B, C, or D.","Characteristics of N-type semi-conductor- A. it is negatively charged B. it contains more protone in it C. number of holes is more D. it is charge neutral Answer with only A, B, C, or D."
benqa_ext_12th-Physics-II_0128,A,Physics-II,physics-ii,0,0,1,B,D,A,"তাপগতিবিদ্যার দ্বিতীয় সূত্রের গাণিতিক রূপ- A. dQ = TdS B. dQ = \frac{dS}{T} C. W = JH D. dQ = dU + dW Answer with only A, B, C, or D.","tapogotibidyar dwitiy sutrer ganitik rup- A. dQ = TdS B. dQ = \frac{dS}{T} C. W = JH D. dQ = dU + dW Answer with only A, B, C, or D.","Mathematical form of second law of thermodynamics- A. dQ = TdS B. dQ = \frac{dS}{T} C. W = JH D. dQ = dU + dW Answer with only A, B, C, or D."
benqa_ext_12th-Physics-II_0135,C,Physics-II,physics-ii,1,0,0,C,D,B,মাইকেলসন-মর্লির পরীক্ষার সিদ্ধান্তসমূহ হচ্ছে- i. ইথার মাধ্যম বলতে এ মহাবিশ্বে কিছু নেই ii. গ্যালিলিওর রূপান্তর সঠিক iii. আলোর বেগ একটি ধ্রুব রাশি যা কোনো পর্যবেক্ষকের উপর নির্ভরশীল নয় নিচের কোনটি সঠিক? A. i ও ii B. ii...,maikeloson-morlir porikshar siddhantosomuh hochchhe- i. ithar madhyom bolote e mohabishbe kichhu nei ii. gyalilior rupantor sothik iii. alor beg ekoti dhrub rashi ja kono poryobekshoker upor nirbhoroshil noy nicher ko...,"The decisions of the Michelson Morley's experiments are- i. there is no any either medium in this universe ii. Galilian transformation is right iii. the velocity of light is constant, that is not dependable of any obs..."
benqa_ext_12th-Physics-II_0140,D,Physics-II,physics-ii,1,0,1,D,C,D,"নিচের কোনটি পোলার ডাইইলেক্ট্রিক পদার্থ নয়? A. HN_{3} B. HCl C. H_{2}O D. CH_{4} Answer with only A, B, C, or D.","nicher konoti polar daiilektrik podarth noy? A. HN_{3} B. HCl C. H_{2}O D. CH_{4} Answer with only A, B, C, or D.","What is not a polar dielectric substance of the below? A. HN_{3} B. HCl C. H_{2}O D. CH_{4} Answer with only A, B, C, or D."
benqa_ext_12th-Physics-II_0165,C,Physics-II,physics-ii,0,0,1,A,A,C,"কোনো পরিবাহীতে তড়িৎ প্রবাহমাত্রা পাঁচগুণ করা হলে তাপ উৎপাদনের হার কত গুণ হবে? A. \frac{1}{5} B. 5 C. 25 D. 50 Answer with only A, B, C, or D.","kono poribahite torit probahomatra panchogun kora hole tap utopadoner har kot gun hobe? A. \frac{1}{5} B. 5 C. 25 D. 50 Answer with only A, B, C, or D.","If the current flow in a conductor becomes five times, then how many times the rate of heat production? A. \frac{1}{5} B. 5 C. 25 D. 50 Answer with only A, B, C, or D."
benqa_ext_12th-Physics-II_0191,C,Physics-II,physics-ii,1,0,1,C,D,C,"নিচের কোনটি চার্জ নিরপেক্ষ রশ্মি? A. ক্যাথোড রশ্মি B. আলফা রশ্মি C. গামা রশ্মি D. বিটা রশ্মি Answer with only A, B, C, or D.","nicher konoti charj niropeksh roshmi? A. kyathod roshmi B. alofa roshmi C. gama roshmi D. bita roshmi Answer with only A, B, C, or D.","Which one of the following ray is charge independent? A. Cathode ray B. Alpha ray C. Gamma ray D. Beta ray Answer with only A, B, C, or D."
benqa_ext_12th-Physics-II_0202,B,Physics-II,physics-ii,0,0,1,A,D,B,_{0}^{1}\textrm{n} + _{92}^{235}\textrm{U} + _{56}^{141}\textrm{Ba} + _{36}^{92}\textrm{Kr} + 3 _{0}^{1}\textrm{n} + শক্তি বিক্রিয়াটি কোন ধরনের? A. ফিউশন B. ফিশন C. নিউক্লীয় তাপ বিক্রিয়া D. সংযোজন বিক্রিয়া Answer with...,_{0}^{1}\textrm{n} + _{92}^{235}\textrm{U} + _{56}^{141}\textrm{Ba} + _{36}^{92}\textrm{Kr} + 3 _{0}^{1}\textrm{n} + shokti bikriyati kon dhoroner? A. fiushon B. fishon C. niukliy tap bikriya D. songjojon bikriya Answ...,_{0}^{1}\textrm{n} + _{92}^{235}\textrm{U} + _{56}^{141}\textrm{Ba} + _{36}^{92}\textrm{Kr} + 3 _{0}^{1}\textrm{n} + Energy. What type of reaction the reaction mentioned in above stem? A. Fusion B. Fission C. Nuclear...
benqa_ext_12th-Physics-II_0210,A,Physics-II,physics-ii,0,0,1,D,D,A,আলোর তড়িৎ ক্রিয়ার বৈশিষ্ট্য হলো- i. এটি একটি তাৎক্ষণিক ঘটনা ii. ফটো ইলেকট্রনের গতিশক্তি আপতিত আলোর কম্পাংকের সমানুপাতিক iii. ফটোতড়িৎ প্রবাহের মান আপতিত আলোর তীব্রতার ব্যস্তানুপাতিক নিচের কোনটি সঠিক? A. i ও ii B. i ও i...,alor torit kriyar boishishty holo- i. eti ekoti tatokshonik ghotona ii. foto ilekotroner gotishokti apotit alor kompangker somanupatik iii. fototorit probaher man apotit alor tibrotar byostanupatik nicher konoti sothi...,The characteristics of photoelectric effect is- i. it is instantaneous incident ii. the kinetic energy of photoelectron is proportional the frequency of the incident light iii. the amount of the photoelectric current...
benqa_ext_12th-Physics-II_0218,C,Physics-II,physics-ii,0,0,1,A,B,C,ট্রানজিস্টরের ক্ষেত্রে \alpha ও \beta এর মধ্যে সম্পর্ক নিম্নরূপ- A. \beta = \frac{\alpha}{1 + \alpha} B. \beta = \frac{1 + \alpha}{1 - \alpha} C. \alpha = \frac{\beta}{1 + \beta} D. \alpha = \frac{1 + \beta}{\beta} An...,tranojistorer kshetre \alpha o \beta er modhye sompork nimnorup- A. \beta = \frac{\alpha}{1 + \alpha} B. \beta = \frac{1 + \alpha}{1 - \alpha} C. \alpha = \frac{\beta}{1 + \beta} D. \alpha = \frac{1 + \beta}{\beta} An...,The correct relationship between two current gains in a transistor is- A. \beta = \frac{\alpha}{1 + \alpha} B. \beta = \frac{1 + \alpha}{1 - \alpha} C. \alpha = \frac{\beta}{1 + \beta} D. \alpha = \frac{1 + \beta}{\be...
benqa_ext_12th-Physics-II_0223,C,Physics-II,physics-ii,1,0,1,C,D,C,"এক্স-রে এর একক হলো- A. বেকেরেল B. নিউটন C. রন্টজেন D. ভোল্ট Answer with only A, B, C, or D.","eks-re er ekok holo- A. bekerel B. niuton C. rontojen D. bholt Answer with only A, B, C, or D.","Unit of X-ray is- A. Becquerel B. Newton C. Roentgen D. Volt Answer with only A, B, C, or D."
benqa_ext_12th-Physics-II_0226,C,Physics-II,physics-ii,0,0,1,B,B,C,"_{18}^{40}\textrm{Ar} ও _{20}^{40}\textrm{Ca} হচ্ছে- A. আইসোমার B. আইসোটোপ C. আইসোবার D. আইসোটোন Answer with only A, B, C, or D.","_{18}^{40}\textrm{Ar} o _{20}^{40}\textrm{Ca} hochchhe- A. aisomar B. aisotop C. aisobar D. aisoton Answer with only A, B, C, or D.","_{18}^{40}\textrm{Ar} and _{20}^{40}\textrm{Ca} are A. Isomers B. Isotopes C. Isobars D. Isotones Answer with only A, B, C, or D."
benqa_ext_12th-Physics-II_0238,A,Physics-II,physics-ii,1,0,1,A,D,A,"আইসোটোপের 'টোপ'-এর অর্থ কী? A. স্থান B. গতি C. ক্রিয়া D. বিকিরণ Answer with only A, B, C, or D.","aisotoper 'top'-er orth ki? A. sthan B. goti C. kriya D. bikiron Answer with only A, B, C, or D.","What is the meaning of 'tope' of Isotope? A. Place B. Motion C. Action D. Radiation Answer with only A, B, C, or D."
benqa_ext_12th-Physics-II_0244,D,Physics-II,physics-ii,0,0,1,C,B,D,"কোন তরঙ্গের জন্য অপবর্তন সর্বাধিক হয়? A. গামা রশ্মি B. এক্স রশ্মি C. অবলোহিত রশ্মি D. বেতার রশ্মি Answer with only A, B, C, or D.","kon torongger jony opoborton sorbadhik hoy? A. gama roshmi B. eks roshmi C. obolohit roshmi D. betar roshmi Answer with only A, B, C, or D.","By which maximum diffraction happens- A. Gamma ray B. X-ray C. Infrared ray D. Radio wave Answer with only A, B, C, or D."
benqa_ext_12th-Physics-II_0253,C,Physics-II,physics-ii,0,0,1,B,B,C,"একটি পরিবাহী তারের দৈর্ঘ্য দ্বিগুণ ও প্রস্থচ্ছেদের ক্ষেত্রফল অর্ধেক করলে উহার রোধ হবে? A. অর্ধেক B. দ্বিগুণ C. চারগুণ D. পরিবর্তন হবে না Answer with only A, B, C, or D.","ekoti poribahi tarer doirghy dwigun o prosthochchheder kshetrofol ordhek korole uhar rodh hobe? A. ordhek B. dwigun C. charogun D. poriborton hobe na Answer with only A, B, C, or D.","If the length of a conducting wire becomes two times and its area of cross-section becomes half then what will be its resistance- A. half B. two times C. four times D. will not change Answer with only A, B, C, or D."
benqa_ext_12th-Physics-II_0275,B,Physics-II,physics-ii,0,0,1,C,C,B,"কোনো তাপ ইঞ্জিনের তাপগ্রাহকের তাপমাত্রা 360 K এবং দক্ষতা 40%। তাপ উৎসের তাপমাত্রা হলো- A. 400 K B. 600 K C. 720 K D. 900 K Answer with only A, B, C, or D.","kono tap injiner tapograhoker tapomatra 360 K ebong dokshota 40%. tap utoser tapomatra holo- A. 400 K B. 600 K C. 720 K D. 900 K Answer with only A, B, C, or D.","The temperature of the heat sink of a heat engine is 360K and efficiency is 40%. The temperature of the beat source is- A. 400 K B. 600 K C. 720 K D. 900 K Answer with only A, B, C, or D."
benqa_ext_12th-Physics-II_0284,D,Physics-II,physics-ii,0,0,1,A,B,D,"তড়িচ্চালক শক্তির একক হলো- A. অ্যাম্পিয়ার B. জুল C. কুলম্ব D. ভোল্ট Answer with only A, B, C, or D.","torichchalok shoktir ekok holo- A. ampiyar B. jul C. kulomb D. bholt Answer with only A, B, C, or D.","The unit of electromotive force is- A. Ampere B. Joule C. Coulomb D. Volt Answer with only A, B, C, or D."
benqa_ext_12th-Physics-II_0288,B,Physics-II,physics-ii,1,0,1,B,D,B,"পূর্ণতরঙ্গ একমুখীকরণ বর্তনী তৈরি করা যায়- i. ২ টি ডায়োড দিয়ে ii. ৩ টি ডায়োড দিয়ে iii. ৪ টি ডায়োড দিয়ে নিচের কোনটি সঠিক? A. i ও ii B. i ও iii C. ii ও iii D. i, ii ও iii Answer with only A, B, C, or D.","purnotorongg ekomukhikoron bortoni toiri kora jay- i. 2 ti dayod diye ii. 3 ti dayod diye iii. 4 ti dayod diye nicher konoti sothik? A. i o ii B. i o iii C. ii o iii D. i, ii o iii Answer with only A, B, C, or D.","Full wave rectifier circuit is made of- i. 2 diodes ii. 3 diodes iii. 4 diodes Which one is correct? A. i and ii B. i and iii C. ii and iii D. i, ii and iii Answer with only A, B, C, or D."
benqa_ext_12th-Physics-II_0291,D,Physics-II,physics-ii,0,0,1,C,B,D,"নিচের কোনটির রোধের উষ্ণতা গুণাংক ঋণাত্মক? A. তামা B. পিতল C. অ্যালুমিনিয়াম D. জার্মেনিয়াম Answer with only A, B, C, or D.","nicher konotir rodher ushnota gunangk rinatmok? A. tama B. pitol C. aluminiyam D. jarmeniyam Answer with only A, B, C, or D.","Which of the following has negative thermal co-efficient of resistance? A. Copper B. Brass C. Aluminium D. Germanium Answer with only A, B, C, or D."
benqa_ext_12th-Physics-II_0308,C,Physics-II,physics-ii,0,0,1,B,B,C,"শল্য চিকিৎসায় ব্যবহৃত যন্ত্রপাতি জীবাণুমুক্ত করতে ব্যবহৃত হয়- A. এক্স রশ্মি B. গামা রশ্মি C. অতিবেগুনি রশ্মি D. অবলোহিত রশ্মি Answer with only A, B, C, or D.","sholy chikitosay byobohrit jontropati jibanumukt korote byobohrit hoy- A. eks roshmi B. gama roshmi C. otibeguni roshmi D. obolohit roshmi Answer with only A, B, C, or D.","The instruments used in operations are disinfected with- A. X-ray B. gamma ray C. ultra violet ray D. infrared ray Answer with only A, B, C, or D."
benqa_ext_12th-Physics-II_0309,B,Physics-II,physics-ii,1,0,1,B,D,B,"তড়িৎ চৌম্বকীয় তরঙ্গের বেগ c = \frac{1}{\mu_{0} \varepsilon_{0}} প্রতিপাদিত হয়েছে যে তত্ত্ব হতে তার প্রবক্তা হলেন- A. ম্যাক্স প্ল্যাঙ্ক B. ম্যাক্স ওয়েল C. আইনস্টাইন D. নিউটন Answer with only A, B, C, or D.","torit choumbokiy torongger beg c = \frac{1}{\mu_{0} \varepsilon_{0}} protipadit hoyechhe je totto hote tar probokta holen- A. myaks plyangk B. myaks oyel C. ainostain D. niuton Answer with only A, B, C, or D.","The proponent of the electromagnetic wave velocity, c = \frac{1}{\mu_{0} \varepsilon_{0}} is- A. Max Plank B. Max Well C. Einstein D. Newton Answer with only A, B, C, or D."
benqa_ext_12th-Physics-II_0330,B,Physics-II,physics-ii,1,0,1,B,A,B,"_{20}^{40}\textrm{Ca} ও _{19}^{39}\textrm{K} পরস্পরের কী? A. আইসোটোপ B. আইসোটোন C. আইসোবার D. আইসোমার Answer with only A, B, C, or D.","_{20}^{40}\textrm{Ca} o _{19}^{39}\textrm{K} porosporer ki? A. aisotop B. aisoton C. aisobar D. aisomar Answer with only A, B, C, or D.","What is _{20}^{40}\textrm{Ca} ও _{19}^{39}\textrm{K} each other? A. Isotope B. Isotone C. Isobar D. Isomar Answer with only A, B, C, or D."
benqa_ext_12th-Physics-II_0331,A,Physics-II,physics-ii,1,0,1,A,B,A,"কোনটি সর্বাপেক্ষা দুর্বল বল? A. মহাকর্ষ B. নিউক্লিয় দুর্বল বল C. তাড়িত চৌম্বকীয় বল D. নিউক্লিয় সবল বল Answer with only A, B, C, or D.","konoti sorbapeksha durbol bol? A. mohakorsh B. niukliy durbol bol C. tarit choumbokiy bol D. niukliy sobol bol Answer with only A, B, C, or D.","Which one is weakest force? A. Grativational force B. weak nuclear force C. Electromotive force D. Strong nuclear force Answer with only A, B, C, or D."
benqa_ext_12th-Physics-I_0014,A,Physics-I,physics-i,0,0,1,D,B,A,"বিকৃতি বনাম পীড়ন লেখচিত্রের ঢাল কী নির্দেশ করে? A. স্থিতিস্থাপক গুণাঙ্ক B. পয়সনের অনুপাত C. মোট কৃতকাজ D. একক আয়তনে বিভবশক্তি Answer with only A, B, C, or D.","bikriti bonam piron lekhochitrer dhal ki nirdesh kore? A. sthitisthapok gunangk B. poyosoner onupat C. mot kritokaj D. ekok ayotone bibhoboshokti Answer with only A, B, C, or D.","What indicates the slope of the strain vs stress graph? A. Modulus of elasticity B. Poisson's ratio C. Toral work done D. Potential energy per unit volume Answer with only A, B, C, or D."
benqa_ext_12th-Physics-I_0028,A,Physics-I,physics-i,0,0,1,D,C,A,"কোনো বস্তুর গতিশক্তি 300% বৃদ্ধি করলে এর ভরবেগ বৃদ্ধি পাবে- A. 100% B. 200% C. 300% D. 400% Answer with only A, B, C, or D.","kono bostur gotishokti 300% briddhi korole er bhorobeg briddhi pabe- A. 100% B. 200% C. 300% D. 400% Answer with only A, B, C, or D.","If the kinetic energy is increased by 300% then the momentum of the particle will be increased by - A. 100% B. 200% C. 300% D. 400% Answer with only A, B, C, or D."
benqa_ext_12th-Physics-I_0031,A,Physics-I,physics-i,0,0,1,B,D,A,"সূর্য হতে পৃথিবীর দূরত্ব কমে গেলে বছরে দিনে সংখ্যা- A. কমবে B. বাড়বে C. একই থাকবে D. অসীম হবে Answer with only A, B, C, or D.","sury hote prithibir durotto kome gele bochhore dine songkhya- A. komobe B. barobe C. ekoi thakobe D. osim hobe Answer with only A, B, C, or D.","If the distance of the earth from the sun is decreased then the number of days in a year will be - A. decrease B. increase C. unchange D. infinite Answer with only A, B, C, or D."
benqa_ext_12th-Physics-I_0034,A,Physics-I,physics-i,1,0,1,A,C,A,"কোনো বস্তুর আয়তন গুণাঙ্ক (K) এবং সংনম্যতার (C) মধ্যে সম্পর্ক কোনটি? A. C=\frac{1}{K} B. C=\frac{3}{2}KT C. C=\sqrt{\frac{3KT}{m}} D. \frac{C}{K}=1 Answer with only A, B, C, or D.","kono bostur ayoton gunangk (K) ebong songnomyotar (C) modhye sompork konoti? A. C=\frac{1}{K} B. C=\frac{3}{2}KT C. C=\sqrt{\frac{3KT}{m}} D. \frac{C}{K}=1 Answer with only A, B, C, or D.","What is the relation between bulk modulus(K) and compressibility © of an object? A. c = \frac{1}{K} B. c = \frac{3}{2} KT C. c = \sqrt{\frac{3KT}{m}} D. \frac{c}{K} = 1 Answer with only A, B, C, or D."
benqa_ext_12th-Physics-I_0037,A,Physics-I,physics-i,0,0,1,D,C,A,"একজন লোক 40 kg ভরের একটি বোঝা মাথায় নিয়ে 2 মিনিট দাঁড়িয়ে থাকলে তার কাজের পরিমাণ কত? A. 0 J B. 80 J C. 392 J D. 4800 J Answer with only A, B, C, or D.","ekojon lok 40 kg bhorer ekoti bojha mathay niye 2 minit danriye thakole tar kajer poriman kot? A. 0 J B. 80 J C. 392 J D. 4800 J Answer with only A, B, C, or D.","If a man stands with a load of 40 kg. what is the amount of work he does in 2 minutes? A. 0J B. 80J C. 392J D. 4800J Answer with only A, B, C, or D."
benqa_ext_12th-Physics-I_0052,C,Physics-I,physics-i,1,0,1,C,D,C,"ইউরোনিয়াম, থোরিয়াম এসব মৌলিক পদার্থের তেজস্ক্রিয় ভাঙ্গন ঘটে কোন বলের কারণে? A. মহাকর্ষ বল B. তড়িৎ চৌম্বক বল C. দুর্বল নিউক্লিয় বল D. সবল নিউক্লিয় বল Answer with only A, B, C, or D.","iuroniyam, thoriyam esob moulik podarther tejoskriy bhanggon ghote kon boler karone? A. mohakorsh bol B. torit choumbok bol C. durbol niukliy bol D. sobol niukliy bol Answer with only A, B, C, or D.","What fundamental force causes radioactive disruption of uranium thorium? A. Gravitational force B. Electromagnetic force C. Weak nuclear force D. Strong nuclear force Answer with only A, B, C, or D."
benqa_ext_12th-Physics-I_0057,A,Physics-I,physics-i,0,0,1,B,B,A,"সরলছন্দিত কণার সরণ পুনরাবৃত্তি হয় কখন? A. \frac{2\pi}{\omega } সময় পর B. \frac{\pi}{\omega } সময় পর C. \frac{\omega}{2\pi} সময় পর D. \frac{\omega}{\pi} সময় পর Answer with only A, B, C, or D.","sorolochhondit konar soron punorabritti hoy kokhon? A. \frac{2\pi}{\omega } somoy por B. \frac{\pi}{\omega } somoy por C. \frac{\omega}{2\pi} somoy por D. \frac{\omega}{\pi} somoy por Answer with only A, B, C, or D.",When displacement repeats of a simple harmonic oscillating particle? L A. after \frac{2\pi}{\omega} time B. after \frac{\pi}{\omega} time C. after \frac{\omega}{2\pi} time D. after \frac{\omega}{\pi} time Answer with...
benqa_ext_12th-Physics-I_0069,A,Physics-I,physics-i,0,0,1,D,B,A,"PV' রাশিটি গ্যাসের ক্ষেত্রে নির্দেশ করে- A. শক্তি B. ক্ষমতা C. ভরবেগ D. জড়তা Answer with only A, B, C, or D.","PV' rashiti gyaser kshetre nirdesh kore- A. shokti B. kshomota C. bhorobeg D. jorota Answer with only A, B, C, or D.","For gas, what is indicated by the quantity PV' - A. energy B. power C. momentum D. inertia Answer with only A, B, C, or D."
benqa_ext_12th-Physics-I_0097,C,Physics-I,physics-i,0,0,1,D,B,C,"টর্কের একক কোনটি? A. N^{-1}m B. Nm^{-2} C. Nm D. Nm^{-1} Answer with only A, B, C, or D.","torker ekok konoti? A. N^{-1}m B. Nm^{-2} C. Nm D. Nm^{-1} Answer with only A, B, C, or D.","Which one is the unit of torque? A. N^{-1}m B. Nm^{-2} C. Nm D. Nm^{-1} Answer with only A, B, C, or D."
benqa_ext_12th-Physics-I_0103,B,Physics-I,physics-i,1,0,0,B,D,D,"কোনটি স্কেলার রাশি? A. গ্রাডিয়েন্ট B. ভাইভারজেন্স C. কার্ল D. সরণ Answer with only A, B, C, or D.","konoti skelar rashi? A. gradiyent B. bhaibharojens C. karl D. soron Answer with only A, B, C, or D.","Which one is scalar quantity? A. Gradient B. Divergence C. Curl D. Displacement Answer with only A, B, C, or D."
benqa_ext_12th-Physics-I_0110,A,Physics-I,physics-i,1,0,0,A,D,C,"N.T.P. তে হাইড্রোজেনের ঘণত্ব 0.09 kgm^{-3} অনুগুলোর মূলগড় বর্গবেগ নির্ণয় করো। A. 1.84 kms^{-1} B. 2.84 kms^{-1} C. 3.38 kms^{-1} D. 4.00 kms^{-1} Answer with only A, B, C, or D.","N.T.P. te haidrojener ghonotb 0.09 kgm^{-3} onugulor mulogor borgobeg nirnoy koro. A. 1.84 kms^{-1} B. 2.84 kms^{-1} C. 3.38 kms^{-1} D. 4.00 kms^{-1} Answer with only A, B, C, or D.","At N.T.P the density of hydrogen is 0.09 kgm^{-3}. determine the root mean square velocity of nitrogen molecules. A. 1.84 kms^{-1} B. 2.84 kms^{-1} C. 3.38 kms^{-1} D. 4.00 kms^{-1} Answer with only A, B, C, or D."
benqa_ext_12th-Physics-I_0116,C,Physics-I,physics-i,0,0,1,A,A,C,"সমজাতীয় অসমমানের এবং বিপরীতমুখী ভেক্টরকে কী বলে? A. বিপরীত ভেক্টর B. বিপ্রতীপ ভেক্টর C. বিসদৃশ ভেক্টর D. সদৃশ ভেক্টর Answer with only A, B, C, or D.","somojatiy osomomaner ebong biporitomukhi bhektoroke ki bole? A. biporit bhektor B. biprotip bhektor C. bisodrish bhektor D. sodrish bhektor Answer with only A, B, C, or D.","What is meant by similar and opposite vectors of having not same magnitude? A. Opposite vector B. Reciprocal vector C. Unlike Vector D. Like Vector Answer with only A, B, C, or D."
benqa_ext_12th-Physics-I_0130,A,Physics-I,physics-i,0,0,1,B,D,A,"পর্যায়কাল দ্বিগুণ করলে সরলদোলকের দৈর্ঘ্য কতগুণ বৃদ্ধি করতে হবে? A. 4 B. 2 C. \frac{1}{2} D. \frac{1}{4} Answer with only A, B, C, or D.","poryayokal dwigun korole sorolodoloker doirghy kotogun briddhi korote hobe? A. 4 B. 2 C. \frac{1}{2} D. \frac{1}{4} Answer with only A, B, C, or D.","If the time period is double, the how much time the length of the simple pendulum is to be increased? A. 4 B. 2 C. \frac{1}{2} D. \frac{1}{4} Answer with only A, B, C, or D."
benqa_ext_12th-Physics-I_0138,B,Physics-I,physics-i,1,0,1,B,A,B,"\hat{i} এবং \hat{j} যে তলে অবস্থিত সেই তলের উপর লম্ব, একক ভেক্টর হলো- A. (\hat{j}\times \hat{k}) B. (\hat{i}\times \hat{j}) C. (k\times i) D. (i\times k) Answer with only A, B, C, or D.","\hat{i} ebong \hat{j} je tole obosthit sei toler upor lomb, ekok bhektor holo- A. (\hat{j}\times \hat{k}) B. (\hat{i}\times \hat{j}) C. (k\times i) D. (i\times k) Answer with only A, B, C, or D.","Perpendicular unit vector on the plane in which \hat{i} and \hat{j} are located- A. (\hat{j} \times \hat{k}) B. (\hat{i} \times \hat{j}) C. (\hat{k} \times \hat{i}) D. (\hat{i} \times \hay{k}) Answer with only A, B, C..."
benqa_ext_12th-Physics-I_0166,B,Physics-I,physics-i,1,0,1,B,C,B,"30^{\circ}C তাপমাত্রায় একটি গ্যাসকে স্থির চাপে উত্তপ্ত করা হলে আয়তন তিনগুণ হয়। গ্যাসটির চূড়ান্ত তাপমাত্রা কত হবে? A. + 909\degree C B. + 636\degree C C. + 276\degree C D. - 170\degree C Answer with only A, B, C, or D.","30^{\circ}C tapomatray ekoti gyasoke sthir chape uttopt kora hole ayoton tinogun hoy. gyasotir churant tapomatra kot hobe? A. + 909\degree C B. + 636\degree C C. + 276\degree C D. - 170\degree C Answer with only A, B,...","If a gas is heated at 30\degree C at constant pressure, then the volume will be three times, What is the final temperature of the gas? A. \text{+ 909\degree C} B. \text{+ 636\degree C} C. \text{+ 276\degree C} D. \tex..."
benqa_ext_12th-Physics-I_0182,C,Physics-I,physics-i,0,0,1,D,D,C,"6 স্বাধীনতা মাত্রা সম্পন্ন কোনো অণুর মোট শক্তি হবে- A. \frac{1}{2} KT B. KT C. 3 KT D. 6 KT Answer with only A, B, C, or D.","6 sbadhinota matra somponn kono onur mot shokti hobe- A. \frac{1}{2} KT B. KT C. 3 KT D. 6 KT Answer with only A, B, C, or D.","The total energy of a molecule of 6 degree of freedom is A. \frac{1}{2} KT B. KT C. 3KT D. 6 KT Answer with only A, B, C, or D."
benqa_ext_12th-Physics-I_0223,D,Physics-I,physics-i,1,0,1,D,C,D,কোনো বস্তুর উপর বাহ্যিক টর্কের লব্ধি শূণ্য হলে- i. স্থির বস্তু স্থির থাকে ii. ঘূর্ণায়মান বস্তু থেমে যাবে iii. ঘূর্ণায়মান বস্তু সমকৌণিক বেগে ঘুরতে থাকবে নিচের কোনটি সঠিক A. i B. ii C. i ও ii D. i ও iii Answer with only...,kono bostur upor bahyik torker lobdhi shuny hole- i. sthir bostu sthir thake ii. ghurnayoman bostu theme jabe iii. ghurnayoman bostu somokounik bege ghurote thakobe nicher konoti sothik A. i B. ii C. i o ii D. i o iii...,If the resultant of external torque on an object is zero- i. static objdect will remain static ii. Rotational object will stop iii. Rotational object will be rotating with uniform angular velocity Which answer is corr...
benqa_ext_12th-Physics-I_0225,D,Physics-I,physics-i,0,0,1,A,A,D,"একটি সেকেন্ড দোলকের দৈর্ঘ্য 1% বৃদ্ধি করলে উক্ত দোলকটি দিনে কত সেকেন্ড সময় হারাবে? A. 129.8 s B. 258.5 s C. 327.5 s D. 429.8 s Answer with only A, B, C, or D.","ekoti sekend doloker doirghy 1% briddhi korole ukt dolokoti dine kot sekend somoy harabe? A. 129.8 s B. 258.5 s C. 327.5 s D. 429.8 s Answer with only A, B, C, or D.","How much time a day will a second pendulum lose its length is incresed by 1% A. 129.8 B. 258.5 C. 327.5 D. 429.8 Answer with only A, B, C, or D."
benqa_ext_12th-Physics-I_0227,A,Physics-I,physics-i,1,0,1,A,C,A,"মূল গড় বর্গবেগ c এবং চাপ P এর মধ্যে সম্পর্ক হল- A. c=\sqrt{\frac{3P}{\rho}} B. c=\sqrt{\frac{3\rho}{P}} C. c=\sqrt{\frac{P}{3\rho}} D. c=\sqrt{\frac{\rho}{3P}} Answer with only A, B, C, or D.","mul gor borgobeg c ebong chap P er modhye sompork hol- A. c=\sqrt{\frac{3P}{\rho}} B. c=\sqrt{\frac{3\rho}{P}} C. c=\sqrt{\frac{P}{3\rho}} D. c=\sqrt{\frac{\rho}{3P}} Answer with only A, B, C, or D.","The relation between rms 'C' and pressure 'P' is- A. C = \sqrt{\frac{3P}{\rho}} B. C = \sqrt{\frac{3\rho}{P}} C. C = \sqrt{\frac{P}{3\rho}} D. C = \sqrt{\frac{\rho}{3P}} Answer with only A, B, C, or D."
benqa_ext_12th-Physics-I_0247,A,Physics-I,physics-i,0,0,1,D,D,A,"সর্বোচ্চ কাজের জন্য প্রযুক্ত বল ও সরণের মধ্যবর্তী কোণ- A. 0^{\circ} B. 30^{\circ} C. 60^{\circ} D. 90^{\circ} Answer with only A, B, C, or D.","sorbochch kajer jony projukt bol o soroner modhyoborti kon- A. 0^{\circ} B. 30^{\circ} C. 60^{\circ} D. 90^{\circ} Answer with only A, B, C, or D.","What is the angle between the acting force and displacement for a maximum work? A. 0\degree B. 30\degree C. 60\degree D. 90\degree Answer with only A, B, C, or D."
benqa_ext_12th-Physics-I_0251,A,Physics-I,physics-i,0,0,1,C,C,A,"বস্তুকে যেভাবেই রাখা হোক না কেন তার ওজন যে বিশেষ বিন্দুর মধ্য দিয়ে পৃথিবীর কেন্দ্রের দিকে ক্রিয়া করে তাকে কী বলে? A. অভিকর্ষ কেন্দ্র B. অভিকর্ষ ত্বরণ C. মহাকর্ষ বল D. মহাকর্ষ ক্ষেত্র প্রাবল্য Answer with only A, B, C,...",bostuke jebhabei rakha hok na ken tar ojon je bishesh bindur modhy diye prithibir kendrer dike kriya kore take ki bole? A. obhikorsh kendr B. obhikorsh tworon C. mohakorsh bol D. mohakorsh kshetr praboly Answer with o...,What is called when the weight act at the special point through to the centre of the earth at any position of the object? A. Center of gravity B. Acceleration due to gravity C. Grvitational force D. Gravitational fiel...
benqa_ext_12th-Physics-I_0259,B,Physics-I,physics-i,1,0,1,B,C,B,"একটি বস্তু নির্দিষ্ট দিকে যে দূরত্ব অতিক্রম করে তাকে কী বলে? A. অবস্থান ভেক্টর B. সরণ ভেক্টর C. একক ভেক্টর D. নাল ভেক্টর Answer with only A, B, C, or D.","ekoti bostu nirdisht dike je durotto otikrom kore take ki bole? A. obosthan bhektor B. soron bhektor C. ekok bhektor D. nal bhektor Answer with only A, B, C, or D.","What is called when a body travels distance in definite direction? A. Positional vector B. Displacement vector C. Unit vector D. Null vector Answer with only A, B, C, or D."
benqa_ext_12th-Physics-I_0282,C,Physics-I,physics-i,1,0,1,C,B,C,একটি সিলিন্ডারে 27^{\circ}C তাপমাত্রায় হিলিয়াম গ্যাস আছে। গ্যাসের দুটি অণুর বেগ যথাক্রমে 9 ms^{-1} ও 10 ms^{-1}। হিলিয়াম অণুর গড় গতিশক্তি কত? A. 6232.5 J B. 3739.5 J C. 6.21\times 10^{-21}J D. 10.35\times 10^{-21}J An...,ekoti silindare 27^{\circ}C tapomatray hiliyam gyas achhe. gyaser duti onur beg jothakrome 9 ms^{-1} o 10 ms^{-1}. hiliyam onur gor gotishokti kot? A. 6232.5 J B. 3739.5 J C. 6.21\times 10^{-21}J D. 10.35\times 10^{-2...,At 27\degree C Helium gas contains in a cylinder. The velocity of two molecules of the gass are 9ms^{-1} and 10ms^{-1} What is the average kinetic energy of Helium molecules? A. 6232.5 J B. 3739.5J C. 6.21 \times 10^{...
benqa_ext_12th-Physics-I_0285,A,Physics-I,physics-i,0,0,1,B,D,A,"PV = ধ্রুবক, সমীকরণটি নিচের কোন প্রক্রিয়াকে সমর্থন করে? A. সমোঞ্চ B. সম আয়তন C. সম চাপ D. রুদ্ধতাপীয় Answer with only A, B, C, or D.","PV = dhrubok, somikoronoti nicher kon prokriyake somorthon kore? A. somonch B. som ayoton C. som chap D. ruddhotapiy Answer with only A, B, C, or D.","Which one of the following process is supported by the equation PV= Constant? A. Isothermal B. Isochoric C. Isobaric D. Adiabatic Answer with only A, B, C, or D."
benqa_ext_12th-Physics-I_0286,A,Physics-I,physics-i,1,0,1,A,C,A,"8\frac{d^{2}x}{dt^{2}}+200x = 0 সমীকরণ দ্বারা বর্ণিত সরলছন্দিত গতির কৌণিক কম্পাংক কত? A. 5 rads^{-1} B. 8 rads^{-1} C. 25 rads^{-1} D. 200 rads^{-1} Answer with only A, B, C, or D.","8\frac{d^{2}x}{dt^{2}}+200x = 0 somikoron dwara bornit sorolochhondit gotir kounik kompangk kot? A. 5 rads^{-1} B. 8 rads^{-1} C. 25 rads^{-1} D. 200 rads^{-1} Answer with only A, B, C, or D.","8 \frac{d^{2}x}{dt^{2}} + 200x = 0; What is the angular frequency of simple harmonic motion expressed by this equation? A. 5 rad s^{-1} B. 8 rad s^{-1} C. 25 rad s^{-1} D. 200 rad s^{-1} Answer with only A, B, C, or D."
benqa_ext_12th-Physics-I_0294,D,Physics-I,physics-i,1,0,1,D,C,D,"গ্যাসের চাপীয় সূত্রটিতে নিচের কোন রাশিটির মান স্থির থাকে? A. তাপমাত্রা B. তাপ C. চাপ D. আয়তন Answer with only A, B, C, or D.","gyaser chapiy sutrotite nicher kon rashitir man sthir thake? A. tapomatra B. tap C. chap D. ayoton Answer with only A, B, C, or D.","Which quantity is applicable for law of pressure of gass? A. Temperature B. Heat C. Pressure D. Volume Answer with only A, B, C, or D."
benqa_ext_12th-Physics-I_0303,B,Physics-I,physics-i,0,0,1,D,D,B,"\vec{A} = 9\hat{i} ও \vec{B} = \frac{1}{9} \hat{i} ভেক্টরদ্বয়- i. সদৃশ ভেক্টর ii. বিপ্রতীপ ভেক্টর iii. পরস্পর লম্ব A. ii B. i ও ii C. ii ও iii D. i, ii ও iii Answer with only A, B, C, or D.","\vec{A} = 9\hat{i} o \vec{B} = \frac{1}{9} \hat{i} bhektorodboy- i. sodrish bhektor ii. biprotip bhektor iii. porospor lomb A. ii B. i o ii C. ii o iii D. i, ii o iii Answer with only A, B, C, or D.","If \vec{A} = 9\hat{i} and \vec{B} = \frac{1}{9} \hat{i} then two vector are- i. like vector ii. Opposite vector iii. Perpendicular to each other Which one is correct? A. ii B. i & ii C. ii & iii D. i, ii & iii Answer..."
benqa_ext_8th-Math_0014,D,Math,math,0,0,1,A,B,D,"ঘুড়ির চার কোণের সমষ্টি কত? A. 180\degree B. 270\degree C. 300\degree D. 360\degree Answer with only A, B, C, or D.","ghurir char koner somoshti kot? A. 180\degree B. 270\degree C. 300\degree D. 360\degree Answer with only A, B, C, or D.","What is sum of four angles of a kite? A. 180\degree B. 270\degree C. 300\degree D. 360\degree Answer with only A, B, C, or D."
benqa_ext_8th-Math_0018,B,Math,math,1,0,0,B,C,A,"“6 - 10” শ্রেণির শ্রেণিব্যাপ্তি কত? A. 4 B. 5 C. 6 D. 10 Answer with only A, B, C, or D.","“6 - 10” shrenir shrenibyapti kot? A. 4 B. 5 C. 6 D. 10 Answer with only A, B, C, or D.","What is the class interval of the class ' 6 - 10'? A. 4 B. 5 C. 6 D. 10 Answer with only A, B, C, or D."
benqa_ext_8th-Math_0181,D,Math,math,0,0,1,B,B,D,"ঘুড়ির চার কোণের সমষ্টি কত? A. 120\degree B. 180\degree C. 270\degree D. 360\degree Answer with only A, B, C, or D.","ghurir char koner somoshti kot? A. 120\degree B. 180\degree C. 270\degree D. 360\degree Answer with only A, B, C, or D.","What is the sum of four angles of a kite? A. 120\degree B. 180\degree C. 270\degree D. 360\degree Answer with only A, B, C, or D."
benqa_ext_8th-Science_0020,A,Science,science,1,0,0,A,B,B,"সেগুন উদ্ভিদের প্রজনন হয় কোনটির সাহয্যে? A. মূলের সাহায্যে B. দেহেরে সাহায্যে C. কান্ডের সাহায্যে D. পাতার সাহায্যে Answer with only A, B, C, or D.","segun udbhider projonon hoy konotir sahojye? A. muler sahajye B. dehere sahajye C. kander sahajye D. patar sahajye Answer with only A, B, C, or D.","By which one the reproduction of segun plant is occurred? A. Through root B. Segmentation C. Through stem D. Through leaves Answer with only A, B, C, or D."
benqa_ext_8th-Science_0021,C,Science,science,1,0,0,C,A,D,"প্রাণিজগতের বৃহত্তপর্ব কোনটি? A. পরিফেরা B. মলাস্কা C. অর্থ্রোপোডা D. কর্ডাটা Answer with only A, B, C, or D.","pranijogoter brihottoporb konoti? A. porifera B. molaska C. orthropoda D. kordata Answer with only A, B, C, or D.","Which is the largest phylum is animal kingdom? A. Porifera B. Mollusca C. Arthropoda D. Chordata Answer with only A, B, C, or D."
benqa_ext_8th-Science_0028,B,Science,science,1,0,1,B,D,B,"৭০ কেজি ভরের একজন মহাশূন্যচারীর চাঁদে ভর কত হবে? A. ১১.৬৭ কেজি B. ৭০ কেজি C. ৪২০ কেজি D. ৬৮৬ কেজি Answer with only A, B, C, or D.","70 keji bhorer ekojon mohashunyocharir chande bhor kot hobe? A. 11.67 keji B. 70 keji C. 420 keji D. 686 keji Answer with only A, B, C, or D.","What is the mass of an astronaut in th Moon when the mass of this astronaut is 70 kg on earh A. 11.67 kg B. 70 kg C. 420 kg D. 686 kg Answer with only A, B, C, or D."
benqa_ext_8th-Science_0034,A,Science,science,1,0,1,A,B,A,"আমাদের দেহের গঠন উপাদান কোনটি? A. আমিষ B. শর্করা C. স্নেহ D. ভিটামিন Answer with only A, B, C, or D.","amader deher gothon upadan konoti? A. amish B. shorkora C. sneh D. bhitamin Answer with only A, B, C, or D.","Which is the structure element of our body? A. Protein B. Carbohydrates C. Fat D. Vitamis Answer with only A, B, C, or D."
benqa_ext_8th-Science_0046,D,Science,science,0,0,1,B,A,D,"রক্ত জমাট বাঁধতে সাহায্য করে কোনটি? A. ভিটামিন এ B. ভিটামিন সি C. ভিটামিন বি D. ভিটামিন কে Answer with only A, B, C, or D.","rokt jomat bandhote sahajy kore konoti? A. bhitamin e B. bhitamin si C. bhitamin bi D. bhitamin ke Answer with only A, B, C, or D.","Which helps to clot blood? A. Vitamin A B. Vitamin C C. Vitamin B D. Vitamin K Answer with only A, B, C, or D."
benqa_ext_8th-Science_0048,B,Science,science,0,0,1,D,A,B,"করিম সাহেবের ফলের দোকান আছে। তিনি কাঁচা ফলগুলো পাকাতে এক ধরনের রাসায়নিক পদার্থ ব্যবহার করনে। রাসায়নিক পদার্থটির নাম কি? A. অক্সিন B. ইথিলিন C. জিব্বেরেলিন D. অ্যাবসাইসিক এসিড Answer with only A, B, C, or D.","korim saheber foler dokan achhe. tini kancha fologulo pakate ek dhoroner rasayonik podarth byobohar korone. rasayonik podarthotir nam ki? A. oksin B. ithilin C. jibberelin D. abosaisik esid Answer with only A, B, C, o...","Mr. Karim has fruit shop. He uses one kind of chemical to ripen green fruits. What is the name of the chemical? A. Auxin B. Ethylene C. Gibberellins D. Abscisic Acid Answer with only A, B, C, or D."
benqa_ext_8th-Science_0050,A,Science,science,1,0,1,A,B,A,"কোনটি প্লাটিহেলমিনথেস পর্বের প্রাণী? A. ফিতাকৃমি B. গোলকৃমি C. কেঁচো D. জোঁক Answer with only A, B, C, or D.","konoti platihelominothes porber prani? A. fitakrimi B. golokrimi C. kencho D. jonk Answer with only A, B, C, or D.","Which one belongs to platyhelminthes phylum? A. Tape worm B. Round worm C. Earth worm D. Leech Answer with only A, B, C, or D."
benqa_ext_8th-Science_0082,C,Science,science,0,0,1,D,B,C,"হাতুড়ি মাছের দেহে কোন ধরনের আইশ থাকে? A. সাইক্লোয়েড B. গ্যানয়েড C. প্লাকয়েড D. টিনয়েড Answer with only A, B, C, or D.","haturi machher dehe kon dhoroner aish thake? A. saikloyed B. gyanoyed C. plakoyed D. tinoyed Answer with only A, B, C, or D.","What type of scales is found in the bodyof hammer fish? A. Cycloid B. Ganoid C. Placoid D. Ctenoid Answer with only A, B, C, or D."
benqa_ext_8th-Science_0083,D,Science,science,1,0,1,D,A,D,"CaO+ 2HCI\rightarrow \fbox{x} + H_{2}O বিক্রিয়াটিতে X যৌগটি কী? A. ক্ষার B. এসিড C. ক্ষারক D. লবণ Answer with only A, B, C, or D.","CaO+ 2HCI\rightarrow \fbox{x} + H_{2}O bikriyatite X jougoti ki? A. kshar B. esid C. ksharok D. lobon Answer with only A, B, C, or D.","CaO+ 2HCI\rightarrow \fbox{x} + H_{2}O What is the compound X in the rection? A. Base B. Acid C. Alkail D. Salt Answer with only A, B, C, or D."
benqa_ext_8th-Science_0095,C,Science,science,0,0,1,D,D,C,"ফ্লোরিজেনের ক্ষেত্রে প্রযোজ্য- i. পত্রফলকে স্থানান্তরিত হয় ii. পত্রমুকুলকে পুষ্পমুকুলে পরিণত করে iii. উদ্ভিদে ফুল উৎপন্ন হয় নিচের কোনটি সঠিক A. i ও ii B. i ও iii C. ii ও iii D. i, ii ও iii Answer with only A, B, C, or D.","florijener kshetre projojy- i. potrofoloke sthanantorit hoy ii. potromukuloke pushpomukule porinot kore iii. udbhide ful utoponn hoy nicher konoti sothik A. i o ii B. i o iii C. ii o iii D. i, ii o iii Answer with onl...","Applicable for florgen- i. replaced to leaf let ii. Helps to transfrom buds into flower buds iii. Flower is produced in plant Which one is correct? A. i & ii B. i & iii C. ii & iii D. i, ii & iii Answer with only A, B..."
benqa_ext_8th-Science_0103,A,Science,science,0,0,1,D,D,A,"কোথায় G এর মান বেশি? A. মেরু অঞ্চলে B. বিষুবীয় অঞ্চলে C. ক্রাস্তীয় অঞ্চলে D. পৃথিবীর কেন্দ্রে Answer with only A, B, C, or D.","kothay G er man beshi? A. meru onchole B. bishubiy onchole C. krastiy onchole D. prithibir kendre Answer with only A, B, C, or D.","Where the value of 'g' is maximum? A. At polar region B. At the eqator C. At the equinotical point D. At the center of the earth Answer with only A, B, C, or D."
benqa_ext_8th-Science_0114,A,Science,science,0,0,1,B,B,A,"বেলি ফুলের গন্ধ ছড়িয়ে পড়ে কোন প্রক্রিয়ায়? A. ব্যাপন B. অভিস্রবণ C. প্রস্বেদন D. ইমবাইবিশন Answer with only A, B, C, or D.","beli fuler gondh chhoriye pore kon prokriyay? A. byapon B. obhisrobon C. prosbedon D. imobaibishon Answer with only A, B, C, or D.","In which process the smell of Jasmine is spreaded out? A. Diffusion B. Osmosis C. Transpiration D. Imbibition Answer with only A, B, C, or D."
benqa_ext_8th-Science_0124,D,Science,science,1,0,1,D,A,D,"বাস্তুতন্ত্রের জৈব উপাদান কোনটি? A. মাটি B. পানি C. বায়ু D. মৃত জীব Answer with only A, B, C, or D.","bastutontrer joib upadan konoti? A. mati B. pani C. bayu D. mrit jib Answer with only A, B, C, or D.","What is the organic element of ecosystem? A. soil B. water C. wind D. dead orgnism Answer with only A, B, C, or D."
benqa_ext_8th-Science_0131,B,Science,science,0,0,1,A,A,B,"১০০ ভোল্টের একটি বাল্ব ৫ অ্যাম্পিয়ার তড়িৎপ্রবাহের বর্তনীতে সংযুক্ত করা হলো। বর্তনীর রোধ কত? A. ০.০৫ ও’ম B. ২০ ও’ম C. ১০৫ ও’ম D. ৫০০ ও’ম Answer with only A, B, C, or D.","100 bholter ekoti balb 5 ampiyar toritoprobaher bortonite songjukt kora holo. bortonir rodh kot? A. 0.05 o’m B. 20 o’m C. 105 o’m D. 500 o’m Answer with only A, B, C, or D.","A bulb of 100 volt is connected to an electric circuit of 5 ampere. What is the resistance of the circuit? A. 0.05 Ohm B. 20 Ohm C. 105 Ohm D. 500 Ohm Answer with only A, B, C, or D."
benqa_ext_8th-Science_0134,D,Science,science,0,0,1,B,B,D,"কোনটি দ্বারা মিষ্টি আলুর প্রজনন ঘটে? A. অণুবীজ B. কান্ড C. পাতা D. মূল Answer with only A, B, C, or D.","konoti dwara mishti alur projonon ghote? A. onubij B. kand C. pata D. mul Answer with only A, B, C, or D.","By which does the reproduction of sweet potato occer? A. Spore B. Stem C. Leaf D. Root Answer with only A, B, C, or D."
benqa_ext_8th-Science_0144,A,Science,science,0,0,1,D,B,A,"কোনটিতে সাইট্রিক এসিড রয়েছে? A. কমলা B. তেতুঁল C. টমেটো D. আপেল Answer with only A, B, C, or D.","konotite saitrik esid royechhe? A. komola B. tetunl C. tometo D. apel Answer with only A, B, C, or D.","Which of the following has citric acid? A. Orange B. Tamarind C. Tomato D. Apple Answer with only A, B, C, or D."
benqa_ext_8th-Science_0154,C,Science,science,1,0,0,C,B,B,"কোন প্রাণীটির ত্বক শুষ্ক? A. ইলিশ B. হাঙ্গর C. সাপ D. কুনোব্যাঙ Answer with only A, B, C, or D.","kon pranitir twok shushk? A. ilish B. hanggor C. sap D. kunobyang Answer with only A, B, C, or D.","The skin of which animal is dry? A. Hilsha B. Shark C. Snake D. Toad Answer with only A, B, C, or D."
benqa_ext_8th-Science_0156,D,Science,science,0,0,1,B,B,D,"নিচের কোনটিতে মিয়োসিস কোষ বিভাজন ঘটে? A. ভ্রুণ মুকুল B. মূলের অগ্রভাগ C. মুকুল D. পরাগধানী Answer with only A, B, C, or D.","nicher konotite miyosis kosh bibhajon ghote? A. bhrun mukul B. muler ogrobhag C. mukul D. poragodhani Answer with only A, B, C, or D.","Which of the following occurs meisosis cell division? A. Ffloral axis B. Apex of root C. Buds D. stamen Answer with only A, B, C, or D."
benqa_ext_8th-Science_0173,A,Science,science,0,0,1,D,B,A,"নিচের কোনটি তড়িৎ অবিশ্লেষ্য পদার্থ? A. চিনি B. খাদ্য লবণ C. তুঁতে D. সাইট্রিক এসিড Answer with only A, B, C, or D.","nicher konoti torit obishleshy podarth? A. chini B. khaddo lobon C. tunte D. saitrik esid Answer with only A, B, C, or D.","Which of the folloving is non-electrolyte? A. Sugar B. Table salt C. Tunte D. Citric Acid Answer with only A, B, C, or D."
benqa_ext_8th-Science_0196,B,Science,science,0,0,1,D,D,B,(i) CaCO_{3}\xrightarrow[]{তাপ}'X' + CO_{2} (ii) 'X' + H_{2}O\rightarrow 'Y' (ii) নং বিক্রিয়ার ক্ষেত্রে- i. Y পানিতে খুব অল্প দ্রবীভূত হয় ii. Y একটি লবণ iii. বিক্রিয়াটিতে প্রচুর পরিমাণ তাপ উৎপন্ন হয় নিচের কোনটি সঠিক?...,(i) CaCO_{3}\xrightarrow[]{tap}'X' + CO_{2} (ii) 'X' + H_{2}O\rightarrow 'Y' (ii) nong bikriyar kshetre- i. Y panite khub olp drobibhut hoy ii. Y ekoti lobon iii. bikriyatite prochur poriman tap utoponn hoy nicher kon...,(i) CaCO_{3}\xrightarrow[]{Heat}'X' + CO_{2} (ii) 'X' + H_{2}O\rightarrow 'Y' According to the reaction(ii)- i. 'Y' dissolves in water very slightly ii. 'Y' is a slat iii. Huge heat energy is produced in the reaction...
benqa_ext_8th-Science_0199,D,Science,science,0,0,1,B,B,D,"কলা কোন ধরনের ফল? A. নীরস ফল B. গুচ্ছ ফল C. যৌগিক ফল D. রসালো ফল Answer with only A, B, C, or D.","kola kon dhoroner fol? A. niros fol B. guchchh fol C. jougik fol D. rosalo fol Answer with only A, B, C, or D.","What thype of fruit is banana? A. Dry fruit B. Aggregate fruit C. Multiple fruit D. Fleshy fruit Answer with only A, B, C, or D."
benqa_ext_8th-Science_0203,C,Science,science,1,0,0,C,D,B,"২৭ টি উপগ্রহ আছে কোন গ্রহের? A. বৃহস্পতি B. শনি C. ইউরেনাস D. নেপচুন Answer with only A, B, C, or D.","27 ti upogroh achhe kon groher? A. brihospoti B. shoni C. iurenas D. nepochun Answer with only A, B, C, or D.","Which planet has 27 satellites? A. Jupiter B. Saturn C. Uranus D. Neptune Answer with only A, B, C, or D."
benqa_ext_8th-Science_0216,B,Science,science,1,0,1,B,D,B,"কোন হরমোন উদ্ভিদের বৃদ্ধি প্রতিবন্ধক হিসাবে কাজ করে? A. অক্সিন B. অ্যাবসাইসিক এসিড C. সাইটোকাইনিন D. জিব্বেরেলিন Answer with only A, B, C, or D.","kon horomon udbhider briddhi protibondhok hisabe kaj kore? A. oksin B. abosaisik esid C. saitokainin D. jibberelin Answer with only A, B, C, or D.","Which hormone acts as growth retarding agent for plants A. Auxin B. Abscisic acid C. Cytokinin D. Gebberellin Answer with only A, B, C, or D."
