model,model_id,variant,variant_label,dataset,task_type,answer_type,id,gold,correct,parsed,parsed_empty,choice_invalid,format_failure,raw_chars,parsed_chars,raw_line_count,raw_multiline,raw_long_gt120,source,line,raw_excerpt
Qwen2.5-3B,Qwen/Qwen2.5-3B-Instruct,bangla,Bangla,banglamath,short_answer,short_answer,banglamath_0181,সময় কমে যায়,False,decreases,False,False,False,9,9,1,False,False,results/runs/qwen2_5_3b_validation200_v3_128/results/runs/qwen2_5_3b_validation200_v3_128.jsonl,304,decreases
Qwen2.5-3B,Qwen/Qwen2.5-3B-Instruct,banglish_clean,Reviewed Banglish,banglamath,short_answer,short_answer,banglamath_0181,সময় কমে যায়,False,thakle lok songkhya barale somoy koyom,False,False,False,38,38,1,False,False,results/runs/qwen2_5_3b_validation200_v5_banglish/results/runs/qwen2_5_3b_validation200_v5_banglish.jsonl,102,thakle lok songkhya barale somoy koyom
Qwen2.5-3B,Qwen/Qwen2.5-3B-Instruct,english,English,banglamath,short_answer,short_answer,banglamath_0181,সময় কমে যায়,False,"The time decreases if the number of workers increases, assuming the amount of work remains constant and all other factors remain unchanged.",False,False,False,139,139,1,False,True,results/runs/qwen2_5_3b_validation200_v3_128/results/runs/qwen2_5_3b_validation200_v3_128.jsonl,306,"The time decreases if the number of workers increases, assuming the amount of work remains constant and all other factors remain unchanged."
Qwen2.5-3B,Qwen/Qwen2.5-3B-Instruct,bangla,Bangla,banglamath,short_answer,short_answer,banglamath_0182,৬০০ টাকা,False,840 টাকা,False,False,False,8,8,1,False,False,results/runs/qwen2_5_3b_validation200_v3_128/results/runs/qwen2_5_3b_validation200_v3_128.jsonl,217,840 টাকা
Qwen2.5-3B,Qwen/Qwen2.5-3B-Instruct,banglish_clean,Reviewed Banglish,banglamath,short_answer,short_answer,banglamath_0182,৬০০ টাকা,False,280 * 15 = 4200,False,False,False,15,15,1,False,False,results/runs/qwen2_5_3b_validation200_v5_banglish/results/runs/qwen2_5_3b_validation200_v5_banglish.jsonl,73,280 * 15 = 4200
Qwen2.5-3B,Qwen/Qwen2.5-3B-Instruct,english,English,banglamath,short_answer,short_answer,banglamath_0182,৬০০ টাকা,False,900 Taka,False,False,False,8,8,1,False,False,results/runs/qwen2_5_3b_validation200_v3_128/results/runs/qwen2_5_3b_validation200_v3_128.jsonl,219,900 Taka
Qwen2.5-3B,Qwen/Qwen2.5-3B-Instruct,bangla,Bangla,banglamath,short_answer,short_answer,banglamath_0183,৩০ দিন,False,10 days,False,False,False,7,7,1,False,False,results/runs/qwen2_5_3b_validation200_v3_128/results/runs/qwen2_5_3b_validation200_v3_128.jsonl,307,10 days
Qwen2.5-3B,Qwen/Qwen2.5-3B-Instruct,banglish_clean,Reviewed Banglish,banglamath,short_answer,short_answer,banglamath_0183,৩০ দিন,False,The khadde (house) will last for 10 days.,False,False,False,41,41,1,False,False,results/runs/qwen2_5_3b_validation200_v5_banglish/results/runs/qwen2_5_3b_validation200_v5_banglish.jsonl,103,The khadde (house) will last for 10 days.
Qwen2.5-3B,Qwen/Qwen2.5-3B-Instruct,english,English,banglamath,short_answer,short_answer,banglamath_0183,৩০ দিন,False,75,False,False,False,2,2,1,False,False,results/runs/qwen2_5_3b_validation200_v3_128/results/runs/qwen2_5_3b_validation200_v3_128.jsonl,309,75
Qwen2.5-3B,Qwen/Qwen2.5-3B-Instruct,bangla,Bangla,banglamath,short_answer,short_answer,banglamath_0184,১২০০০ টাকা,False,1200 টাকা,False,False,False,9,9,1,False,False,results/runs/qwen2_5_3b_validation200_v3_128/results/runs/qwen2_5_3b_validation200_v3_128.jsonl,124,1200 টাকা
Qwen2.5-3B,Qwen/Qwen2.5-3B-Instruct,banglish_clean,Reviewed Banglish,banglamath,short_answer,short_answer,banglamath_0184,১২০০০ টাকা,False,\[ \text{Cost per taka} = \frac{450 \text{ taka}}{9000 \text{ taka}} = 0.05 \,False,False,False,378,77,6,True,True,results/runs/qwen2_5_3b_validation200_v5_banglish/results/runs/qwen2_5_3b_validation200_v5_banglish.jsonl,42,"To find out how much protidin should be bought to gain a profit of 600 taka, we need to first understand the cost and profit relationship given in the proble..."
Qwen2.5-3B,Qwen/Qwen2.5-3B-Instruct,english,English,banglamath,short_answer,short_answer,banglamath_0184,১২০০০ টাকা,False,4500 Taka,False,False,False,9,9,1,False,False,results/runs/qwen2_5_3b_validation200_v3_128/results/runs/qwen2_5_3b_validation200_v3_128.jsonl,126,4500 Taka
Qwen2.5-3B,Qwen/Qwen2.5-3B-Instruct,bangla,Bangla,banglamath,short_answer,short_answer,banglamath_0185,২০০ কেজি,True,২০০ কেজি,False,False,False,8,8,1,False,False,results/runs/qwen2_5_3b_validation200_v3_128/results/runs/qwen2_5_3b_validation200_v3_128.jsonl,316,২০০ কেজি
Qwen2.5-3B,Qwen/Qwen2.5-3B-Instruct,banglish_clean,Reviewed Banglish,banglamath,short_answer,short_answer,banglamath_0185,২০০ কেজি,False,20 keji chale,False,False,False,13,13,1,False,False,results/runs/qwen2_5_3b_validation200_v5_banglish/results/runs/qwen2_5_3b_validation200_v5_banglish.jsonl,106,20 keji chale
Qwen2.5-3B,Qwen/Qwen2.5-3B-Instruct,english,English,banglamath,short_answer,short_answer,banglamath_0185,২০০ কেজি,False,384 kg,False,False,False,6,6,1,False,False,results/runs/qwen2_5_3b_validation200_v3_128/results/runs/qwen2_5_3b_validation200_v3_128.jsonl,318,384 kg
Qwen2.5-3B,Qwen/Qwen2.5-3B-Instruct,bangla,Bangla,banglamath,short_answer,short_answer,banglamath_0186,২২ ১/২ দিন,False,45,False,False,False,2,2,1,False,False,results/runs/qwen2_5_3b_validation200_v3_128/results/runs/qwen2_5_3b_validation200_v3_128.jsonl,520,45
Qwen2.5-3B,Qwen/Qwen2.5-3B-Instruct,banglish_clean,Reviewed Banglish,banglamath,short_answer,short_answer,banglamath_0186,২২ ১/২ দিন,False,45 din,False,False,False,6,6,1,False,False,results/runs/qwen2_5_3b_validation200_v5_banglish/results/runs/qwen2_5_3b_validation200_v5_banglish.jsonl,174,45 din
Qwen2.5-3B,Qwen/Qwen2.5-3B-Instruct,english,English,banglamath,short_answer,short_answer,banglamath_0186,২২ ১/২ দিন,False,45,False,False,False,2,2,1,False,False,results/runs/qwen2_5_3b_validation200_v3_128/results/runs/qwen2_5_3b_validation200_v3_128.jsonl,522,45
Qwen2.5-3B,Qwen/Qwen2.5-3B-Instruct,bangla,Bangla,banglamath,short_answer,short_answer,banglamath_0187,১৪০ জন,False,180,False,False,False,3,3,1,False,False,results/runs/qwen2_5_3b_validation200_v3_128/results/runs/qwen2_5_3b_validation200_v3_128.jsonl,568,180
Qwen2.5-3B,Qwen/Qwen2.5-3B-Instruct,banglish_clean,Reviewed Banglish,banglamath,short_answer,short_answer,banglamath_0187,১৪০ জন,False,"The work of 25 people took 18 days to complete 75% of the job, and it will take an additional 18 days for the remaining 25% of the job.",False,False,False,135,135,1,False,True,results/runs/qwen2_5_3b_validation200_v5_banglish/results/runs/qwen2_5_3b_validation200_v5_banglish.jsonl,190,"The work of 25 people took 18 days to complete 75% of the job, and it will take an additional 18 days for the remaining 25% of the job."
Qwen2.5-3B,Qwen/Qwen2.5-3B-Instruct,english,English,banglamath,short_answer,short_answer,banglamath_0187,১৪০ জন,False,72,False,False,False,2,2,1,False,False,results/runs/qwen2_5_3b_validation200_v3_128/results/runs/qwen2_5_3b_validation200_v3_128.jsonl,570,72
Qwen2.5-3B,Qwen/Qwen2.5-3B-Instruct,bangla,Bangla,banglamath,short_answer,short_answer,banglamath_0188,১৫ ঘণ্টা,False,10.8,False,False,False,4,4,1,False,False,results/runs/qwen2_5_3b_validation200_v3_128/results/runs/qwen2_5_3b_validation200_v3_128.jsonl,457,10.8
Qwen2.5-3B,Qwen/Qwen2.5-3B-Instruct,banglish_clean,Reviewed Banglish,banglamath,short_answer,short_answer,banglamath_0188,১৫ ঘণ্টা,False,14,False,False,False,2,2,1,False,False,results/runs/qwen2_5_3b_validation200_v5_banglish/results/runs/qwen2_5_3b_validation200_v5_banglish.jsonl,153,14
Qwen2.5-3B,Qwen/Qwen2.5-3B-Instruct,english,English,banglamath,short_answer,short_answer,banglamath_0188,১৫ ঘণ্টা,False,4.8,False,False,False,3,3,1,False,False,results/runs/qwen2_5_3b_validation200_v3_128/results/runs/qwen2_5_3b_validation200_v3_128.jsonl,459,4.8
Qwen2.5-3B,Qwen/Qwen2.5-3B-Instruct,bangla,Bangla,banglamath,short_answer,short_answer,banglamath_0189,৬ জন পুরুষ,False,18,False,False,False,2,2,1,False,False,results/runs/qwen2_5_3b_validation200_v3_128/results/runs/qwen2_5_3b_validation200_v3_128.jsonl,70,18
Qwen2.5-3B,Qwen/Qwen2.5-3B-Instruct,banglish_clean,Reviewed Banglish,banglamath,short_answer,short_answer,banglamath_0189,৬ জন পুরুষ,False,"2 purush, 9 balok",False,False,False,17,17,1,False,False,results/runs/qwen2_5_3b_validation200_v5_banglish/results/runs/qwen2_5_3b_validation200_v5_banglish.jsonl,24,"2 purush, 9 balok"
Qwen2.5-3B,Qwen/Qwen2.5-3B-Instruct,english,English,banglamath,short_answer,short_answer,banglamath_0189,৬ জন পুরুষ,False,4,False,False,False,1,1,1,False,False,results/runs/qwen2_5_3b_validation200_v3_128/results/runs/qwen2_5_3b_validation200_v3_128.jsonl,72,4
Qwen2.5-3B,Qwen/Qwen2.5-3B-Instruct,bangla,Bangla,banglamath,short_answer,short_answer,banglamath_0226,২৫০ টাকা,False,300,False,False,False,3,3,1,False,False,results/runs/qwen2_5_3b_validation200_v3_128/results/runs/qwen2_5_3b_validation200_v3_128.jsonl,256,300
Qwen2.5-3B,Qwen/Qwen2.5-3B-Instruct,banglish_clean,Reviewed Banglish,banglamath,short_answer,short_answer,banglamath_0226,২৫০ টাকা,False,330,False,False,False,3,3,1,False,False,results/runs/qwen2_5_3b_validation200_v5_banglish/results/runs/qwen2_5_3b_validation200_v5_banglish.jsonl,86,330
Qwen2.5-3B,Qwen/Qwen2.5-3B-Instruct,english,English,banglamath,short_answer,short_answer,banglamath_0226,২৫০ টাকা,False,325,False,False,False,3,3,1,False,False,results/runs/qwen2_5_3b_validation200_v3_128/results/runs/qwen2_5_3b_validation200_v3_128.jsonl,258,325
Qwen2.5-3B,Qwen/Qwen2.5-3B-Instruct,bangla,Bangla,banglamath,short_answer,short_answer,banglamath_0227,৭.৫ কিমি,False,7.5,False,False,False,3,3,1,False,False,results/runs/qwen2_5_3b_validation200_v3_128/results/runs/qwen2_5_3b_validation200_v3_128.jsonl,112,7.5
Qwen2.5-3B,Qwen/Qwen2.5-3B-Instruct,banglish_clean,Reviewed Banglish,banglamath,short_answer,short_answer,banglamath_0227,৭.৫ কিমি,False,10,False,False,False,2,2,1,False,False,results/runs/qwen2_5_3b_validation200_v5_banglish/results/runs/qwen2_5_3b_validation200_v5_banglish.jsonl,38,10
Qwen2.5-3B,Qwen/Qwen2.5-3B-Instruct,english,English,banglamath,short_answer,short_answer,banglamath_0227,৭.৫ কিমি,False,7.5km,False,False,False,5,5,1,False,False,results/runs/qwen2_5_3b_validation200_v3_128/results/runs/qwen2_5_3b_validation200_v3_128.jsonl,114,7.5km
Qwen2.5-3B,Qwen/Qwen2.5-3B-Instruct,bangla,Bangla,banglamath,short_answer,short_answer,banglamath_0228,২/৫,False,40% একটি সাধারণ ভগ্নাংশে প্রকাশ করলে 4/10 হয়.,False,False,False,46,46,1,False,False,results/runs/qwen2_5_3b_validation200_v3_128/results/runs/qwen2_5_3b_validation200_v3_128.jsonl,166,40% একটি সাধারণ ভগ্নাংশে প্রকাশ করলে 4/10 হয়.
Qwen2.5-3B,Qwen/Qwen2.5-3B-Instruct,banglish_clean,Reviewed Banglish,banglamath,short_answer,short_answer,banglamath_0228,২/৫,False,40% of the population reads or writes,False,False,False,37,37,1,False,False,results/runs/qwen2_5_3b_validation200_v5_banglish/results/runs/qwen2_5_3b_validation200_v5_banglish.jsonl,56,40% of the population reads or writes
Qwen2.5-3B,Qwen/Qwen2.5-3B-Instruct,english,English,banglamath,short_answer,short_answer,banglamath_0228,২/৫,True,2/5,False,False,False,3,3,1,False,False,results/runs/qwen2_5_3b_validation200_v3_128/results/runs/qwen2_5_3b_validation200_v3_128.jsonl,168,2/5
Qwen2.5-3B,Qwen/Qwen2.5-3B-Instruct,bangla,Bangla,banglamath,short_answer,short_answer,banglamath_0229,1.5,True,1.50,False,False,False,4,4,1,False,False,results/runs/qwen2_5_3b_validation200_v3_128/results/runs/qwen2_5_3b_validation200_v3_128.jsonl,586,1.50
Qwen2.5-3B,Qwen/Qwen2.5-3B-Instruct,banglish_clean,Reviewed Banglish,banglamath,short_answer,short_answer,banglamath_0229,1.5,False,50%,False,False,False,3,3,1,False,False,results/runs/qwen2_5_3b_validation200_v5_banglish/results/runs/qwen2_5_3b_validation200_v5_banglish.jsonl,196,50%
Qwen2.5-3B,Qwen/Qwen2.5-3B-Instruct,english,English,banglamath,short_answer,short_answer,banglamath_0229,1.5,True,1.5,False,False,False,3,3,1,False,False,results/runs/qwen2_5_3b_validation200_v3_128/results/runs/qwen2_5_3b_validation200_v3_128.jsonl,588,1.5
Qwen2.5-3B,Qwen/Qwen2.5-3B-Instruct,bangla,Bangla,banglamath,short_answer,short_answer,banglamath_0230,20%,True,20%,False,False,False,3,3,1,False,False,results/runs/qwen2_5_3b_validation200_v3_128/results/runs/qwen2_5_3b_validation200_v3_128.jsonl,154,20%
Qwen2.5-3B,Qwen/Qwen2.5-3B-Instruct,banglish_clean,Reviewed Banglish,banglamath,short_answer,short_answer,banglamath_0230,20%,False,100 taka,False,False,False,8,8,1,False,False,results/runs/qwen2_5_3b_validation200_v5_banglish/results/runs/qwen2_5_3b_validation200_v5_banglish.jsonl,52,100 taka
Qwen2.5-3B,Qwen/Qwen2.5-3B-Instruct,english,English,banglamath,short_answer,short_answer,banglamath_0230,20%,True,20%,False,False,False,3,3,1,False,False,results/runs/qwen2_5_3b_validation200_v3_128/results/runs/qwen2_5_3b_validation200_v3_128.jsonl,156,20%
Qwen2.5-3B,Qwen/Qwen2.5-3B-Instruct,bangla,Bangla,banglamath,short_answer,short_answer,banglamath_0231,২০ টাকা,False,12,False,False,False,2,2,1,False,False,results/runs/qwen2_5_3b_validation200_v3_128/results/runs/qwen2_5_3b_validation200_v3_128.jsonl,523,12
Qwen2.5-3B,Qwen/Qwen2.5-3B-Instruct,banglish_clean,Reviewed Banglish,banglamath,short_answer,short_answer,banglamath_0231,২০ টাকা,False,12%,False,False,False,3,3,1,False,False,results/runs/qwen2_5_3b_validation200_v5_banglish/results/runs/qwen2_5_3b_validation200_v5_banglish.jsonl,175,12%
Qwen2.5-3B,Qwen/Qwen2.5-3B-Instruct,english,English,banglamath,short_answer,short_answer,banglamath_0231,২০ টাকা,True,20 Taka,False,False,False,7,7,1,False,False,results/runs/qwen2_5_3b_validation200_v3_128/results/runs/qwen2_5_3b_validation200_v3_128.jsonl,525,20 Taka
Qwen2.5-3B,Qwen/Qwen2.5-3B-Instruct,bangla,Bangla,banglamath,short_answer,short_answer,banglamath_0232,২০০ টাকা,False,350,False,False,False,3,3,1,False,False,results/runs/qwen2_5_3b_validation200_v3_128/results/runs/qwen2_5_3b_validation200_v3_128.jsonl,214,350
Qwen2.5-3B,Qwen/Qwen2.5-3B-Instruct,banglish_clean,Reviewed Banglish,banglamath,short_answer,short_answer,banglamath_0232,২০০ টাকা,False,105,False,False,False,3,3,1,False,False,results/runs/qwen2_5_3b_validation200_v5_banglish/results/runs/qwen2_5_3b_validation200_v5_banglish.jsonl,72,105
Qwen2.5-3B,Qwen/Qwen2.5-3B-Instruct,english,English,banglamath,short_answer,short_answer,banglamath_0232,২০০ টাকা,False,246.67 Taka,False,False,False,11,11,1,False,False,results/runs/qwen2_5_3b_validation200_v3_128/results/runs/qwen2_5_3b_validation200_v3_128.jsonl,216,246.67 Taka
Qwen2.5-3B,Qwen/Qwen2.5-3B-Instruct,bangla,Bangla,banglamath,short_answer,short_answer,banglamath_0233,৭ দিন,False,21,False,False,False,2,2,1,False,False,results/runs/qwen2_5_3b_validation200_v3_128/results/runs/qwen2_5_3b_validation200_v3_128.jsonl,379,21
Qwen2.5-3B,Qwen/Qwen2.5-3B-Instruct,banglish_clean,Reviewed Banglish,banglamath,short_answer,short_answer,banglamath_0233,৭ দিন,False,4 dine,False,False,False,6,6,1,False,False,results/runs/qwen2_5_3b_validation200_v5_banglish/results/runs/qwen2_5_3b_validation200_v5_banglish.jsonl,127,4 dine
Qwen2.5-3B,Qwen/Qwen2.5-3B-Instruct,english,English,banglamath,short_answer,short_answer,banglamath_0233,৭ দিন,False,14,False,False,False,2,2,1,False,False,results/runs/qwen2_5_3b_validation200_v3_128/results/runs/qwen2_5_3b_validation200_v3_128.jsonl,381,14
Qwen2.5-3B,Qwen/Qwen2.5-3B-Instruct,bangla,Bangla,banglamath,short_answer,short_answer,banglamath_0234,৬ দিন,False,5 days,False,False,False,6,6,1,False,False,results/runs/qwen2_5_3b_validation200_v3_128/results/runs/qwen2_5_3b_validation200_v3_128.jsonl,16,5 days
Qwen2.5-3B,Qwen/Qwen2.5-3B-Instruct,banglish_clean,Reviewed Banglish,banglamath,short_answer,short_answer,banglamath_0234,৬ দিন,False,35 dine,False,False,False,7,7,1,False,False,results/runs/qwen2_5_3b_validation200_v5_banglish/results/runs/qwen2_5_3b_validation200_v5_banglish.jsonl,6,35 dine
Qwen2.5-3B,Qwen/Qwen2.5-3B-Instruct,english,English,banglamath,short_answer,short_answer,banglamath_0234,৬ দিন,False,5,False,False,False,1,1,1,False,False,results/runs/qwen2_5_3b_validation200_v3_128/results/runs/qwen2_5_3b_validation200_v3_128.jsonl,18,5
Qwen2.5-3B,Qwen/Qwen2.5-3B-Instruct,bangla,Bangla,banglamath,short_answer,short_answer,banglamath_0236,১২ টাকা,False,30,False,False,False,2,2,1,False,False,results/runs/qwen2_5_3b_validation200_v3_128/results/runs/qwen2_5_3b_validation200_v3_128.jsonl,64,30
Qwen2.5-3B,Qwen/Qwen2.5-3B-Instruct,banglish_clean,Reviewed Banglish,banglamath,short_answer,short_answer,banglamath_0236,১২ টাকা,False,80 taka,False,False,False,7,7,1,False,False,results/runs/qwen2_5_3b_validation200_v5_banglish/results/runs/qwen2_5_3b_validation200_v5_banglish.jsonl,22,80 taka
Qwen2.5-3B,Qwen/Qwen2.5-3B-Instruct,english,English,banglamath,short_answer,short_answer,banglamath_0236,১২ টাকা,False,6 Taka,False,False,False,6,6,1,False,False,results/runs/qwen2_5_3b_validation200_v3_128/results/runs/qwen2_5_3b_validation200_v3_128.jsonl,66,6 Taka
Qwen2.5-3B,Qwen/Qwen2.5-3B-Instruct,bangla,Bangla,banglamath,short_answer,short_answer,banglamath_0237,৬৪ টাকা,False,768,False,False,False,3,3,1,False,False,results/runs/qwen2_5_3b_validation200_v3_128/results/runs/qwen2_5_3b_validation200_v3_128.jsonl,295,768
Qwen2.5-3B,Qwen/Qwen2.5-3B-Instruct,banglish_clean,Reviewed Banglish,banglamath,short_answer,short_answer,banglamath_0237,৬৪ টাকা,False,"1 dojon dimer dam 48 taka, hole 16ti dimer dam koto",False,False,False,51,51,1,False,False,results/runs/qwen2_5_3b_validation200_v5_banglish/results/runs/qwen2_5_3b_validation200_v5_banglish.jsonl,99,"1 dojon dimer dam 48 taka, hole 16ti dimer dam koto"
Qwen2.5-3B,Qwen/Qwen2.5-3B-Instruct,english,English,banglamath,short_answer,short_answer,banglamath_0237,৬৪ টাকা,False,3 Taka,False,False,False,6,6,1,False,False,results/runs/qwen2_5_3b_validation200_v3_128/results/runs/qwen2_5_3b_validation200_v3_128.jsonl,297,3 Taka
Qwen2.5-3B,Qwen/Qwen2.5-3B-Instruct,bangla,Bangla,banglamath,short_answer,short_answer,banglamath_0518,১৫০ মিটার,False,80 meters,False,False,False,9,9,1,False,False,results/runs/qwen2_5_3b_validation200_v3_128/results/runs/qwen2_5_3b_validation200_v3_128.jsonl,364,80 meters
Qwen2.5-3B,Qwen/Qwen2.5-3B-Instruct,banglish_clean,Reviewed Banglish,banglamath,short_answer,short_answer,banglamath_0518,১৫০ মিটার,False,400,False,False,False,3,3,1,False,False,results/runs/qwen2_5_3b_validation200_v5_banglish/results/runs/qwen2_5_3b_validation200_v5_banglish.jsonl,122,400
Qwen2.5-3B,Qwen/Qwen2.5-3B-Instruct,english,English,banglamath,short_answer,short_answer,banglamath_0518,১৫০ মিটার,False,200 meters,False,False,False,10,10,1,False,False,results/runs/qwen2_5_3b_validation200_v3_128/results/runs/qwen2_5_3b_validation200_v3_128.jsonl,366,200 meters
Qwen2.5-3B,Qwen/Qwen2.5-3B-Instruct,bangla,Bangla,banglamath,short_answer,short_answer,banglamath_0519,৭৫০০ বর্গমিটার,False,7500平方米,False,False,False,7,7,1,False,False,results/runs/qwen2_5_3b_validation200_v3_128/results/runs/qwen2_5_3b_validation200_v3_128.jsonl,289,7500平方米
Qwen2.5-3B,Qwen/Qwen2.5-3B-Instruct,banglish_clean,Reviewed Banglish,banglamath,short_answer,short_answer,banglamath_0519,৭৫০০ বর্গমিটার,False,300,False,False,False,3,3,1,False,False,results/runs/qwen2_5_3b_validation200_v5_banglish/results/runs/qwen2_5_3b_validation200_v5_banglish.jsonl,97,300
Qwen2.5-3B,Qwen/Qwen2.5-3B-Instruct,english,English,banglamath,short_answer,short_answer,banglamath_0519,৭৫০০ বর্গমিটার,False,7500平方米,False,False,False,7,7,1,False,False,results/runs/qwen2_5_3b_validation200_v3_128/results/runs/qwen2_5_3b_validation200_v3_128.jsonl,291,7500平方米
Qwen2.5-3B,Qwen/Qwen2.5-3B-Instruct,bangla,Bangla,banglamath,short_answer,short_answer,banglamath_0521,৭০ মিটার,False,70 meters,False,False,False,9,9,1,False,False,results/runs/qwen2_5_3b_validation200_v3_128/results/runs/qwen2_5_3b_validation200_v3_128.jsonl,574,70 meters
Qwen2.5-3B,Qwen/Qwen2.5-3B-Instruct,banglish_clean,Reviewed Banglish,banglamath,short_answer,short_answer,banglamath_0521,৭০ মিটার,False,5 mitar,False,False,False,7,7,1,False,False,results/runs/qwen2_5_3b_validation200_v5_banglish/results/runs/qwen2_5_3b_validation200_v5_banglish.jsonl,192,5 mitar
Qwen2.5-3B,Qwen/Qwen2.5-3B-Instruct,english,English,banglamath,short_answer,short_answer,banglamath_0521,৭০ মিটার,False,80 meters,False,False,False,9,9,1,False,False,results/runs/qwen2_5_3b_validation200_v3_128/results/runs/qwen2_5_3b_validation200_v3_128.jsonl,576,80 meters
Qwen2.5-3B,Qwen/Qwen2.5-3B-Instruct,bangla,Bangla,banglamath,short_answer,short_answer,banglamath_0522,১৭৬ বর্গমিটার,False,19.71 হবে জমির ক্ষেত্রফল।,False,False,False,25,25,1,False,False,results/runs/qwen2_5_3b_validation200_v3_128/results/runs/qwen2_5_3b_validation200_v3_128.jsonl,22,19.71 হবে জমির ক্ষেত্রফল।
Qwen2.5-3B,Qwen/Qwen2.5-3B-Instruct,banglish_clean,Reviewed Banglish,banglamath,short_answer,short_answer,banglamath_0522,১৭৬ বর্গমিটার,False,jomir khetrofol koto 2 mitar chowra rasta thakle rastabade jomir bhitore,False,False,False,72,72,1,False,False,results/runs/qwen2_5_3b_validation200_v5_banglish/results/runs/qwen2_5_3b_validation200_v5_banglish.jsonl,8,jomir khetrofol koto 2 mitar chowra rasta thakle rastabade jomir bhitore
Qwen2.5-3B,Qwen/Qwen2.5-3B-Instruct,english,English,banglamath,short_answer,short_answer,banglamath_0522,১৭৬ বর্গমিটার,False,.,False,False,False,94,1,1,False,False,results/runs/qwen2_5_3b_validation200_v3_128/results/runs/qwen2_5_3b_validation200_v3_128.jsonl,24,Additional information about the original land area is required to provide an accurate answer.
Qwen2.5-3B,Qwen/Qwen2.5-3B-Instruct,bangla,Bangla,banglamath,short_answer,short_answer,banglamath_0526,৩০ বর্গ মিটার,True,30 বর্গমিটার,False,False,False,12,12,1,False,False,results/runs/qwen2_5_3b_validation200_v3_128/results/runs/qwen2_5_3b_validation200_v3_128.jsonl,493,30 বর্গমিটার
Qwen2.5-3B,Qwen/Qwen2.5-3B-Instruct,banglish_clean,Reviewed Banglish,banglamath,short_answer,short_answer,banglamath_0526,৩০ বর্গ মিটার,False,3,False,False,False,1,1,1,False,False,results/runs/qwen2_5_3b_validation200_v5_banglish/results/runs/qwen2_5_3b_validation200_v5_banglish.jsonl,165,3
Qwen2.5-3B,Qwen/Qwen2.5-3B-Instruct,english,English,banglamath,short_answer,short_answer,banglamath_0526,৩০ বর্গ মিটার,True,30 square meters,False,False,False,16,16,1,False,False,results/runs/qwen2_5_3b_validation200_v3_128/results/runs/qwen2_5_3b_validation200_v3_128.jsonl,495,30 square meters
Qwen2.5-3B,Qwen/Qwen2.5-3B-Instruct,bangla,Bangla,banglamath,short_answer,short_answer,banglamath_0531,৫ মেট্রিক টন ৫০৭ কেজি ৭০০ গ্রাম,False,550700克,False,False,False,7,7,1,False,False,results/runs/qwen2_5_3b_validation200_v3_128/results/runs/qwen2_5_3b_validation200_v3_128.jsonl,481,550700克
Qwen2.5-3B,Qwen/Qwen2.5-3B-Instruct,banglish_clean,Reviewed Banglish,banglamath,short_answer,short_answer,banglamath_0531,৫ মেট্রিক টন ৫০৭ কেজি ৭০০ গ্রাম,False,2800 grams,False,False,False,10,10,1,False,False,results/runs/qwen2_5_3b_validation200_v5_banglish/results/runs/qwen2_5_3b_validation200_v5_banglish.jsonl,161,2800 grams
Qwen2.5-3B,Qwen/Qwen2.5-3B-Instruct,english,English,banglamath,short_answer,short_answer,banglamath_0531,৫ মেট্রিক টন ৫০৭ কেজি ৭০০ গ্রাম,False,55700 kg,False,False,False,8,8,1,False,False,results/runs/qwen2_5_3b_validation200_v3_128/results/runs/qwen2_5_3b_validation200_v3_128.jsonl,483,55700 kg
Qwen2.5-3B,Qwen/Qwen2.5-3B-Instruct,bangla,Bangla,banglamath,short_answer,short_answer,banglamath_0532,১ মেট্রিক টন ৭৫০ কেজি,False,23.125,False,False,False,6,6,1,False,False,results/runs/qwen2_5_3b_validation200_v3_128/results/runs/qwen2_5_3b_validation200_v3_128.jsonl,118,23.125
Qwen2.5-3B,Qwen/Qwen2.5-3B-Instruct,banglish_clean,Reviewed Banglish,banglamath,short_answer,short_answer,banglamath_0532,১ মেট্রিক টন ৭৫০ কেজি,False,4.5,False,False,False,3,3,1,False,False,results/runs/qwen2_5_3b_validation200_v5_banglish/results/runs/qwen2_5_3b_validation200_v5_banglish.jsonl,40,4.5
Qwen2.5-3B,Qwen/Qwen2.5-3B-Instruct,english,English,banglamath,short_answer,short_answer,banglamath_0532,১ মেট্রিক টন ৭৫০ কেজি,False,1.25 metric tons,False,False,False,16,16,1,False,False,results/runs/qwen2_5_3b_validation200_v3_128/results/runs/qwen2_5_3b_validation200_v3_128.jsonl,120,1.25 metric tons
Qwen2.5-3B,Qwen/Qwen2.5-3B-Instruct,bangla,Bangla,banglamath,short_answer,short_answer,banglamath_0533,৬৬৬ মেট্রিক টন ৬৬৬ কেজি ৬৬৬ গ্রাম (প্রায়),False,55.56 mt/day,False,False,False,12,12,1,False,False,results/runs/qwen2_5_3b_validation200_v3_128/results/runs/qwen2_5_3b_validation200_v3_128.jsonl,205,55.56 mt/day
Qwen2.5-3B,Qwen/Qwen2.5-3B-Instruct,banglish_clean,Reviewed Banglish,banglamath,short_answer,short_answer,banglamath_0533,৬৬৬ মেট্রিক টন ৬৬৬ কেজি ৬৬৬ গ্রাম (প্রায়),False,20000,False,False,False,5,5,1,False,False,results/runs/qwen2_5_3b_validation200_v5_banglish/results/runs/qwen2_5_3b_validation200_v5_banglish.jsonl,69,20000
Qwen2.5-3B,Qwen/Qwen2.5-3B-Instruct,english,English,banglamath,short_answer,short_answer,banglamath_0533,৬৬৬ মেট্রিক টন ৬৬৬ কেজি ৬৬৬ গ্রাম (প্রায়),False,6666.67 metric tons,False,False,False,19,19,1,False,False,results/runs/qwen2_5_3b_validation200_v3_128/results/runs/qwen2_5_3b_validation200_v3_128.jsonl,207,6666.67 metric tons
Qwen2.5-3B,Qwen/Qwen2.5-3B-Instruct,bangla,Bangla,banglamath,short_answer,short_answer,banglamath_0538,৩৮৪ বর্গ মিটার,False,480平方米,False,False,False,6,6,1,False,False,results/runs/qwen2_5_3b_validation200_v3_128/results/runs/qwen2_5_3b_validation200_v3_128.jsonl,355,480平方米
Qwen2.5-3B,Qwen/Qwen2.5-3B-Instruct,banglish_clean,Reviewed Banglish,banglamath,short_answer,short_answer,banglamath_0538,৩৮৪ বর্গ মিটার,False,142,False,False,False,3,3,1,False,False,results/runs/qwen2_5_3b_validation200_v5_banglish/results/runs/qwen2_5_3b_validation200_v5_banglish.jsonl,119,142
Qwen2.5-3B,Qwen/Qwen2.5-3B-Instruct,english,English,banglamath,short_answer,short_answer,banglamath_0538,৩৮৪ বর্গ মিটার,False,1104 sq.m,False,False,False,9,9,1,False,False,results/runs/qwen2_5_3b_validation200_v3_128/results/runs/qwen2_5_3b_validation200_v3_128.jsonl,357,1104 sq.m
Qwen2.5-3B,Qwen/Qwen2.5-3B-Instruct,bangla,Bangla,banglamath,short_answer,short_answer,banglamath_0539,১৪৭ বর্গমিটার,False,250 বর্গমিটার,False,False,False,13,13,1,False,False,results/runs/qwen2_5_3b_validation200_v3_128/results/runs/qwen2_5_3b_validation200_v3_128.jsonl,400,250 বর্গমিটার
Qwen2.5-3B,Qwen/Qwen2.5-3B-Instruct,banglish_clean,Reviewed Banglish,banglamath,short_answer,short_answer,banglamath_0539,১৪৭ বর্গমিটার,False,427.50 taka,False,False,False,11,11,1,False,False,results/runs/qwen2_5_3b_validation200_v5_banglish/results/runs/qwen2_5_3b_validation200_v5_banglish.jsonl,134,427.50 taka
Qwen2.5-3B,Qwen/Qwen2.5-3B-Instruct,english,English,banglamath,short_answer,short_answer,banglamath_0539,১৪৭ বর্গমিটার,False,147 sq. meters,False,False,False,14,14,1,False,False,results/runs/qwen2_5_3b_validation200_v3_128/results/runs/qwen2_5_3b_validation200_v3_128.jsonl,402,147 sq. meters
Qwen2.5-3B,Qwen/Qwen2.5-3B-Instruct,bangla,Bangla,banglamath,short_answer,short_answer,banglamath_0540,২১ মিটার,False,21 meters,False,False,False,9,9,1,False,False,results/runs/qwen2_5_3b_validation200_v3_128/results/runs/qwen2_5_3b_validation200_v3_128.jsonl,292,21 meters
Qwen2.5-3B,Qwen/Qwen2.5-3B-Instruct,banglish_clean,Reviewed Banglish,banglamath,short_answer,short_answer,banglamath_0540,২১ মিটার,False,147,False,False,False,3,3,1,False,False,results/runs/qwen2_5_3b_validation200_v5_banglish/results/runs/qwen2_5_3b_validation200_v5_banglish.jsonl,98,147
Qwen2.5-3B,Qwen/Qwen2.5-3B-Instruct,english,English,banglamath,short_answer,short_answer,banglamath_0540,২১ মিটার,False,21 meters,False,False,False,9,9,1,False,False,results/runs/qwen2_5_3b_validation200_v3_128/results/runs/qwen2_5_3b_validation200_v3_128.jsonl,294,21 meters
Qwen2.5-3B,Qwen/Qwen2.5-3B-Instruct,bangla,Bangla,banglamath,short_answer,short_answer,banglamath_0541,৪৪৪ বর্গমিটার,False,450平方米,False,False,False,6,6,1,False,False,results/runs/qwen2_5_3b_validation200_v3_128/results/runs/qwen2_5_3b_validation200_v3_128.jsonl,46,450平方米
Qwen2.5-3B,Qwen/Qwen2.5-3B-Instruct,banglish_clean,Reviewed Banglish,banglamath,short_answer,short_answer,banglamath_0541,৪৪৪ বর্গমিটার,False,20,False,False,False,2,2,1,False,False,results/runs/qwen2_5_3b_validation200_v5_banglish/results/runs/qwen2_5_3b_validation200_v5_banglish.jsonl,16,20
Qwen2.5-3B,Qwen/Qwen2.5-3B-Instruct,english,English,banglamath,short_answer,short_answer,banglamath_0541,৪৪৪ বর্গমিটার,False,474平方米,False,False,False,6,6,1,False,False,results/runs/qwen2_5_3b_validation200_v3_128/results/runs/qwen2_5_3b_validation200_v3_128.jsonl,48,474平方米
Qwen2.5-3B,Qwen/Qwen2.5-3B-Instruct,bangla,Bangla,banglamath,short_answer,short_answer,banglamath_0542,৩৪০০ টাকা,False,4400,False,False,False,4,4,1,False,False,results/runs/qwen2_5_3b_validation200_v3_128/results/runs/qwen2_5_3b_validation200_v3_128.jsonl,133,4400
Qwen2.5-3B,Qwen/Qwen2.5-3B-Instruct,banglish_clean,Reviewed Banglish,banglamath,short_answer,short_answer,banglamath_0542,৩৪০০ টাকা,False,10,False,False,False,2,2,1,False,False,results/runs/qwen2_5_3b_validation200_v5_banglish/results/runs/qwen2_5_3b_validation200_v5_banglish.jsonl,45,10
Qwen2.5-3B,Qwen/Qwen2.5-3B-Instruct,english,English,banglamath,short_answer,short_answer,banglamath_0542,৩৪০০ টাকা,False,4600 Taka,False,False,False,9,9,1,False,False,results/runs/qwen2_5_3b_validation200_v3_128/results/runs/qwen2_5_3b_validation200_v3_128.jsonl,135,4600 Taka
Qwen2.5-3B,Qwen/Qwen2.5-3B-Instruct,bangla,Bangla,banglamath,short_answer,short_answer,banglamath_0549,৪৫০ বর্গমিটার,False,387.5 square meters,False,False,False,19,19,1,False,False,results/runs/qwen2_5_3b_validation200_v3_128/results/runs/qwen2_5_3b_validation200_v3_128.jsonl,418,387.5 square meters
Qwen2.5-3B,Qwen/Qwen2.5-3B-Instruct,banglish_clean,Reviewed Banglish,banglamath,short_answer,short_answer,banglamath_0549,৪৫০ বর্গমিটার,False,35,False,False,False,2,2,1,False,False,results/runs/qwen2_5_3b_validation200_v5_banglish/results/runs/qwen2_5_3b_validation200_v5_banglish.jsonl,140,35
Qwen2.5-3B,Qwen/Qwen2.5-3B-Instruct,english,English,banglamath,short_answer,short_answer,banglamath_0549,৪৫০ বর্গমিটার,False,645㎡,False,False,False,4,4,1,False,False,results/runs/qwen2_5_3b_validation200_v3_128/results/runs/qwen2_5_3b_validation200_v3_128.jsonl,420,645㎡
Qwen2.5-3B,Qwen/Qwen2.5-3B-Instruct,bangla,Bangla,banglamath,short_answer,short_answer,banglamath_0550,২২৫৬.২৫ বর্গমিটার,False,24025 square meters,False,False,False,19,19,1,False,False,results/runs/qwen2_5_3b_validation200_v3_128/results/runs/qwen2_5_3b_validation200_v3_128.jsonl,190,24025 square meters
Qwen2.5-3B,Qwen/Qwen2.5-3B-Instruct,banglish_clean,Reviewed Banglish,banglamath,short_answer,short_answer,banglamath_0550,২২৫৬.২৫ বর্গমিটার,False,bishisht borgakar,False,False,False,17,17,1,False,False,results/runs/qwen2_5_3b_validation200_v5_banglish/results/runs/qwen2_5_3b_validation200_v5_banglish.jsonl,64,bishisht borgakar
Qwen2.5-3B,Qwen/Qwen2.5-3B-Instruct,english,English,banglamath,short_answer,short_answer,banglamath_0550,২২৫৬.২৫ বর্গমিটার,False,840.625,False,False,False,7,7,1,False,False,results/runs/qwen2_5_3b_validation200_v3_128/results/runs/qwen2_5_3b_validation200_v3_128.jsonl,192,840.625
Qwen2.5-3B,Qwen/Qwen2.5-3B-Instruct,bangla,Bangla,banglamath,short_answer,short_answer,banglamath_0552,৪৫০০ বর্গগজ,True,4500 বর্গগজ,False,False,False,11,11,1,False,False,results/runs/qwen2_5_3b_validation200_v3_128/results/runs/qwen2_5_3b_validation200_v3_128.jsonl,391,4500 বর্গগজ
Qwen2.5-3B,Qwen/Qwen2.5-3B-Instruct,banglish_clean,Reviewed Banglish,banglamath,short_answer,short_answer,banglamath_0552,৪৫০০ বর্গগজ,False,30 goj,False,False,False,6,6,1,False,False,results/runs/qwen2_5_3b_validation200_v5_banglish/results/runs/qwen2_5_3b_validation200_v5_banglish.jsonl,131,30 goj
Qwen2.5-3B,Qwen/Qwen2.5-3B-Instruct,english,English,banglamath,short_answer,short_answer,banglamath_0552,৪৫০০ বর্গগজ,False,4500 square yards,False,False,False,17,17,1,False,False,results/runs/qwen2_5_3b_validation200_v3_128/results/runs/qwen2_5_3b_validation200_v3_128.jsonl,393,4500 square yards
Qwen2.5-3B,Qwen/Qwen2.5-3B-Instruct,bangla,Bangla,banglamath,short_answer,short_answer,banglamath_0553,১১২৫টি,False,4575,False,False,False,4,4,1,False,False,results/runs/qwen2_5_3b_validation200_v3_128/results/runs/qwen2_5_3b_validation200_v3_128.jsonl,250,4575
Qwen2.5-3B,Qwen/Qwen2.5-3B-Instruct,banglish_clean,Reviewed Banglish,banglamath,short_answer,short_answer,banglamath_0553,১১২৫টি,False,4055 Borgogos.,False,False,False,34,14,1,False,False,results/runs/qwen2_5_3b_validation200_v5_banglish/results/runs/qwen2_5_3b_validation200_v5_banglish.jsonl,84,The final answer is 4055 Borgogos.
Qwen2.5-3B,Qwen/Qwen2.5-3B-Instruct,english,English,banglamath,short_answer,short_answer,banglamath_0553,১১২৫টি,False,2250 stones,False,False,False,11,11,1,False,False,results/runs/qwen2_5_3b_validation200_v3_128/results/runs/qwen2_5_3b_validation200_v3_128.jsonl,252,2250 stones
Qwen2.5-3B,Qwen/Qwen2.5-3B-Instruct,bangla,Bangla,banglamath,short_answer,short_answer,banglamath_0557,৯৩০ টাকা,False,9900,False,False,False,4,4,1,False,False,results/runs/qwen2_5_3b_validation200_v3_128/results/runs/qwen2_5_3b_validation200_v3_128.jsonl,55,9900
Qwen2.5-3B,Qwen/Qwen2.5-3B-Instruct,banglish_clean,Reviewed Banglish,banglamath,short_answer,short_answer,banglamath_0557,৯৩০ টাকা,False,120-31.5 = 88.5,False,False,False,15,15,1,False,False,results/runs/qwen2_5_3b_validation200_v5_banglish/results/runs/qwen2_5_3b_validation200_v5_banglish.jsonl,19,120-31.5 = 88.5
Qwen2.5-3B,Qwen/Qwen2.5-3B-Instruct,english,English,banglamath,short_answer,short_answer,banglamath_0557,৯৩০ টাকা,False,1125,False,False,False,4,4,1,False,False,results/runs/qwen2_5_3b_validation200_v3_128/results/runs/qwen2_5_3b_validation200_v3_128.jsonl,57,1125
Qwen2.5-3B,Qwen/Qwen2.5-3B-Instruct,bangla,Bangla,banglamath,short_answer,short_answer,banglamath_0558,২০ মিটার,False,30,False,False,False,2,2,1,False,False,results/runs/qwen2_5_3b_validation200_v3_128/results/runs/qwen2_5_3b_validation200_v3_128.jsonl,592,30
Qwen2.5-3B,Qwen/Qwen2.5-3B-Instruct,banglish_clean,Reviewed Banglish,banglamath,short_answer,short_answer,banglamath_0558,২০ মিটার,False,3,False,False,False,1,1,1,False,False,results/runs/qwen2_5_3b_validation200_v5_banglish/results/runs/qwen2_5_3b_validation200_v5_banglish.jsonl,198,3
Qwen2.5-3B,Qwen/Qwen2.5-3B-Instruct,english,English,banglamath,short_answer,short_answer,banglamath_0558,২০ মিটার,False,20,False,False,False,2,2,1,False,False,results/runs/qwen2_5_3b_validation200_v3_128/results/runs/qwen2_5_3b_validation200_v3_128.jsonl,594,20
Qwen2.5-3B,Qwen/Qwen2.5-3B-Instruct,bangla,Bangla,banglamath,short_answer,short_answer,banglamath_0559,১৬০০ বর্গমিটার,False,400 square meters,False,False,False,17,17,1,False,False,results/runs/qwen2_5_3b_validation200_v3_128/results/runs/qwen2_5_3b_validation200_v3_128.jsonl,571,400 square meters
Qwen2.5-3B,Qwen/Qwen2.5-3B-Instruct,banglish_clean,Reviewed Banglish,banglamath,short_answer,short_answer,banglamath_0559,১৬০০ বর্গমিটার,False,160,False,False,False,3,3,1,False,False,results/runs/qwen2_5_3b_validation200_v5_banglish/results/runs/qwen2_5_3b_validation200_v5_banglish.jsonl,191,160
Qwen2.5-3B,Qwen/Qwen2.5-3B-Instruct,english,English,banglamath,short_answer,short_answer,banglamath_0559,১৬০০ বর্গমিটার,False,6400 square meters,False,False,False,18,18,1,False,False,results/runs/qwen2_5_3b_validation200_v3_128/results/runs/qwen2_5_3b_validation200_v3_128.jsonl,573,6400 square meters
Qwen2.5-3B,Qwen/Qwen2.5-3B-Instruct,bangla,Bangla,banglamath,short_answer,short_answer,banglamath_1684,"১২, ১২, ৩ বছর",False,25,False,False,False,2,2,1,False,False,results/runs/qwen2_5_3b_validation200_v3_128/results/runs/qwen2_5_3b_validation200_v3_128.jsonl,517,25
Qwen2.5-3B,Qwen/Qwen2.5-3B-Instruct,banglish_clean,Reviewed Banglish,banglamath,short_answer,short_answer,banglamath_1684,"১২, ১২, ৩ বছর",False,27,False,False,False,2,2,1,False,False,results/runs/qwen2_5_3b_validation200_v5_banglish/results/runs/qwen2_5_3b_validation200_v5_banglish.jsonl,173,27
Qwen2.5-3B,Qwen/Qwen2.5-3B-Instruct,english,English,banglamath,short_answer,short_answer,banglamath_1684,"১২, ১২, ৩ বছর",False,"The current ages of Mr. Karim's sons are 10 years, 10 years, and 9 years.",False,False,False,73,73,1,False,False,results/runs/qwen2_5_3b_validation200_v3_128/results/runs/qwen2_5_3b_validation200_v3_128.jsonl,519,"The current ages of Mr. Karim's sons are 10 years, 10 years, and 9 years."
Qwen2.5-3B,Qwen/Qwen2.5-3B-Instruct,bangla,Bangla,banglamath,short_answer,short_answer,banglamath_1685,দুইজনের বয়স সমান,False,3 years,False,False,False,7,7,1,False,False,results/runs/qwen2_5_3b_validation200_v3_128/results/runs/qwen2_5_3b_validation200_v3_128.jsonl,157,3 years
Qwen2.5-3B,Qwen/Qwen2.5-3B-Instruct,banglish_clean,Reviewed Banglish,banglamath,short_answer,short_answer,banglamath_1685,দুইজনের বয়স সমান,False,jiboner naki julir krom,False,False,False,23,23,1,False,False,results/runs/qwen2_5_3b_validation200_v5_banglish/results/runs/qwen2_5_3b_validation200_v5_banglish.jsonl,53,jiboner naki julir krom
Qwen2.5-3B,Qwen/Qwen2.5-3B-Instruct,english,English,banglamath,short_answer,short_answer,banglamath_1685,দুইজনের বয়স সমান,False,Jibon,False,False,False,5,5,1,False,False,results/runs/qwen2_5_3b_validation200_v3_128/results/runs/qwen2_5_3b_validation200_v3_128.jsonl,159,Jibon
Qwen2.5-3B,Qwen/Qwen2.5-3B-Instruct,bangla,Bangla,banglamath,short_answer,short_answer,banglamath_1686,প্রতেকে পাবে ৫/৬ আপেল।অর্থাৎ ১টি আপেলের অর্ধেক +১টি আপেলের ১/৩ ভাগ।,False,"Each of the 6 boys should get 5 apples divided into 3 equal parts, resulting in each part being 1.6667 (or approximately 1.67) of an apple. Since cutting an apple into exact 3 equal parts might not be practical, the apples can be cut into as close to 3 equal parts as possible for practical distribution.",False,False,False,304,304,1,False,True,results/runs/qwen2_5_3b_validation200_v3_128/results/runs/qwen2_5_3b_validation200_v3_128.jsonl,454,"Each of the 6 boys should get 5 apples divided into 3 equal parts, resulting in each part being 1.6667 (or approximately 1.67) of an apple. Since cutting an ..."
Qwen2.5-3B,Qwen/Qwen2.5-3B-Instruct,banglish_clean,Reviewed Banglish,banglamath,short_answer,short_answer,banglamath_1686,প্রতেকে পাবে ৫/৬ আপেল।অর্থাৎ ১টি আপেলের অর্ধেক +১টি আপেলের ১/৩ ভাগ।,False,"The given statement appears to be in Bengali and seems to be discussing a medical context, possibly related to a doctor's consultation or treatment plan. However, the provided text does not match the question asked. The question asks about the impact of 5ti apeloke (likely referring to a medical procedure) on 6 jon baloker (possibly meaning six patients), with a mention that 3 of them experienced side effects. The additional bi: dr: proyojon hole apeloke sorbochch soman 3 tukorate kata jabe. (which roughly translates to ""the doctor said that 3 side effects",False,False,False,562,562,1,False,True,results/runs/qwen2_5_3b_validation200_v5_banglish/results/runs/qwen2_5_3b_validation200_v5_banglish.jsonl,152,"The given statement appears to be in Bengali and seems to be discussing a medical context, possibly related to a doctor's consultation or treatment plan. How..."
Qwen2.5-3B,Qwen/Qwen2.5-3B-Instruct,english,English,banglamath,short_answer,short_answer,banglamath_1686,প্রতেকে পাবে ৫/৬ আপেল।অর্থাৎ ১টি আপেলের অর্ধেক +১টি আপেলের ১/৩ ভাগ।,False,"Each boy would receive \(\frac{5}{6}\) of an apple, which can be achieved by cutting each of the 5 apples into 3 equal pieces, resulting in 15 pieces. Then, each of the 6 boys would get 2 pieces and there would be 3 pieces left over.",False,False,False,233,233,1,False,True,results/runs/qwen2_5_3b_validation200_v3_128/results/runs/qwen2_5_3b_validation200_v3_128.jsonl,456,"Each boy would receive \(\frac{5}{6}\) of an apple, which can be achieved by cutting each of the 5 apples into 3 equal pieces, resulting in 15 pieces. Then, ..."
Qwen2.5-3B,Qwen/Qwen2.5-3B-Instruct,bangla,Bangla,banglamath,short_answer,short_answer,banglamath_1687,"কাঠালের ওজন ৩ কিলোগ্রাম , তরমুজের ওজন ৪ কিলোগ্রাম",False,4,False,False,False,1,1,1,False,False,results/runs/qwen2_5_3b_validation200_v3_128/results/runs/qwen2_5_3b_validation200_v3_128.jsonl,325,4
Qwen2.5-3B,Qwen/Qwen2.5-3B-Instruct,banglish_clean,Reviewed Banglish,banglamath,short_answer,short_answer,banglamath_1687,"কাঠালের ওজন ৩ কিলোগ্রাম , তরমুজের ওজন ৪ কিলোগ্রাম",False,1 kilogram,False,False,False,10,10,1,False,False,results/runs/qwen2_5_3b_validation200_v5_banglish/results/runs/qwen2_5_3b_validation200_v5_banglish.jsonl,109,1 kilogram
Qwen2.5-3B,Qwen/Qwen2.5-3B-Instruct,english,English,banglamath,short_answer,short_answer,banglamath_1687,"কাঠালের ওজন ৩ কিলোগ্রাম , তরমুজের ওজন ৪ কিলোগ্রাম",False,8 kg,False,False,False,4,4,1,False,False,results/runs/qwen2_5_3b_validation200_v3_128/results/runs/qwen2_5_3b_validation200_v3_128.jsonl,327,8 kg
Qwen2.5-3B,Qwen/Qwen2.5-3B-Instruct,bangla,Bangla,banglamath,short_answer,short_answer,banglamath_1688,"বাবুর্চী কাটে ৭০ মিনিটে ২১০টি পেঁয়াজ, সহকারী কাটে ১৯০টি পেঁয়াজ ৯৫ মিনিটে",False,"Baburchi cooked 240 pieces of payaj, and it took him 80 minutes.",False,False,False,64,64,1,False,False,results/runs/qwen2_5_3b_validation200_v3_128/results/runs/qwen2_5_3b_validation200_v3_128.jsonl,145,"Baburchi cooked 240 pieces of payaj, and it took him 80 minutes."
Qwen2.5-3B,Qwen/Qwen2.5-3B-Instruct,banglish_clean,Reviewed Banglish,banglamath,short_answer,short_answer,banglamath_1688,"বাবুর্চী কাটে ৭০ মিনিটে ২১০টি পেঁয়াজ, সহকারী কাটে ১৯০টি পেঁয়াজ ৯৫ মিনিটে",False,150,False,False,False,3,3,1,False,False,results/runs/qwen2_5_3b_validation200_v5_banglish/results/runs/qwen2_5_3b_validation200_v5_banglish.jsonl,49,150
Qwen2.5-3B,Qwen/Qwen2.5-3B-Instruct,english,English,banglamath,short_answer,short_answer,banglamath_1688,"বাবুর্চী কাটে ৭০ মিনিটে ২১০টি পেঁয়াজ, সহকারী কাটে ১৯০টি পেঁয়াজ ৯৫ মিনিটে",False,"Chef: 275 onions, Assistant: 125 onions, Worked for 37. 5 minutes.",False,False,False,66,66,1,False,False,results/runs/qwen2_5_3b_validation200_v3_128/results/runs/qwen2_5_3b_validation200_v3_128.jsonl,147,"Chef: 275 onions, Assistant: 125 onions, Worked for 37. 5 minutes."
Qwen2.5-3B,Qwen/Qwen2.5-3B-Instruct,bangla,Bangla,banglamath,short_answer,short_answer,banglamath_1690,"সেন্টুর ছিল ১০টি, মিন্টুর ছিল ১৪টি খেলনা গাড়ি",False,2,False,False,False,1,1,1,False,False,results/runs/qwen2_5_3b_validation200_v3_128/results/runs/qwen2_5_3b_validation200_v3_128.jsonl,319,2
Qwen2.5-3B,Qwen/Qwen2.5-3B-Instruct,banglish_clean,Reviewed Banglish,banglamath,short_answer,short_answer,banglamath_1690,"সেন্টুর ছিল ১০টি, মিন্টুর ছিল ১৪টি খেলনা গাড়ি",False,shurute kar koyoti gari chhil ekhon mintur dwigun.,False,False,False,50,50,1,False,False,results/runs/qwen2_5_3b_validation200_v5_banglish/results/runs/qwen2_5_3b_validation200_v5_banglish.jsonl,107,shurute kar koyoti gari chhil ekhon mintur dwigun.
Qwen2.5-3B,Qwen/Qwen2.5-3B-Instruct,english,English,banglamath,short_answer,short_answer,banglamath_1690,"সেন্টুর ছিল ১০টি, মিন্টুর ছিল ১৪টি খেলনা গাড়ি",False,Mintu initially had 6 cars and Sentu initially had 8 cars.,False,False,False,58,58,1,False,False,results/runs/qwen2_5_3b_validation200_v3_128/results/runs/qwen2_5_3b_validation200_v3_128.jsonl,321,Mintu initially had 6 cars and Sentu initially had 8 cars.
Qwen2.5-3B,Qwen/Qwen2.5-3B-Instruct,bangla,Bangla,banglamath,short_answer,short_answer,banglamath_1691,প্রথমে ৩ লিটারের পাত্রে ৩ লিটার দুধ নিয়ে তা ৫ লিটারের পাত্রে ঢালতে হবে। এবারও একইভাবে আবারও ৩ লিটার দুধ নিয়ে ৫ লিটারের পাত্রে আছে আরো ঢালতে হবে যতক্ষণ না ৫ লিটারের পাত্রটি পূর্ণ হয়। পাত্রটি পূর্ণ হওয়ার পর যে অবশিষ্ট দুধ ৩ লিটারের পাত্রে থেকে যাবে তার পরিমাণ ১ লিটার।,False,"জেডযেসব পাত্র দুটি ব্যবহার করে গোয়ালা 5 লিটার পাত্র থেকে 3 লিটার দুধ বাহির করে রেখে, পরবর্তীতে 3 লিটার পাত্র থেকে 1 লিটার �",False,False,False,124,124,1,False,True,results/runs/qwen2_5_3b_validation200_v3_128/results/runs/qwen2_5_3b_validation200_v3_128.jsonl,577,"জেডযেসব পাত্র দুটি ব্যবহার করে গোয়ালা 5 লিটার পাত্র থেকে 3 লিটার দুধ বাহির করে রেখে, পরবর্তীতে 3 লিটার পাত্র থেকে 1 লিটার �"
Qwen2.5-3B,Qwen/Qwen2.5-3B-Instruct,banglish_clean,Reviewed Banglish,banglamath,short_answer,short_answer,banglamath_1691,প্রথমে ৩ লিটারের পাত্রে ৩ লিটার দুধ নিয়ে তা ৫ লিটারের পাত্রে ঢালতে হবে। এবারও একইভাবে আবারও ৩ লিটার দুধ নিয়ে ৫ লিটারের পাত্রে আছে আরো ঢালতে হবে যতক্ষণ না ৫ লিটারের পাত্রটি পূর্ণ হয়। পাত্রটি পূর্ণ হওয়ার পর যে অবশিষ্ট দুধ ৩ লিটারের পাত্রে থেকে যাবে তার পরিমাণ ১ লিটার।,False,25%,False,False,False,3,3,1,False,False,results/runs/qwen2_5_3b_validation200_v5_banglish/results/runs/qwen2_5_3b_validation200_v5_banglish.jsonl,193,25%
Qwen2.5-3B,Qwen/Qwen2.5-3B-Instruct,english,English,banglamath,short_answer,short_answer,banglamath_1691,প্রথমে ৩ লিটারের পাত্রে ৩ লিটার দুধ নিয়ে তা ৫ লিটারের পাত্রে ঢালতে হবে। এবারও একইভাবে আবারও ৩ লিটার দুধ নিয়ে ৫ লিটারের পাত্রে আছে আরো ঢালতে হবে যতক্ষণ না ৫ লিটারের পাত্রটি পূর্ণ হয়। পাত্রটি পূর্ণ হওয়ার পর যে অবশিষ্ট দুধ ৩ লিটারের পাত্রে থেকে যাবে তার পরিমাণ ১ লিটার।,False,5. Fill the 5-liter container again.,False,False,False,516,36,7,True,True,results/runs/qwen2_5_3b_validation200_v3_128/results/runs/qwen2_5_3b_validation200_v3_128.jsonl,579,Beru can measure exactly 1 liter of milk by following these steps: 1. Fill the 5-liter container completely. 2. Pour milk from the 5-liter container into the...
Qwen2.5-3B,Qwen/Qwen2.5-3B-Instruct,bangla,Bangla,banglamath,short_answer,short_answer,banglamath_1692,"১জন পুরুষ, ৫ জন মহিলা এবং ১৪ জন শিশু",False,10,False,False,False,2,2,1,False,False,results/runs/qwen2_5_3b_validation200_v3_128/results/runs/qwen2_5_3b_validation200_v3_128.jsonl,160,10
Qwen2.5-3B,Qwen/Qwen2.5-3B-Instruct,banglish_clean,Reviewed Banglish,banglamath,short_answer,short_answer,banglamath_1692,"১জন পুরুষ, ৫ জন মহিলা এবং ১৪ জন শিশু",False,5,False,False,False,7,1,3,True,False,results/runs/qwen2_5_3b_validation200_v5_banglish/results/runs/qwen2_5_3b_validation200_v5_banglish.jsonl,54,20 10 5
Qwen2.5-3B,Qwen/Qwen2.5-3B-Instruct,english,English,banglamath,short_answer,short_answer,banglamath_1692,"১জন পুরুষ, ৫ জন মহিলা এবং ১৪ জন শিশু",False,"4 men, 6 women, and 10 children.",False,False,False,32,32,1,False,False,results/runs/qwen2_5_3b_validation200_v3_128/results/runs/qwen2_5_3b_validation200_v3_128.jsonl,162,"4 men, 6 women, and 10 children."
Qwen2.5-3B,Qwen/Qwen2.5-3B-Instruct,bangla,Bangla,banglamath,short_answer,short_answer,banglamath_1693,24,False,28,False,False,False,2,2,1,False,False,results/runs/qwen2_5_3b_validation200_v3_128/results/runs/qwen2_5_3b_validation200_v3_128.jsonl,109,28
Qwen2.5-3B,Qwen/Qwen2.5-3B-Instruct,banglish_clean,Reviewed Banglish,banglamath,short_answer,short_answer,banglamath_1693,24,False,10,False,False,False,2,2,1,False,False,results/runs/qwen2_5_3b_validation200_v5_banglish/results/runs/qwen2_5_3b_validation200_v5_banglish.jsonl,37,10
Qwen2.5-3B,Qwen/Qwen2.5-3B-Instruct,english,English,banglamath,short_answer,short_answer,banglamath_1693,24,False,56,False,False,False,2,2,1,False,False,results/runs/qwen2_5_3b_validation200_v3_128/results/runs/qwen2_5_3b_validation200_v3_128.jsonl,111,56
Qwen2.5-3B,Qwen/Qwen2.5-3B-Instruct,bangla,Bangla,banglamath,short_answer,short_answer,banglamath_1694,১ মিনিট,False,10 minutes,False,False,False,10,10,1,False,False,results/runs/qwen2_5_3b_validation200_v3_128/results/runs/qwen2_5_3b_validation200_v3_128.jsonl,241,10 minutes
Qwen2.5-3B,Qwen/Qwen2.5-3B-Instruct,banglish_clean,Reviewed Banglish,banglamath,short_answer,short_answer,banglamath_1694,১ মিনিট,False,20,False,False,False,2,2,1,False,False,results/runs/qwen2_5_3b_validation200_v5_banglish/results/runs/qwen2_5_3b_validation200_v5_banglish.jsonl,81,20
Qwen2.5-3B,Qwen/Qwen2.5-3B-Instruct,english,English,banglamath,short_answer,short_answer,banglamath_1694,১ মিনিট,False,300 seconds,False,False,False,11,11,1,False,False,results/runs/qwen2_5_3b_validation200_v3_128/results/runs/qwen2_5_3b_validation200_v3_128.jsonl,243,300 seconds
Qwen2.5-3B,Qwen/Qwen2.5-3B-Instruct,bangla,Bangla,banglamath,short_answer,short_answer,banglamath_1695,"নারিকেল গাছ 60টি, আম গাছ ৪৫টি, বট গাছ ৩৬টি, ফুলের গাছ ৩৯টি",False,45,False,False,False,2,2,1,False,False,results/runs/qwen2_5_3b_validation200_v3_128/results/runs/qwen2_5_3b_validation200_v3_128.jsonl,595,45
Qwen2.5-3B,Qwen/Qwen2.5-3B-Instruct,banglish_clean,Reviewed Banglish,banglamath,short_answer,short_answer,banglamath_1695,"নারিকেল গাছ 60টি, আম গাছ ৪৫টি, বট গাছ ৩৬টি, ফুলের গাছ ৩৯টি",False,3/4,False,False,False,3,3,1,False,False,results/runs/qwen2_5_3b_validation200_v5_banglish/results/runs/qwen2_5_3b_validation200_v5_banglish.jsonl,199,3/4
Qwen2.5-3B,Qwen/Qwen2.5-3B-Instruct,english,English,banglamath,short_answer,short_answer,banglamath_1695,"নারিকেল গাছ 60টি, আম গাছ ৪৫টি, বট গাছ ৩৬টি, ফুলের গাছ ৩৯টি",False,\[ \frac{1}{3,False,False,False,433,13,9,True,True,results/runs/qwen2_5_3b_validation200_v3_128/results/runs/qwen2_5_3b_validation200_v3_128.jsonl,597,"To solve this problem, we need to find the total number of trees in the park and then determine how many coconut trees, mango trees, and banyan trees there a..."
Qwen2.5-3B,Qwen/Qwen2.5-3B-Instruct,bangla,Bangla,banglamath,short_answer,short_answer,banglamath_1696,০.১৮ লিটার অথবা ১.৮ লিটার,False,500 liters,False,False,False,10,10,1,False,False,results/runs/qwen2_5_3b_validation200_v3_128/results/runs/qwen2_5_3b_validation200_v3_128.jsonl,478,500 liters
Qwen2.5-3B,Qwen/Qwen2.5-3B-Instruct,banglish_clean,Reviewed Banglish,banglamath,short_answer,short_answer,banglamath_1696,০.১৮ লিটার অথবা ১.৮ লিটার,False,5 grams,False,False,False,7,7,1,False,False,results/runs/qwen2_5_3b_validation200_v5_banglish/results/runs/qwen2_5_3b_validation200_v5_banglish.jsonl,160,5 grams
Qwen2.5-3B,Qwen/Qwen2.5-3B-Instruct,english,English,banglamath,short_answer,short_answer,banglamath_1696,০.১৮ লিটার অথবা ১.৮ লিটার,False,200 grams,False,False,False,9,9,1,False,False,results/runs/qwen2_5_3b_validation200_v3_128/results/runs/qwen2_5_3b_validation200_v3_128.jsonl,480,200 grams
Qwen2.5-3B,Qwen/Qwen2.5-3B-Instruct,bangla,Bangla,banglamath,short_answer,short_answer,banglamath_1697,70,False,35,False,False,False,2,2,1,False,False,results/runs/qwen2_5_3b_validation200_v3_128/results/runs/qwen2_5_3b_validation200_v3_128.jsonl,553,35
Qwen2.5-3B,Qwen/Qwen2.5-3B-Instruct,banglish_clean,Reviewed Banglish,banglamath,short_answer,short_answer,banglamath_1697,70,False,50,False,False,False,2,2,1,False,False,results/runs/qwen2_5_3b_validation200_v5_banglish/results/runs/qwen2_5_3b_validation200_v5_banglish.jsonl,185,50
Qwen2.5-3B,Qwen/Qwen2.5-3B-Instruct,english,English,banglamath,short_answer,short_answer,banglamath_1697,70,False,40,False,False,False,2,2,1,False,False,results/runs/qwen2_5_3b_validation200_v3_128/results/runs/qwen2_5_3b_validation200_v3_128.jsonl,555,40
Qwen2.5-3B,Qwen/Qwen2.5-3B-Instruct,bangla,Bangla,banglamath,short_answer,short_answer,banglamath_1698,১৩ টা,False,6,False,False,False,1,1,1,False,False,results/runs/qwen2_5_3b_validation200_v3_128/results/runs/qwen2_5_3b_validation200_v3_128.jsonl,235,6
Qwen2.5-3B,Qwen/Qwen2.5-3B-Instruct,banglish_clean,Reviewed Banglish,banglamath,short_answer,short_answer,banglamath_1698,১৩ টা,False,12,False,False,False,2,2,1,False,False,results/runs/qwen2_5_3b_validation200_v5_banglish/results/runs/qwen2_5_3b_validation200_v5_banglish.jsonl,79,12
Qwen2.5-3B,Qwen/Qwen2.5-3B-Instruct,english,English,banglamath,short_answer,short_answer,banglamath_1698,১৩ টা,False,9,False,False,False,1,1,1,False,False,results/runs/qwen2_5_3b_validation200_v3_128/results/runs/qwen2_5_3b_validation200_v3_128.jsonl,237,9
Qwen2.5-3B,Qwen/Qwen2.5-3B-Instruct,bangla,Bangla,banglamath,short_answer,short_answer,banglamath_1699,132,False,58,False,False,False,2,2,1,False,False,results/runs/qwen2_5_3b_validation200_v3_128/results/runs/qwen2_5_3b_validation200_v3_128.jsonl,388,58
Qwen2.5-3B,Qwen/Qwen2.5-3B-Instruct,banglish_clean,Reviewed Banglish,banglamath,short_answer,short_answer,banglamath_1699,132,False,26,False,False,False,2,2,1,False,False,results/runs/qwen2_5_3b_validation200_v5_banglish/results/runs/qwen2_5_3b_validation200_v5_banglish.jsonl,130,26
Qwen2.5-3B,Qwen/Qwen2.5-3B-Instruct,english,English,banglamath,short_answer,short_answer,banglamath_1699,132,False,156,False,False,False,3,3,1,False,False,results/runs/qwen2_5_3b_validation200_v3_128/results/runs/qwen2_5_3b_validation200_v3_128.jsonl,390,156
Qwen2.5-3B,Qwen/Qwen2.5-3B-Instruct,bangla,Bangla,banglamath,short_answer,short_answer,banglamath_1703,৩৬টি,False,60,False,False,False,2,2,1,False,False,results/runs/qwen2_5_3b_validation200_v3_128/results/runs/qwen2_5_3b_validation200_v3_128.jsonl,430,60
Qwen2.5-3B,Qwen/Qwen2.5-3B-Instruct,banglish_clean,Reviewed Banglish,banglamath,short_answer,short_answer,banglamath_1703,৩৬টি,False,16,False,False,False,2,2,1,False,False,results/runs/qwen2_5_3b_validation200_v5_banglish/results/runs/qwen2_5_3b_validation200_v5_banglish.jsonl,144,16
Qwen2.5-3B,Qwen/Qwen2.5-3B-Instruct,english,English,banglamath,short_answer,short_answer,banglamath_1703,৩৬টি,False,72,False,False,False,2,2,1,False,False,results/runs/qwen2_5_3b_validation200_v3_128/results/runs/qwen2_5_3b_validation200_v3_128.jsonl,432,72
Qwen2.5-3B,Qwen/Qwen2.5-3B-Instruct,bangla,Bangla,benqa,mcq,choice,benqa_10th-Biology_0057,C,True,C,False,False,False,1,1,1,False,False,results/runs/qwen2_5_3b_validation200_v3_128/results/runs/qwen2_5_3b_validation200_v3_128.jsonl,541,C
Qwen2.5-3B,Qwen/Qwen2.5-3B-Instruct,banglish_clean,Reviewed Banglish,benqa,mcq,choice,benqa_10th-Biology_0057,C,False,D,False,False,False,1,1,1,False,False,results/runs/qwen2_5_3b_validation200_v5_banglish/results/runs/qwen2_5_3b_validation200_v5_banglish.jsonl,181,D
Qwen2.5-3B,Qwen/Qwen2.5-3B-Instruct,english,English,benqa,mcq,choice,benqa_10th-Biology_0057,C,False,D,False,False,False,1,1,1,False,False,results/runs/qwen2_5_3b_validation200_v3_128/results/runs/qwen2_5_3b_validation200_v3_128.jsonl,543,D
Qwen2.5-3B,Qwen/Qwen2.5-3B-Instruct,bangla,Bangla,benqa,mcq,choice,benqa_10th-Biology_0090,C,False,B,False,False,False,1,1,1,False,False,results/runs/qwen2_5_3b_validation200_v3_128/results/runs/qwen2_5_3b_validation200_v3_128.jsonl,466,B
Qwen2.5-3B,Qwen/Qwen2.5-3B-Instruct,banglish_clean,Reviewed Banglish,benqa,mcq,choice,benqa_10th-Biology_0090,C,False,A,False,False,False,1,1,1,False,False,results/runs/qwen2_5_3b_validation200_v5_banglish/results/runs/qwen2_5_3b_validation200_v5_banglish.jsonl,156,A
Qwen2.5-3B,Qwen/Qwen2.5-3B-Instruct,english,English,benqa,mcq,choice,benqa_10th-Biology_0090,C,False,D,False,False,False,1,1,1,False,False,results/runs/qwen2_5_3b_validation200_v3_128/results/runs/qwen2_5_3b_validation200_v3_128.jsonl,468,D
Qwen2.5-3B,Qwen/Qwen2.5-3B-Instruct,bangla,Bangla,benqa,mcq,choice,benqa_10th-Biology_0128,A,True,A,False,False,False,1,1,1,False,False,results/runs/qwen2_5_3b_validation200_v3_128/results/runs/qwen2_5_3b_validation200_v3_128.jsonl,406,A
Qwen2.5-3B,Qwen/Qwen2.5-3B-Instruct,banglish_clean,Reviewed Banglish,benqa,mcq,choice,benqa_10th-Biology_0128,A,False,C,False,False,False,1,1,1,False,False,results/runs/qwen2_5_3b_validation200_v5_banglish/results/runs/qwen2_5_3b_validation200_v5_banglish.jsonl,136,C
Qwen2.5-3B,Qwen/Qwen2.5-3B-Instruct,english,English,benqa,mcq,choice,benqa_10th-Biology_0128,A,True,A,False,False,False,1,1,1,False,False,results/runs/qwen2_5_3b_validation200_v3_128/results/runs/qwen2_5_3b_validation200_v3_128.jsonl,408,A
Qwen2.5-3B,Qwen/Qwen2.5-3B-Instruct,bangla,Bangla,benqa,mcq,choice,benqa_10th-Biology_0143,C,False,A,False,False,False,1,1,1,False,False,results/runs/qwen2_5_3b_validation200_v3_128/results/runs/qwen2_5_3b_validation200_v3_128.jsonl,280,A
Qwen2.5-3B,Qwen/Qwen2.5-3B-Instruct,banglish_clean,Reviewed Banglish,benqa,mcq,choice,benqa_10th-Biology_0143,C,False,B,False,False,False,1,1,1,False,False,results/runs/qwen2_5_3b_validation200_v5_banglish/results/runs/qwen2_5_3b_validation200_v5_banglish.jsonl,94,B
Qwen2.5-3B,Qwen/Qwen2.5-3B-Instruct,english,English,benqa,mcq,choice,benqa_10th-Biology_0143,C,False,A,False,False,False,1,1,1,False,False,results/runs/qwen2_5_3b_validation200_v3_128/results/runs/qwen2_5_3b_validation200_v3_128.jsonl,282,A
Qwen2.5-3B,Qwen/Qwen2.5-3B-Instruct,bangla,Bangla,benqa,mcq,choice,benqa_10th-Biology_0149,B,True,B,False,False,False,1,1,1,False,False,results/runs/qwen2_5_3b_validation200_v3_128/results/runs/qwen2_5_3b_validation200_v3_128.jsonl,439,B
Qwen2.5-3B,Qwen/Qwen2.5-3B-Instruct,banglish_clean,Reviewed Banglish,benqa,mcq,choice,benqa_10th-Biology_0149,B,False,A,False,False,False,1,1,1,False,False,results/runs/qwen2_5_3b_validation200_v5_banglish/results/runs/qwen2_5_3b_validation200_v5_banglish.jsonl,147,A
Qwen2.5-3B,Qwen/Qwen2.5-3B-Instruct,english,English,benqa,mcq,choice,benqa_10th-Biology_0149,B,False,C,False,False,False,1,1,1,False,False,results/runs/qwen2_5_3b_validation200_v3_128/results/runs/qwen2_5_3b_validation200_v3_128.jsonl,441,C
Qwen2.5-3B,Qwen/Qwen2.5-3B-Instruct,bangla,Bangla,benqa,mcq,choice,benqa_10th-Biology_0156,C,False,B,False,False,False,1,1,1,False,False,results/runs/qwen2_5_3b_validation200_v3_128/results/runs/qwen2_5_3b_validation200_v3_128.jsonl,349,B
Qwen2.5-3B,Qwen/Qwen2.5-3B-Instruct,banglish_clean,Reviewed Banglish,benqa,mcq,choice,benqa_10th-Biology_0156,C,False,B,False,False,False,1,1,1,False,False,results/runs/qwen2_5_3b_validation200_v5_banglish/results/runs/qwen2_5_3b_validation200_v5_banglish.jsonl,117,B
Qwen2.5-3B,Qwen/Qwen2.5-3B-Instruct,english,English,benqa,mcq,choice,benqa_10th-Biology_0156,C,False,B,False,False,False,1,1,1,False,False,results/runs/qwen2_5_3b_validation200_v3_128/results/runs/qwen2_5_3b_validation200_v3_128.jsonl,351,B
Qwen2.5-3B,Qwen/Qwen2.5-3B-Instruct,bangla,Bangla,benqa,mcq,choice,benqa_10th-Biology_0188,A,False,B,False,False,False,1,1,1,False,False,results/runs/qwen2_5_3b_validation200_v3_128/results/runs/qwen2_5_3b_validation200_v3_128.jsonl,451,B
Qwen2.5-3B,Qwen/Qwen2.5-3B-Instruct,banglish_clean,Reviewed Banglish,benqa,mcq,choice,benqa_10th-Biology_0188,A,False,B,False,False,False,1,1,1,False,False,results/runs/qwen2_5_3b_validation200_v5_banglish/results/runs/qwen2_5_3b_validation200_v5_banglish.jsonl,151,B
Qwen2.5-3B,Qwen/Qwen2.5-3B-Instruct,english,English,benqa,mcq,choice,benqa_10th-Biology_0188,A,False,B,False,False,False,1,1,1,False,False,results/runs/qwen2_5_3b_validation200_v3_128/results/runs/qwen2_5_3b_validation200_v3_128.jsonl,453,B
Qwen2.5-3B,Qwen/Qwen2.5-3B-Instruct,bangla,Bangla,benqa,mcq,choice,benqa_10th-Biology_0197,D,True,D,False,False,False,1,1,1,False,False,results/runs/qwen2_5_3b_validation200_v3_128/results/runs/qwen2_5_3b_validation200_v3_128.jsonl,199,D
Qwen2.5-3B,Qwen/Qwen2.5-3B-Instruct,banglish_clean,Reviewed Banglish,benqa,mcq,choice,benqa_10th-Biology_0197,D,False,A,False,False,False,1,1,1,False,False,results/runs/qwen2_5_3b_validation200_v5_banglish/results/runs/qwen2_5_3b_validation200_v5_banglish.jsonl,67,A
Qwen2.5-3B,Qwen/Qwen2.5-3B-Instruct,english,English,benqa,mcq,choice,benqa_10th-Biology_0197,D,False,A,False,False,False,1,1,1,False,False,results/runs/qwen2_5_3b_validation200_v3_128/results/runs/qwen2_5_3b_validation200_v3_128.jsonl,201,A
Qwen2.5-3B,Qwen/Qwen2.5-3B-Instruct,bangla,Bangla,benqa,mcq,choice,benqa_10th-Biology_0213,A,True,A,False,False,False,1,1,1,False,False,results/runs/qwen2_5_3b_validation200_v3_128/results/runs/qwen2_5_3b_validation200_v3_128.jsonl,358,A
Qwen2.5-3B,Qwen/Qwen2.5-3B-Instruct,banglish_clean,Reviewed Banglish,benqa,mcq,choice,benqa_10th-Biology_0213,A,False,D,False,False,False,1,1,1,False,False,results/runs/qwen2_5_3b_validation200_v5_banglish/results/runs/qwen2_5_3b_validation200_v5_banglish.jsonl,120,D
Qwen2.5-3B,Qwen/Qwen2.5-3B-Instruct,english,English,benqa,mcq,choice,benqa_10th-Biology_0213,A,False,D,False,False,False,1,1,1,False,False,results/runs/qwen2_5_3b_validation200_v3_128/results/runs/qwen2_5_3b_validation200_v3_128.jsonl,360,D
Qwen2.5-3B,Qwen/Qwen2.5-3B-Instruct,bangla,Bangla,benqa,mcq,choice,benqa_10th-Biology_0215,B,False,D,False,False,False,1,1,1,False,False,results/runs/qwen2_5_3b_validation200_v3_128/results/runs/qwen2_5_3b_validation200_v3_128.jsonl,310,D
Qwen2.5-3B,Qwen/Qwen2.5-3B-Instruct,banglish_clean,Reviewed Banglish,benqa,mcq,choice,benqa_10th-Biology_0215,B,False,D,False,False,False,1,1,1,False,False,results/runs/qwen2_5_3b_validation200_v5_banglish/results/runs/qwen2_5_3b_validation200_v5_banglish.jsonl,104,D
Qwen2.5-3B,Qwen/Qwen2.5-3B-Instruct,english,English,benqa,mcq,choice,benqa_10th-Biology_0215,B,True,B,False,False,False,1,1,1,False,False,results/runs/qwen2_5_3b_validation200_v3_128/results/runs/qwen2_5_3b_validation200_v3_128.jsonl,312,B
Qwen2.5-3B,Qwen/Qwen2.5-3B-Instruct,bangla,Bangla,benqa,mcq,choice,benqa_10th-Biology_0277,C,False,B,False,False,False,1,1,1,False,False,results/runs/qwen2_5_3b_validation200_v3_128/results/runs/qwen2_5_3b_validation200_v3_128.jsonl,121,B
Qwen2.5-3B,Qwen/Qwen2.5-3B-Instruct,banglish_clean,Reviewed Banglish,benqa,mcq,choice,benqa_10th-Biology_0277,C,False,D,False,False,False,1,1,1,False,False,results/runs/qwen2_5_3b_validation200_v5_banglish/results/runs/qwen2_5_3b_validation200_v5_banglish.jsonl,41,D
Qwen2.5-3B,Qwen/Qwen2.5-3B-Instruct,english,English,benqa,mcq,choice,benqa_10th-Biology_0277,C,False,D,False,False,False,1,1,1,False,False,results/runs/qwen2_5_3b_validation200_v3_128/results/runs/qwen2_5_3b_validation200_v3_128.jsonl,123,D
Qwen2.5-3B,Qwen/Qwen2.5-3B-Instruct,bangla,Bangla,benqa,mcq,choice,benqa_10th-Biology_0339,D,False,B,False,False,False,1,1,1,False,False,results/runs/qwen2_5_3b_validation200_v3_128/results/runs/qwen2_5_3b_validation200_v3_128.jsonl,91,B
Qwen2.5-3B,Qwen/Qwen2.5-3B-Instruct,banglish_clean,Reviewed Banglish,benqa,mcq,choice,benqa_10th-Biology_0339,D,False,A,False,False,False,1,1,1,False,False,results/runs/qwen2_5_3b_validation200_v5_banglish/results/runs/qwen2_5_3b_validation200_v5_banglish.jsonl,31,A
Qwen2.5-3B,Qwen/Qwen2.5-3B-Instruct,english,English,benqa,mcq,choice,benqa_10th-Biology_0339,D,True,D,False,False,False,1,1,1,False,False,results/runs/qwen2_5_3b_validation200_v3_128/results/runs/qwen2_5_3b_validation200_v3_128.jsonl,93,D
Qwen2.5-3B,Qwen/Qwen2.5-3B-Instruct,bangla,Bangla,benqa,mcq,choice,benqa_10th-Chemistry_0041,D,False,A,False,False,False,1,1,1,False,False,results/runs/qwen2_5_3b_validation200_v3_128/results/runs/qwen2_5_3b_validation200_v3_128.jsonl,322,A
Qwen2.5-3B,Qwen/Qwen2.5-3B-Instruct,banglish_clean,Reviewed Banglish,benqa,mcq,choice,benqa_10th-Chemistry_0041,D,True,D,False,False,False,1,1,1,False,False,results/runs/qwen2_5_3b_validation200_v5_banglish/results/runs/qwen2_5_3b_validation200_v5_banglish.jsonl,108,D
Qwen2.5-3B,Qwen/Qwen2.5-3B-Instruct,english,English,benqa,mcq,choice,benqa_10th-Chemistry_0041,D,True,D,False,False,False,1,1,1,False,False,results/runs/qwen2_5_3b_validation200_v3_128/results/runs/qwen2_5_3b_validation200_v3_128.jsonl,324,D
Qwen2.5-3B,Qwen/Qwen2.5-3B-Instruct,bangla,Bangla,benqa,mcq,choice,benqa_10th-Chemistry_0110,C,False,D,False,False,False,1,1,1,False,False,results/runs/qwen2_5_3b_validation200_v3_128/results/runs/qwen2_5_3b_validation200_v3_128.jsonl,496,D
Qwen2.5-3B,Qwen/Qwen2.5-3B-Instruct,banglish_clean,Reviewed Banglish,benqa,mcq,choice,benqa_10th-Chemistry_0110,C,False,A,False,False,False,1,1,1,False,False,results/runs/qwen2_5_3b_validation200_v5_banglish/results/runs/qwen2_5_3b_validation200_v5_banglish.jsonl,166,A
Qwen2.5-3B,Qwen/Qwen2.5-3B-Instruct,english,English,benqa,mcq,choice,benqa_10th-Chemistry_0110,C,True,C,False,False,False,1,1,1,False,False,results/runs/qwen2_5_3b_validation200_v3_128/results/runs/qwen2_5_3b_validation200_v3_128.jsonl,498,C
Qwen2.5-3B,Qwen/Qwen2.5-3B-Instruct,bangla,Bangla,benqa,mcq,choice,benqa_10th-Chemistry_0111,D,False,B,False,False,False,1,1,1,False,False,results/runs/qwen2_5_3b_validation200_v3_128/results/runs/qwen2_5_3b_validation200_v3_128.jsonl,7,B
Qwen2.5-3B,Qwen/Qwen2.5-3B-Instruct,banglish_clean,Reviewed Banglish,benqa,mcq,choice,benqa_10th-Chemistry_0111,D,False,B,False,False,False,1,1,1,False,False,results/runs/qwen2_5_3b_validation200_v5_banglish/results/runs/qwen2_5_3b_validation200_v5_banglish.jsonl,3,B
Qwen2.5-3B,Qwen/Qwen2.5-3B-Instruct,english,English,benqa,mcq,choice,benqa_10th-Chemistry_0111,D,False,C,False,False,False,1,1,1,False,False,results/runs/qwen2_5_3b_validation200_v3_128/results/runs/qwen2_5_3b_validation200_v3_128.jsonl,9,C
Qwen2.5-3B,Qwen/Qwen2.5-3B-Instruct,bangla,Bangla,benqa,mcq,choice,benqa_10th-Chemistry_0132,A,False,C,False,False,False,1,1,1,False,False,results/runs/qwen2_5_3b_validation200_v3_128/results/runs/qwen2_5_3b_validation200_v3_128.jsonl,532,C
Qwen2.5-3B,Qwen/Qwen2.5-3B-Instruct,banglish_clean,Reviewed Banglish,benqa,mcq,choice,benqa_10th-Chemistry_0132,A,False,B,False,False,False,1,1,1,False,False,results/runs/qwen2_5_3b_validation200_v5_banglish/results/runs/qwen2_5_3b_validation200_v5_banglish.jsonl,178,B
Qwen2.5-3B,Qwen/Qwen2.5-3B-Instruct,english,English,benqa,mcq,choice,benqa_10th-Chemistry_0132,A,True,A,False,False,False,1,1,1,False,False,results/runs/qwen2_5_3b_validation200_v3_128/results/runs/qwen2_5_3b_validation200_v3_128.jsonl,534,A
Qwen2.5-3B,Qwen/Qwen2.5-3B-Instruct,bangla,Bangla,benqa,mcq,choice,benqa_10th-Chemistry_0191,A,False,D,False,False,False,1,1,1,False,False,results/runs/qwen2_5_3b_validation200_v3_128/results/runs/qwen2_5_3b_validation200_v3_128.jsonl,85,D
Qwen2.5-3B,Qwen/Qwen2.5-3B-Instruct,banglish_clean,Reviewed Banglish,benqa,mcq,choice,benqa_10th-Chemistry_0191,A,False,D,False,False,False,1,1,1,False,False,results/runs/qwen2_5_3b_validation200_v5_banglish/results/runs/qwen2_5_3b_validation200_v5_banglish.jsonl,29,D
Qwen2.5-3B,Qwen/Qwen2.5-3B-Instruct,english,English,benqa,mcq,choice,benqa_10th-Chemistry_0191,A,False,D,False,False,False,1,1,1,False,False,results/runs/qwen2_5_3b_validation200_v3_128/results/runs/qwen2_5_3b_validation200_v3_128.jsonl,87,D
Qwen2.5-3B,Qwen/Qwen2.5-3B-Instruct,bangla,Bangla,benqa,mcq,choice,benqa_10th-Chemistry_0194,D,False,A,False,False,False,1,1,1,False,False,results/runs/qwen2_5_3b_validation200_v3_128/results/runs/qwen2_5_3b_validation200_v3_128.jsonl,565,A
Qwen2.5-3B,Qwen/Qwen2.5-3B-Instruct,banglish_clean,Reviewed Banglish,benqa,mcq,choice,benqa_10th-Chemistry_0194,D,False,C,False,False,False,1,1,1,False,False,results/runs/qwen2_5_3b_validation200_v5_banglish/results/runs/qwen2_5_3b_validation200_v5_banglish.jsonl,189,C
Qwen2.5-3B,Qwen/Qwen2.5-3B-Instruct,english,English,benqa,mcq,choice,benqa_10th-Chemistry_0194,D,True,D,False,False,False,1,1,1,False,False,results/runs/qwen2_5_3b_validation200_v3_128/results/runs/qwen2_5_3b_validation200_v3_128.jsonl,567,D
Qwen2.5-3B,Qwen/Qwen2.5-3B-Instruct,bangla,Bangla,benqa,mcq,choice,benqa_10th-Chemistry_0280,A,False,D,False,False,False,1,1,1,False,False,results/runs/qwen2_5_3b_validation200_v3_128/results/runs/qwen2_5_3b_validation200_v3_128.jsonl,226,D
Qwen2.5-3B,Qwen/Qwen2.5-3B-Instruct,banglish_clean,Reviewed Banglish,benqa,mcq,choice,benqa_10th-Chemistry_0280,A,False,D,False,False,False,1,1,1,False,False,results/runs/qwen2_5_3b_validation200_v5_banglish/results/runs/qwen2_5_3b_validation200_v5_banglish.jsonl,76,D
Qwen2.5-3B,Qwen/Qwen2.5-3B-Instruct,english,English,benqa,mcq,choice,benqa_10th-Chemistry_0280,A,False,D,False,False,False,1,1,1,False,False,results/runs/qwen2_5_3b_validation200_v3_128/results/runs/qwen2_5_3b_validation200_v3_128.jsonl,228,D
Qwen2.5-3B,Qwen/Qwen2.5-3B-Instruct,bangla,Bangla,benqa,mcq,choice,benqa_10th-Chemistry_0322,B,True,B,False,False,False,1,1,1,False,False,results/runs/qwen2_5_3b_validation200_v3_128/results/runs/qwen2_5_3b_validation200_v3_128.jsonl,424,B
Qwen2.5-3B,Qwen/Qwen2.5-3B-Instruct,banglish_clean,Reviewed Banglish,benqa,mcq,choice,benqa_10th-Chemistry_0322,B,True,B,False,False,False,1,1,1,False,False,results/runs/qwen2_5_3b_validation200_v5_banglish/results/runs/qwen2_5_3b_validation200_v5_banglish.jsonl,142,B
Qwen2.5-3B,Qwen/Qwen2.5-3B-Instruct,english,English,benqa,mcq,choice,benqa_10th-Chemistry_0322,B,True,B,False,False,False,1,1,1,False,False,results/runs/qwen2_5_3b_validation200_v3_128/results/runs/qwen2_5_3b_validation200_v3_128.jsonl,426,B
Qwen2.5-3B,Qwen/Qwen2.5-3B-Instruct,bangla,Bangla,benqa,mcq,choice,benqa_10th-Chemistry_0336,D,True,D,False,False,False,1,1,1,False,False,results/runs/qwen2_5_3b_validation200_v3_128/results/runs/qwen2_5_3b_validation200_v3_128.jsonl,313,D
Qwen2.5-3B,Qwen/Qwen2.5-3B-Instruct,banglish_clean,Reviewed Banglish,benqa,mcq,choice,benqa_10th-Chemistry_0336,D,True,D,False,False,False,1,1,1,False,False,results/runs/qwen2_5_3b_validation200_v5_banglish/results/runs/qwen2_5_3b_validation200_v5_banglish.jsonl,105,D
Qwen2.5-3B,Qwen/Qwen2.5-3B-Instruct,english,English,benqa,mcq,choice,benqa_10th-Chemistry_0336,D,True,D,False,False,False,1,1,1,False,False,results/runs/qwen2_5_3b_validation200_v3_128/results/runs/qwen2_5_3b_validation200_v3_128.jsonl,315,D
Qwen2.5-3B,Qwen/Qwen2.5-3B-Instruct,bangla,Bangla,benqa,mcq,choice,benqa_10th-Chemistry_0374,B,True,B,False,False,False,1,1,1,False,False,results/runs/qwen2_5_3b_validation200_v3_128/results/runs/qwen2_5_3b_validation200_v3_128.jsonl,346,B
Qwen2.5-3B,Qwen/Qwen2.5-3B-Instruct,banglish_clean,Reviewed Banglish,benqa,mcq,choice,benqa_10th-Chemistry_0374,B,True,B,False,False,False,1,1,1,False,False,results/runs/qwen2_5_3b_validation200_v5_banglish/results/runs/qwen2_5_3b_validation200_v5_banglish.jsonl,116,B
Qwen2.5-3B,Qwen/Qwen2.5-3B-Instruct,english,English,benqa,mcq,choice,benqa_10th-Chemistry_0374,B,True,B,False,False,False,1,1,1,False,False,results/runs/qwen2_5_3b_validation200_v3_128/results/runs/qwen2_5_3b_validation200_v3_128.jsonl,348,B
Qwen2.5-3B,Qwen/Qwen2.5-3B-Instruct,bangla,Bangla,benqa,mcq,choice,benqa_10th-Chemistry_0388,D,False,B,False,False,False,1,1,1,False,False,results/runs/qwen2_5_3b_validation200_v3_128/results/runs/qwen2_5_3b_validation200_v3_128.jsonl,130,B
Qwen2.5-3B,Qwen/Qwen2.5-3B-Instruct,banglish_clean,Reviewed Banglish,benqa,mcq,choice,benqa_10th-Chemistry_0388,D,False,B,False,False,False,1,1,1,False,False,results/runs/qwen2_5_3b_validation200_v5_banglish/results/runs/qwen2_5_3b_validation200_v5_banglish.jsonl,44,B
Qwen2.5-3B,Qwen/Qwen2.5-3B-Instruct,english,English,benqa,mcq,choice,benqa_10th-Chemistry_0388,D,False,C,False,False,False,1,1,1,False,False,results/runs/qwen2_5_3b_validation200_v3_128/results/runs/qwen2_5_3b_validation200_v3_128.jsonl,132,C
Qwen2.5-3B,Qwen/Qwen2.5-3B-Instruct,bangla,Bangla,benqa,mcq,choice,benqa_10th-Math-II_0062,C,True,C,False,False,False,1,1,1,False,False,results/runs/qwen2_5_3b_validation200_v3_128/results/runs/qwen2_5_3b_validation200_v3_128.jsonl,94,C
Qwen2.5-3B,Qwen/Qwen2.5-3B-Instruct,banglish_clean,Reviewed Banglish,benqa,mcq,choice,benqa_10th-Math-II_0062,C,True,C,False,False,False,1,1,1,False,False,results/runs/qwen2_5_3b_validation200_v5_banglish/results/runs/qwen2_5_3b_validation200_v5_banglish.jsonl,32,C
Qwen2.5-3B,Qwen/Qwen2.5-3B-Instruct,english,English,benqa,mcq,choice,benqa_10th-Math-II_0062,C,False,B,False,False,False,1,1,1,False,False,results/runs/qwen2_5_3b_validation200_v3_128/results/runs/qwen2_5_3b_validation200_v3_128.jsonl,96,B
Qwen2.5-3B,Qwen/Qwen2.5-3B-Instruct,bangla,Bangla,benqa,mcq,choice,benqa_10th-Math-II_0102,D,False,C,False,False,False,1,1,1,False,False,results/runs/qwen2_5_3b_validation200_v3_128/results/runs/qwen2_5_3b_validation200_v3_128.jsonl,589,C
Qwen2.5-3B,Qwen/Qwen2.5-3B-Instruct,banglish_clean,Reviewed Banglish,benqa,mcq,choice,benqa_10th-Math-II_0102,D,False,C,False,False,False,1,1,1,False,False,results/runs/qwen2_5_3b_validation200_v5_banglish/results/runs/qwen2_5_3b_validation200_v5_banglish.jsonl,197,C
Qwen2.5-3B,Qwen/Qwen2.5-3B-Instruct,english,English,benqa,mcq,choice,benqa_10th-Math-II_0102,D,False,B,False,False,False,1,1,1,False,False,results/runs/qwen2_5_3b_validation200_v3_128/results/runs/qwen2_5_3b_validation200_v3_128.jsonl,591,B
Qwen2.5-3B,Qwen/Qwen2.5-3B-Instruct,bangla,Bangla,benqa,mcq,choice,benqa_10th-Math-II_0139,A,False,B,False,False,False,1,1,1,False,False,results/runs/qwen2_5_3b_validation200_v3_128/results/runs/qwen2_5_3b_validation200_v3_128.jsonl,37,B
Qwen2.5-3B,Qwen/Qwen2.5-3B-Instruct,banglish_clean,Reviewed Banglish,benqa,mcq,choice,benqa_10th-Math-II_0139,A,False,B,False,False,False,1,1,1,False,False,results/runs/qwen2_5_3b_validation200_v5_banglish/results/runs/qwen2_5_3b_validation200_v5_banglish.jsonl,13,B
Qwen2.5-3B,Qwen/Qwen2.5-3B-Instruct,english,English,benqa,mcq,choice,benqa_10th-Math-II_0139,A,False,B,False,False,False,1,1,1,False,False,results/runs/qwen2_5_3b_validation200_v3_128/results/runs/qwen2_5_3b_validation200_v3_128.jsonl,39,B
Qwen2.5-3B,Qwen/Qwen2.5-3B-Instruct,bangla,Bangla,benqa,mcq,choice,benqa_10th-Math-II_0326,C,True,C,False,False,False,1,1,1,False,False,results/runs/qwen2_5_3b_validation200_v3_128/results/runs/qwen2_5_3b_validation200_v3_128.jsonl,361,C
Qwen2.5-3B,Qwen/Qwen2.5-3B-Instruct,banglish_clean,Reviewed Banglish,benqa,mcq,choice,benqa_10th-Math-II_0326,C,True,C,False,False,False,1,1,1,False,False,results/runs/qwen2_5_3b_validation200_v5_banglish/results/runs/qwen2_5_3b_validation200_v5_banglish.jsonl,121,C
Qwen2.5-3B,Qwen/Qwen2.5-3B-Instruct,english,English,benqa,mcq,choice,benqa_10th-Math-II_0326,C,True,C,False,False,False,1,1,1,False,False,results/runs/qwen2_5_3b_validation200_v3_128/results/runs/qwen2_5_3b_validation200_v3_128.jsonl,363,C
Qwen2.5-3B,Qwen/Qwen2.5-3B-Instruct,bangla,Bangla,benqa,mcq,choice,benqa_10th-Math-II_0347,D,False,B,False,False,False,1,1,1,False,False,results/runs/qwen2_5_3b_validation200_v3_128/results/runs/qwen2_5_3b_validation200_v3_128.jsonl,298,B
Qwen2.5-3B,Qwen/Qwen2.5-3B-Instruct,banglish_clean,Reviewed Banglish,benqa,mcq,choice,benqa_10th-Math-II_0347,D,False,B,False,False,False,1,1,1,False,False,results/runs/qwen2_5_3b_validation200_v5_banglish/results/runs/qwen2_5_3b_validation200_v5_banglish.jsonl,100,B
Qwen2.5-3B,Qwen/Qwen2.5-3B-Instruct,english,English,benqa,mcq,choice,benqa_10th-Math-II_0347,D,False,B,False,False,False,1,1,1,False,False,results/runs/qwen2_5_3b_validation200_v3_128/results/runs/qwen2_5_3b_validation200_v3_128.jsonl,300,B
Qwen2.5-3B,Qwen/Qwen2.5-3B-Instruct,bangla,Bangla,benqa,mcq,choice,benqa_10th-Math-II_0357,D,False,A,False,False,False,1,1,1,False,False,results/runs/qwen2_5_3b_validation200_v3_128/results/runs/qwen2_5_3b_validation200_v3_128.jsonl,499,A
Qwen2.5-3B,Qwen/Qwen2.5-3B-Instruct,banglish_clean,Reviewed Banglish,benqa,mcq,choice,benqa_10th-Math-II_0357,D,False,B,False,False,False,1,1,1,False,False,results/runs/qwen2_5_3b_validation200_v5_banglish/results/runs/qwen2_5_3b_validation200_v5_banglish.jsonl,167,B
Qwen2.5-3B,Qwen/Qwen2.5-3B-Instruct,english,English,benqa,mcq,choice,benqa_10th-Math-II_0357,D,False,B,False,False,False,1,1,1,False,False,results/runs/qwen2_5_3b_validation200_v3_128/results/runs/qwen2_5_3b_validation200_v3_128.jsonl,501,B
Qwen2.5-3B,Qwen/Qwen2.5-3B-Instruct,bangla,Bangla,benqa,mcq,choice,benqa_10th-Math-II_0367,C,True,C,False,False,False,1,1,1,False,False,results/runs/qwen2_5_3b_validation200_v3_128/results/runs/qwen2_5_3b_validation200_v3_128.jsonl,76,C
Qwen2.5-3B,Qwen/Qwen2.5-3B-Instruct,banglish_clean,Reviewed Banglish,benqa,mcq,choice,benqa_10th-Math-II_0367,C,False,B,False,False,False,1,1,1,False,False,results/runs/qwen2_5_3b_validation200_v5_banglish/results/runs/qwen2_5_3b_validation200_v5_banglish.jsonl,26,B
Qwen2.5-3B,Qwen/Qwen2.5-3B-Instruct,english,English,benqa,mcq,choice,benqa_10th-Math-II_0367,C,False,B,False,False,False,1,1,1,False,False,results/runs/qwen2_5_3b_validation200_v3_128/results/runs/qwen2_5_3b_validation200_v3_128.jsonl,78,B
Qwen2.5-3B,Qwen/Qwen2.5-3B-Instruct,bangla,Bangla,benqa,mcq,choice,benqa_10th-Math_0032,B,True,B,False,False,False,1,1,1,False,False,results/runs/qwen2_5_3b_validation200_v3_128/results/runs/qwen2_5_3b_validation200_v3_128.jsonl,331,B
Qwen2.5-3B,Qwen/Qwen2.5-3B-Instruct,banglish_clean,Reviewed Banglish,benqa,mcq,choice,benqa_10th-Math_0032,B,False,A,False,False,False,1,1,1,False,False,results/runs/qwen2_5_3b_validation200_v5_banglish/results/runs/qwen2_5_3b_validation200_v5_banglish.jsonl,111,A
Qwen2.5-3B,Qwen/Qwen2.5-3B-Instruct,english,English,benqa,mcq,choice,benqa_10th-Math_0032,B,True,B,False,False,False,1,1,1,False,False,results/runs/qwen2_5_3b_validation200_v3_128/results/runs/qwen2_5_3b_validation200_v3_128.jsonl,333,B
Qwen2.5-3B,Qwen/Qwen2.5-3B-Instruct,bangla,Bangla,benqa,mcq,choice,benqa_10th-Math_0044,C,True,C,False,False,False,1,1,1,False,False,results/runs/qwen2_5_3b_validation200_v3_128/results/runs/qwen2_5_3b_validation200_v3_128.jsonl,598,C
Qwen2.5-3B,Qwen/Qwen2.5-3B-Instruct,banglish_clean,Reviewed Banglish,benqa,mcq,choice,benqa_10th-Math_0044,C,False,B,False,False,False,1,1,1,False,False,results/runs/qwen2_5_3b_validation200_v5_banglish/results/runs/qwen2_5_3b_validation200_v5_banglish.jsonl,200,B
Qwen2.5-3B,Qwen/Qwen2.5-3B-Instruct,english,English,benqa,mcq,choice,benqa_10th-Math_0044,C,True,C,False,False,False,1,1,1,False,False,results/runs/qwen2_5_3b_validation200_v3_128/results/runs/qwen2_5_3b_validation200_v3_128.jsonl,600,C
Qwen2.5-3B,Qwen/Qwen2.5-3B-Instruct,bangla,Bangla,benqa,mcq,choice,benqa_10th-Math_0186,C,False,B,False,False,False,1,1,1,False,False,results/runs/qwen2_5_3b_validation200_v3_128/results/runs/qwen2_5_3b_validation200_v3_128.jsonl,10,B
Qwen2.5-3B,Qwen/Qwen2.5-3B-Instruct,banglish_clean,Reviewed Banglish,benqa,mcq,choice,benqa_10th-Math_0186,C,False,D,False,False,False,1,1,1,False,False,results/runs/qwen2_5_3b_validation200_v5_banglish/results/runs/qwen2_5_3b_validation200_v5_banglish.jsonl,4,D
Qwen2.5-3B,Qwen/Qwen2.5-3B-Instruct,english,English,benqa,mcq,choice,benqa_10th-Math_0186,C,False,B,False,False,False,1,1,1,False,False,results/runs/qwen2_5_3b_validation200_v3_128/results/runs/qwen2_5_3b_validation200_v3_128.jsonl,12,B
Qwen2.5-3B,Qwen/Qwen2.5-3B-Instruct,bangla,Bangla,benqa,mcq,choice,benqa_10th-Math_0271,D,False,B,False,False,False,1,1,1,False,False,results/runs/qwen2_5_3b_validation200_v3_128/results/runs/qwen2_5_3b_validation200_v3_128.jsonl,28,B
Qwen2.5-3B,Qwen/Qwen2.5-3B-Instruct,banglish_clean,Reviewed Banglish,benqa,mcq,choice,benqa_10th-Math_0271,D,False,A,False,False,False,1,1,1,False,False,results/runs/qwen2_5_3b_validation200_v5_banglish/results/runs/qwen2_5_3b_validation200_v5_banglish.jsonl,10,A
Qwen2.5-3B,Qwen/Qwen2.5-3B-Instruct,english,English,benqa,mcq,choice,benqa_10th-Math_0271,D,False,C,False,False,False,1,1,1,False,False,results/runs/qwen2_5_3b_validation200_v3_128/results/runs/qwen2_5_3b_validation200_v3_128.jsonl,30,C
Qwen2.5-3B,Qwen/Qwen2.5-3B-Instruct,bangla,Bangla,benqa,mcq,choice,benqa_10th-Math_0324,A,False,C,False,False,False,1,1,1,False,False,results/runs/qwen2_5_3b_validation200_v3_128/results/runs/qwen2_5_3b_validation200_v3_128.jsonl,127,C
Qwen2.5-3B,Qwen/Qwen2.5-3B-Instruct,banglish_clean,Reviewed Banglish,benqa,mcq,choice,benqa_10th-Math_0324,A,False,B,False,False,False,1,1,1,False,False,results/runs/qwen2_5_3b_validation200_v5_banglish/results/runs/qwen2_5_3b_validation200_v5_banglish.jsonl,43,B
Qwen2.5-3B,Qwen/Qwen2.5-3B-Instruct,english,English,benqa,mcq,choice,benqa_10th-Math_0324,A,True,A,False,False,False,1,1,1,False,False,results/runs/qwen2_5_3b_validation200_v3_128/results/runs/qwen2_5_3b_validation200_v3_128.jsonl,129,A
Qwen2.5-3B,Qwen/Qwen2.5-3B-Instruct,bangla,Bangla,benqa,mcq,choice,benqa_10th-Physics_0021,C,True,C,False,False,False,1,1,1,False,False,results/runs/qwen2_5_3b_validation200_v3_128/results/runs/qwen2_5_3b_validation200_v3_128.jsonl,328,C
Qwen2.5-3B,Qwen/Qwen2.5-3B-Instruct,banglish_clean,Reviewed Banglish,benqa,mcq,choice,benqa_10th-Physics_0021,C,False,B,False,False,False,1,1,1,False,False,results/runs/qwen2_5_3b_validation200_v5_banglish/results/runs/qwen2_5_3b_validation200_v5_banglish.jsonl,110,B
Qwen2.5-3B,Qwen/Qwen2.5-3B-Instruct,english,English,benqa,mcq,choice,benqa_10th-Physics_0021,C,True,C,False,False,False,1,1,1,False,False,results/runs/qwen2_5_3b_validation200_v3_128/results/runs/qwen2_5_3b_validation200_v3_128.jsonl,330,C
Qwen2.5-3B,Qwen/Qwen2.5-3B-Instruct,bangla,Bangla,benqa,mcq,choice,benqa_10th-Physics_0036,C,True,C,False,False,False,1,1,1,False,False,results/runs/qwen2_5_3b_validation200_v3_128/results/runs/qwen2_5_3b_validation200_v3_128.jsonl,460,C
Qwen2.5-3B,Qwen/Qwen2.5-3B-Instruct,banglish_clean,Reviewed Banglish,benqa,mcq,choice,benqa_10th-Physics_0036,C,True,C,False,False,False,1,1,1,False,False,results/runs/qwen2_5_3b_validation200_v5_banglish/results/runs/qwen2_5_3b_validation200_v5_banglish.jsonl,154,C
Qwen2.5-3B,Qwen/Qwen2.5-3B-Instruct,english,English,benqa,mcq,choice,benqa_10th-Physics_0036,C,True,C,False,False,False,1,1,1,False,False,results/runs/qwen2_5_3b_validation200_v3_128/results/runs/qwen2_5_3b_validation200_v3_128.jsonl,462,C
Qwen2.5-3B,Qwen/Qwen2.5-3B-Instruct,bangla,Bangla,benqa,mcq,choice,benqa_10th-Physics_0045,A,False,B,False,False,False,1,1,1,False,False,results/runs/qwen2_5_3b_validation200_v3_128/results/runs/qwen2_5_3b_validation200_v3_128.jsonl,31,B
Qwen2.5-3B,Qwen/Qwen2.5-3B-Instruct,banglish_clean,Reviewed Banglish,benqa,mcq,choice,benqa_10th-Physics_0045,A,False,B,False,False,False,1,1,1,False,False,results/runs/qwen2_5_3b_validation200_v5_banglish/results/runs/qwen2_5_3b_validation200_v5_banglish.jsonl,11,B
Qwen2.5-3B,Qwen/Qwen2.5-3B-Instruct,english,English,benqa,mcq,choice,benqa_10th-Physics_0045,A,True,A,False,False,False,1,1,1,False,False,results/runs/qwen2_5_3b_validation200_v3_128/results/runs/qwen2_5_3b_validation200_v3_128.jsonl,33,A
Qwen2.5-3B,Qwen/Qwen2.5-3B-Instruct,bangla,Bangla,benqa,mcq,choice,benqa_10th-Physics_0055,D,True,D,False,False,False,1,1,1,False,False,results/runs/qwen2_5_3b_validation200_v3_128/results/runs/qwen2_5_3b_validation200_v3_128.jsonl,340,D
Qwen2.5-3B,Qwen/Qwen2.5-3B-Instruct,banglish_clean,Reviewed Banglish,benqa,mcq,choice,benqa_10th-Physics_0055,D,True,D,False,False,False,1,1,1,False,False,results/runs/qwen2_5_3b_validation200_v5_banglish/results/runs/qwen2_5_3b_validation200_v5_banglish.jsonl,114,D
Qwen2.5-3B,Qwen/Qwen2.5-3B-Instruct,english,English,benqa,mcq,choice,benqa_10th-Physics_0055,D,True,D,False,False,False,1,1,1,False,False,results/runs/qwen2_5_3b_validation200_v3_128/results/runs/qwen2_5_3b_validation200_v3_128.jsonl,342,D
Qwen2.5-3B,Qwen/Qwen2.5-3B-Instruct,bangla,Bangla,benqa,mcq,choice,benqa_10th-Physics_0084,D,True,D,False,False,False,1,1,1,False,False,results/runs/qwen2_5_3b_validation200_v3_128/results/runs/qwen2_5_3b_validation200_v3_128.jsonl,103,D
Qwen2.5-3B,Qwen/Qwen2.5-3B-Instruct,banglish_clean,Reviewed Banglish,benqa,mcq,choice,benqa_10th-Physics_0084,D,False,B,False,False,False,1,1,1,False,False,results/runs/qwen2_5_3b_validation200_v5_banglish/results/runs/qwen2_5_3b_validation200_v5_banglish.jsonl,35,B
Qwen2.5-3B,Qwen/Qwen2.5-3B-Instruct,english,English,benqa,mcq,choice,benqa_10th-Physics_0084,D,False,B,False,False,False,1,1,1,False,False,results/runs/qwen2_5_3b_validation200_v3_128/results/runs/qwen2_5_3b_validation200_v3_128.jsonl,105,B
Qwen2.5-3B,Qwen/Qwen2.5-3B-Instruct,bangla,Bangla,benqa,mcq,choice,benqa_10th-Physics_0106,A,False,B,False,False,False,1,1,1,False,False,results/runs/qwen2_5_3b_validation200_v3_128/results/runs/qwen2_5_3b_validation200_v3_128.jsonl,433,B
Qwen2.5-3B,Qwen/Qwen2.5-3B-Instruct,banglish_clean,Reviewed Banglish,benqa,mcq,choice,benqa_10th-Physics_0106,A,False,B,False,False,False,1,1,1,False,False,results/runs/qwen2_5_3b_validation200_v5_banglish/results/runs/qwen2_5_3b_validation200_v5_banglish.jsonl,145,B
Qwen2.5-3B,Qwen/Qwen2.5-3B-Instruct,english,English,benqa,mcq,choice,benqa_10th-Physics_0106,A,False,B,False,False,False,1,1,1,False,False,results/runs/qwen2_5_3b_validation200_v3_128/results/runs/qwen2_5_3b_validation200_v3_128.jsonl,435,B
Qwen2.5-3B,Qwen/Qwen2.5-3B-Instruct,bangla,Bangla,benqa,mcq,choice,benqa_10th-Physics_0130,D,True,D,False,False,False,1,1,1,False,False,results/runs/qwen2_5_3b_validation200_v3_128/results/runs/qwen2_5_3b_validation200_v3_128.jsonl,442,D
Qwen2.5-3B,Qwen/Qwen2.5-3B-Instruct,banglish_clean,Reviewed Banglish,benqa,mcq,choice,benqa_10th-Physics_0130,D,True,D,False,False,False,1,1,1,False,False,results/runs/qwen2_5_3b_validation200_v5_banglish/results/runs/qwen2_5_3b_validation200_v5_banglish.jsonl,148,D
Qwen2.5-3B,Qwen/Qwen2.5-3B-Instruct,english,English,benqa,mcq,choice,benqa_10th-Physics_0130,D,False,B,False,False,False,1,1,1,False,False,results/runs/qwen2_5_3b_validation200_v3_128/results/runs/qwen2_5_3b_validation200_v3_128.jsonl,444,B
Qwen2.5-3B,Qwen/Qwen2.5-3B-Instruct,bangla,Bangla,benqa,mcq,choice,benqa_10th-Physics_0150,B,False,D,False,False,False,1,1,1,False,False,results/runs/qwen2_5_3b_validation200_v3_128/results/runs/qwen2_5_3b_validation200_v3_128.jsonl,490,D
Qwen2.5-3B,Qwen/Qwen2.5-3B-Instruct,banglish_clean,Reviewed Banglish,benqa,mcq,choice,benqa_10th-Physics_0150,B,True,B,False,False,False,1,1,1,False,False,results/runs/qwen2_5_3b_validation200_v5_banglish/results/runs/qwen2_5_3b_validation200_v5_banglish.jsonl,164,B
Qwen2.5-3B,Qwen/Qwen2.5-3B-Instruct,english,English,benqa,mcq,choice,benqa_10th-Physics_0150,B,True,B,False,False,False,1,1,1,False,False,results/runs/qwen2_5_3b_validation200_v3_128/results/runs/qwen2_5_3b_validation200_v3_128.jsonl,492,B
Qwen2.5-3B,Qwen/Qwen2.5-3B-Instruct,bangla,Bangla,benqa,mcq,choice,benqa_10th-Physics_0198,D,False,C,False,False,False,1,1,1,False,False,results/runs/qwen2_5_3b_validation200_v3_128/results/runs/qwen2_5_3b_validation200_v3_128.jsonl,220,C
Qwen2.5-3B,Qwen/Qwen2.5-3B-Instruct,banglish_clean,Reviewed Banglish,benqa,mcq,choice,benqa_10th-Physics_0198,D,False,C,False,False,False,1,1,1,False,False,results/runs/qwen2_5_3b_validation200_v5_banglish/results/runs/qwen2_5_3b_validation200_v5_banglish.jsonl,74,C
Qwen2.5-3B,Qwen/Qwen2.5-3B-Instruct,english,English,benqa,mcq,choice,benqa_10th-Physics_0198,D,False,C,False,False,False,1,1,1,False,False,results/runs/qwen2_5_3b_validation200_v3_128/results/runs/qwen2_5_3b_validation200_v3_128.jsonl,222,C
Qwen2.5-3B,Qwen/Qwen2.5-3B-Instruct,bangla,Bangla,benqa,mcq,choice,benqa_10th-Physics_0280,B,False,A,False,False,False,1,1,1,False,False,results/runs/qwen2_5_3b_validation200_v3_128/results/runs/qwen2_5_3b_validation200_v3_128.jsonl,529,A
Qwen2.5-3B,Qwen/Qwen2.5-3B-Instruct,banglish_clean,Reviewed Banglish,benqa,mcq,choice,benqa_10th-Physics_0280,B,False,A,False,False,False,1,1,1,False,False,results/runs/qwen2_5_3b_validation200_v5_banglish/results/runs/qwen2_5_3b_validation200_v5_banglish.jsonl,177,A
Qwen2.5-3B,Qwen/Qwen2.5-3B-Instruct,english,English,benqa,mcq,choice,benqa_10th-Physics_0280,B,True,B,False,False,False,1,1,1,False,False,results/runs/qwen2_5_3b_validation200_v3_128/results/runs/qwen2_5_3b_validation200_v3_128.jsonl,531,B
Qwen2.5-3B,Qwen/Qwen2.5-3B-Instruct,bangla,Bangla,benqa,mcq,choice,benqa_10th-Physics_0296,D,False,B,False,False,False,1,1,1,False,False,results/runs/qwen2_5_3b_validation200_v3_128/results/runs/qwen2_5_3b_validation200_v3_128.jsonl,487,B
Qwen2.5-3B,Qwen/Qwen2.5-3B-Instruct,banglish_clean,Reviewed Banglish,benqa,mcq,choice,benqa_10th-Physics_0296,D,False,B,False,False,False,1,1,1,False,False,results/runs/qwen2_5_3b_validation200_v5_banglish/results/runs/qwen2_5_3b_validation200_v5_banglish.jsonl,163,B
Qwen2.5-3B,Qwen/Qwen2.5-3B-Instruct,english,English,benqa,mcq,choice,benqa_10th-Physics_0296,D,True,D,False,False,False,1,1,1,False,False,results/runs/qwen2_5_3b_validation200_v3_128/results/runs/qwen2_5_3b_validation200_v3_128.jsonl,489,D
Qwen2.5-3B,Qwen/Qwen2.5-3B-Instruct,bangla,Bangla,benqa,mcq,choice,benqa_12th-Biology-II_0034,B,False,A,False,False,False,1,1,1,False,False,results/runs/qwen2_5_3b_validation200_v3_128/results/runs/qwen2_5_3b_validation200_v3_128.jsonl,472,A
Qwen2.5-3B,Qwen/Qwen2.5-3B-Instruct,banglish_clean,Reviewed Banglish,benqa,mcq,choice,benqa_12th-Biology-II_0034,B,False,C,False,False,False,1,1,1,False,False,results/runs/qwen2_5_3b_validation200_v5_banglish/results/runs/qwen2_5_3b_validation200_v5_banglish.jsonl,158,C
Qwen2.5-3B,Qwen/Qwen2.5-3B-Instruct,english,English,benqa,mcq,choice,benqa_12th-Biology-II_0034,B,True,B,False,False,False,1,1,1,False,False,results/runs/qwen2_5_3b_validation200_v3_128/results/runs/qwen2_5_3b_validation200_v3_128.jsonl,474,B
Qwen2.5-3B,Qwen/Qwen2.5-3B-Instruct,bangla,Bangla,benqa,mcq,choice,benqa_12th-Biology-II_0049,C,False,A,False,False,False,1,1,1,False,False,results/runs/qwen2_5_3b_validation200_v3_128/results/runs/qwen2_5_3b_validation200_v3_128.jsonl,223,A
Qwen2.5-3B,Qwen/Qwen2.5-3B-Instruct,banglish_clean,Reviewed Banglish,benqa,mcq,choice,benqa_12th-Biology-II_0049,C,False,A,False,False,False,1,1,1,False,False,results/runs/qwen2_5_3b_validation200_v5_banglish/results/runs/qwen2_5_3b_validation200_v5_banglish.jsonl,75,A
Qwen2.5-3B,Qwen/Qwen2.5-3B-Instruct,english,English,benqa,mcq,choice,benqa_12th-Biology-II_0049,C,False,A,False,False,False,1,1,1,False,False,results/runs/qwen2_5_3b_validation200_v3_128/results/runs/qwen2_5_3b_validation200_v3_128.jsonl,225,A
Qwen2.5-3B,Qwen/Qwen2.5-3B-Instruct,bangla,Bangla,benqa,mcq,choice,benqa_12th-Biology-II_0119,C,False,A,False,False,False,1,1,1,False,False,results/runs/qwen2_5_3b_validation200_v3_128/results/runs/qwen2_5_3b_validation200_v3_128.jsonl,73,A
Qwen2.5-3B,Qwen/Qwen2.5-3B-Instruct,banglish_clean,Reviewed Banglish,benqa,mcq,choice,benqa_12th-Biology-II_0119,C,False,B,False,False,False,1,1,1,False,False,results/runs/qwen2_5_3b_validation200_v5_banglish/results/runs/qwen2_5_3b_validation200_v5_banglish.jsonl,25,B
Qwen2.5-3B,Qwen/Qwen2.5-3B-Instruct,english,English,benqa,mcq,choice,benqa_12th-Biology-II_0119,C,False,B,False,False,False,1,1,1,False,False,results/runs/qwen2_5_3b_validation200_v3_128/results/runs/qwen2_5_3b_validation200_v3_128.jsonl,75,B
Qwen2.5-3B,Qwen/Qwen2.5-3B-Instruct,bangla,Bangla,benqa,mcq,choice,benqa_12th-Biology-II_0122,A,True,A,False,False,False,1,1,1,False,False,results/runs/qwen2_5_3b_validation200_v3_128/results/runs/qwen2_5_3b_validation200_v3_128.jsonl,67,A
Qwen2.5-3B,Qwen/Qwen2.5-3B-Instruct,banglish_clean,Reviewed Banglish,benqa,mcq,choice,benqa_12th-Biology-II_0122,A,False,C,False,False,False,1,1,1,False,False,results/runs/qwen2_5_3b_validation200_v5_banglish/results/runs/qwen2_5_3b_validation200_v5_banglish.jsonl,23,C
Qwen2.5-3B,Qwen/Qwen2.5-3B-Instruct,english,English,benqa,mcq,choice,benqa_12th-Biology-II_0122,A,False,B,False,False,False,1,1,1,False,False,results/runs/qwen2_5_3b_validation200_v3_128/results/runs/qwen2_5_3b_validation200_v3_128.jsonl,69,B
Qwen2.5-3B,Qwen/Qwen2.5-3B-Instruct,bangla,Bangla,benqa,mcq,choice,benqa_12th-Biology-II_0128,B,False,D,False,False,False,1,1,1,False,False,results/runs/qwen2_5_3b_validation200_v3_128/results/runs/qwen2_5_3b_validation200_v3_128.jsonl,229,D
Qwen2.5-3B,Qwen/Qwen2.5-3B-Instruct,banglish_clean,Reviewed Banglish,benqa,mcq,choice,benqa_12th-Biology-II_0128,B,True,B,False,False,False,1,1,1,False,False,results/runs/qwen2_5_3b_validation200_v5_banglish/results/runs/qwen2_5_3b_validation200_v5_banglish.jsonl,77,B
Qwen2.5-3B,Qwen/Qwen2.5-3B-Instruct,english,English,benqa,mcq,choice,benqa_12th-Biology-II_0128,B,True,B,False,False,False,1,1,1,False,False,results/runs/qwen2_5_3b_validation200_v3_128/results/runs/qwen2_5_3b_validation200_v3_128.jsonl,231,B
Qwen2.5-3B,Qwen/Qwen2.5-3B-Instruct,bangla,Bangla,benqa,mcq,choice,benqa_12th-Biology-II_0179,A,False,D,False,False,False,1,1,1,False,False,results/runs/qwen2_5_3b_validation200_v3_128/results/runs/qwen2_5_3b_validation200_v3_128.jsonl,559,D
Qwen2.5-3B,Qwen/Qwen2.5-3B-Instruct,banglish_clean,Reviewed Banglish,benqa,mcq,choice,benqa_12th-Biology-II_0179,A,False,B,False,False,False,1,1,1,False,False,results/runs/qwen2_5_3b_validation200_v5_banglish/results/runs/qwen2_5_3b_validation200_v5_banglish.jsonl,187,B
Qwen2.5-3B,Qwen/Qwen2.5-3B-Instruct,english,English,benqa,mcq,choice,benqa_12th-Biology-II_0179,A,True,A,False,False,False,1,1,1,False,False,results/runs/qwen2_5_3b_validation200_v3_128/results/runs/qwen2_5_3b_validation200_v3_128.jsonl,561,A
Qwen2.5-3B,Qwen/Qwen2.5-3B-Instruct,bangla,Bangla,benqa,mcq,choice,benqa_12th-Biology-II_0203,D,True,D,False,False,False,1,1,1,False,False,results/runs/qwen2_5_3b_validation200_v3_128/results/runs/qwen2_5_3b_validation200_v3_128.jsonl,427,D
Qwen2.5-3B,Qwen/Qwen2.5-3B-Instruct,banglish_clean,Reviewed Banglish,benqa,mcq,choice,benqa_12th-Biology-II_0203,D,True,D,False,False,False,1,1,1,False,False,results/runs/qwen2_5_3b_validation200_v5_banglish/results/runs/qwen2_5_3b_validation200_v5_banglish.jsonl,143,D
Qwen2.5-3B,Qwen/Qwen2.5-3B-Instruct,english,English,benqa,mcq,choice,benqa_12th-Biology-II_0203,D,True,D,False,False,False,1,1,1,False,False,results/runs/qwen2_5_3b_validation200_v3_128/results/runs/qwen2_5_3b_validation200_v3_128.jsonl,429,D
Qwen2.5-3B,Qwen/Qwen2.5-3B-Instruct,bangla,Bangla,benqa,mcq,choice,benqa_12th-Biology-II_0247,B,True,B,False,False,False,1,1,1,False,False,results/runs/qwen2_5_3b_validation200_v3_128/results/runs/qwen2_5_3b_validation200_v3_128.jsonl,544,B
Qwen2.5-3B,Qwen/Qwen2.5-3B-Instruct,banglish_clean,Reviewed Banglish,benqa,mcq,choice,benqa_12th-Biology-II_0247,B,True,B,False,False,False,1,1,1,False,False,results/runs/qwen2_5_3b_validation200_v5_banglish/results/runs/qwen2_5_3b_validation200_v5_banglish.jsonl,182,B
Qwen2.5-3B,Qwen/Qwen2.5-3B-Instruct,english,English,benqa,mcq,choice,benqa_12th-Biology-II_0247,B,False,A,False,False,False,1,1,1,False,False,results/runs/qwen2_5_3b_validation200_v3_128/results/runs/qwen2_5_3b_validation200_v3_128.jsonl,546,A
Qwen2.5-3B,Qwen/Qwen2.5-3B-Instruct,bangla,Bangla,benqa,mcq,choice,benqa_12th-Biology-II_0287,B,False,D,False,False,False,1,1,1,False,False,results/runs/qwen2_5_3b_validation200_v3_128/results/runs/qwen2_5_3b_validation200_v3_128.jsonl,370,D
Qwen2.5-3B,Qwen/Qwen2.5-3B-Instruct,banglish_clean,Reviewed Banglish,benqa,mcq,choice,benqa_12th-Biology-II_0287,B,True,B,False,False,False,1,1,1,False,False,results/runs/qwen2_5_3b_validation200_v5_banglish/results/runs/qwen2_5_3b_validation200_v5_banglish.jsonl,124,B
Qwen2.5-3B,Qwen/Qwen2.5-3B-Instruct,english,English,benqa,mcq,choice,benqa_12th-Biology-II_0287,B,True,B,False,False,False,1,1,1,False,False,results/runs/qwen2_5_3b_validation200_v3_128/results/runs/qwen2_5_3b_validation200_v3_128.jsonl,372,B
Qwen2.5-3B,Qwen/Qwen2.5-3B-Instruct,bangla,Bangla,benqa,mcq,choice,benqa_12th-Biology-II_0321,C,False,D,False,False,False,1,1,1,False,False,results/runs/qwen2_5_3b_validation200_v3_128/results/runs/qwen2_5_3b_validation200_v3_128.jsonl,367,D
Qwen2.5-3B,Qwen/Qwen2.5-3B-Instruct,banglish_clean,Reviewed Banglish,benqa,mcq,choice,benqa_12th-Biology-II_0321,C,False,B,False,False,False,1,1,1,False,False,results/runs/qwen2_5_3b_validation200_v5_banglish/results/runs/qwen2_5_3b_validation200_v5_banglish.jsonl,123,B
Qwen2.5-3B,Qwen/Qwen2.5-3B-Instruct,english,English,benqa,mcq,choice,benqa_12th-Biology-II_0321,C,False,D,False,False,False,1,1,1,False,False,results/runs/qwen2_5_3b_validation200_v3_128/results/runs/qwen2_5_3b_validation200_v3_128.jsonl,369,D
Qwen2.5-3B,Qwen/Qwen2.5-3B-Instruct,bangla,Bangla,benqa,mcq,choice,benqa_12th-Biology-II_0325,A,False,C,False,False,False,1,1,1,False,False,results/runs/qwen2_5_3b_validation200_v3_128/results/runs/qwen2_5_3b_validation200_v3_128.jsonl,40,C
Qwen2.5-3B,Qwen/Qwen2.5-3B-Instruct,banglish_clean,Reviewed Banglish,benqa,mcq,choice,benqa_12th-Biology-II_0325,A,False,B,False,False,False,1,1,1,False,False,results/runs/qwen2_5_3b_validation200_v5_banglish/results/runs/qwen2_5_3b_validation200_v5_banglish.jsonl,14,B
Qwen2.5-3B,Qwen/Qwen2.5-3B-Instruct,english,English,benqa,mcq,choice,benqa_12th-Biology-II_0325,A,True,A,False,False,False,1,1,1,False,False,results/runs/qwen2_5_3b_validation200_v3_128/results/runs/qwen2_5_3b_validation200_v3_128.jsonl,42,A
Qwen2.5-3B,Qwen/Qwen2.5-3B-Instruct,bangla,Bangla,benqa,mcq,choice,benqa_12th-Biology-I_0039,C,False,B,False,False,False,1,1,1,False,False,results/runs/qwen2_5_3b_validation200_v3_128/results/runs/qwen2_5_3b_validation200_v3_128.jsonl,547,B
Qwen2.5-3B,Qwen/Qwen2.5-3B-Instruct,banglish_clean,Reviewed Banglish,benqa,mcq,choice,benqa_12th-Biology-I_0039,C,False,B,False,False,False,1,1,1,False,False,results/runs/qwen2_5_3b_validation200_v5_banglish/results/runs/qwen2_5_3b_validation200_v5_banglish.jsonl,183,B
Qwen2.5-3B,Qwen/Qwen2.5-3B-Instruct,english,English,benqa,mcq,choice,benqa_12th-Biology-I_0039,C,False,D,False,False,False,1,1,1,False,False,results/runs/qwen2_5_3b_validation200_v3_128/results/runs/qwen2_5_3b_validation200_v3_128.jsonl,549,D
Qwen2.5-3B,Qwen/Qwen2.5-3B-Instruct,bangla,Bangla,benqa,mcq,choice,benqa_12th-Biology-I_0042,D,True,D,False,False,False,1,1,1,False,False,results/runs/qwen2_5_3b_validation200_v3_128/results/runs/qwen2_5_3b_validation200_v3_128.jsonl,52,D
Qwen2.5-3B,Qwen/Qwen2.5-3B-Instruct,banglish_clean,Reviewed Banglish,benqa,mcq,choice,benqa_12th-Biology-I_0042,D,True,D,False,False,False,1,1,1,False,False,results/runs/qwen2_5_3b_validation200_v5_banglish/results/runs/qwen2_5_3b_validation200_v5_banglish.jsonl,18,D
Qwen2.5-3B,Qwen/Qwen2.5-3B-Instruct,english,English,benqa,mcq,choice,benqa_12th-Biology-I_0042,D,False,B,False,False,False,1,1,1,False,False,results/runs/qwen2_5_3b_validation200_v3_128/results/runs/qwen2_5_3b_validation200_v3_128.jsonl,54,B
Qwen2.5-3B,Qwen/Qwen2.5-3B-Instruct,bangla,Bangla,benqa,mcq,choice,benqa_12th-Biology-I_0056,A,False,B,False,False,False,1,1,1,False,False,results/runs/qwen2_5_3b_validation200_v3_128/results/runs/qwen2_5_3b_validation200_v3_128.jsonl,583,B
Qwen2.5-3B,Qwen/Qwen2.5-3B-Instruct,banglish_clean,Reviewed Banglish,benqa,mcq,choice,benqa_12th-Biology-I_0056,A,False,B,False,False,False,1,1,1,False,False,results/runs/qwen2_5_3b_validation200_v5_banglish/results/runs/qwen2_5_3b_validation200_v5_banglish.jsonl,195,B
Qwen2.5-3B,Qwen/Qwen2.5-3B-Instruct,english,English,benqa,mcq,choice,benqa_12th-Biology-I_0056,A,False,C,False,False,False,1,1,1,False,False,results/runs/qwen2_5_3b_validation200_v3_128/results/runs/qwen2_5_3b_validation200_v3_128.jsonl,585,C
Qwen2.5-3B,Qwen/Qwen2.5-3B-Instruct,bangla,Bangla,benqa,mcq,choice,benqa_12th-Biology-I_0077,C,False,B,False,False,False,1,1,1,False,False,results/runs/qwen2_5_3b_validation200_v3_128/results/runs/qwen2_5_3b_validation200_v3_128.jsonl,100,B
Qwen2.5-3B,Qwen/Qwen2.5-3B-Instruct,banglish_clean,Reviewed Banglish,benqa,mcq,choice,benqa_12th-Biology-I_0077,C,False,D,False,False,False,1,1,1,False,False,results/runs/qwen2_5_3b_validation200_v5_banglish/results/runs/qwen2_5_3b_validation200_v5_banglish.jsonl,34,D
Qwen2.5-3B,Qwen/Qwen2.5-3B-Instruct,english,English,benqa,mcq,choice,benqa_12th-Biology-I_0077,C,True,C,False,False,False,1,1,1,False,False,results/runs/qwen2_5_3b_validation200_v3_128/results/runs/qwen2_5_3b_validation200_v3_128.jsonl,102,C
Qwen2.5-3B,Qwen/Qwen2.5-3B-Instruct,bangla,Bangla,benqa,mcq,choice,benqa_12th-Biology-I_0160,B,True,B,False,False,False,1,1,1,False,False,results/runs/qwen2_5_3b_validation200_v3_128/results/runs/qwen2_5_3b_validation200_v3_128.jsonl,151,B
Qwen2.5-3B,Qwen/Qwen2.5-3B-Instruct,banglish_clean,Reviewed Banglish,benqa,mcq,choice,benqa_12th-Biology-I_0160,B,True,B,False,False,False,1,1,1,False,False,results/runs/qwen2_5_3b_validation200_v5_banglish/results/runs/qwen2_5_3b_validation200_v5_banglish.jsonl,51,B
Qwen2.5-3B,Qwen/Qwen2.5-3B-Instruct,english,English,benqa,mcq,choice,benqa_12th-Biology-I_0160,B,True,B,False,False,False,1,1,1,False,False,results/runs/qwen2_5_3b_validation200_v3_128/results/runs/qwen2_5_3b_validation200_v3_128.jsonl,153,B
Qwen2.5-3B,Qwen/Qwen2.5-3B-Instruct,bangla,Bangla,benqa,mcq,choice,benqa_12th-Biology-I_0181,C,False,D,False,False,False,1,1,1,False,False,results/runs/qwen2_5_3b_validation200_v3_128/results/runs/qwen2_5_3b_validation200_v3_128.jsonl,172,D
Qwen2.5-3B,Qwen/Qwen2.5-3B-Instruct,banglish_clean,Reviewed Banglish,benqa,mcq,choice,benqa_12th-Biology-I_0181,C,False,D,False,False,False,1,1,1,False,False,results/runs/qwen2_5_3b_validation200_v5_banglish/results/runs/qwen2_5_3b_validation200_v5_banglish.jsonl,58,D
Qwen2.5-3B,Qwen/Qwen2.5-3B-Instruct,english,English,benqa,mcq,choice,benqa_12th-Biology-I_0181,C,False,D,False,False,False,1,1,1,False,False,results/runs/qwen2_5_3b_validation200_v3_128/results/runs/qwen2_5_3b_validation200_v3_128.jsonl,174,D
Qwen2.5-3B,Qwen/Qwen2.5-3B-Instruct,bangla,Bangla,benqa,mcq,choice,benqa_12th-Biology-I_0218,B,False,A,False,False,False,1,1,1,False,False,results/runs/qwen2_5_3b_validation200_v3_128/results/runs/qwen2_5_3b_validation200_v3_128.jsonl,58,A
Qwen2.5-3B,Qwen/Qwen2.5-3B-Instruct,banglish_clean,Reviewed Banglish,benqa,mcq,choice,benqa_12th-Biology-I_0218,B,False,D,False,False,False,1,1,1,False,False,results/runs/qwen2_5_3b_validation200_v5_banglish/results/runs/qwen2_5_3b_validation200_v5_banglish.jsonl,20,D
Qwen2.5-3B,Qwen/Qwen2.5-3B-Instruct,english,English,benqa,mcq,choice,benqa_12th-Biology-I_0218,B,True,B,False,False,False,1,1,1,False,False,results/runs/qwen2_5_3b_validation200_v3_128/results/runs/qwen2_5_3b_validation200_v3_128.jsonl,60,B
Qwen2.5-3B,Qwen/Qwen2.5-3B-Instruct,bangla,Bangla,benqa,mcq,choice,benqa_12th-Biology-I_0222,A,True,A,False,False,False,1,1,1,False,False,results/runs/qwen2_5_3b_validation200_v3_128/results/runs/qwen2_5_3b_validation200_v3_128.jsonl,175,A
Qwen2.5-3B,Qwen/Qwen2.5-3B-Instruct,banglish_clean,Reviewed Banglish,benqa,mcq,choice,benqa_12th-Biology-I_0222,A,False,C,False,False,False,1,1,1,False,False,results/runs/qwen2_5_3b_validation200_v5_banglish/results/runs/qwen2_5_3b_validation200_v5_banglish.jsonl,59,C
Qwen2.5-3B,Qwen/Qwen2.5-3B-Instruct,english,English,benqa,mcq,choice,benqa_12th-Biology-I_0222,A,True,A,False,False,False,1,1,1,False,False,results/runs/qwen2_5_3b_validation200_v3_128/results/runs/qwen2_5_3b_validation200_v3_128.jsonl,177,A
Qwen2.5-3B,Qwen/Qwen2.5-3B-Instruct,bangla,Bangla,benqa,mcq,choice,benqa_12th-Biology-I_0265,A,False,D,False,False,False,1,1,1,False,False,results/runs/qwen2_5_3b_validation200_v3_128/results/runs/qwen2_5_3b_validation200_v3_128.jsonl,1,D
Qwen2.5-3B,Qwen/Qwen2.5-3B-Instruct,banglish_clean,Reviewed Banglish,benqa,mcq,choice,benqa_12th-Biology-I_0265,A,False,D,False,False,False,1,1,1,False,False,results/runs/qwen2_5_3b_validation200_v5_banglish/results/runs/qwen2_5_3b_validation200_v5_banglish.jsonl,1,D
Qwen2.5-3B,Qwen/Qwen2.5-3B-Instruct,english,English,benqa,mcq,choice,benqa_12th-Biology-I_0265,A,True,A,False,False,False,1,1,1,False,False,results/runs/qwen2_5_3b_validation200_v3_128/results/runs/qwen2_5_3b_validation200_v3_128.jsonl,3,A
Qwen2.5-3B,Qwen/Qwen2.5-3B-Instruct,bangla,Bangla,benqa,mcq,choice,benqa_12th-Biology-I_0277,D,False,B,False,False,False,1,1,1,False,False,results/runs/qwen2_5_3b_validation200_v3_128/results/runs/qwen2_5_3b_validation200_v3_128.jsonl,562,B
Qwen2.5-3B,Qwen/Qwen2.5-3B-Instruct,banglish_clean,Reviewed Banglish,benqa,mcq,choice,benqa_12th-Biology-I_0277,D,False,B,False,False,False,1,1,1,False,False,results/runs/qwen2_5_3b_validation200_v5_banglish/results/runs/qwen2_5_3b_validation200_v5_banglish.jsonl,188,B
Qwen2.5-3B,Qwen/Qwen2.5-3B-Instruct,english,English,benqa,mcq,choice,benqa_12th-Biology-I_0277,D,True,D,False,False,False,1,1,1,False,False,results/runs/qwen2_5_3b_validation200_v3_128/results/runs/qwen2_5_3b_validation200_v3_128.jsonl,564,D
Qwen2.5-3B,Qwen/Qwen2.5-3B-Instruct,bangla,Bangla,benqa,mcq,choice,benqa_12th-Biology-I_0283,A,False,D,False,False,False,1,1,1,False,False,results/runs/qwen2_5_3b_validation200_v3_128/results/runs/qwen2_5_3b_validation200_v3_128.jsonl,337,D
Qwen2.5-3B,Qwen/Qwen2.5-3B-Instruct,banglish_clean,Reviewed Banglish,benqa,mcq,choice,benqa_12th-Biology-I_0283,A,False,D,False,False,False,1,1,1,False,False,results/runs/qwen2_5_3b_validation200_v5_banglish/results/runs/qwen2_5_3b_validation200_v5_banglish.jsonl,113,D
Qwen2.5-3B,Qwen/Qwen2.5-3B-Instruct,english,English,benqa,mcq,choice,benqa_12th-Biology-I_0283,A,True,A,False,False,False,1,1,1,False,False,results/runs/qwen2_5_3b_validation200_v3_128/results/runs/qwen2_5_3b_validation200_v3_128.jsonl,339,A
Qwen2.5-3B,Qwen/Qwen2.5-3B-Instruct,bangla,Bangla,benqa,mcq,choice,benqa_12th-Chemistry-II_0013,C,False,A,False,False,False,1,1,1,False,False,results/runs/qwen2_5_3b_validation200_v3_128/results/runs/qwen2_5_3b_validation200_v3_128.jsonl,502,A
Qwen2.5-3B,Qwen/Qwen2.5-3B-Instruct,banglish_clean,Reviewed Banglish,benqa,mcq,choice,benqa_12th-Chemistry-II_0013,C,True,C,False,False,False,1,1,1,False,False,results/runs/qwen2_5_3b_validation200_v5_banglish/results/runs/qwen2_5_3b_validation200_v5_banglish.jsonl,168,C
Qwen2.5-3B,Qwen/Qwen2.5-3B-Instruct,english,English,benqa,mcq,choice,benqa_12th-Chemistry-II_0013,C,True,C,False,False,False,1,1,1,False,False,results/runs/qwen2_5_3b_validation200_v3_128/results/runs/qwen2_5_3b_validation200_v3_128.jsonl,504,C
Qwen2.5-3B,Qwen/Qwen2.5-3B-Instruct,bangla,Bangla,benqa,mcq,choice,benqa_12th-Chemistry-II_0054,A,False,D,False,False,False,1,1,1,False,False,results/runs/qwen2_5_3b_validation200_v3_128/results/runs/qwen2_5_3b_validation200_v3_128.jsonl,19,D
Qwen2.5-3B,Qwen/Qwen2.5-3B-Instruct,banglish_clean,Reviewed Banglish,benqa,mcq,choice,benqa_12th-Chemistry-II_0054,A,True,A,False,False,False,1,1,1,False,False,results/runs/qwen2_5_3b_validation200_v5_banglish/results/runs/qwen2_5_3b_validation200_v5_banglish.jsonl,7,A
Qwen2.5-3B,Qwen/Qwen2.5-3B-Instruct,english,English,benqa,mcq,choice,benqa_12th-Chemistry-II_0054,A,True,A,False,False,False,1,1,1,False,False,results/runs/qwen2_5_3b_validation200_v3_128/results/runs/qwen2_5_3b_validation200_v3_128.jsonl,21,A
Qwen2.5-3B,Qwen/Qwen2.5-3B-Instruct,bangla,Bangla,benqa,mcq,choice,benqa_12th-Chemistry-II_0067,C,False,D,False,False,False,1,1,1,False,False,results/runs/qwen2_5_3b_validation200_v3_128/results/runs/qwen2_5_3b_validation200_v3_128.jsonl,283,D
Qwen2.5-3B,Qwen/Qwen2.5-3B-Instruct,banglish_clean,Reviewed Banglish,benqa,mcq,choice,benqa_12th-Chemistry-II_0067,C,False,D,False,False,False,1,1,1,False,False,results/runs/qwen2_5_3b_validation200_v5_banglish/results/runs/qwen2_5_3b_validation200_v5_banglish.jsonl,95,D
Qwen2.5-3B,Qwen/Qwen2.5-3B-Instruct,english,English,benqa,mcq,choice,benqa_12th-Chemistry-II_0067,C,False,D,False,False,False,1,1,1,False,False,results/runs/qwen2_5_3b_validation200_v3_128/results/runs/qwen2_5_3b_validation200_v3_128.jsonl,285,D
Qwen2.5-3B,Qwen/Qwen2.5-3B-Instruct,bangla,Bangla,benqa,mcq,choice,benqa_12th-Chemistry-II_0117,C,False,D,False,False,False,1,1,1,False,False,results/runs/qwen2_5_3b_validation200_v3_128/results/runs/qwen2_5_3b_validation200_v3_128.jsonl,469,D
Qwen2.5-3B,Qwen/Qwen2.5-3B-Instruct,banglish_clean,Reviewed Banglish,benqa,mcq,choice,benqa_12th-Chemistry-II_0117,C,False,D,False,False,False,1,1,1,False,False,results/runs/qwen2_5_3b_validation200_v5_banglish/results/runs/qwen2_5_3b_validation200_v5_banglish.jsonl,157,D
Qwen2.5-3B,Qwen/Qwen2.5-3B-Instruct,english,English,benqa,mcq,choice,benqa_12th-Chemistry-II_0117,C,False,D,False,False,False,1,1,1,False,False,results/runs/qwen2_5_3b_validation200_v3_128/results/runs/qwen2_5_3b_validation200_v3_128.jsonl,471,D
Qwen2.5-3B,Qwen/Qwen2.5-3B-Instruct,bangla,Bangla,benqa,mcq,choice,benqa_12th-Chemistry-II_0194,A,False,D,False,False,False,1,1,1,False,False,results/runs/qwen2_5_3b_validation200_v3_128/results/runs/qwen2_5_3b_validation200_v3_128.jsonl,13,D
Qwen2.5-3B,Qwen/Qwen2.5-3B-Instruct,banglish_clean,Reviewed Banglish,benqa,mcq,choice,benqa_12th-Chemistry-II_0194,A,False,B,False,False,False,1,1,1,False,False,results/runs/qwen2_5_3b_validation200_v5_banglish/results/runs/qwen2_5_3b_validation200_v5_banglish.jsonl,5,B
Qwen2.5-3B,Qwen/Qwen2.5-3B-Instruct,english,English,benqa,mcq,choice,benqa_12th-Chemistry-II_0194,A,True,A,False,False,False,1,1,1,False,False,results/runs/qwen2_5_3b_validation200_v3_128/results/runs/qwen2_5_3b_validation200_v3_128.jsonl,15,A
Qwen2.5-3B,Qwen/Qwen2.5-3B-Instruct,bangla,Bangla,benqa,mcq,choice,benqa_12th-Chemistry-II_0228,C,True,C,False,False,False,1,1,1,False,False,results/runs/qwen2_5_3b_validation200_v3_128/results/runs/qwen2_5_3b_validation200_v3_128.jsonl,535,C
Qwen2.5-3B,Qwen/Qwen2.5-3B-Instruct,banglish_clean,Reviewed Banglish,benqa,mcq,choice,benqa_12th-Chemistry-II_0228,C,False,D,False,False,False,1,1,1,False,False,results/runs/qwen2_5_3b_validation200_v5_banglish/results/runs/qwen2_5_3b_validation200_v5_banglish.jsonl,179,D
Qwen2.5-3B,Qwen/Qwen2.5-3B-Instruct,english,English,benqa,mcq,choice,benqa_12th-Chemistry-II_0228,C,True,C,False,False,False,1,1,1,False,False,results/runs/qwen2_5_3b_validation200_v3_128/results/runs/qwen2_5_3b_validation200_v3_128.jsonl,537,C
Qwen2.5-3B,Qwen/Qwen2.5-3B-Instruct,bangla,Bangla,benqa,mcq,choice,benqa_12th-Chemistry-II_0235,A,False,D,False,False,False,1,1,1,False,False,results/runs/qwen2_5_3b_validation200_v3_128/results/runs/qwen2_5_3b_validation200_v3_128.jsonl,550,D
Qwen2.5-3B,Qwen/Qwen2.5-3B-Instruct,banglish_clean,Reviewed Banglish,benqa,mcq,choice,benqa_12th-Chemistry-II_0235,A,True,A,False,False,False,1,1,1,False,False,results/runs/qwen2_5_3b_validation200_v5_banglish/results/runs/qwen2_5_3b_validation200_v5_banglish.jsonl,184,A
Qwen2.5-3B,Qwen/Qwen2.5-3B-Instruct,english,English,benqa,mcq,choice,benqa_12th-Chemistry-II_0235,A,True,A,False,False,False,1,1,1,False,False,results/runs/qwen2_5_3b_validation200_v3_128/results/runs/qwen2_5_3b_validation200_v3_128.jsonl,552,A
Qwen2.5-3B,Qwen/Qwen2.5-3B-Instruct,bangla,Bangla,benqa,mcq,choice,benqa_12th-Chemistry-II_0240,B,False,D,False,False,False,1,1,1,False,False,results/runs/qwen2_5_3b_validation200_v3_128/results/runs/qwen2_5_3b_validation200_v3_128.jsonl,4,D
Qwen2.5-3B,Qwen/Qwen2.5-3B-Instruct,banglish_clean,Reviewed Banglish,benqa,mcq,choice,benqa_12th-Chemistry-II_0240,B,True,B,False,False,False,1,1,1,False,False,results/runs/qwen2_5_3b_validation200_v5_banglish/results/runs/qwen2_5_3b_validation200_v5_banglish.jsonl,2,B
Qwen2.5-3B,Qwen/Qwen2.5-3B-Instruct,english,English,benqa,mcq,choice,benqa_12th-Chemistry-II_0240,B,False,D,False,False,False,1,1,1,False,False,results/runs/qwen2_5_3b_validation200_v3_128/results/runs/qwen2_5_3b_validation200_v3_128.jsonl,6,D
Qwen2.5-3B,Qwen/Qwen2.5-3B-Instruct,bangla,Bangla,benqa,mcq,choice,benqa_12th-Chemistry-II_0294,C,False,B,False,False,False,1,1,1,False,False,results/runs/qwen2_5_3b_validation200_v3_128/results/runs/qwen2_5_3b_validation200_v3_128.jsonl,139,B
Qwen2.5-3B,Qwen/Qwen2.5-3B-Instruct,banglish_clean,Reviewed Banglish,benqa,mcq,choice,benqa_12th-Chemistry-II_0294,C,True,C,False,False,False,1,1,1,False,False,results/runs/qwen2_5_3b_validation200_v5_banglish/results/runs/qwen2_5_3b_validation200_v5_banglish.jsonl,47,C
Qwen2.5-3B,Qwen/Qwen2.5-3B-Instruct,english,English,benqa,mcq,choice,benqa_12th-Chemistry-II_0294,C,False,A,False,False,False,1,1,1,False,False,results/runs/qwen2_5_3b_validation200_v3_128/results/runs/qwen2_5_3b_validation200_v3_128.jsonl,141,A
Qwen2.5-3B,Qwen/Qwen2.5-3B-Instruct,bangla,Bangla,benqa,mcq,choice,benqa_12th-Chemistry-II_0305,D,False,B,False,False,False,1,1,1,False,False,results/runs/qwen2_5_3b_validation200_v3_128/results/runs/qwen2_5_3b_validation200_v3_128.jsonl,484,B
Qwen2.5-3B,Qwen/Qwen2.5-3B-Instruct,banglish_clean,Reviewed Banglish,benqa,mcq,choice,benqa_12th-Chemistry-II_0305,D,False,A,False,False,False,1,1,1,False,False,results/runs/qwen2_5_3b_validation200_v5_banglish/results/runs/qwen2_5_3b_validation200_v5_banglish.jsonl,162,A
Qwen2.5-3B,Qwen/Qwen2.5-3B-Instruct,english,English,benqa,mcq,choice,benqa_12th-Chemistry-II_0305,D,False,A,False,False,False,1,1,1,False,False,results/runs/qwen2_5_3b_validation200_v3_128/results/runs/qwen2_5_3b_validation200_v3_128.jsonl,486,A
Qwen2.5-3B,Qwen/Qwen2.5-3B-Instruct,bangla,Bangla,benqa,mcq,choice,benqa_12th-Chemistry-II_0354,B,True,B,False,False,False,1,1,1,False,False,results/runs/qwen2_5_3b_validation200_v3_128/results/runs/qwen2_5_3b_validation200_v3_128.jsonl,115,B
Qwen2.5-3B,Qwen/Qwen2.5-3B-Instruct,banglish_clean,Reviewed Banglish,benqa,mcq,choice,benqa_12th-Chemistry-II_0354,B,False,C,False,False,False,1,1,1,False,False,results/runs/qwen2_5_3b_validation200_v5_banglish/results/runs/qwen2_5_3b_validation200_v5_banglish.jsonl,39,C
Qwen2.5-3B,Qwen/Qwen2.5-3B-Instruct,english,English,benqa,mcq,choice,benqa_12th-Chemistry-II_0354,B,True,B,False,False,False,1,1,1,False,False,results/runs/qwen2_5_3b_validation200_v3_128/results/runs/qwen2_5_3b_validation200_v3_128.jsonl,117,B
Qwen2.5-3B,Qwen/Qwen2.5-3B-Instruct,bangla,Bangla,benqa,mcq,choice,benqa_12th-Chemistry-I_0028,B,True,B,False,False,False,1,1,1,False,False,results/runs/qwen2_5_3b_validation200_v3_128/results/runs/qwen2_5_3b_validation200_v3_128.jsonl,343,B
Qwen2.5-3B,Qwen/Qwen2.5-3B-Instruct,banglish_clean,Reviewed Banglish,benqa,mcq,choice,benqa_12th-Chemistry-I_0028,B,True,B,False,False,False,1,1,1,False,False,results/runs/qwen2_5_3b_validation200_v5_banglish/results/runs/qwen2_5_3b_validation200_v5_banglish.jsonl,115,B
Qwen2.5-3B,Qwen/Qwen2.5-3B-Instruct,english,English,benqa,mcq,choice,benqa_12th-Chemistry-I_0028,B,True,B,False,False,False,1,1,1,False,False,results/runs/qwen2_5_3b_validation200_v3_128/results/runs/qwen2_5_3b_validation200_v3_128.jsonl,345,B
Qwen2.5-3B,Qwen/Qwen2.5-3B-Instruct,bangla,Bangla,benqa,mcq,choice,benqa_12th-Chemistry-I_0037,C,True,C,False,False,False,1,1,1,False,False,results/runs/qwen2_5_3b_validation200_v3_128/results/runs/qwen2_5_3b_validation200_v3_128.jsonl,286,C
Qwen2.5-3B,Qwen/Qwen2.5-3B-Instruct,banglish_clean,Reviewed Banglish,benqa,mcq,choice,benqa_12th-Chemistry-I_0037,C,False,D,False,False,False,1,1,1,False,False,results/runs/qwen2_5_3b_validation200_v5_banglish/results/runs/qwen2_5_3b_validation200_v5_banglish.jsonl,96,D
Qwen2.5-3B,Qwen/Qwen2.5-3B-Instruct,english,English,benqa,mcq,choice,benqa_12th-Chemistry-I_0037,C,False,D,False,False,False,1,1,1,False,False,results/runs/qwen2_5_3b_validation200_v3_128/results/runs/qwen2_5_3b_validation200_v3_128.jsonl,288,D
Qwen2.5-3B,Qwen/Qwen2.5-3B-Instruct,bangla,Bangla,benqa,mcq,choice,benqa_12th-Chemistry-I_0140,D,False,B,False,False,False,1,1,1,False,False,results/runs/qwen2_5_3b_validation200_v3_128/results/runs/qwen2_5_3b_validation200_v3_128.jsonl,376,B
Qwen2.5-3B,Qwen/Qwen2.5-3B-Instruct,banglish_clean,Reviewed Banglish,benqa,mcq,choice,benqa_12th-Chemistry-I_0140,D,False,A,False,False,False,1,1,1,False,False,results/runs/qwen2_5_3b_validation200_v5_banglish/results/runs/qwen2_5_3b_validation200_v5_banglish.jsonl,126,A
Qwen2.5-3B,Qwen/Qwen2.5-3B-Instruct,english,English,benqa,mcq,choice,benqa_12th-Chemistry-I_0140,D,True,D,False,False,False,1,1,1,False,False,results/runs/qwen2_5_3b_validation200_v3_128/results/runs/qwen2_5_3b_validation200_v3_128.jsonl,378,D
Qwen2.5-3B,Qwen/Qwen2.5-3B-Instruct,bangla,Bangla,benqa,mcq,choice,benqa_12th-Chemistry-I_0174,A,False,D,False,False,False,1,1,1,False,False,results/runs/qwen2_5_3b_validation200_v3_128/results/runs/qwen2_5_3b_validation200_v3_128.jsonl,88,D
Qwen2.5-3B,Qwen/Qwen2.5-3B-Instruct,banglish_clean,Reviewed Banglish,benqa,mcq,choice,benqa_12th-Chemistry-I_0174,A,False,D,False,False,False,1,1,1,False,False,results/runs/qwen2_5_3b_validation200_v5_banglish/results/runs/qwen2_5_3b_validation200_v5_banglish.jsonl,30,D
Qwen2.5-3B,Qwen/Qwen2.5-3B-Instruct,english,English,benqa,mcq,choice,benqa_12th-Chemistry-I_0174,A,True,A,False,False,False,1,1,1,False,False,results/runs/qwen2_5_3b_validation200_v3_128/results/runs/qwen2_5_3b_validation200_v3_128.jsonl,90,A
Qwen2.5-3B,Qwen/Qwen2.5-3B-Instruct,bangla,Bangla,benqa,mcq,choice,benqa_12th-Chemistry-I_0190,B,False,D,False,False,False,1,1,1,False,False,results/runs/qwen2_5_3b_validation200_v3_128/results/runs/qwen2_5_3b_validation200_v3_128.jsonl,412,D
Qwen2.5-3B,Qwen/Qwen2.5-3B-Instruct,banglish_clean,Reviewed Banglish,benqa,mcq,choice,benqa_12th-Chemistry-I_0190,B,False,C,False,False,False,1,1,1,False,False,results/runs/qwen2_5_3b_validation200_v5_banglish/results/runs/qwen2_5_3b_validation200_v5_banglish.jsonl,138,C
Qwen2.5-3B,Qwen/Qwen2.5-3B-Instruct,english,English,benqa,mcq,choice,benqa_12th-Chemistry-I_0190,B,False,D,False,False,False,1,1,1,False,False,results/runs/qwen2_5_3b_validation200_v3_128/results/runs/qwen2_5_3b_validation200_v3_128.jsonl,414,D
Qwen2.5-3B,Qwen/Qwen2.5-3B-Instruct,bangla,Bangla,benqa,mcq,choice,benqa_12th-Chemistry-I_0218,D,False,B,False,False,False,1,1,1,False,False,results/runs/qwen2_5_3b_validation200_v3_128/results/runs/qwen2_5_3b_validation200_v3_128.jsonl,463,B
Qwen2.5-3B,Qwen/Qwen2.5-3B-Instruct,banglish_clean,Reviewed Banglish,benqa,mcq,choice,benqa_12th-Chemistry-I_0218,D,False,B,False,False,False,1,1,1,False,False,results/runs/qwen2_5_3b_validation200_v5_banglish/results/runs/qwen2_5_3b_validation200_v5_banglish.jsonl,155,B
Qwen2.5-3B,Qwen/Qwen2.5-3B-Instruct,english,English,benqa,mcq,choice,benqa_12th-Chemistry-I_0218,D,False,B,False,False,False,1,1,1,False,False,results/runs/qwen2_5_3b_validation200_v3_128/results/runs/qwen2_5_3b_validation200_v3_128.jsonl,465,B
Qwen2.5-3B,Qwen/Qwen2.5-3B-Instruct,bangla,Bangla,benqa,mcq,choice,benqa_12th-Chemistry-I_0227,D,False,B,False,False,False,1,1,1,False,False,results/runs/qwen2_5_3b_validation200_v3_128/results/runs/qwen2_5_3b_validation200_v3_128.jsonl,193,B
Qwen2.5-3B,Qwen/Qwen2.5-3B-Instruct,banglish_clean,Reviewed Banglish,benqa,mcq,choice,benqa_12th-Chemistry-I_0227,D,False,B,False,False,False,1,1,1,False,False,results/runs/qwen2_5_3b_validation200_v5_banglish/results/runs/qwen2_5_3b_validation200_v5_banglish.jsonl,65,B
Qwen2.5-3B,Qwen/Qwen2.5-3B-Instruct,english,English,benqa,mcq,choice,benqa_12th-Chemistry-I_0227,D,False,B,False,False,False,1,1,1,False,False,results/runs/qwen2_5_3b_validation200_v3_128/results/runs/qwen2_5_3b_validation200_v3_128.jsonl,195,B
Qwen2.5-3B,Qwen/Qwen2.5-3B-Instruct,bangla,Bangla,benqa,mcq,choice,benqa_12th-Chemistry-I_0260,D,False,C,False,False,False,1,1,1,False,False,results/runs/qwen2_5_3b_validation200_v3_128/results/runs/qwen2_5_3b_validation200_v3_128.jsonl,97,C
Qwen2.5-3B,Qwen/Qwen2.5-3B-Instruct,banglish_clean,Reviewed Banglish,benqa,mcq,choice,benqa_12th-Chemistry-I_0260,D,False,B,False,False,False,1,1,1,False,False,results/runs/qwen2_5_3b_validation200_v5_banglish/results/runs/qwen2_5_3b_validation200_v5_banglish.jsonl,33,B
Qwen2.5-3B,Qwen/Qwen2.5-3B-Instruct,english,English,benqa,mcq,choice,benqa_12th-Chemistry-I_0260,D,True,D,False,False,False,1,1,1,False,False,results/runs/qwen2_5_3b_validation200_v3_128/results/runs/qwen2_5_3b_validation200_v3_128.jsonl,99,D
Qwen2.5-3B,Qwen/Qwen2.5-3B-Instruct,bangla,Bangla,benqa,mcq,choice,benqa_12th-Chemistry-I_0286,C,False,A,False,False,False,1,1,1,False,False,results/runs/qwen2_5_3b_validation200_v3_128/results/runs/qwen2_5_3b_validation200_v3_128.jsonl,445,A
Qwen2.5-3B,Qwen/Qwen2.5-3B-Instruct,banglish_clean,Reviewed Banglish,benqa,mcq,choice,benqa_12th-Chemistry-I_0286,C,False,A,False,False,False,1,1,1,False,False,results/runs/qwen2_5_3b_validation200_v5_banglish/results/runs/qwen2_5_3b_validation200_v5_banglish.jsonl,149,A
Qwen2.5-3B,Qwen/Qwen2.5-3B-Instruct,english,English,benqa,mcq,choice,benqa_12th-Chemistry-I_0286,C,False,A,False,False,False,1,1,1,False,False,results/runs/qwen2_5_3b_validation200_v3_128/results/runs/qwen2_5_3b_validation200_v3_128.jsonl,447,A
Qwen2.5-3B,Qwen/Qwen2.5-3B-Instruct,bangla,Bangla,benqa,mcq,choice,benqa_12th-Chemistry-I_0303,D,True,D,False,False,False,1,1,1,False,False,results/runs/qwen2_5_3b_validation200_v3_128/results/runs/qwen2_5_3b_validation200_v3_128.jsonl,385,D
Qwen2.5-3B,Qwen/Qwen2.5-3B-Instruct,banglish_clean,Reviewed Banglish,benqa,mcq,choice,benqa_12th-Chemistry-I_0303,D,True,D,False,False,False,1,1,1,False,False,results/runs/qwen2_5_3b_validation200_v5_banglish/results/runs/qwen2_5_3b_validation200_v5_banglish.jsonl,129,D
Qwen2.5-3B,Qwen/Qwen2.5-3B-Instruct,english,English,benqa,mcq,choice,benqa_12th-Chemistry-I_0303,D,True,D,False,False,False,1,1,1,False,False,results/runs/qwen2_5_3b_validation200_v3_128/results/runs/qwen2_5_3b_validation200_v3_128.jsonl,387,D
Qwen2.5-3B,Qwen/Qwen2.5-3B-Instruct,bangla,Bangla,benqa,mcq,choice,benqa_12th-Chemistry-I_0328,B,True,B,False,False,False,1,1,1,False,False,results/runs/qwen2_5_3b_validation200_v3_128/results/runs/qwen2_5_3b_validation200_v3_128.jsonl,238,B
Qwen2.5-3B,Qwen/Qwen2.5-3B-Instruct,banglish_clean,Reviewed Banglish,benqa,mcq,choice,benqa_12th-Chemistry-I_0328,B,False,A,False,False,False,1,1,1,False,False,results/runs/qwen2_5_3b_validation200_v5_banglish/results/runs/qwen2_5_3b_validation200_v5_banglish.jsonl,80,A
Qwen2.5-3B,Qwen/Qwen2.5-3B-Instruct,english,English,benqa,mcq,choice,benqa_12th-Chemistry-I_0328,B,False,D,False,False,False,1,1,1,False,False,results/runs/qwen2_5_3b_validation200_v3_128/results/runs/qwen2_5_3b_validation200_v3_128.jsonl,240,D
Qwen2.5-3B,Qwen/Qwen2.5-3B-Instruct,bangla,Bangla,benqa,mcq,choice,benqa_12th-Math-II_0043,D,False,C,False,False,False,1,1,1,False,False,results/runs/qwen2_5_3b_validation200_v3_128/results/runs/qwen2_5_3b_validation200_v3_128.jsonl,187,C
Qwen2.5-3B,Qwen/Qwen2.5-3B-Instruct,banglish_clean,Reviewed Banglish,benqa,mcq,choice,benqa_12th-Math-II_0043,D,False,B,False,False,False,1,1,1,False,False,results/runs/qwen2_5_3b_validation200_v5_banglish/results/runs/qwen2_5_3b_validation200_v5_banglish.jsonl,63,B
Qwen2.5-3B,Qwen/Qwen2.5-3B-Instruct,english,English,benqa,mcq,choice,benqa_12th-Math-II_0043,D,True,D,False,False,False,1,1,1,False,False,results/runs/qwen2_5_3b_validation200_v3_128/results/runs/qwen2_5_3b_validation200_v3_128.jsonl,189,D
Qwen2.5-3B,Qwen/Qwen2.5-3B-Instruct,bangla,Bangla,benqa,mcq,choice,benqa_12th-Math-II_0214,C,True,C,False,False,False,1,1,1,False,False,results/runs/qwen2_5_3b_validation200_v3_128/results/runs/qwen2_5_3b_validation200_v3_128.jsonl,301,C
Qwen2.5-3B,Qwen/Qwen2.5-3B-Instruct,banglish_clean,Reviewed Banglish,benqa,mcq,choice,benqa_12th-Math-II_0214,C,True,C,False,False,False,1,1,1,False,False,results/runs/qwen2_5_3b_validation200_v5_banglish/results/runs/qwen2_5_3b_validation200_v5_banglish.jsonl,101,C
Qwen2.5-3B,Qwen/Qwen2.5-3B-Instruct,english,English,benqa,mcq,choice,benqa_12th-Math-II_0214,C,False,A,False,False,False,1,1,1,False,False,results/runs/qwen2_5_3b_validation200_v3_128/results/runs/qwen2_5_3b_validation200_v3_128.jsonl,303,A
Qwen2.5-3B,Qwen/Qwen2.5-3B-Instruct,bangla,Bangla,benqa,mcq,choice,benqa_12th-Math-II_0230,D,True,D,False,False,False,1,1,1,False,False,results/runs/qwen2_5_3b_validation200_v3_128/results/runs/qwen2_5_3b_validation200_v3_128.jsonl,208,D
Qwen2.5-3B,Qwen/Qwen2.5-3B-Instruct,banglish_clean,Reviewed Banglish,benqa,mcq,choice,benqa_12th-Math-II_0230,D,True,D,False,False,False,1,1,1,False,False,results/runs/qwen2_5_3b_validation200_v5_banglish/results/runs/qwen2_5_3b_validation200_v5_banglish.jsonl,70,D
Qwen2.5-3B,Qwen/Qwen2.5-3B-Instruct,english,English,benqa,mcq,choice,benqa_12th-Math-II_0230,D,False,C,False,False,False,1,1,1,False,False,results/runs/qwen2_5_3b_validation200_v3_128/results/runs/qwen2_5_3b_validation200_v3_128.jsonl,210,C
Qwen2.5-3B,Qwen/Qwen2.5-3B-Instruct,bangla,Bangla,benqa,mcq,choice,benqa_12th-Math-II_0234,A,True,A,False,False,False,1,1,1,False,False,results/runs/qwen2_5_3b_validation200_v3_128/results/runs/qwen2_5_3b_validation200_v3_128.jsonl,25,A
Qwen2.5-3B,Qwen/Qwen2.5-3B-Instruct,banglish_clean,Reviewed Banglish,benqa,mcq,choice,benqa_12th-Math-II_0234,A,True,A,False,False,False,1,1,1,False,False,results/runs/qwen2_5_3b_validation200_v5_banglish/results/runs/qwen2_5_3b_validation200_v5_banglish.jsonl,9,A
Qwen2.5-3B,Qwen/Qwen2.5-3B-Instruct,english,English,benqa,mcq,choice,benqa_12th-Math-II_0234,A,True,A,False,False,False,1,1,1,False,False,results/runs/qwen2_5_3b_validation200_v3_128/results/runs/qwen2_5_3b_validation200_v3_128.jsonl,27,A
Qwen2.5-3B,Qwen/Qwen2.5-3B-Instruct,bangla,Bangla,benqa,mcq,choice,benqa_12th-Math-I_0029,B,False,A,False,False,False,1,1,1,False,False,results/runs/qwen2_5_3b_validation200_v3_128/results/runs/qwen2_5_3b_validation200_v3_128.jsonl,421,A
Qwen2.5-3B,Qwen/Qwen2.5-3B-Instruct,banglish_clean,Reviewed Banglish,benqa,mcq,choice,benqa_12th-Math-I_0029,B,False,C,False,False,False,1,1,1,False,False,results/runs/qwen2_5_3b_validation200_v5_banglish/results/runs/qwen2_5_3b_validation200_v5_banglish.jsonl,141,C
Qwen2.5-3B,Qwen/Qwen2.5-3B-Instruct,english,English,benqa,mcq,choice,benqa_12th-Math-I_0029,B,False,D,False,False,False,1,1,1,False,False,results/runs/qwen2_5_3b_validation200_v3_128/results/runs/qwen2_5_3b_validation200_v3_128.jsonl,423,D
Qwen2.5-3B,Qwen/Qwen2.5-3B-Instruct,bangla,Bangla,benqa,mcq,choice,benqa_12th-Math-I_0088,C,False,A,False,False,False,1,1,1,False,False,results/runs/qwen2_5_3b_validation200_v3_128/results/runs/qwen2_5_3b_validation200_v3_128.jsonl,184,A
Qwen2.5-3B,Qwen/Qwen2.5-3B-Instruct,banglish_clean,Reviewed Banglish,benqa,mcq,choice,benqa_12th-Math-I_0088,C,False,A,False,False,False,1,1,1,False,False,results/runs/qwen2_5_3b_validation200_v5_banglish/results/runs/qwen2_5_3b_validation200_v5_banglish.jsonl,62,A
Qwen2.5-3B,Qwen/Qwen2.5-3B-Instruct,english,English,benqa,mcq,choice,benqa_12th-Math-I_0088,C,False,D,False,False,False,1,1,1,False,False,results/runs/qwen2_5_3b_validation200_v3_128/results/runs/qwen2_5_3b_validation200_v3_128.jsonl,186,D
Qwen2.5-3B,Qwen/Qwen2.5-3B-Instruct,bangla,Bangla,benqa,mcq,choice,benqa_12th-Math-I_0120,D,False,C,False,False,False,1,1,1,False,False,results/runs/qwen2_5_3b_validation200_v3_128/results/runs/qwen2_5_3b_validation200_v3_128.jsonl,148,C
Qwen2.5-3B,Qwen/Qwen2.5-3B-Instruct,banglish_clean,Reviewed Banglish,benqa,mcq,choice,benqa_12th-Math-I_0120,D,False,B,False,False,False,1,1,1,False,False,results/runs/qwen2_5_3b_validation200_v5_banglish/results/runs/qwen2_5_3b_validation200_v5_banglish.jsonl,50,B
Qwen2.5-3B,Qwen/Qwen2.5-3B-Instruct,english,English,benqa,mcq,choice,benqa_12th-Math-I_0120,D,False,A,False,False,False,1,1,1,False,False,results/runs/qwen2_5_3b_validation200_v3_128/results/runs/qwen2_5_3b_validation200_v3_128.jsonl,150,A
Qwen2.5-3B,Qwen/Qwen2.5-3B-Instruct,bangla,Bangla,benqa,mcq,choice,benqa_12th-Math-I_0186,A,False,B,False,False,False,1,1,1,False,False,results/runs/qwen2_5_3b_validation200_v3_128/results/runs/qwen2_5_3b_validation200_v3_128.jsonl,247,B
Qwen2.5-3B,Qwen/Qwen2.5-3B-Instruct,banglish_clean,Reviewed Banglish,benqa,mcq,choice,benqa_12th-Math-I_0186,A,False,B,False,False,False,1,1,1,False,False,results/runs/qwen2_5_3b_validation200_v5_banglish/results/runs/qwen2_5_3b_validation200_v5_banglish.jsonl,83,B
Qwen2.5-3B,Qwen/Qwen2.5-3B-Instruct,english,English,benqa,mcq,choice,benqa_12th-Math-I_0186,A,False,B,False,False,False,1,1,1,False,False,results/runs/qwen2_5_3b_validation200_v3_128/results/runs/qwen2_5_3b_validation200_v3_128.jsonl,249,B
Qwen2.5-3B,Qwen/Qwen2.5-3B-Instruct,bangla,Bangla,benqa,mcq,choice,benqa_12th-Math-I_0187,B,False,C,False,False,False,1,1,1,False,False,results/runs/qwen2_5_3b_validation200_v3_128/results/runs/qwen2_5_3b_validation200_v3_128.jsonl,436,C
Qwen2.5-3B,Qwen/Qwen2.5-3B-Instruct,banglish_clean,Reviewed Banglish,benqa,mcq,choice,benqa_12th-Math-I_0187,B,False,C,False,False,False,1,1,1,False,False,results/runs/qwen2_5_3b_validation200_v5_banglish/results/runs/qwen2_5_3b_validation200_v5_banglish.jsonl,146,C
Qwen2.5-3B,Qwen/Qwen2.5-3B-Instruct,english,English,benqa,mcq,choice,benqa_12th-Math-I_0187,B,False,C,False,False,False,1,1,1,False,False,results/runs/qwen2_5_3b_validation200_v3_128/results/runs/qwen2_5_3b_validation200_v3_128.jsonl,438,C
Qwen2.5-3B,Qwen/Qwen2.5-3B-Instruct,bangla,Bangla,benqa,mcq,choice,benqa_12th-Math-I_0202,B,True,B,False,False,False,1,1,1,False,False,results/runs/qwen2_5_3b_validation200_v3_128/results/runs/qwen2_5_3b_validation200_v3_128.jsonl,511,B
Qwen2.5-3B,Qwen/Qwen2.5-3B-Instruct,banglish_clean,Reviewed Banglish,benqa,mcq,choice,benqa_12th-Math-I_0202,B,False,D,False,False,False,1,1,1,False,False,results/runs/qwen2_5_3b_validation200_v5_banglish/results/runs/qwen2_5_3b_validation200_v5_banglish.jsonl,171,D
Qwen2.5-3B,Qwen/Qwen2.5-3B-Instruct,english,English,benqa,mcq,choice,benqa_12th-Math-I_0202,B,False,D,False,False,False,1,1,1,False,False,results/runs/qwen2_5_3b_validation200_v3_128/results/runs/qwen2_5_3b_validation200_v3_128.jsonl,513,D
Qwen2.5-3B,Qwen/Qwen2.5-3B-Instruct,bangla,Bangla,benqa,mcq,choice,benqa_12th-Math-I_0218,A,False,C,False,False,False,1,1,1,False,False,results/runs/qwen2_5_3b_validation200_v3_128/results/runs/qwen2_5_3b_validation200_v3_128.jsonl,181,C
Qwen2.5-3B,Qwen/Qwen2.5-3B-Instruct,banglish_clean,Reviewed Banglish,benqa,mcq,choice,benqa_12th-Math-I_0218,A,True,A,False,False,False,1,1,1,False,False,results/runs/qwen2_5_3b_validation200_v5_banglish/results/runs/qwen2_5_3b_validation200_v5_banglish.jsonl,61,A
Qwen2.5-3B,Qwen/Qwen2.5-3B-Instruct,english,English,benqa,mcq,choice,benqa_12th-Math-I_0218,A,False,C,False,False,False,1,1,1,False,False,results/runs/qwen2_5_3b_validation200_v3_128/results/runs/qwen2_5_3b_validation200_v3_128.jsonl,183,C
Qwen2.5-3B,Qwen/Qwen2.5-3B-Instruct,bangla,Bangla,benqa,mcq,choice,benqa_12th-Math-I_0310,B,True,B,False,False,False,1,1,1,False,False,results/runs/qwen2_5_3b_validation200_v3_128/results/runs/qwen2_5_3b_validation200_v3_128.jsonl,262,B
Qwen2.5-3B,Qwen/Qwen2.5-3B-Instruct,banglish_clean,Reviewed Banglish,benqa,mcq,choice,benqa_12th-Math-I_0310,B,True,B,False,False,False,1,1,1,False,False,results/runs/qwen2_5_3b_validation200_v5_banglish/results/runs/qwen2_5_3b_validation200_v5_banglish.jsonl,88,B
Qwen2.5-3B,Qwen/Qwen2.5-3B-Instruct,english,English,benqa,mcq,choice,benqa_12th-Math-I_0310,B,True,B,False,False,False,1,1,1,False,False,results/runs/qwen2_5_3b_validation200_v3_128/results/runs/qwen2_5_3b_validation200_v3_128.jsonl,264,B
Qwen2.5-3B,Qwen/Qwen2.5-3B-Instruct,bangla,Bangla,benqa,mcq,choice,benqa_12th-Math-I_0326,B,False,D,False,False,False,1,1,1,False,False,results/runs/qwen2_5_3b_validation200_v3_128/results/runs/qwen2_5_3b_validation200_v3_128.jsonl,334,D
Qwen2.5-3B,Qwen/Qwen2.5-3B-Instruct,banglish_clean,Reviewed Banglish,benqa,mcq,choice,benqa_12th-Math-I_0326,B,False,D,False,False,False,1,1,1,False,False,results/runs/qwen2_5_3b_validation200_v5_banglish/results/runs/qwen2_5_3b_validation200_v5_banglish.jsonl,112,D
Qwen2.5-3B,Qwen/Qwen2.5-3B-Instruct,english,English,benqa,mcq,choice,benqa_12th-Math-I_0326,B,False,D,False,False,False,1,1,1,False,False,results/runs/qwen2_5_3b_validation200_v3_128/results/runs/qwen2_5_3b_validation200_v3_128.jsonl,336,D
Qwen2.5-3B,Qwen/Qwen2.5-3B-Instruct,bangla,Bangla,benqa,mcq,choice,benqa_12th-Math-I_0342,C,False,B,False,False,False,1,1,1,False,False,results/runs/qwen2_5_3b_validation200_v3_128/results/runs/qwen2_5_3b_validation200_v3_128.jsonl,61,B
Qwen2.5-3B,Qwen/Qwen2.5-3B-Instruct,banglish_clean,Reviewed Banglish,benqa,mcq,choice,benqa_12th-Math-I_0342,C,False,A,False,False,False,1,1,1,False,False,results/runs/qwen2_5_3b_validation200_v5_banglish/results/runs/qwen2_5_3b_validation200_v5_banglish.jsonl,21,A
Qwen2.5-3B,Qwen/Qwen2.5-3B-Instruct,english,English,benqa,mcq,choice,benqa_12th-Math-I_0342,C,False,B,False,False,False,1,1,1,False,False,results/runs/qwen2_5_3b_validation200_v3_128/results/runs/qwen2_5_3b_validation200_v3_128.jsonl,63,B
Qwen2.5-3B,Qwen/Qwen2.5-3B-Instruct,bangla,Bangla,benqa,mcq,choice,benqa_12th-Math-I_0383,D,True,D,False,False,False,1,1,1,False,False,results/runs/qwen2_5_3b_validation200_v3_128/results/runs/qwen2_5_3b_validation200_v3_128.jsonl,352,D
Qwen2.5-3B,Qwen/Qwen2.5-3B-Instruct,banglish_clean,Reviewed Banglish,benqa,mcq,choice,benqa_12th-Math-I_0383,D,True,D,False,False,False,1,1,1,False,False,results/runs/qwen2_5_3b_validation200_v5_banglish/results/runs/qwen2_5_3b_validation200_v5_banglish.jsonl,118,D
Qwen2.5-3B,Qwen/Qwen2.5-3B-Instruct,english,English,benqa,mcq,choice,benqa_12th-Math-I_0383,D,True,D,False,False,False,1,1,1,False,False,results/runs/qwen2_5_3b_validation200_v3_128/results/runs/qwen2_5_3b_validation200_v3_128.jsonl,354,D
Qwen2.5-3B,Qwen/Qwen2.5-3B-Instruct,bangla,Bangla,benqa,mcq,choice,benqa_12th-Physics-II_0037,B,False,D,False,False,False,1,1,1,False,False,results/runs/qwen2_5_3b_validation200_v3_128/results/runs/qwen2_5_3b_validation200_v3_128.jsonl,202,D
Qwen2.5-3B,Qwen/Qwen2.5-3B-Instruct,banglish_clean,Reviewed Banglish,benqa,mcq,choice,benqa_12th-Physics-II_0037,B,False,C,False,False,False,1,1,1,False,False,results/runs/qwen2_5_3b_validation200_v5_banglish/results/runs/qwen2_5_3b_validation200_v5_banglish.jsonl,68,C
Qwen2.5-3B,Qwen/Qwen2.5-3B-Instruct,english,English,benqa,mcq,choice,benqa_12th-Physics-II_0037,B,True,B,False,False,False,1,1,1,False,False,results/runs/qwen2_5_3b_validation200_v3_128/results/runs/qwen2_5_3b_validation200_v3_128.jsonl,204,B
Qwen2.5-3B,Qwen/Qwen2.5-3B-Instruct,bangla,Bangla,benqa,mcq,choice,benqa_12th-Physics-II_0046,C,True,C,False,False,False,1,1,1,False,False,results/runs/qwen2_5_3b_validation200_v3_128/results/runs/qwen2_5_3b_validation200_v3_128.jsonl,244,C
Qwen2.5-3B,Qwen/Qwen2.5-3B-Instruct,banglish_clean,Reviewed Banglish,benqa,mcq,choice,benqa_12th-Physics-II_0046,C,False,D,False,False,False,1,1,1,False,False,results/runs/qwen2_5_3b_validation200_v5_banglish/results/runs/qwen2_5_3b_validation200_v5_banglish.jsonl,82,D
Qwen2.5-3B,Qwen/Qwen2.5-3B-Instruct,english,English,benqa,mcq,choice,benqa_12th-Physics-II_0046,C,True,C,False,False,False,1,1,1,False,False,results/runs/qwen2_5_3b_validation200_v3_128/results/runs/qwen2_5_3b_validation200_v3_128.jsonl,246,C
Qwen2.5-3B,Qwen/Qwen2.5-3B-Instruct,bangla,Bangla,benqa,mcq,choice,benqa_12th-Physics-II_0085,D,True,D,False,False,False,1,1,1,False,False,results/runs/qwen2_5_3b_validation200_v3_128/results/runs/qwen2_5_3b_validation200_v3_128.jsonl,196,D
Qwen2.5-3B,Qwen/Qwen2.5-3B-Instruct,banglish_clean,Reviewed Banglish,benqa,mcq,choice,benqa_12th-Physics-II_0085,D,True,D,False,False,False,1,1,1,False,False,results/runs/qwen2_5_3b_validation200_v5_banglish/results/runs/qwen2_5_3b_validation200_v5_banglish.jsonl,66,D
Qwen2.5-3B,Qwen/Qwen2.5-3B-Instruct,english,English,benqa,mcq,choice,benqa_12th-Physics-II_0085,D,False,C,False,False,False,1,1,1,False,False,results/runs/qwen2_5_3b_validation200_v3_128/results/runs/qwen2_5_3b_validation200_v3_128.jsonl,198,C
Qwen2.5-3B,Qwen/Qwen2.5-3B-Instruct,bangla,Bangla,benqa,mcq,choice,benqa_12th-Physics-II_0088,A,False,D,False,False,False,1,1,1,False,False,results/runs/qwen2_5_3b_validation200_v3_128/results/runs/qwen2_5_3b_validation200_v3_128.jsonl,475,D
Qwen2.5-3B,Qwen/Qwen2.5-3B-Instruct,banglish_clean,Reviewed Banglish,benqa,mcq,choice,benqa_12th-Physics-II_0088,A,False,D,False,False,False,1,1,1,False,False,results/runs/qwen2_5_3b_validation200_v5_banglish/results/runs/qwen2_5_3b_validation200_v5_banglish.jsonl,159,D
Qwen2.5-3B,Qwen/Qwen2.5-3B-Instruct,english,English,benqa,mcq,choice,benqa_12th-Physics-II_0088,A,False,D,False,False,False,1,1,1,False,False,results/runs/qwen2_5_3b_validation200_v3_128/results/runs/qwen2_5_3b_validation200_v3_128.jsonl,477,D
Qwen2.5-3B,Qwen/Qwen2.5-3B-Instruct,bangla,Bangla,benqa,mcq,choice,benqa_12th-Physics-II_0131,B,False,A,False,False,False,1,1,1,False,False,results/runs/qwen2_5_3b_validation200_v3_128/results/runs/qwen2_5_3b_validation200_v3_128.jsonl,448,A
Qwen2.5-3B,Qwen/Qwen2.5-3B-Instruct,banglish_clean,Reviewed Banglish,benqa,mcq,choice,benqa_12th-Physics-II_0131,B,True,B,False,False,False,1,1,1,False,False,results/runs/qwen2_5_3b_validation200_v5_banglish/results/runs/qwen2_5_3b_validation200_v5_banglish.jsonl,150,B
Qwen2.5-3B,Qwen/Qwen2.5-3B-Instruct,english,English,benqa,mcq,choice,benqa_12th-Physics-II_0131,B,False,A,False,False,False,1,1,1,False,False,results/runs/qwen2_5_3b_validation200_v3_128/results/runs/qwen2_5_3b_validation200_v3_128.jsonl,450,A
Qwen2.5-3B,Qwen/Qwen2.5-3B-Instruct,bangla,Bangla,benqa,mcq,choice,benqa_12th-Physics-II_0195,B,False,D,False,False,False,1,1,1,False,False,results/runs/qwen2_5_3b_validation200_v3_128/results/runs/qwen2_5_3b_validation200_v3_128.jsonl,409,D
Qwen2.5-3B,Qwen/Qwen2.5-3B-Instruct,banglish_clean,Reviewed Banglish,benqa,mcq,choice,benqa_12th-Physics-II_0195,B,False,C,False,False,False,1,1,1,False,False,results/runs/qwen2_5_3b_validation200_v5_banglish/results/runs/qwen2_5_3b_validation200_v5_banglish.jsonl,137,C
Qwen2.5-3B,Qwen/Qwen2.5-3B-Instruct,english,English,benqa,mcq,choice,benqa_12th-Physics-II_0195,B,True,B,False,False,False,1,1,1,False,False,results/runs/qwen2_5_3b_validation200_v3_128/results/runs/qwen2_5_3b_validation200_v3_128.jsonl,411,B
Qwen2.5-3B,Qwen/Qwen2.5-3B-Instruct,bangla,Bangla,benqa,mcq,choice,benqa_12th-Physics-II_0213,D,False,C,False,False,False,1,1,1,False,False,results/runs/qwen2_5_3b_validation200_v3_128/results/runs/qwen2_5_3b_validation200_v3_128.jsonl,514,C
Qwen2.5-3B,Qwen/Qwen2.5-3B-Instruct,banglish_clean,Reviewed Banglish,benqa,mcq,choice,benqa_12th-Physics-II_0213,D,False,C,False,False,False,1,1,1,False,False,results/runs/qwen2_5_3b_validation200_v5_banglish/results/runs/qwen2_5_3b_validation200_v5_banglish.jsonl,172,C
Qwen2.5-3B,Qwen/Qwen2.5-3B-Instruct,english,English,benqa,mcq,choice,benqa_12th-Physics-II_0213,D,False,C,False,False,False,1,1,1,False,False,results/runs/qwen2_5_3b_validation200_v3_128/results/runs/qwen2_5_3b_validation200_v3_128.jsonl,516,C
Qwen2.5-3B,Qwen/Qwen2.5-3B-Instruct,bangla,Bangla,benqa,mcq,choice,benqa_12th-Physics-II_0219,D,False,B,False,False,False,1,1,1,False,False,results/runs/qwen2_5_3b_validation200_v3_128/results/runs/qwen2_5_3b_validation200_v3_128.jsonl,277,B
Qwen2.5-3B,Qwen/Qwen2.5-3B-Instruct,banglish_clean,Reviewed Banglish,benqa,mcq,choice,benqa_12th-Physics-II_0219,D,False,B,False,False,False,1,1,1,False,False,results/runs/qwen2_5_3b_validation200_v5_banglish/results/runs/qwen2_5_3b_validation200_v5_banglish.jsonl,93,B
Qwen2.5-3B,Qwen/Qwen2.5-3B-Instruct,english,English,benqa,mcq,choice,benqa_12th-Physics-II_0219,D,False,B,False,False,False,1,1,1,False,False,results/runs/qwen2_5_3b_validation200_v3_128/results/runs/qwen2_5_3b_validation200_v3_128.jsonl,279,B
Qwen2.5-3B,Qwen/Qwen2.5-3B-Instruct,bangla,Bangla,benqa,mcq,choice,benqa_12th-Physics-II_0267,B,False,D,False,False,False,1,1,1,False,False,results/runs/qwen2_5_3b_validation200_v3_128/results/runs/qwen2_5_3b_validation200_v3_128.jsonl,106,D
Qwen2.5-3B,Qwen/Qwen2.5-3B-Instruct,banglish_clean,Reviewed Banglish,benqa,mcq,choice,benqa_12th-Physics-II_0267,B,False,D,False,False,False,1,1,1,False,False,results/runs/qwen2_5_3b_validation200_v5_banglish/results/runs/qwen2_5_3b_validation200_v5_banglish.jsonl,36,D
Qwen2.5-3B,Qwen/Qwen2.5-3B-Instruct,english,English,benqa,mcq,choice,benqa_12th-Physics-II_0267,B,False,D,False,False,False,1,1,1,False,False,results/runs/qwen2_5_3b_validation200_v3_128/results/runs/qwen2_5_3b_validation200_v3_128.jsonl,108,D
Qwen2.5-3B,Qwen/Qwen2.5-3B-Instruct,bangla,Bangla,benqa,mcq,choice,benqa_12th-Physics-II_0290,B,False,C,False,False,False,1,1,1,False,False,results/runs/qwen2_5_3b_validation200_v3_128/results/runs/qwen2_5_3b_validation200_v3_128.jsonl,394,C
Qwen2.5-3B,Qwen/Qwen2.5-3B-Instruct,banglish_clean,Reviewed Banglish,benqa,mcq,choice,benqa_12th-Physics-II_0290,B,False,C,False,False,False,1,1,1,False,False,results/runs/qwen2_5_3b_validation200_v5_banglish/results/runs/qwen2_5_3b_validation200_v5_banglish.jsonl,132,C
Qwen2.5-3B,Qwen/Qwen2.5-3B-Instruct,english,English,benqa,mcq,choice,benqa_12th-Physics-II_0290,B,False,A,False,False,False,1,1,1,False,False,results/runs/qwen2_5_3b_validation200_v3_128/results/runs/qwen2_5_3b_validation200_v3_128.jsonl,396,A
Qwen2.5-3B,Qwen/Qwen2.5-3B-Instruct,bangla,Bangla,benqa,mcq,choice,benqa_12th-Physics-II_0292,C,False,A,False,False,False,1,1,1,False,False,results/runs/qwen2_5_3b_validation200_v3_128/results/runs/qwen2_5_3b_validation200_v3_128.jsonl,136,A
Qwen2.5-3B,Qwen/Qwen2.5-3B-Instruct,banglish_clean,Reviewed Banglish,benqa,mcq,choice,benqa_12th-Physics-II_0292,C,True,C,False,False,False,1,1,1,False,False,results/runs/qwen2_5_3b_validation200_v5_banglish/results/runs/qwen2_5_3b_validation200_v5_banglish.jsonl,46,C
Qwen2.5-3B,Qwen/Qwen2.5-3B-Instruct,english,English,benqa,mcq,choice,benqa_12th-Physics-II_0292,C,False,A,False,False,False,1,1,1,False,False,results/runs/qwen2_5_3b_validation200_v3_128/results/runs/qwen2_5_3b_validation200_v3_128.jsonl,138,A
Qwen2.5-3B,Qwen/Qwen2.5-3B-Instruct,bangla,Bangla,benqa,mcq,choice,benqa_12th-Physics-I_0008,D,True,D,False,False,False,1,1,1,False,False,results/runs/qwen2_5_3b_validation200_v3_128/results/runs/qwen2_5_3b_validation200_v3_128.jsonl,271,D
Qwen2.5-3B,Qwen/Qwen2.5-3B-Instruct,banglish_clean,Reviewed Banglish,benqa,mcq,choice,benqa_12th-Physics-I_0008,D,True,D,False,False,False,1,1,1,False,False,results/runs/qwen2_5_3b_validation200_v5_banglish/results/runs/qwen2_5_3b_validation200_v5_banglish.jsonl,91,D
Qwen2.5-3B,Qwen/Qwen2.5-3B-Instruct,english,English,benqa,mcq,choice,benqa_12th-Physics-I_0008,D,True,D,False,False,False,1,1,1,False,False,results/runs/qwen2_5_3b_validation200_v3_128/results/runs/qwen2_5_3b_validation200_v3_128.jsonl,273,D
Qwen2.5-3B,Qwen/Qwen2.5-3B-Instruct,bangla,Bangla,benqa,mcq,choice,benqa_12th-Physics-I_0079,C,True,C,False,False,False,1,1,1,False,False,results/runs/qwen2_5_3b_validation200_v3_128/results/runs/qwen2_5_3b_validation200_v3_128.jsonl,373,C
Qwen2.5-3B,Qwen/Qwen2.5-3B-Instruct,banglish_clean,Reviewed Banglish,benqa,mcq,choice,benqa_12th-Physics-I_0079,C,True,C,False,False,False,1,1,1,False,False,results/runs/qwen2_5_3b_validation200_v5_banglish/results/runs/qwen2_5_3b_validation200_v5_banglish.jsonl,125,C
Qwen2.5-3B,Qwen/Qwen2.5-3B-Instruct,english,English,benqa,mcq,choice,benqa_12th-Physics-I_0079,C,True,C,False,False,False,1,1,1,False,False,results/runs/qwen2_5_3b_validation200_v3_128/results/runs/qwen2_5_3b_validation200_v3_128.jsonl,375,C
Qwen2.5-3B,Qwen/Qwen2.5-3B-Instruct,bangla,Bangla,benqa,mcq,choice,benqa_12th-Physics-I_0106,D,False,C,False,False,False,1,1,1,False,False,results/runs/qwen2_5_3b_validation200_v3_128/results/runs/qwen2_5_3b_validation200_v3_128.jsonl,274,C
Qwen2.5-3B,Qwen/Qwen2.5-3B-Instruct,banglish_clean,Reviewed Banglish,benqa,mcq,choice,benqa_12th-Physics-I_0106,D,True,D,False,False,False,1,1,1,False,False,results/runs/qwen2_5_3b_validation200_v5_banglish/results/runs/qwen2_5_3b_validation200_v5_banglish.jsonl,92,D
Qwen2.5-3B,Qwen/Qwen2.5-3B-Instruct,english,English,benqa,mcq,choice,benqa_12th-Physics-I_0106,D,True,D,False,False,False,1,1,1,False,False,results/runs/qwen2_5_3b_validation200_v3_128/results/runs/qwen2_5_3b_validation200_v3_128.jsonl,276,D
Qwen2.5-3B,Qwen/Qwen2.5-3B-Instruct,bangla,Bangla,benqa,mcq,choice,benqa_12th-Physics-I_0109,C,False,D,False,False,False,1,1,1,False,False,results/runs/qwen2_5_3b_validation200_v3_128/results/runs/qwen2_5_3b_validation200_v3_128.jsonl,169,D
Qwen2.5-3B,Qwen/Qwen2.5-3B-Instruct,banglish_clean,Reviewed Banglish,benqa,mcq,choice,benqa_12th-Physics-I_0109,C,False,B,False,False,False,1,1,1,False,False,results/runs/qwen2_5_3b_validation200_v5_banglish/results/runs/qwen2_5_3b_validation200_v5_banglish.jsonl,57,B
Qwen2.5-3B,Qwen/Qwen2.5-3B-Instruct,english,English,benqa,mcq,choice,benqa_12th-Physics-I_0109,C,True,C,False,False,False,1,1,1,False,False,results/runs/qwen2_5_3b_validation200_v3_128/results/runs/qwen2_5_3b_validation200_v3_128.jsonl,171,C
Qwen2.5-3B,Qwen/Qwen2.5-3B-Instruct,bangla,Bangla,benqa,mcq,choice,benqa_12th-Physics-I_0133,C,True,C,False,False,False,1,1,1,False,False,results/runs/qwen2_5_3b_validation200_v3_128/results/runs/qwen2_5_3b_validation200_v3_128.jsonl,403,C
Qwen2.5-3B,Qwen/Qwen2.5-3B-Instruct,banglish_clean,Reviewed Banglish,benqa,mcq,choice,benqa_12th-Physics-I_0133,C,True,C,False,False,False,1,1,1,False,False,results/runs/qwen2_5_3b_validation200_v5_banglish/results/runs/qwen2_5_3b_validation200_v5_banglish.jsonl,135,C
Qwen2.5-3B,Qwen/Qwen2.5-3B-Instruct,english,English,benqa,mcq,choice,benqa_12th-Physics-I_0133,C,True,C,False,False,False,1,1,1,False,False,results/runs/qwen2_5_3b_validation200_v3_128/results/runs/qwen2_5_3b_validation200_v3_128.jsonl,405,C
Qwen2.5-3B,Qwen/Qwen2.5-3B-Instruct,bangla,Bangla,benqa,mcq,choice,benqa_12th-Physics-I_0157,A,True,A,False,False,False,1,1,1,False,False,results/runs/qwen2_5_3b_validation200_v3_128/results/runs/qwen2_5_3b_validation200_v3_128.jsonl,580,A
Qwen2.5-3B,Qwen/Qwen2.5-3B-Instruct,banglish_clean,Reviewed Banglish,benqa,mcq,choice,benqa_12th-Physics-I_0157,A,False,B,False,False,False,1,1,1,False,False,results/runs/qwen2_5_3b_validation200_v5_banglish/results/runs/qwen2_5_3b_validation200_v5_banglish.jsonl,194,B
Qwen2.5-3B,Qwen/Qwen2.5-3B-Instruct,english,English,benqa,mcq,choice,benqa_12th-Physics-I_0157,A,False,B,False,False,False,1,1,1,False,False,results/runs/qwen2_5_3b_validation200_v3_128/results/runs/qwen2_5_3b_validation200_v3_128.jsonl,582,B
Qwen2.5-3B,Qwen/Qwen2.5-3B-Instruct,bangla,Bangla,benqa,mcq,choice,benqa_12th-Physics-I_0214,B,False,D,False,False,False,1,1,1,False,False,results/runs/qwen2_5_3b_validation200_v3_128/results/runs/qwen2_5_3b_validation200_v3_128.jsonl,211,D
Qwen2.5-3B,Qwen/Qwen2.5-3B-Instruct,banglish_clean,Reviewed Banglish,benqa,mcq,choice,benqa_12th-Physics-I_0214,B,True,B,False,False,False,1,1,1,False,False,results/runs/qwen2_5_3b_validation200_v5_banglish/results/runs/qwen2_5_3b_validation200_v5_banglish.jsonl,71,B
Qwen2.5-3B,Qwen/Qwen2.5-3B-Instruct,english,English,benqa,mcq,choice,benqa_12th-Physics-I_0214,B,False,D,False,False,False,1,1,1,False,False,results/runs/qwen2_5_3b_validation200_v3_128/results/runs/qwen2_5_3b_validation200_v3_128.jsonl,213,D
Qwen2.5-3B,Qwen/Qwen2.5-3B-Instruct,bangla,Bangla,benqa,mcq,choice,benqa_12th-Physics-I_0253,A,False,D,False,False,False,1,1,1,False,False,results/runs/qwen2_5_3b_validation200_v3_128/results/runs/qwen2_5_3b_validation200_v3_128.jsonl,82,D
Qwen2.5-3B,Qwen/Qwen2.5-3B-Instruct,banglish_clean,Reviewed Banglish,benqa,mcq,choice,benqa_12th-Physics-I_0253,A,False,D,False,False,False,1,1,1,False,False,results/runs/qwen2_5_3b_validation200_v5_banglish/results/runs/qwen2_5_3b_validation200_v5_banglish.jsonl,28,D
Qwen2.5-3B,Qwen/Qwen2.5-3B-Instruct,english,English,benqa,mcq,choice,benqa_12th-Physics-I_0253,A,False,D,False,False,False,1,1,1,False,False,results/runs/qwen2_5_3b_validation200_v3_128/results/runs/qwen2_5_3b_validation200_v3_128.jsonl,84,D
Qwen2.5-3B,Qwen/Qwen2.5-3B-Instruct,bangla,Bangla,benqa,mcq,choice,benqa_12th-Physics-I_0254,B,False,D,False,False,False,1,1,1,False,False,results/runs/qwen2_5_3b_validation200_v3_128/results/runs/qwen2_5_3b_validation200_v3_128.jsonl,538,D
Qwen2.5-3B,Qwen/Qwen2.5-3B-Instruct,banglish_clean,Reviewed Banglish,benqa,mcq,choice,benqa_12th-Physics-I_0254,B,False,C,False,False,False,1,1,1,False,False,results/runs/qwen2_5_3b_validation200_v5_banglish/results/runs/qwen2_5_3b_validation200_v5_banglish.jsonl,180,C
Qwen2.5-3B,Qwen/Qwen2.5-3B-Instruct,english,English,benqa,mcq,choice,benqa_12th-Physics-I_0254,B,False,D,False,False,False,1,1,1,False,False,results/runs/qwen2_5_3b_validation200_v3_128/results/runs/qwen2_5_3b_validation200_v3_128.jsonl,540,D
Qwen2.5-3B,Qwen/Qwen2.5-3B-Instruct,bangla,Bangla,benqa,mcq,choice,benqa_12th-Physics-I_0256,C,False,D,False,False,False,1,1,1,False,False,results/runs/qwen2_5_3b_validation200_v3_128/results/runs/qwen2_5_3b_validation200_v3_128.jsonl,79,D
Qwen2.5-3B,Qwen/Qwen2.5-3B-Instruct,banglish_clean,Reviewed Banglish,benqa,mcq,choice,benqa_12th-Physics-I_0256,C,False,A,False,False,False,1,1,1,False,False,results/runs/qwen2_5_3b_validation200_v5_banglish/results/runs/qwen2_5_3b_validation200_v5_banglish.jsonl,27,A
Qwen2.5-3B,Qwen/Qwen2.5-3B-Instruct,english,English,benqa,mcq,choice,benqa_12th-Physics-I_0256,C,False,B,False,False,False,1,1,1,False,False,results/runs/qwen2_5_3b_validation200_v3_128/results/runs/qwen2_5_3b_validation200_v3_128.jsonl,81,B
Qwen2.5-3B,Qwen/Qwen2.5-3B-Instruct,bangla,Bangla,benqa,mcq,choice,benqa_12th-Physics-I_0289,D,False,C,False,False,False,1,1,1,False,False,results/runs/qwen2_5_3b_validation200_v3_128/results/runs/qwen2_5_3b_validation200_v3_128.jsonl,43,C
Qwen2.5-3B,Qwen/Qwen2.5-3B-Instruct,banglish_clean,Reviewed Banglish,benqa,mcq,choice,benqa_12th-Physics-I_0289,D,False,C,False,False,False,1,1,1,False,False,results/runs/qwen2_5_3b_validation200_v5_banglish/results/runs/qwen2_5_3b_validation200_v5_banglish.jsonl,15,C
Qwen2.5-3B,Qwen/Qwen2.5-3B-Instruct,english,English,benqa,mcq,choice,benqa_12th-Physics-I_0289,D,False,C,False,False,False,1,1,1,False,False,results/runs/qwen2_5_3b_validation200_v3_128/results/runs/qwen2_5_3b_validation200_v3_128.jsonl,45,C
Qwen2.5-3B,Qwen/Qwen2.5-3B-Instruct,bangla,Bangla,benqa,mcq,choice,benqa_8th-Math_0031,D,False,B,False,False,False,1,1,1,False,False,results/runs/qwen2_5_3b_validation200_v3_128/results/runs/qwen2_5_3b_validation200_v3_128.jsonl,232,B
Qwen2.5-3B,Qwen/Qwen2.5-3B-Instruct,banglish_clean,Reviewed Banglish,benqa,mcq,choice,benqa_8th-Math_0031,D,False,B,False,False,False,1,1,1,False,False,results/runs/qwen2_5_3b_validation200_v5_banglish/results/runs/qwen2_5_3b_validation200_v5_banglish.jsonl,78,B
Qwen2.5-3B,Qwen/Qwen2.5-3B-Instruct,english,English,benqa,mcq,choice,benqa_8th-Math_0031,D,True,D,False,False,False,1,1,1,False,False,results/runs/qwen2_5_3b_validation200_v3_128/results/runs/qwen2_5_3b_validation200_v3_128.jsonl,234,D
Qwen2.5-3B,Qwen/Qwen2.5-3B-Instruct,bangla,Bangla,benqa,mcq,choice,benqa_8th-Math_0062,D,True,D,False,False,False,1,1,1,False,False,results/runs/qwen2_5_3b_validation200_v3_128/results/runs/qwen2_5_3b_validation200_v3_128.jsonl,415,D
Qwen2.5-3B,Qwen/Qwen2.5-3B-Instruct,banglish_clean,Reviewed Banglish,benqa,mcq,choice,benqa_8th-Math_0062,D,True,D,False,False,False,1,1,1,False,False,results/runs/qwen2_5_3b_validation200_v5_banglish/results/runs/qwen2_5_3b_validation200_v5_banglish.jsonl,139,D
Qwen2.5-3B,Qwen/Qwen2.5-3B-Instruct,english,English,benqa,mcq,choice,benqa_8th-Math_0062,D,True,D,False,False,False,1,1,1,False,False,results/runs/qwen2_5_3b_validation200_v3_128/results/runs/qwen2_5_3b_validation200_v3_128.jsonl,417,D
Qwen2.5-3B,Qwen/Qwen2.5-3B-Instruct,bangla,Bangla,benqa,mcq,choice,benqa_8th-Math_0072,B,False,D,False,False,False,1,1,1,False,False,results/runs/qwen2_5_3b_validation200_v3_128/results/runs/qwen2_5_3b_validation200_v3_128.jsonl,397,D
Qwen2.5-3B,Qwen/Qwen2.5-3B-Instruct,banglish_clean,Reviewed Banglish,benqa,mcq,choice,benqa_8th-Math_0072,B,True,B,False,False,False,1,1,1,False,False,results/runs/qwen2_5_3b_validation200_v5_banglish/results/runs/qwen2_5_3b_validation200_v5_banglish.jsonl,133,B
Qwen2.5-3B,Qwen/Qwen2.5-3B-Instruct,english,English,benqa,mcq,choice,benqa_8th-Math_0072,B,False,D,False,False,False,1,1,1,False,False,results/runs/qwen2_5_3b_validation200_v3_128/results/runs/qwen2_5_3b_validation200_v3_128.jsonl,399,D
Qwen2.5-3B,Qwen/Qwen2.5-3B-Instruct,bangla,Bangla,benqa,mcq,choice,benqa_8th-Math_0085,C,False,B,False,False,False,1,1,1,False,False,results/runs/qwen2_5_3b_validation200_v3_128/results/runs/qwen2_5_3b_validation200_v3_128.jsonl,259,B
Qwen2.5-3B,Qwen/Qwen2.5-3B-Instruct,banglish_clean,Reviewed Banglish,benqa,mcq,choice,benqa_8th-Math_0085,C,False,B,False,False,False,1,1,1,False,False,results/runs/qwen2_5_3b_validation200_v5_banglish/results/runs/qwen2_5_3b_validation200_v5_banglish.jsonl,87,B
Qwen2.5-3B,Qwen/Qwen2.5-3B-Instruct,english,English,benqa,mcq,choice,benqa_8th-Math_0085,C,True,C,False,False,False,1,1,1,False,False,results/runs/qwen2_5_3b_validation200_v3_128/results/runs/qwen2_5_3b_validation200_v3_128.jsonl,261,C
Qwen2.5-3B,Qwen/Qwen2.5-3B-Instruct,bangla,Bangla,benqa,mcq,choice,benqa_8th-Math_0167,C,True,C,False,False,False,1,1,1,False,False,results/runs/qwen2_5_3b_validation200_v3_128/results/runs/qwen2_5_3b_validation200_v3_128.jsonl,178,C
Qwen2.5-3B,Qwen/Qwen2.5-3B-Instruct,banglish_clean,Reviewed Banglish,benqa,mcq,choice,benqa_8th-Math_0167,C,False,B,False,False,False,1,1,1,False,False,results/runs/qwen2_5_3b_validation200_v5_banglish/results/runs/qwen2_5_3b_validation200_v5_banglish.jsonl,60,B
Qwen2.5-3B,Qwen/Qwen2.5-3B-Instruct,english,English,benqa,mcq,choice,benqa_8th-Math_0167,C,True,C,False,False,False,1,1,1,False,False,results/runs/qwen2_5_3b_validation200_v3_128/results/runs/qwen2_5_3b_validation200_v3_128.jsonl,180,C
Qwen2.5-3B,Qwen/Qwen2.5-3B-Instruct,bangla,Bangla,benqa,mcq,choice,benqa_8th-Math_0190,B,True,B,False,False,False,1,1,1,False,False,results/runs/qwen2_5_3b_validation200_v3_128/results/runs/qwen2_5_3b_validation200_v3_128.jsonl,49,B
Qwen2.5-3B,Qwen/Qwen2.5-3B-Instruct,banglish_clean,Reviewed Banglish,benqa,mcq,choice,benqa_8th-Math_0190,B,True,B,False,False,False,1,1,1,False,False,results/runs/qwen2_5_3b_validation200_v5_banglish/results/runs/qwen2_5_3b_validation200_v5_banglish.jsonl,17,B
Qwen2.5-3B,Qwen/Qwen2.5-3B-Instruct,english,English,benqa,mcq,choice,benqa_8th-Math_0190,B,True,B,False,False,False,1,1,1,False,False,results/runs/qwen2_5_3b_validation200_v3_128/results/runs/qwen2_5_3b_validation200_v3_128.jsonl,51,B
Qwen2.5-3B,Qwen/Qwen2.5-3B-Instruct,bangla,Bangla,benqa,mcq,choice,benqa_8th-Science_0014,D,True,D,False,False,False,1,1,1,False,False,results/runs/qwen2_5_3b_validation200_v3_128/results/runs/qwen2_5_3b_validation200_v3_128.jsonl,142,D
Qwen2.5-3B,Qwen/Qwen2.5-3B-Instruct,banglish_clean,Reviewed Banglish,benqa,mcq,choice,benqa_8th-Science_0014,D,True,D,False,False,False,1,1,1,False,False,results/runs/qwen2_5_3b_validation200_v5_banglish/results/runs/qwen2_5_3b_validation200_v5_banglish.jsonl,48,D
Qwen2.5-3B,Qwen/Qwen2.5-3B-Instruct,english,English,benqa,mcq,choice,benqa_8th-Science_0014,D,False,B,False,False,False,1,1,1,False,False,results/runs/qwen2_5_3b_validation200_v3_128/results/runs/qwen2_5_3b_validation200_v3_128.jsonl,144,B
Qwen2.5-3B,Qwen/Qwen2.5-3B-Instruct,bangla,Bangla,benqa,mcq,choice,benqa_8th-Science_0024,C,False,B,False,False,False,1,1,1,False,False,results/runs/qwen2_5_3b_validation200_v3_128/results/runs/qwen2_5_3b_validation200_v3_128.jsonl,556,B
Qwen2.5-3B,Qwen/Qwen2.5-3B-Instruct,banglish_clean,Reviewed Banglish,benqa,mcq,choice,benqa_8th-Science_0024,C,False,D,False,False,False,1,1,1,False,False,results/runs/qwen2_5_3b_validation200_v5_banglish/results/runs/qwen2_5_3b_validation200_v5_banglish.jsonl,186,D
Qwen2.5-3B,Qwen/Qwen2.5-3B-Instruct,english,English,benqa,mcq,choice,benqa_8th-Science_0024,C,False,B,False,False,False,1,1,1,False,False,results/runs/qwen2_5_3b_validation200_v3_128/results/runs/qwen2_5_3b_validation200_v3_128.jsonl,558,B
Qwen2.5-3B,Qwen/Qwen2.5-3B-Instruct,bangla,Bangla,benqa,mcq,choice,benqa_8th-Science_0042,B,True,B,False,False,False,1,1,1,False,False,results/runs/qwen2_5_3b_validation200_v3_128/results/runs/qwen2_5_3b_validation200_v3_128.jsonl,382,B
Qwen2.5-3B,Qwen/Qwen2.5-3B-Instruct,banglish_clean,Reviewed Banglish,benqa,mcq,choice,benqa_8th-Science_0042,B,False,A,False,False,False,1,1,1,False,False,results/runs/qwen2_5_3b_validation200_v5_banglish/results/runs/qwen2_5_3b_validation200_v5_banglish.jsonl,128,A
Qwen2.5-3B,Qwen/Qwen2.5-3B-Instruct,english,English,benqa,mcq,choice,benqa_8th-Science_0042,B,True,B,False,False,False,1,1,1,False,False,results/runs/qwen2_5_3b_validation200_v3_128/results/runs/qwen2_5_3b_validation200_v3_128.jsonl,384,B
Qwen2.5-3B,Qwen/Qwen2.5-3B-Instruct,bangla,Bangla,benqa,mcq,choice,benqa_8th-Science_0062,D,False,A,False,False,False,1,1,1,False,False,results/runs/qwen2_5_3b_validation200_v3_128/results/runs/qwen2_5_3b_validation200_v3_128.jsonl,265,A
Qwen2.5-3B,Qwen/Qwen2.5-3B-Instruct,banglish_clean,Reviewed Banglish,benqa,mcq,choice,benqa_8th-Science_0062,D,False,B,False,False,False,1,1,1,False,False,results/runs/qwen2_5_3b_validation200_v5_banglish/results/runs/qwen2_5_3b_validation200_v5_banglish.jsonl,89,B
Qwen2.5-3B,Qwen/Qwen2.5-3B-Instruct,english,English,benqa,mcq,choice,benqa_8th-Science_0062,D,True,D,False,False,False,1,1,1,False,False,results/runs/qwen2_5_3b_validation200_v3_128/results/runs/qwen2_5_3b_validation200_v3_128.jsonl,267,D
Qwen2.5-3B,Qwen/Qwen2.5-3B-Instruct,bangla,Bangla,benqa,mcq,choice,benqa_8th-Science_0078,C,False,B,False,False,False,1,1,1,False,False,results/runs/qwen2_5_3b_validation200_v3_128/results/runs/qwen2_5_3b_validation200_v3_128.jsonl,508,B
Qwen2.5-3B,Qwen/Qwen2.5-3B-Instruct,banglish_clean,Reviewed Banglish,benqa,mcq,choice,benqa_8th-Science_0078,C,False,B,False,False,False,1,1,1,False,False,results/runs/qwen2_5_3b_validation200_v5_banglish/results/runs/qwen2_5_3b_validation200_v5_banglish.jsonl,170,B
Qwen2.5-3B,Qwen/Qwen2.5-3B-Instruct,english,English,benqa,mcq,choice,benqa_8th-Science_0078,C,False,B,False,False,False,1,1,1,False,False,results/runs/qwen2_5_3b_validation200_v3_128/results/runs/qwen2_5_3b_validation200_v3_128.jsonl,510,B
Qwen2.5-3B,Qwen/Qwen2.5-3B-Instruct,bangla,Bangla,benqa,mcq,choice,benqa_8th-Science_0086,A,False,B,False,False,False,1,1,1,False,False,results/runs/qwen2_5_3b_validation200_v3_128/results/runs/qwen2_5_3b_validation200_v3_128.jsonl,34,B
Qwen2.5-3B,Qwen/Qwen2.5-3B-Instruct,banglish_clean,Reviewed Banglish,benqa,mcq,choice,benqa_8th-Science_0086,A,False,B,False,False,False,1,1,1,False,False,results/runs/qwen2_5_3b_validation200_v5_banglish/results/runs/qwen2_5_3b_validation200_v5_banglish.jsonl,12,B
Qwen2.5-3B,Qwen/Qwen2.5-3B-Instruct,english,English,benqa,mcq,choice,benqa_8th-Science_0086,A,False,D,False,False,False,1,1,1,False,False,results/runs/qwen2_5_3b_validation200_v3_128/results/runs/qwen2_5_3b_validation200_v3_128.jsonl,36,D
Qwen2.5-3B,Qwen/Qwen2.5-3B-Instruct,bangla,Bangla,benqa,mcq,choice,benqa_8th-Science_0098,A,False,B,False,False,False,1,1,1,False,False,results/runs/qwen2_5_3b_validation200_v3_128/results/runs/qwen2_5_3b_validation200_v3_128.jsonl,268,B
Qwen2.5-3B,Qwen/Qwen2.5-3B-Instruct,banglish_clean,Reviewed Banglish,benqa,mcq,choice,benqa_8th-Science_0098,A,False,B,False,False,False,1,1,1,False,False,results/runs/qwen2_5_3b_validation200_v5_banglish/results/runs/qwen2_5_3b_validation200_v5_banglish.jsonl,90,B
Qwen2.5-3B,Qwen/Qwen2.5-3B-Instruct,english,English,benqa,mcq,choice,benqa_8th-Science_0098,A,False,C,False,False,False,1,1,1,False,False,results/runs/qwen2_5_3b_validation200_v3_128/results/runs/qwen2_5_3b_validation200_v3_128.jsonl,270,C
Qwen2.5-3B,Qwen/Qwen2.5-3B-Instruct,bangla,Bangla,benqa,mcq,choice,benqa_8th-Science_0127,B,False,C,False,False,False,1,1,1,False,False,results/runs/qwen2_5_3b_validation200_v3_128/results/runs/qwen2_5_3b_validation200_v3_128.jsonl,253,C
Qwen2.5-3B,Qwen/Qwen2.5-3B-Instruct,banglish_clean,Reviewed Banglish,benqa,mcq,choice,benqa_8th-Science_0127,B,False,D,False,False,False,1,1,1,False,False,results/runs/qwen2_5_3b_validation200_v5_banglish/results/runs/qwen2_5_3b_validation200_v5_banglish.jsonl,85,D
Qwen2.5-3B,Qwen/Qwen2.5-3B-Instruct,english,English,benqa,mcq,choice,benqa_8th-Science_0127,B,False,A,False,False,False,1,1,1,False,False,results/runs/qwen2_5_3b_validation200_v3_128/results/runs/qwen2_5_3b_validation200_v3_128.jsonl,255,A
Qwen2.5-3B,Qwen/Qwen2.5-3B-Instruct,bangla,Bangla,benqa,mcq,choice,benqa_8th-Science_0153,C,True,C,False,False,False,1,1,1,False,False,results/runs/qwen2_5_3b_validation200_v3_128/results/runs/qwen2_5_3b_validation200_v3_128.jsonl,163,C
Qwen2.5-3B,Qwen/Qwen2.5-3B-Instruct,banglish_clean,Reviewed Banglish,benqa,mcq,choice,benqa_8th-Science_0153,C,False,B,False,False,False,1,1,1,False,False,results/runs/qwen2_5_3b_validation200_v5_banglish/results/runs/qwen2_5_3b_validation200_v5_banglish.jsonl,55,B
Qwen2.5-3B,Qwen/Qwen2.5-3B-Instruct,english,English,benqa,mcq,choice,benqa_8th-Science_0153,C,True,C,False,False,False,1,1,1,False,False,results/runs/qwen2_5_3b_validation200_v3_128/results/runs/qwen2_5_3b_validation200_v3_128.jsonl,165,C
Qwen2.5-3B,Qwen/Qwen2.5-3B-Instruct,bangla,Bangla,benqa,mcq,choice,benqa_8th-Science_0159,B,False,A,False,False,False,1,1,1,False,False,results/runs/qwen2_5_3b_validation200_v3_128/results/runs/qwen2_5_3b_validation200_v3_128.jsonl,526,A
Qwen2.5-3B,Qwen/Qwen2.5-3B-Instruct,banglish_clean,Reviewed Banglish,benqa,mcq,choice,benqa_8th-Science_0159,B,False,C,False,False,False,1,1,1,False,False,results/runs/qwen2_5_3b_validation200_v5_banglish/results/runs/qwen2_5_3b_validation200_v5_banglish.jsonl,176,C
Qwen2.5-3B,Qwen/Qwen2.5-3B-Instruct,english,English,benqa,mcq,choice,benqa_8th-Science_0159,B,False,A,False,False,False,1,1,1,False,False,results/runs/qwen2_5_3b_validation200_v3_128/results/runs/qwen2_5_3b_validation200_v3_128.jsonl,528,A
Qwen2.5-3B,Qwen/Qwen2.5-3B-Instruct,bangla,Bangla,benqa,mcq,choice,benqa_8th-Science_0202,C,True,C,False,False,False,1,1,1,False,False,results/runs/qwen2_5_3b_validation200_v3_128/results/runs/qwen2_5_3b_validation200_v3_128.jsonl,505,C
Qwen2.5-3B,Qwen/Qwen2.5-3B-Instruct,banglish_clean,Reviewed Banglish,benqa,mcq,choice,benqa_8th-Science_0202,C,False,A,False,False,False,1,1,1,False,False,results/runs/qwen2_5_3b_validation200_v5_banglish/results/runs/qwen2_5_3b_validation200_v5_banglish.jsonl,169,A
Qwen2.5-3B,Qwen/Qwen2.5-3B-Instruct,english,English,benqa,mcq,choice,benqa_8th-Science_0202,C,True,C,False,False,False,1,1,1,False,False,results/runs/qwen2_5_3b_validation200_v3_128/results/runs/qwen2_5_3b_validation200_v3_128.jsonl,507,C
Qwen2.5-7B 8-bit,Qwen/Qwen2.5-7B-Instruct,bangla,Bangla,banglamath,short_answer,short_answer,banglamath_0181,সময় কমে যায়,False,সময় কমে যায়,False,False,False,13,13,1,False,False,results/runs/qwen25_7b_8bit_validation200_v4_test150/results/runs/qwen25_7b_8bit_validation200_v4_test150.jsonl,226,সময় কমে যায়
Qwen2.5-7B 8-bit,Qwen/Qwen2.5-7B-Instruct,banglish_clean,Reviewed Banglish,banglamath,short_answer,short_answer,banglamath_0181,সময় কমে যায়,False,kintu ei poribortto ekti lok songkhya na thakle somoy ki hoy,False,False,False,60,60,1,False,False,results/runs/qwen25_7b_8bit_validation200_v5_banglish_pinned/results/runs/qwen2_5_7b_8bit_validation200_v5_banglish_pinned.jsonl,102,kintu ei poribortto ekti lok songkhya na thakle somoy ki hoy
Qwen2.5-7B 8-bit,Qwen/Qwen2.5-7B-Instruct,english,English,banglamath,short_answer,short_answer,banglamath_0181,সময় কমে যায়,False,Time decreases,False,False,False,14,14,1,False,False,results/runs/qwen25_7b_8bit_validation200_v4_test150/results/runs/qwen25_7b_8bit_validation200_v4_test150.jsonl,228,Time decreases
Qwen2.5-7B 8-bit,Qwen/Qwen2.5-7B-Instruct,bangla,Bangla,banglamath,short_answer,short_answer,banglamath_0182,৬০০ টাকা,True,600টাকা,False,False,False,7,7,1,False,False,results/runs/qwen25_7b_8bit_validation200_v4_test150/results/runs/qwen25_7b_8bit_validation200_v4_test150.jsonl,79,600টাকা
Qwen2.5-7B 8-bit,Qwen/Qwen2.5-7B-Instruct,banglish_clean,Reviewed Banglish,banglamath,short_answer,short_answer,banglamath_0182,৬০০ টাকা,False,400,False,False,False,3,3,1,False,False,results/runs/qwen25_7b_8bit_validation200_v5_banglish_pinned/results/runs/qwen2_5_7b_8bit_validation200_v5_banglish_pinned.jsonl,73,400
Qwen2.5-7B 8-bit,Qwen/Qwen2.5-7B-Instruct,english,English,banglamath,short_answer,short_answer,banglamath_0182,৬০০ টাকা,False,600,False,False,False,3,3,1,False,False,results/runs/qwen25_7b_8bit_validation200_v4_test150/results/runs/qwen25_7b_8bit_validation200_v4_test150.jsonl,81,600
Qwen2.5-7B 8-bit,Qwen/Qwen2.5-7B-Instruct,bangla,Bangla,banglamath,short_answer,short_answer,banglamath_0183,৩০ দিন,False,18,False,False,False,2,2,1,False,False,results/runs/qwen25_7b_8bit_validation200_v4_test150/results/runs/qwen25_7b_8bit_validation200_v4_test150.jsonl,199,18
Qwen2.5-7B 8-bit,Qwen/Qwen2.5-7B-Instruct,banglish_clean,Reviewed Banglish,banglamath,short_answer,short_answer,banglamath_0183,৩০ দিন,False,21,False,False,False,2,2,1,False,False,results/runs/qwen25_7b_8bit_validation200_v5_banglish_pinned/results/runs/qwen2_5_7b_8bit_validation200_v5_banglish_pinned.jsonl,103,21
Qwen2.5-7B 8-bit,Qwen/Qwen2.5-7B-Instruct,english,English,banglamath,short_answer,short_answer,banglamath_0183,৩০ দিন,False,30,False,False,False,2,2,1,False,False,results/runs/qwen25_7b_8bit_validation200_v4_test150/results/runs/qwen25_7b_8bit_validation200_v4_test150.jsonl,201,30
Qwen2.5-7B 8-bit,Qwen/Qwen2.5-7B-Instruct,bangla,Bangla,banglamath,short_answer,short_answer,banglamath_0184,১২০০০ টাকা,False,8000,False,False,False,4,4,1,False,False,results/runs/qwen25_7b_8bit_validation200_v4_test150/results/runs/qwen25_7b_8bit_validation200_v4_test150.jsonl,310,8000
Qwen2.5-7B 8-bit,Qwen/Qwen2.5-7B-Instruct,banglish_clean,Reviewed Banglish,banglamath,short_answer,short_answer,banglamath_0184,১২০০০ টাকা,False,100,False,False,False,3,3,1,False,False,results/runs/qwen25_7b_8bit_validation200_v5_banglish_pinned/results/runs/qwen2_5_7b_8bit_validation200_v5_banglish_pinned.jsonl,42,100
Qwen2.5-7B 8-bit,Qwen/Qwen2.5-7B-Instruct,english,English,banglamath,short_answer,short_answer,banglamath_0184,১২০০০ টাকা,True,12000 Taka,False,False,False,10,10,1,False,False,results/runs/qwen25_7b_8bit_validation200_v4_test150/results/runs/qwen25_7b_8bit_validation200_v4_test150.jsonl,312,12000 Taka
Qwen2.5-7B 8-bit,Qwen/Qwen2.5-7B-Instruct,bangla,Bangla,banglamath,short_answer,short_answer,banglamath_0185,২০০ কেজি,False,160,False,False,False,3,3,1,False,False,results/runs/qwen25_7b_8bit_validation200_v4_test150/results/runs/qwen25_7b_8bit_validation200_v4_test150.jsonl,202,160
Qwen2.5-7B 8-bit,Qwen/Qwen2.5-7B-Instruct,banglish_clean,Reviewed Banglish,banglamath,short_answer,short_answer,banglamath_0185,২০০ কেজি,False,30,False,False,False,2,2,1,False,False,results/runs/qwen25_7b_8bit_validation200_v5_banglish_pinned/results/runs/qwen2_5_7b_8bit_validation200_v5_banglish_pinned.jsonl,106,30
Qwen2.5-7B 8-bit,Qwen/Qwen2.5-7B-Instruct,english,English,banglamath,short_answer,short_answer,banglamath_0185,২০০ কেজি,False,72 kg,False,False,False,5,5,1,False,False,results/runs/qwen25_7b_8bit_validation200_v4_test150/results/runs/qwen25_7b_8bit_validation200_v4_test150.jsonl,204,72 kg
Qwen2.5-7B 8-bit,Qwen/Qwen2.5-7B-Instruct,bangla,Bangla,banglamath,short_answer,short_answer,banglamath_0186,২২ ১/২ দিন,False,22.5,False,False,False,4,4,1,False,False,results/runs/qwen25_7b_8bit_validation200_v4_dev50_v2/results/runs/qwen25_7b_8bit_validation200_v4_dev50.jsonl,28,22.5
Qwen2.5-7B 8-bit,Qwen/Qwen2.5-7B-Instruct,banglish_clean,Reviewed Banglish,banglamath,short_answer,short_answer,banglamath_0186,২২ ১/২ দিন,False,25,False,False,False,2,2,1,False,False,results/runs/qwen25_7b_8bit_validation200_v5_banglish_pinned/results/runs/qwen2_5_7b_8bit_validation200_v5_banglish_pinned.jsonl,174,25
Qwen2.5-7B 8-bit,Qwen/Qwen2.5-7B-Instruct,english,English,banglamath,short_answer,short_answer,banglamath_0186,২২ ১/২ দিন,False,45,False,False,False,2,2,1,False,False,results/runs/qwen25_7b_8bit_validation200_v4_dev50_v2/results/runs/qwen25_7b_8bit_validation200_v4_dev50.jsonl,30,45
Qwen2.5-7B 8-bit,Qwen/Qwen2.5-7B-Instruct,bangla,Bangla,banglamath,short_answer,short_answer,banglamath_0187,১৪০ জন,False,120,False,False,False,3,3,1,False,False,results/runs/qwen25_7b_8bit_validation200_v4_dev50_v2/results/runs/qwen25_7b_8bit_validation200_v4_dev50.jsonl,142,120
Qwen2.5-7B 8-bit,Qwen/Qwen2.5-7B-Instruct,banglish_clean,Reviewed Banglish,banglamath,short_answer,short_answer,banglamath_0187,১৪০ জন,False,240,False,False,False,3,3,1,False,False,results/runs/qwen25_7b_8bit_validation200_v5_banglish_pinned/results/runs/qwen2_5_7b_8bit_validation200_v5_banglish_pinned.jsonl,190,240
Qwen2.5-7B 8-bit,Qwen/Qwen2.5-7B-Instruct,english,English,banglamath,short_answer,short_answer,banglamath_0187,১৪০ জন,False,40,False,False,False,2,2,1,False,False,results/runs/qwen25_7b_8bit_validation200_v4_dev50_v2/results/runs/qwen25_7b_8bit_validation200_v4_dev50.jsonl,144,40
Qwen2.5-7B 8-bit,Qwen/Qwen2.5-7B-Instruct,bangla,Bangla,banglamath,short_answer,short_answer,banglamath_0188,১৫ ঘণ্টা,False,12,False,False,False,2,2,1,False,False,results/runs/qwen25_7b_8bit_validation200_v4_test150/results/runs/qwen25_7b_8bit_validation200_v4_test150.jsonl,397,12
Qwen2.5-7B 8-bit,Qwen/Qwen2.5-7B-Instruct,banglish_clean,Reviewed Banglish,banglamath,short_answer,short_answer,banglamath_0188,১৫ ঘণ্টা,False,15,False,False,False,2,2,1,False,False,results/runs/qwen25_7b_8bit_validation200_v5_banglish_pinned/results/runs/qwen2_5_7b_8bit_validation200_v5_banglish_pinned.jsonl,153,15
Qwen2.5-7B 8-bit,Qwen/Qwen2.5-7B-Instruct,english,English,banglamath,short_answer,short_answer,banglamath_0188,১৫ ঘণ্টা,False,12,False,False,False,2,2,1,False,False,results/runs/qwen25_7b_8bit_validation200_v4_test150/results/runs/qwen25_7b_8bit_validation200_v4_test150.jsonl,399,12
Qwen2.5-7B 8-bit,Qwen/Qwen2.5-7B-Instruct,bangla,Bangla,banglamath,short_answer,short_answer,banglamath_0189,৬ জন পুরুষ,False,6,False,False,False,1,1,1,False,False,results/runs/qwen25_7b_8bit_validation200_v4_test150/results/runs/qwen25_7b_8bit_validation200_v4_test150.jsonl,151,6
Qwen2.5-7B 8-bit,Qwen/Qwen2.5-7B-Instruct,banglish_clean,Reviewed Banglish,banglamath,short_answer,short_answer,banglamath_0189,৬ জন পুরুষ,False,6,False,False,False,1,1,1,False,False,results/runs/qwen25_7b_8bit_validation200_v5_banglish_pinned/results/runs/qwen2_5_7b_8bit_validation200_v5_banglish_pinned.jsonl,24,6
Qwen2.5-7B 8-bit,Qwen/Qwen2.5-7B-Instruct,english,English,banglamath,short_answer,short_answer,banglamath_0189,৬ জন পুরুষ,False,6,False,False,False,1,1,1,False,False,results/runs/qwen25_7b_8bit_validation200_v4_test150/results/runs/qwen25_7b_8bit_validation200_v4_test150.jsonl,153,6
Qwen2.5-7B 8-bit,Qwen/Qwen2.5-7B-Instruct,bangla,Bangla,banglamath,short_answer,short_answer,banglamath_0226,২৫০ টাকা,False,250,False,False,False,3,3,1,False,False,results/runs/qwen25_7b_8bit_validation200_v4_test150/results/runs/qwen25_7b_8bit_validation200_v4_test150.jsonl,136,250
Qwen2.5-7B 8-bit,Qwen/Qwen2.5-7B-Instruct,banglish_clean,Reviewed Banglish,banglamath,short_answer,short_answer,banglamath_0226,২৫০ টাকা,False,300,False,False,False,3,3,1,False,False,results/runs/qwen25_7b_8bit_validation200_v5_banglish_pinned/results/runs/qwen2_5_7b_8bit_validation200_v5_banglish_pinned.jsonl,86,300
Qwen2.5-7B 8-bit,Qwen/Qwen2.5-7B-Instruct,english,English,banglamath,short_answer,short_answer,banglamath_0226,২৫০ টাকা,False,275,False,False,False,3,3,1,False,False,results/runs/qwen25_7b_8bit_validation200_v4_test150/results/runs/qwen25_7b_8bit_validation200_v4_test150.jsonl,138,275
Qwen2.5-7B 8-bit,Qwen/Qwen2.5-7B-Instruct,bangla,Bangla,banglamath,short_answer,short_answer,banglamath_0227,৭.৫ কিমি,False,7.5,False,False,False,3,3,1,False,False,results/runs/qwen25_7b_8bit_validation200_v4_test150/results/runs/qwen25_7b_8bit_validation200_v4_test150.jsonl,268,7.5
Qwen2.5-7B 8-bit,Qwen/Qwen2.5-7B-Instruct,banglish_clean,Reviewed Banglish,banglamath,short_answer,short_answer,banglamath_0227,৭.৫ কিমি,False,7,False,False,False,1,1,1,False,False,results/runs/qwen25_7b_8bit_validation200_v5_banglish_pinned/results/runs/qwen2_5_7b_8bit_validation200_v5_banglish_pinned.jsonl,38,7
Qwen2.5-7B 8-bit,Qwen/Qwen2.5-7B-Instruct,english,English,banglamath,short_answer,short_answer,banglamath_0227,৭.৫ কিমি,False,7.5 km,False,False,False,6,6,1,False,False,results/runs/qwen25_7b_8bit_validation200_v4_test150/results/runs/qwen25_7b_8bit_validation200_v4_test150.jsonl,270,7.5 km
Qwen2.5-7B 8-bit,Qwen/Qwen2.5-7B-Instruct,bangla,Bangla,banglamath,short_answer,short_answer,banglamath_0228,২/৫,False,4/10,False,False,False,4,4,1,False,False,results/runs/qwen25_7b_8bit_validation200_v4_test150/results/runs/qwen25_7b_8bit_validation200_v4_test150.jsonl,205,4/10
Qwen2.5-7B 8-bit,Qwen/Qwen2.5-7B-Instruct,banglish_clean,Reviewed Banglish,banglamath,short_answer,short_answer,banglamath_0228,২/৫,False,40% के साधारण ब्याज पर 100 বছরে প্রকাশ হয়।,False,False,False,43,43,1,False,False,results/runs/qwen25_7b_8bit_validation200_v5_banglish_pinned/results/runs/qwen2_5_7b_8bit_validation200_v5_banglish_pinned.jsonl,56,40% के साधारण ब्याज पर 100 বছরে প্রকাশ হয়।
Qwen2.5-7B 8-bit,Qwen/Qwen2.5-7B-Instruct,english,English,banglamath,short_answer,short_answer,banglamath_0228,২/৫,True,2/5,False,False,False,3,3,1,False,False,results/runs/qwen25_7b_8bit_validation200_v4_test150/results/runs/qwen25_7b_8bit_validation200_v4_test150.jsonl,207,2/5
Qwen2.5-7B 8-bit,Qwen/Qwen2.5-7B-Instruct,bangla,Bangla,banglamath,short_answer,short_answer,banglamath_0229,1.5,True,1.5,False,False,False,3,3,1,False,False,results/runs/qwen25_7b_8bit_validation200_v4_test150/results/runs/qwen25_7b_8bit_validation200_v4_test150.jsonl,265,1.5
Qwen2.5-7B 8-bit,Qwen/Qwen2.5-7B-Instruct,banglish_clean,Reviewed Banglish,banglamath,short_answer,short_answer,banglamath_0229,1.5,False,3七年五个月,False,False,False,6,6,1,False,False,results/runs/qwen25_7b_8bit_validation200_v5_banglish_pinned/results/runs/qwen2_5_7b_8bit_validation200_v5_banglish_pinned.jsonl,196,3七年五个月
Qwen2.5-7B 8-bit,Qwen/Qwen2.5-7B-Instruct,english,English,banglamath,short_answer,short_answer,banglamath_0229,1.5,True,1.5,False,False,False,3,3,1,False,False,results/runs/qwen25_7b_8bit_validation200_v4_test150/results/runs/qwen25_7b_8bit_validation200_v4_test150.jsonl,267,1.5
Qwen2.5-7B 8-bit,Qwen/Qwen2.5-7B-Instruct,bangla,Bangla,banglamath,short_answer,short_answer,banglamath_0230,20%,True,20%,False,False,False,3,3,1,False,False,results/runs/qwen25_7b_8bit_validation200_v4_test150/results/runs/qwen25_7b_8bit_validation200_v4_test150.jsonl,232,20%
Qwen2.5-7B 8-bit,Qwen/Qwen2.5-7B-Instruct,banglish_clean,Reviewed Banglish,banglamath,short_answer,short_answer,banglamath_0230,20%,False,5,False,False,False,1,1,1,False,False,results/runs/qwen25_7b_8bit_validation200_v5_banglish_pinned/results/runs/qwen2_5_7b_8bit_validation200_v5_banglish_pinned.jsonl,52,5
Qwen2.5-7B 8-bit,Qwen/Qwen2.5-7B-Instruct,english,English,banglamath,short_answer,short_answer,banglamath_0230,20%,True,20%,False,False,False,3,3,1,False,False,results/runs/qwen25_7b_8bit_validation200_v4_test150/results/runs/qwen25_7b_8bit_validation200_v4_test150.jsonl,234,20%
Qwen2.5-7B 8-bit,Qwen/Qwen2.5-7B-Instruct,bangla,Bangla,banglamath,short_answer,short_answer,banglamath_0231,২০ টাকা,False,20,False,False,False,2,2,1,False,False,results/runs/qwen25_7b_8bit_validation200_v4_test150/results/runs/qwen25_7b_8bit_validation200_v4_test150.jsonl,241,20
Qwen2.5-7B 8-bit,Qwen/Qwen2.5-7B-Instruct,banglish_clean,Reviewed Banglish,banglamath,short_answer,short_answer,banglamath_0231,২০ টাকা,False,48,False,False,False,2,2,1,False,False,results/runs/qwen25_7b_8bit_validation200_v5_banglish_pinned/results/runs/qwen2_5_7b_8bit_validation200_v5_banglish_pinned.jsonl,175,48
Qwen2.5-7B 8-bit,Qwen/Qwen2.5-7B-Instruct,english,English,banglamath,short_answer,short_answer,banglamath_0231,২০ টাকা,False,20,False,False,False,2,2,1,False,False,results/runs/qwen25_7b_8bit_validation200_v4_test150/results/runs/qwen25_7b_8bit_validation200_v4_test150.jsonl,243,20
Qwen2.5-7B 8-bit,Qwen/Qwen2.5-7B-Instruct,bangla,Bangla,banglamath,short_answer,short_answer,banglamath_0232,২০০ টাকা,False,200,False,False,False,3,3,1,False,False,results/runs/qwen25_7b_8bit_validation200_v4_dev50_v2/results/runs/qwen25_7b_8bit_validation200_v4_dev50.jsonl,136,200
Qwen2.5-7B 8-bit,Qwen/Qwen2.5-7B-Instruct,banglish_clean,Reviewed Banglish,banglamath,short_answer,short_answer,banglamath_0232,২০০ টাকা,False,1430,False,False,False,4,4,1,False,False,results/runs/qwen25_7b_8bit_validation200_v5_banglish_pinned/results/runs/qwen2_5_7b_8bit_validation200_v5_banglish_pinned.jsonl,72,1430
Qwen2.5-7B 8-bit,Qwen/Qwen2.5-7B-Instruct,english,English,banglamath,short_answer,short_answer,banglamath_0232,২০০ টাকা,True,200 Taka,False,False,False,8,8,1,False,False,results/runs/qwen25_7b_8bit_validation200_v4_dev50_v2/results/runs/qwen25_7b_8bit_validation200_v4_dev50.jsonl,138,200 Taka
Qwen2.5-7B 8-bit,Qwen/Qwen2.5-7B-Instruct,bangla,Bangla,banglamath,short_answer,short_answer,banglamath_0233,৭ দিন,False,14,False,False,False,2,2,1,False,False,results/runs/qwen25_7b_8bit_validation200_v4_test150/results/runs/qwen25_7b_8bit_validation200_v4_test150.jsonl,55,14
Qwen2.5-7B 8-bit,Qwen/Qwen2.5-7B-Instruct,banglish_clean,Reviewed Banglish,banglamath,short_answer,short_answer,banglamath_0233,৭ দিন,False,35,False,False,False,2,2,1,False,False,results/runs/qwen25_7b_8bit_validation200_v5_banglish_pinned/results/runs/qwen2_5_7b_8bit_validation200_v5_banglish_pinned.jsonl,127,35
Qwen2.5-7B 8-bit,Qwen/Qwen2.5-7B-Instruct,english,English,banglamath,short_answer,short_answer,banglamath_0233,৭ দিন,False,7,False,False,False,1,1,1,False,False,results/runs/qwen25_7b_8bit_validation200_v4_test150/results/runs/qwen25_7b_8bit_validation200_v4_test150.jsonl,57,7
Qwen2.5-7B 8-bit,Qwen/Qwen2.5-7B-Instruct,bangla,Bangla,banglamath,short_answer,short_answer,banglamath_0234,৬ দিন,False,6,False,False,False,1,1,1,False,False,results/runs/qwen25_7b_8bit_validation200_v4_dev50_v2/results/runs/qwen25_7b_8bit_validation200_v4_dev50.jsonl,88,6
Qwen2.5-7B 8-bit,Qwen/Qwen2.5-7B-Instruct,banglish_clean,Reviewed Banglish,banglamath,short_answer,short_answer,banglamath_0234,৬ দিন,False,25,False,False,False,2,2,1,False,False,results/runs/qwen25_7b_8bit_validation200_v5_banglish_pinned/results/runs/qwen2_5_7b_8bit_validation200_v5_banglish_pinned.jsonl,6,25
Qwen2.5-7B 8-bit,Qwen/Qwen2.5-7B-Instruct,english,English,banglamath,short_answer,short_answer,banglamath_0234,৬ দিন,False,6.25,False,False,False,4,4,1,False,False,results/runs/qwen25_7b_8bit_validation200_v4_dev50_v2/results/runs/qwen25_7b_8bit_validation200_v4_dev50.jsonl,90,6.25
Qwen2.5-7B 8-bit,Qwen/Qwen2.5-7B-Instruct,bangla,Bangla,banglamath,short_answer,short_answer,banglamath_0236,১২ টাকা,False,6 টাকা,False,False,False,6,6,1,False,False,results/runs/qwen25_7b_8bit_validation200_v4_test150/results/runs/qwen25_7b_8bit_validation200_v4_test150.jsonl,262,6 টাকা
Qwen2.5-7B 8-bit,Qwen/Qwen2.5-7B-Instruct,banglish_clean,Reviewed Banglish,banglamath,short_answer,short_answer,banglamath_0236,১২ টাকা,False,20,False,False,False,2,2,1,False,False,results/runs/qwen25_7b_8bit_validation200_v5_banglish_pinned/results/runs/qwen2_5_7b_8bit_validation200_v5_banglish_pinned.jsonl,22,20
Qwen2.5-7B 8-bit,Qwen/Qwen2.5-7B-Instruct,english,English,banglamath,short_answer,short_answer,banglamath_0236,১২ টাকা,True,12 Taka,False,False,False,7,7,1,False,False,results/runs/qwen25_7b_8bit_validation200_v4_test150/results/runs/qwen25_7b_8bit_validation200_v4_test150.jsonl,264,12 Taka
Qwen2.5-7B 8-bit,Qwen/Qwen2.5-7B-Instruct,bangla,Bangla,banglamath,short_answer,short_answer,banglamath_0237,৬৪ টাকা,False,12টাকা,False,False,False,6,6,1,False,False,results/runs/qwen25_7b_8bit_validation200_v4_test150/results/runs/qwen25_7b_8bit_validation200_v4_test150.jsonl,400,12টাকা
Qwen2.5-7B 8-bit,Qwen/Qwen2.5-7B-Instruct,banglish_clean,Reviewed Banglish,banglamath,short_answer,short_answer,banglamath_0237,৬৪ টাকা,False,3,False,False,False,1,1,1,False,False,results/runs/qwen25_7b_8bit_validation200_v5_banglish_pinned/results/runs/qwen2_5_7b_8bit_validation200_v5_banglish_pinned.jsonl,99,3
Qwen2.5-7B 8-bit,Qwen/Qwen2.5-7B-Instruct,english,English,banglamath,short_answer,short_answer,banglamath_0237,৬৪ টাকা,False,32 Taka,False,False,False,7,7,1,False,False,results/runs/qwen25_7b_8bit_validation200_v4_test150/results/runs/qwen25_7b_8bit_validation200_v4_test150.jsonl,402,32 Taka
Qwen2.5-7B 8-bit,Qwen/Qwen2.5-7B-Instruct,bangla,Bangla,banglamath,short_answer,short_answer,banglamath_0518,১৫০ মিটার,False,50Meter,False,False,False,7,7,1,False,False,results/runs/qwen25_7b_8bit_validation200_v4_dev50_v2/results/runs/qwen25_7b_8bit_validation200_v4_dev50.jsonl,121,50Meter
Qwen2.5-7B 8-bit,Qwen/Qwen2.5-7B-Instruct,banglish_clean,Reviewed Banglish,banglamath,short_answer,short_answer,banglamath_0518,১৫০ মিটার,False,200,False,False,False,3,3,1,False,False,results/runs/qwen25_7b_8bit_validation200_v5_banglish_pinned/results/runs/qwen2_5_7b_8bit_validation200_v5_banglish_pinned.jsonl,122,200
Qwen2.5-7B 8-bit,Qwen/Qwen2.5-7B-Instruct,english,English,banglamath,short_answer,short_answer,banglamath_0518,১৫০ মিটার,False,150 meters,False,False,False,10,10,1,False,False,results/runs/qwen25_7b_8bit_validation200_v4_dev50_v2/results/runs/qwen25_7b_8bit_validation200_v4_dev50.jsonl,123,150 meters
Qwen2.5-7B 8-bit,Qwen/Qwen2.5-7B-Instruct,bangla,Bangla,banglamath,short_answer,short_answer,banglamath_0519,৭৫০০ বর্গমিটার,False,3750 beğenimetreবন্ধু,False,False,False,21,21,1,False,False,results/runs/qwen25_7b_8bit_validation200_v4_dev50_v2/results/runs/qwen25_7b_8bit_validation200_v4_dev50.jsonl,7,3750 beğenimetreবন্ধু
Qwen2.5-7B 8-bit,Qwen/Qwen2.5-7B-Instruct,banglish_clean,Reviewed Banglish,banglamath,short_answer,short_answer,banglamath_0519,৭৫০০ বর্গমিটার,False,200,False,False,False,3,3,1,False,False,results/runs/qwen25_7b_8bit_validation200_v5_banglish_pinned/results/runs/qwen2_5_7b_8bit_validation200_v5_banglish_pinned.jsonl,97,200
Qwen2.5-7B 8-bit,Qwen/Qwen2.5-7B-Instruct,english,English,banglamath,short_answer,short_answer,banglamath_0519,৭৫০০ বর্গমিটার,False,7500,False,False,False,4,4,1,False,False,results/runs/qwen25_7b_8bit_validation200_v4_dev50_v2/results/runs/qwen25_7b_8bit_validation200_v4_dev50.jsonl,9,7500
Qwen2.5-7B 8-bit,Qwen/Qwen2.5-7B-Instruct,bangla,Bangla,banglamath,short_answer,short_answer,banglamath_0521,৭০ মিটার,False,70,False,False,False,2,2,1,False,False,results/runs/qwen25_7b_8bit_validation200_v4_dev50_v2/results/runs/qwen25_7b_8bit_validation200_v4_dev50.jsonl,10,70
Qwen2.5-7B 8-bit,Qwen/Qwen2.5-7B-Instruct,banglish_clean,Reviewed Banglish,banglamath,short_answer,short_answer,banglamath_0521,৭০ মিটার,False,2.5,False,False,False,3,3,1,False,False,results/runs/qwen25_7b_8bit_validation200_v5_banglish_pinned/results/runs/qwen2_5_7b_8bit_validation200_v5_banglish_pinned.jsonl,192,2.5
Qwen2.5-7B 8-bit,Qwen/Qwen2.5-7B-Instruct,english,English,banglamath,short_answer,short_answer,banglamath_0521,৭০ মিটার,False,50 meters,False,False,False,9,9,1,False,False,results/runs/qwen25_7b_8bit_validation200_v4_dev50_v2/results/runs/qwen25_7b_8bit_validation200_v4_dev50.jsonl,12,50 meters
Qwen2.5-7B 8-bit,Qwen/Qwen2.5-7B-Instruct,bangla,Bangla,banglamath,short_answer,short_answer,banglamath_0522,১৭৬ বর্গমিটার,False,1600 বর্গমিটার,False,False,False,14,14,1,False,False,results/runs/qwen25_7b_8bit_validation200_v4_dev50_v2/results/runs/qwen25_7b_8bit_validation200_v4_dev50.jsonl,148,1600 বর্গমিটার
Qwen2.5-7B 8-bit,Qwen/Qwen2.5-7B-Instruct,banglish_clean,Reviewed Banglish,banglamath,short_answer,short_answer,banglamath_0522,১৭৬ বর্গমিটার,False,2,False,False,False,1,1,1,False,False,results/runs/qwen25_7b_8bit_validation200_v5_banglish_pinned/results/runs/qwen2_5_7b_8bit_validation200_v5_banglish_pinned.jsonl,8,2
Qwen2.5-7B 8-bit,Qwen/Qwen2.5-7B-Instruct,english,English,banglamath,short_answer,short_answer,banglamath_0522,১৭৬ বর্গমিটার,False,Cannot determine,False,False,False,16,16,1,False,False,results/runs/qwen25_7b_8bit_validation200_v4_dev50_v2/results/runs/qwen25_7b_8bit_validation200_v4_dev50.jsonl,150,Cannot determine
Qwen2.5-7B 8-bit,Qwen/Qwen2.5-7B-Instruct,bangla,Bangla,banglamath,short_answer,short_answer,banglamath_0526,৩০ বর্গ মিটার,True,30 বর্গমিটার,False,False,False,12,12,1,False,False,results/runs/qwen25_7b_8bit_validation200_v4_test150/results/runs/qwen25_7b_8bit_validation200_v4_test150.jsonl,184,30 বর্গমিটার
Qwen2.5-7B 8-bit,Qwen/Qwen2.5-7B-Instruct,banglish_clean,Reviewed Banglish,banglamath,short_answer,short_answer,banglamath_0526,৩০ বর্গ মিটার,False,30,False,False,False,2,2,1,False,False,results/runs/qwen25_7b_8bit_validation200_v5_banglish_pinned/results/runs/qwen2_5_7b_8bit_validation200_v5_banglish_pinned.jsonl,165,30
Qwen2.5-7B 8-bit,Qwen/Qwen2.5-7B-Instruct,english,English,banglamath,short_answer,short_answer,banglamath_0526,৩০ বর্গ মিটার,True,30 square meters,False,False,False,16,16,1,False,False,results/runs/qwen25_7b_8bit_validation200_v4_test150/results/runs/qwen25_7b_8bit_validation200_v4_test150.jsonl,186,30 square meters
Qwen2.5-7B 8-bit,Qwen/Qwen2.5-7B-Instruct,bangla,Bangla,banglamath,short_answer,short_answer,banglamath_0531,৫ মেট্রিক টন ৫০৭ কেজি ৭০০ গ্রাম,False,12100,False,False,False,5,5,1,False,False,results/runs/qwen25_7b_8bit_validation200_v4_test150/results/runs/qwen25_7b_8bit_validation200_v4_test150.jsonl,247,12100
Qwen2.5-7B 8-bit,Qwen/Qwen2.5-7B-Instruct,banglish_clean,Reviewed Banglish,banglamath,short_answer,short_answer,banglamath_0531,৫ মেট্রিক টন ৫০৭ কেজি ৭০০ গ্রাম,False,825,False,False,False,3,3,1,False,False,results/runs/qwen25_7b_8bit_validation200_v5_banglish_pinned/results/runs/qwen2_5_7b_8bit_validation200_v5_banglish_pinned.jsonl,161,825
Qwen2.5-7B 8-bit,Qwen/Qwen2.5-7B-Instruct,english,English,banglamath,short_answer,short_answer,banglamath_0531,৫ মেট্রিক টন ৫০৭ কেজি ৭০০ গ্রাম,False,6070 kg,False,False,False,7,7,1,False,False,results/runs/qwen25_7b_8bit_validation200_v4_test150/results/runs/qwen25_7b_8bit_validation200_v4_test150.jsonl,249,6070 kg
Qwen2.5-7B 8-bit,Qwen/Qwen2.5-7B-Instruct,bangla,Bangla,banglamath,short_answer,short_answer,banglamath_0532,১ মেট্রিক টন ৭৫০ কেজি,False,1.75 মেট্রিক টন,False,False,False,15,15,1,False,False,results/runs/qwen25_7b_8bit_validation200_v4_test150/results/runs/qwen25_7b_8bit_validation200_v4_test150.jsonl,61,1.75 মেট্রিক টন
Qwen2.5-7B 8-bit,Qwen/Qwen2.5-7B-Instruct,banglish_clean,Reviewed Banglish,banglamath,short_answer,short_answer,banglamath_0532,১ মেট্রিক টন ৭৫০ কেজি,False,1.75,False,False,False,4,4,1,False,False,results/runs/qwen25_7b_8bit_validation200_v5_banglish_pinned/results/runs/qwen2_5_7b_8bit_validation200_v5_banglish_pinned.jsonl,40,1.75
Qwen2.5-7B 8-bit,Qwen/Qwen2.5-7B-Instruct,english,English,banglamath,short_answer,short_answer,banglamath_0532,১ মেট্রিক টন ৭৫০ কেজি,False,1.75 metric tons per acre,False,False,False,25,25,1,False,False,results/runs/qwen25_7b_8bit_validation200_v4_test150/results/runs/qwen25_7b_8bit_validation200_v4_test150.jsonl,63,1.75 metric tons per acre
Qwen2.5-7B 8-bit,Qwen/Qwen2.5-7B-Instruct,bangla,Bangla,banglamath,short_answer,short_answer,banglamath_0533,৬৬৬ মেট্রিক টন ৬৬৬ কেজি ৬৬৬ গ্রাম (প্রায়),False,600 মেট্রিক টন,False,False,False,14,14,1,False,False,results/runs/qwen25_7b_8bit_validation200_v4_test150/results/runs/qwen25_7b_8bit_validation200_v4_test150.jsonl,220,600 মেট্রিক টন
Qwen2.5-7B 8-bit,Qwen/Qwen2.5-7B-Instruct,banglish_clean,Reviewed Banglish,banglamath,short_answer,short_answer,banglamath_0533,৬৬৬ মেট্রিক টন ৬৬৬ কেজি ৬৬৬ গ্রাম (প্রায়),False,20000 metrik ton rod toiri hole doinik ki poriman rod toiri hoy,False,False,False,63,63,1,False,False,results/runs/qwen25_7b_8bit_validation200_v5_banglish_pinned/results/runs/qwen2_5_7b_8bit_validation200_v5_banglish_pinned.jsonl,69,20000 metrik ton rod toiri hole doinik ki poriman rod toiri hoy
Qwen2.5-7B 8-bit,Qwen/Qwen2.5-7B-Instruct,english,English,banglamath,short_answer,short_answer,banglamath_0533,৬৬৬ মেট্রিক টন ৬৬৬ কেজি ৬৬৬ গ্রাম (প্রায়),False,661.1575618941514,False,False,False,17,17,1,False,False,results/runs/qwen25_7b_8bit_validation200_v4_test150/results/runs/qwen25_7b_8bit_validation200_v4_test150.jsonl,222,661.1575618941514
Qwen2.5-7B 8-bit,Qwen/Qwen2.5-7B-Instruct,bangla,Bangla,banglamath,short_answer,short_answer,banglamath_0538,৩৮৪ বর্গ মিটার,False,480,False,False,False,3,3,1,False,False,results/runs/qwen25_7b_8bit_validation200_v4_test150/results/runs/qwen25_7b_8bit_validation200_v4_test150.jsonl,250,480
Qwen2.5-7B 8-bit,Qwen/Qwen2.5-7B-Instruct,banglish_clean,Reviewed Banglish,banglamath,short_answer,short_answer,banglamath_0538,৩৮৪ বর্গ মিটার,False,10,False,False,False,2,2,1,False,False,results/runs/qwen25_7b_8bit_validation200_v5_banglish_pinned/results/runs/qwen2_5_7b_8bit_validation200_v5_banglish_pinned.jsonl,119,10
Qwen2.5-7B 8-bit,Qwen/Qwen2.5-7B-Instruct,english,English,banglamath,short_answer,short_answer,banglamath_0538,৩৮৪ বর্গ মিটার,False,128,False,False,False,3,3,1,False,False,results/runs/qwen25_7b_8bit_validation200_v4_test150/results/runs/qwen25_7b_8bit_validation200_v4_test150.jsonl,252,128
Qwen2.5-7B 8-bit,Qwen/Qwen2.5-7B-Instruct,bangla,Bangla,banglamath,short_answer,short_answer,banglamath_0539,১৪৭ বর্গমিটার,False,147平方米,False,False,False,6,6,1,False,False,results/runs/qwen25_7b_8bit_validation200_v4_dev50_v2/results/runs/qwen25_7b_8bit_validation200_v4_dev50.jsonl,139,147平方米
Qwen2.5-7B 8-bit,Qwen/Qwen2.5-7B-Instruct,banglish_clean,Reviewed Banglish,banglamath,short_answer,short_answer,banglamath_0539,১৪৭ বর্গমিটার,False,147,False,False,False,3,3,1,False,False,results/runs/qwen25_7b_8bit_validation200_v5_banglish_pinned/results/runs/qwen2_5_7b_8bit_validation200_v5_banglish_pinned.jsonl,134,147
Qwen2.5-7B 8-bit,Qwen/Qwen2.5-7B-Instruct,english,English,banglamath,short_answer,short_answer,banglamath_0539,১৪৭ বর্গমিটার,False,147.00,False,False,False,6,6,1,False,False,results/runs/qwen25_7b_8bit_validation200_v4_dev50_v2/results/runs/qwen25_7b_8bit_validation200_v4_dev50.jsonl,141,147.00
Qwen2.5-7B 8-bit,Qwen/Qwen2.5-7B-Instruct,bangla,Bangla,banglamath,short_answer,short_answer,banglamath_0540,২১ মিটার,False,21,False,False,False,2,2,1,False,False,results/runs/qwen25_7b_8bit_validation200_v4_test150/results/runs/qwen25_7b_8bit_validation200_v4_test150.jsonl,340,21
Qwen2.5-7B 8-bit,Qwen/Qwen2.5-7B-Instruct,banglish_clean,Reviewed Banglish,banglamath,short_answer,short_answer,banglamath_0540,২১ মিটার,False,21,False,False,False,2,2,1,False,False,results/runs/qwen25_7b_8bit_validation200_v5_banglish_pinned/results/runs/qwen2_5_7b_8bit_validation200_v5_banglish_pinned.jsonl,98,21
Qwen2.5-7B 8-bit,Qwen/Qwen2.5-7B-Instruct,english,English,banglamath,short_answer,short_answer,banglamath_0540,২১ মিটার,False,21,False,False,False,2,2,1,False,False,results/runs/qwen25_7b_8bit_validation200_v4_test150/results/runs/qwen25_7b_8bit_validation200_v4_test150.jsonl,342,21
Qwen2.5-7B 8-bit,Qwen/Qwen2.5-7B-Instruct,bangla,Bangla,banglamath,short_answer,short_answer,banglamath_0541,৪৪৪ বর্গমিটার,False,420,False,False,False,3,3,1,False,False,results/runs/qwen25_7b_8bit_validation200_v4_test150/results/runs/qwen25_7b_8bit_validation200_v4_test150.jsonl,331,420
Qwen2.5-7B 8-bit,Qwen/Qwen2.5-7B-Instruct,banglish_clean,Reviewed Banglish,banglamath,short_answer,short_answer,banglamath_0541,৪৪৪ বর্গমিটার,False,40,False,False,False,2,2,1,False,False,results/runs/qwen25_7b_8bit_validation200_v5_banglish_pinned/results/runs/qwen2_5_7b_8bit_validation200_v5_banglish_pinned.jsonl,16,40
Qwen2.5-7B 8-bit,Qwen/Qwen2.5-7B-Instruct,english,English,banglamath,short_answer,short_answer,banglamath_0541,৪৪৪ বর্গমিটার,False,246,False,False,False,3,3,1,False,False,results/runs/qwen25_7b_8bit_validation200_v4_test150/results/runs/qwen25_7b_8bit_validation200_v4_test150.jsonl,333,246
Qwen2.5-7B 8-bit,Qwen/Qwen2.5-7B-Instruct,bangla,Bangla,banglamath,short_answer,short_answer,banglamath_0542,৩৪০০ টাকা,False,2640,False,False,False,4,4,1,False,False,results/runs/qwen25_7b_8bit_validation200_v4_test150/results/runs/qwen25_7b_8bit_validation200_v4_test150.jsonl,181,2640
Qwen2.5-7B 8-bit,Qwen/Qwen2.5-7B-Instruct,banglish_clean,Reviewed Banglish,banglamath,short_answer,short_answer,banglamath_0542,৩৪০০ টাকা,False,3,False,False,False,1,1,1,False,False,results/runs/qwen25_7b_8bit_validation200_v5_banglish_pinned/results/runs/qwen2_5_7b_8bit_validation200_v5_banglish_pinned.jsonl,45,3
Qwen2.5-7B 8-bit,Qwen/Qwen2.5-7B-Instruct,english,English,banglamath,short_answer,short_answer,banglamath_0542,৩৪০০ টাকা,False,3800,False,False,False,4,4,1,False,False,results/runs/qwen25_7b_8bit_validation200_v4_test150/results/runs/qwen25_7b_8bit_validation200_v4_test150.jsonl,183,3800
Qwen2.5-7B 8-bit,Qwen/Qwen2.5-7B-Instruct,bangla,Bangla,banglamath,short_answer,short_answer,banglamath_0549,৪৫০ বর্গমিটার,False,32.5,False,False,False,4,4,1,False,False,results/runs/qwen25_7b_8bit_validation200_v4_test150/results/runs/qwen25_7b_8bit_validation200_v4_test150.jsonl,352,32.5
Qwen2.5-7B 8-bit,Qwen/Qwen2.5-7B-Instruct,banglish_clean,Reviewed Banglish,banglamath,short_answer,short_answer,banglamath_0549,৪৫০ বর্গমিটার,False,45,False,False,False,2,2,1,False,False,results/runs/qwen25_7b_8bit_validation200_v5_banglish_pinned/results/runs/qwen2_5_7b_8bit_validation200_v5_banglish_pinned.jsonl,140,45
Qwen2.5-7B 8-bit,Qwen/Qwen2.5-7B-Instruct,english,English,banglamath,short_answer,short_answer,banglamath_0549,৪৫০ বর্গমিটার,False,172.5,False,False,False,5,5,1,False,False,results/runs/qwen25_7b_8bit_validation200_v4_test150/results/runs/qwen25_7b_8bit_validation200_v4_test150.jsonl,354,172.5
Qwen2.5-7B 8-bit,Qwen/Qwen2.5-7B-Instruct,bangla,Bangla,banglamath,short_answer,short_answer,banglamath_0550,২২৫৬.২৫ বর্গমিটার,False,36100 বর্গমিটার,False,False,False,15,15,1,False,False,results/runs/qwen25_7b_8bit_validation200_v4_test150/results/runs/qwen25_7b_8bit_validation200_v4_test150.jsonl,325,36100 বর্গমিটার
Qwen2.5-7B 8-bit,Qwen/Qwen2.5-7B-Instruct,banglish_clean,Reviewed Banglish,banglamath,short_answer,short_answer,banglamath_0550,২২৫৬.২৫ বর্গমিটার,False,3,False,False,False,1,1,1,False,False,results/runs/qwen25_7b_8bit_validation200_v5_banglish_pinned/results/runs/qwen2_5_7b_8bit_validation200_v5_banglish_pinned.jsonl,64,3
Qwen2.5-7B 8-bit,Qwen/Qwen2.5-7B-Instruct,english,English,banglamath,short_answer,short_answer,banglamath_0550,২২৫৬.২৫ বর্গমিটার,False,612.5,False,False,False,5,5,1,False,False,results/runs/qwen25_7b_8bit_validation200_v4_test150/results/runs/qwen25_7b_8bit_validation200_v4_test150.jsonl,327,612.5
Qwen2.5-7B 8-bit,Qwen/Qwen2.5-7B-Instruct,bangla,Bangla,banglamath,short_answer,short_answer,banglamath_0552,৪৫০০ বর্গগজ,False,13500 বর্গগজ,False,False,False,12,12,1,False,False,results/runs/qwen25_7b_8bit_validation200_v4_test150/results/runs/qwen25_7b_8bit_validation200_v4_test150.jsonl,409,13500 বর্গগজ
Qwen2.5-7B 8-bit,Qwen/Qwen2.5-7B-Instruct,banglish_clean,Reviewed Banglish,banglamath,short_answer,short_answer,banglamath_0552,৪৫০০ বর্গগজ,False,22500,False,False,False,5,5,1,False,False,results/runs/qwen25_7b_8bit_validation200_v5_banglish_pinned/results/runs/qwen2_5_7b_8bit_validation200_v5_banglish_pinned.jsonl,131,22500
Qwen2.5-7B 8-bit,Qwen/Qwen2.5-7B-Instruct,english,English,banglamath,short_answer,short_answer,banglamath_0552,৪৫০০ বর্গগজ,False,4500,False,False,False,4,4,1,False,False,results/runs/qwen25_7b_8bit_validation200_v4_test150/results/runs/qwen25_7b_8bit_validation200_v4_test150.jsonl,411,4500
Qwen2.5-7B 8-bit,Qwen/Qwen2.5-7B-Instruct,bangla,Bangla,banglamath,short_answer,short_answer,banglamath_0553,১১২৫টি,False,1125,False,False,False,4,4,1,False,False,results/runs/qwen25_7b_8bit_validation200_v4_test150/results/runs/qwen25_7b_8bit_validation200_v4_test150.jsonl,283,1125
Qwen2.5-7B 8-bit,Qwen/Qwen2.5-7B-Instruct,banglish_clean,Reviewed Banglish,banglamath,short_answer,short_answer,banglamath_0553,১১২৫টি,False,2025,False,False,False,4,4,1,False,False,results/runs/qwen25_7b_8bit_validation200_v5_banglish_pinned/results/runs/qwen2_5_7b_8bit_validation200_v5_banglish_pinned.jsonl,84,2025
Qwen2.5-7B 8-bit,Qwen/Qwen2.5-7B-Instruct,english,English,banglamath,short_answer,short_answer,banglamath_0553,১১২৫টি,False,1125,False,False,False,4,4,1,False,False,results/runs/qwen25_7b_8bit_validation200_v4_test150/results/runs/qwen25_7b_8bit_validation200_v4_test150.jsonl,285,1125
Qwen2.5-7B 8-bit,Qwen/Qwen2.5-7B-Instruct,bangla,Bangla,banglamath,short_answer,short_answer,banglamath_0557,৯৩০ টাকা,True,120 * 31/4 = 930 টাকা,False,False,False,21,21,1,False,False,results/runs/qwen25_7b_8bit_validation200_v4_test150/results/runs/qwen25_7b_8bit_validation200_v4_test150.jsonl,43,120 * 31/4 = 930 টাকা
Qwen2.5-7B 8-bit,Qwen/Qwen2.5-7B-Instruct,banglish_clean,Reviewed Banglish,banglamath,short_answer,short_answer,banglamath_0557,৯৩০ টাকা,False,38,False,False,False,2,2,1,False,False,results/runs/qwen25_7b_8bit_validation200_v5_banglish_pinned/results/runs/qwen2_5_7b_8bit_validation200_v5_banglish_pinned.jsonl,19,38
Qwen2.5-7B 8-bit,Qwen/Qwen2.5-7B-Instruct,english,English,banglamath,short_answer,short_answer,banglamath_0557,৯৩০ টাকা,False,106.25,False,False,False,6,6,1,False,False,results/runs/qwen25_7b_8bit_validation200_v4_test150/results/runs/qwen25_7b_8bit_validation200_v4_test150.jsonl,45,106.25
Qwen2.5-7B 8-bit,Qwen/Qwen2.5-7B-Instruct,bangla,Bangla,banglamath,short_answer,short_answer,banglamath_0558,২০ মিটার,False,20,False,False,False,2,2,1,False,False,results/runs/qwen25_7b_8bit_validation200_v4_test150/results/runs/qwen25_7b_8bit_validation200_v4_test150.jsonl,421,20
Qwen2.5-7B 8-bit,Qwen/Qwen2.5-7B-Instruct,banglish_clean,Reviewed Banglish,banglamath,short_answer,short_answer,banglamath_0558,২০ মিটার,False,20,False,False,False,2,2,1,False,False,results/runs/qwen25_7b_8bit_validation200_v5_banglish_pinned/results/runs/qwen2_5_7b_8bit_validation200_v5_banglish_pinned.jsonl,198,20
Qwen2.5-7B 8-bit,Qwen/Qwen2.5-7B-Instruct,english,English,banglamath,short_answer,short_answer,banglamath_0558,২০ মিটার,False,20 meters,False,False,False,9,9,1,False,False,results/runs/qwen25_7b_8bit_validation200_v4_test150/results/runs/qwen25_7b_8bit_validation200_v4_test150.jsonl,423,20 meters
Qwen2.5-7B 8-bit,Qwen/Qwen2.5-7B-Instruct,bangla,Bangla,banglamath,short_answer,short_answer,banglamath_0559,১৬০০ বর্গমিটার,False,6400 বর্গমিটার,False,False,False,14,14,1,False,False,results/runs/qwen25_7b_8bit_validation200_v4_test150/results/runs/qwen25_7b_8bit_validation200_v4_test150.jsonl,157,6400 বর্গমিটার
Qwen2.5-7B 8-bit,Qwen/Qwen2.5-7B-Instruct,banglish_clean,Reviewed Banglish,banglamath,short_answer,short_answer,banglamath_0559,১৬০০ বর্গমিটার,False,10,False,False,False,2,2,1,False,False,results/runs/qwen25_7b_8bit_validation200_v5_banglish_pinned/results/runs/qwen2_5_7b_8bit_validation200_v5_banglish_pinned.jsonl,191,10
Qwen2.5-7B 8-bit,Qwen/Qwen2.5-7B-Instruct,english,English,banglamath,short_answer,short_answer,banglamath_0559,১৬০০ বর্গমিটার,False,800 square meters,False,False,False,17,17,1,False,False,results/runs/qwen25_7b_8bit_validation200_v4_test150/results/runs/qwen25_7b_8bit_validation200_v4_test150.jsonl,159,800 square meters
Qwen2.5-7B 8-bit,Qwen/Qwen2.5-7B-Instruct,bangla,Bangla,banglamath,short_answer,short_answer,banglamath_1684,"১২, ১২, ৩ বছর",False,13,False,False,False,2,2,1,False,False,results/runs/qwen25_7b_8bit_validation200_v4_test150/results/runs/qwen25_7b_8bit_validation200_v4_test150.jsonl,274,13
Qwen2.5-7B 8-bit,Qwen/Qwen2.5-7B-Instruct,banglish_clean,Reviewed Banglish,banglamath,short_answer,short_answer,banglamath_1684,"১২, ১২, ৩ বছর",False,20,False,False,False,2,2,1,False,False,results/runs/qwen25_7b_8bit_validation200_v5_banglish_pinned/results/runs/qwen2_5_7b_8bit_validation200_v5_banglish_pinned.jsonl,173,20
Qwen2.5-7B 8-bit,Qwen/Qwen2.5-7B-Instruct,english,English,banglamath,short_answer,short_answer,banglamath_1684,"১২, ১২, ৩ বছর",False,"5, 5, 19",False,False,False,8,8,1,False,False,results/runs/qwen25_7b_8bit_validation200_v4_test150/results/runs/qwen25_7b_8bit_validation200_v4_test150.jsonl,276,"5, 5, 19"
Qwen2.5-7B 8-bit,Qwen/Qwen2.5-7B-Instruct,bangla,Bangla,banglamath,short_answer,short_answer,banglamath_1685,দুইজনের বয়স সমান,False,জীবনের বয়স বেশি,False,False,False,16,16,1,False,False,results/runs/qwen25_7b_8bit_validation200_v4_dev50_v2/results/runs/qwen25_7b_8bit_validation200_v4_dev50.jsonl,127,জীবনের বয়স বেশি
Qwen2.5-7B 8-bit,Qwen/Qwen2.5-7B-Instruct,banglish_clean,Reviewed Banglish,banglamath,short_answer,short_answer,banglamath_1685,দুইজনের বয়স সমান,False,jibonorer,False,False,False,9,9,1,False,False,results/runs/qwen25_7b_8bit_validation200_v5_banglish_pinned/results/runs/qwen2_5_7b_8bit_validation200_v5_banglish_pinned.jsonl,53,jibonorer
Qwen2.5-7B 8-bit,Qwen/Qwen2.5-7B-Instruct,english,English,banglamath,short_answer,short_answer,banglamath_1685,দুইজনের বয়স সমান,False,Jibon,False,False,False,5,5,1,False,False,results/runs/qwen25_7b_8bit_validation200_v4_dev50_v2/results/runs/qwen25_7b_8bit_validation200_v4_dev50.jsonl,129,Jibon
Qwen2.5-7B 8-bit,Qwen/Qwen2.5-7B-Instruct,bangla,Bangla,banglamath,short_answer,short_answer,banglamath_1686,প্রতেকে পাবে ৫/৬ আপেল।অর্থাৎ ১টি আপেলের অর্ধেক +১টি আপেলের ১/৩ ভাগ।,False,আপেলগুলোকে দু a4 খাটি কাটে দুই টুকরা হার্মন করে ৩ টুকরা হার্মন করতে হবে। তাহলে প্রতিটি বালককে এক টুকরা আপেল দিয়ে প্রাপ্�,False,False,False,121,121,1,False,True,results/runs/qwen25_7b_8bit_validation200_v4_test150/results/runs/qwen25_7b_8bit_validation200_v4_test150.jsonl,403,আপেলগুলোকে দু a4 খাটি কাটে দুই টুকরা হার্মন করে ৩ টুকরা হার্মন করতে হবে। তাহলে প্রতিটি বালককে এক টুকরা আপেল দিয়ে প্রাপ্�
Qwen2.5-7B 8-bit,Qwen/Qwen2.5-7B-Instruct,banglish_clean,Reviewed Banglish,banglamath,short_answer,short_answer,banglamath_1686,প্রতেকে পাবে ৫/৬ আপেল।অর্থাৎ ১টি আপেলের অর্ধেক +১টি আপেলের ১/৩ ভাগ।,False,3,False,False,False,1,1,1,False,False,results/runs/qwen25_7b_8bit_validation200_v5_banglish_pinned/results/runs/qwen2_5_7b_8bit_validation200_v5_banglish_pinned.jsonl,152,3
Qwen2.5-7B 8-bit,Qwen/Qwen2.5-7B-Instruct,english,English,banglamath,short_answer,short_answer,banglamath_1686,প্রতেকে পাবে ৫/৬ আপেল।অর্থাৎ ১টি আপেলের অর্ধেক +১টি আপেলের ১/৩ ভাগ।,False,Each boy gets 2 and 1/3 pieces of apple.,False,False,False,40,40,1,False,False,results/runs/qwen25_7b_8bit_validation200_v4_test150/results/runs/qwen25_7b_8bit_validation200_v4_test150.jsonl,405,Each boy gets 2 and 1/3 pieces of apple.
Qwen2.5-7B 8-bit,Qwen/Qwen2.5-7B-Instruct,bangla,Bangla,banglamath,short_answer,short_answer,banglamath_1687,"কাঠালের ওজন ৩ কিলোগ্রাম , তরমুজের ওজন ৪ কিলোগ্রাম",False,3,False,False,False,1,1,1,False,False,results/runs/qwen25_7b_8bit_validation200_v4_test150/results/runs/qwen25_7b_8bit_validation200_v4_test150.jsonl,355,3
Qwen2.5-7B 8-bit,Qwen/Qwen2.5-7B-Instruct,banglish_clean,Reviewed Banglish,banglamath,short_answer,short_answer,banglamath_1687,"কাঠালের ওজন ৩ কিলোগ্রাম , তরমুজের ওজন ৪ কিলোগ্রাম",False,30.5 kilograms,False,False,False,14,14,1,False,False,results/runs/qwen25_7b_8bit_validation200_v5_banglish_pinned/results/runs/qwen2_5_7b_8bit_validation200_v5_banglish_pinned.jsonl,109,30.5 kilograms
Qwen2.5-7B 8-bit,Qwen/Qwen2.5-7B-Instruct,english,English,banglamath,short_answer,short_answer,banglamath_1687,"কাঠালের ওজন ৩ কিলোগ্রাম , তরমুজের ওজন ৪ কিলোগ্রাম",False,3 kg,False,False,False,4,4,1,False,False,results/runs/qwen25_7b_8bit_validation200_v4_test150/results/runs/qwen25_7b_8bit_validation200_v4_test150.jsonl,357,3 kg
Qwen2.5-7B 8-bit,Qwen/Qwen2.5-7B-Instruct,bangla,Bangla,banglamath,short_answer,short_answer,banglamath_1688,"বাবুর্চী কাটে ৭০ মিনিটে ২১০টি পেঁয়াজ, সহকারী কাটে ১৯০টি পেঁয়াজ ৯৫ মিনিটে",False,"বাবুর্চি 150টি পেঁয়াজ কাটেছিল, তার সহকর্মী 250টি পেঁয়াজ কাটেছিল। বাবুর্চি 75 মিনিট কাজ করেছিল, তার সহকর্মী 100 মিনিট ক",False,False,False,120,120,1,False,False,results/runs/qwen25_7b_8bit_validation200_v4_test150/results/runs/qwen25_7b_8bit_validation200_v4_test150.jsonl,163,"বাবুর্চি 150টি পেঁয়াজ কাটেছিল, তার সহকর্মী 250টি পেঁয়াজ কাটেছিল। বাবুর্চি 75 মিনিট কাজ করেছিল, তার সহকর্মী 100 মিনিট ক"
Qwen2.5-7B 8-bit,Qwen/Qwen2.5-7B-Instruct,banglish_clean,Reviewed Banglish,banglamath,short_answer,short_answer,banglamath_1688,"বাবুর্চী কাটে ৭০ মিনিটে ২১০টি পেঁয়াজ, সহকারী কাটে ১৯০টি পেঁয়াজ ৯৫ মিনিটে",False,1750,False,False,False,4,4,1,False,False,results/runs/qwen25_7b_8bit_validation200_v5_banglish_pinned/results/runs/qwen2_5_7b_8bit_validation200_v5_banglish_pinned.jsonl,49,1750
Qwen2.5-7B 8-bit,Qwen/Qwen2.5-7B-Instruct,english,English,banglamath,short_answer,short_answer,banglamath_1688,"বাবুর্চী কাটে ৭০ মিনিটে ২১০টি পেঁয়াজ, সহকারী কাটে ১৯০টি পেঁয়াজ ৯৫ মিনিটে",False,"Chef: 125 onions, Assistant: 275 onions, Chef worked 50 minutes, Assistant worked 75 minutes",False,False,False,92,92,1,False,False,results/runs/qwen25_7b_8bit_validation200_v4_test150/results/runs/qwen25_7b_8bit_validation200_v4_test150.jsonl,165,"Chef: 125 onions, Assistant: 275 onions, Chef worked 50 minutes, Assistant worked 75 minutes"
Qwen2.5-7B 8-bit,Qwen/Qwen2.5-7B-Instruct,bangla,Bangla,banglamath,short_answer,short_answer,banglamath_1690,"সেন্টুর ছিল ১০টি, মিন্টুর ছিল ১৪টি খেলনা গাড়ি",False,4,False,False,False,1,1,1,False,False,results/runs/qwen25_7b_8bit_validation200_v4_dev50_v2/results/runs/qwen25_7b_8bit_validation200_v4_dev50.jsonl,67,4
Qwen2.5-7B 8-bit,Qwen/Qwen2.5-7B-Instruct,banglish_clean,Reviewed Banglish,banglamath,short_answer,short_answer,banglamath_1690,"সেন্টুর ছিল ১০টি, মিন্টুর ছিল ১৪টি খেলনা গাড়ি",False,4,False,False,False,1,1,1,False,False,results/runs/qwen25_7b_8bit_validation200_v5_banglish_pinned/results/runs/qwen2_5_7b_8bit_validation200_v5_banglish_pinned.jsonl,107,4
Qwen2.5-7B 8-bit,Qwen/Qwen2.5-7B-Instruct,english,English,banglamath,short_answer,short_answer,banglamath_1690,"সেন্টুর ছিল ১০টি, মিন্টুর ছিল ১৪টি খেলনা গাড়ি",False,Mintu initially had 4 cars and Sentu initially had 3 cars.,False,False,False,58,58,1,False,False,results/runs/qwen25_7b_8bit_validation200_v4_dev50_v2/results/runs/qwen25_7b_8bit_validation200_v4_dev50.jsonl,69,Mintu initially had 4 cars and Sentu initially had 3 cars.
Qwen2.5-7B 8-bit,Qwen/Qwen2.5-7B-Instruct,bangla,Bangla,banglamath,short_answer,short_answer,banglamath_1691,প্রথমে ৩ লিটারের পাত্রে ৩ লিটার দুধ নিয়ে তা ৫ লিটারের পাত্রে ঢালতে হবে। এবারও একইভাবে আবারও ৩ লিটার দুধ নিয়ে ৫ লিটারের পাত্রে আছে আরো ঢালতে হবে যতক্ষণ না ৫ লিটারের পাত্রটি পূর্ণ হয়। পাত্রটি পূর্ণ হওয়ার পর যে অবশিষ্ট দুধ ৩ লিটারের পাত্রে থেকে যাবে তার পরিমাণ ১ লিটার।,False,2. ৩ লিটারের পাত্রে,False,False,False,117,19,2,True,False,results/runs/qwen25_7b_8bit_validation200_v4_test150/results/runs/qwen25_7b_8bit_validation200_v4_test150.jsonl,436,1. প্রথমে ৩ লিটারের পাত্রে ৩ লিটার দুধ নিয়ে আসি এবং ১০ লিটার দুধের কলসিতে বাকি ৭ লিটার দুধ থাকে। 2. ৩ লিটারের পাত্রে
Qwen2.5-7B 8-bit,Qwen/Qwen2.5-7B-Instruct,banglish_clean,Reviewed Banglish,banglamath,short_answer,short_answer,banglamath_1691,প্রথমে ৩ লিটারের পাত্রে ৩ লিটার দুধ নিয়ে তা ৫ লিটারের পাত্রে ঢালতে হবে। এবারও একইভাবে আবারও ৩ লিটার দুধ নিয়ে ৫ লিটারের পাত্রে আছে আরো ঢালতে হবে যতক্ষণ না ৫ লিটারের পাত্রটি পূর্ণ হয়। পাত্রটি পূর্ণ হওয়ার পর যে অবশিষ্ট দুধ ৩ লিটারের পাত্রে থেকে যাবে তার পরিমাণ ১ লিটার।,False,shudhu ta diye kibhabe kretake 1 litar dudh deya sombhob.,False,False,False,57,57,1,False,False,results/runs/qwen25_7b_8bit_validation200_v5_banglish_pinned/results/runs/qwen2_5_7b_8bit_validation200_v5_banglish_pinned.jsonl,193,shudhu ta diye kibhabe kretake 1 litar dudh deya sombhob.
Qwen2.5-7B 8-bit,Qwen/Qwen2.5-7B-Instruct,english,English,banglamath,short_answer,short_answer,banglamath_1691,প্রথমে ৩ লিটারের পাত্রে ৩ লিটার দুধ নিয়ে তা ৫ লিটারের পাত্রে ঢালতে হবে। এবারও একইভাবে আবারও ৩ লিটার দুধ নিয়ে ৫ লিটারের পাত্রে আছে আরো ঢালতে হবে যতক্ষণ না ৫ লিটারের পাত্রটি পূর্ণ হয়। পাত্রটি পূর্ণ হওয়ার পর যে অবশিষ্ট দুধ ৩ লিটারের পাত্রে থেকে যাবে তার পরিমাণ ১ লিটার।,False,"Fill the 5-liter container and pour it into the 3-liter container until full, leaving 2 liters in the 5-liter container. Empty the 3-liter container, then pour the 2 liters from the 5-liter container into the 3-liter container. Fill the 5-liter container again, then use it to fill the 3-liter container until full, which will leave exactly 1 liter in the 5-liter container.",False,False,False,374,374,1,False,True,results/runs/qwen25_7b_8bit_validation200_v4_test150/results/runs/qwen25_7b_8bit_validation200_v4_test150.jsonl,438,"Fill the 5-liter container and pour it into the 3-liter container until full, leaving 2 liters in the 5-liter container. Empty the 3-liter container, then po..."
Qwen2.5-7B 8-bit,Qwen/Qwen2.5-7B-Instruct,bangla,Bangla,banglamath,short_answer,short_answer,banglamath_1692,"১জন পুরুষ, ৫ জন মহিলা এবং ১৪ জন শিশু",False,"4 পুরুষ, 8 মহিলা, 8 শিশু",False,False,False,24,24,1,False,False,results/runs/qwen25_7b_8bit_validation200_v4_test150/results/runs/qwen25_7b_8bit_validation200_v4_test150.jsonl,361,"4 পুরুষ, 8 মহিলা, 8 শিশু"
Qwen2.5-7B 8-bit,Qwen/Qwen2.5-7B-Instruct,banglish_clean,Reviewed Banglish,banglamath,short_answer,short_answer,banglamath_1692,"১জন পুরুষ, ৫ জন মহিলা এবং ১৪ জন শিশু",False,500,False,False,False,3,3,1,False,False,results/runs/qwen25_7b_8bit_validation200_v5_banglish_pinned/results/runs/qwen2_5_7b_8bit_validation200_v5_banglish_pinned.jsonl,54,500
Qwen2.5-7B 8-bit,Qwen/Qwen2.5-7B-Instruct,english,English,banglamath,short_answer,short_answer,banglamath_1692,"১জন পুরুষ, ৫ জন মহিলা এবং ১৪ জন শিশু",False,"5, 4, 11",False,False,False,8,8,1,False,False,results/runs/qwen25_7b_8bit_validation200_v4_test150/results/runs/qwen25_7b_8bit_validation200_v4_test150.jsonl,363,"5, 4, 11"
Qwen2.5-7B 8-bit,Qwen/Qwen2.5-7B-Instruct,bangla,Bangla,banglamath,short_answer,short_answer,banglamath_1693,24,False,20,False,False,False,2,2,1,False,False,results/runs/qwen25_7b_8bit_validation200_v4_dev50_v2/results/runs/qwen25_7b_8bit_validation200_v4_dev50.jsonl,97,20
Qwen2.5-7B 8-bit,Qwen/Qwen2.5-7B-Instruct,banglish_clean,Reviewed Banglish,banglamath,short_answer,short_answer,banglamath_1693,24,False,28,False,False,False,2,2,1,False,False,results/runs/qwen25_7b_8bit_validation200_v5_banglish_pinned/results/runs/qwen2_5_7b_8bit_validation200_v5_banglish_pinned.jsonl,37,28
Qwen2.5-7B 8-bit,Qwen/Qwen2.5-7B-Instruct,english,English,banglamath,short_answer,short_answer,banglamath_1693,24,False,60,False,False,False,2,2,1,False,False,results/runs/qwen25_7b_8bit_validation200_v4_dev50_v2/results/runs/qwen25_7b_8bit_validation200_v4_dev50.jsonl,99,60
Qwen2.5-7B 8-bit,Qwen/Qwen2.5-7B-Instruct,bangla,Bangla,banglamath,short_answer,short_answer,banglamath_1694,১ মিনিট,False,10iseconds,False,False,False,10,10,1,False,False,results/runs/qwen25_7b_8bit_validation200_v4_dev50_v2/results/runs/qwen25_7b_8bit_validation200_v4_dev50.jsonl,4,10iseconds
Qwen2.5-7B 8-bit,Qwen/Qwen2.5-7B-Instruct,banglish_clean,Reviewed Banglish,banglamath,short_answer,short_answer,banglamath_1694,১ মিনিট,False,200,False,False,False,3,3,1,False,False,results/runs/qwen25_7b_8bit_validation200_v5_banglish_pinned/results/runs/qwen2_5_7b_8bit_validation200_v5_banglish_pinned.jsonl,81,200
Qwen2.5-7B 8-bit,Qwen/Qwen2.5-7B-Instruct,english,English,banglamath,short_answer,short_answer,banglamath_1694,১ মিনিট,False,100(seconds),False,False,False,12,12,1,False,False,results/runs/qwen25_7b_8bit_validation200_v4_dev50_v2/results/runs/qwen25_7b_8bit_validation200_v4_dev50.jsonl,6,100(seconds)
Qwen2.5-7B 8-bit,Qwen/Qwen2.5-7B-Instruct,bangla,Bangla,banglamath,short_answer,short_answer,banglamath_1695,"নারিকেল গাছ 60টি, আম গাছ ৪৫টি, বট গাছ ৩৬টি, ফুলের গাছ ৩৯টি",False,130,False,False,False,3,3,1,False,False,results/runs/qwen25_7b_8bit_validation200_v4_dev50_v2/results/runs/qwen25_7b_8bit_validation200_v4_dev50.jsonl,40,130
Qwen2.5-7B 8-bit,Qwen/Qwen2.5-7B-Instruct,banglish_clean,Reviewed Banglish,banglamath,short_answer,short_answer,banglamath_1695,"নারিকেল গাছ 60টি, আম গাছ ৪৫টি, বট গাছ ৩৬টি, ফুলের গাছ ৩৯টি",False,200 kototi royechhe ebong 37 mot gachh koyoti.,False,False,False,46,46,1,False,False,results/runs/qwen25_7b_8bit_validation200_v5_banglish_pinned/results/runs/qwen2_5_7b_8bit_validation200_v5_banglish_pinned.jsonl,199,200 kototi royechhe ebong 37 mot gachh koyoti.
Qwen2.5-7B 8-bit,Qwen/Qwen2.5-7B-Instruct,english,English,banglamath,short_answer,short_answer,banglamath_1695,"নারিকেল গাছ 60টি, আম গাছ ৪৫টি, বট গাছ ৩৬টি, ফুলের গাছ ৩৯টি",False,Flower trees = 39,False,False,False,89,17,5,True,False,results/runs/qwen25_7b_8bit_validation200_v4_dev50_v2/results/runs/qwen25_7b_8bit_validation200_v4_dev50.jsonl,42,Total trees = 195 Coconut trees = 65 Mango trees = 49 Banyan trees = 39 Flower trees = 39
Qwen2.5-7B 8-bit,Qwen/Qwen2.5-7B-Instruct,bangla,Bangla,banglamath,short_answer,short_answer,banglamath_1696,০.১৮ লিটার অথবা ১.৮ লিটার,False,0.925ltr,False,False,False,8,8,1,False,False,results/runs/qwen25_7b_8bit_validation200_v4_test150/results/runs/qwen25_7b_8bit_validation200_v4_test150.jsonl,328,0.925ltr
Qwen2.5-7B 8-bit,Qwen/Qwen2.5-7B-Instruct,banglish_clean,Reviewed Banglish,banglamath,short_answer,short_answer,banglamath_1696,০.১৮ লিটার অথবা ১.৮ লিটার,False,200 liters,False,False,False,10,10,1,False,False,results/runs/qwen25_7b_8bit_validation200_v5_banglish_pinned/results/runs/qwen2_5_7b_8bit_validation200_v5_banglish_pinned.jsonl,160,200 liters
Qwen2.5-7B 8-bit,Qwen/Qwen2.5-7B-Instruct,english,English,banglamath,short_answer,short_answer,banglamath_1696,০.১৮ লিটার অথবা ১.৮ লিটার,False,200 liters,False,False,False,10,10,1,False,False,results/runs/qwen25_7b_8bit_validation200_v4_test150/results/runs/qwen25_7b_8bit_validation200_v4_test150.jsonl,330,200 liters
Qwen2.5-7B 8-bit,Qwen/Qwen2.5-7B-Instruct,bangla,Bangla,banglamath,short_answer,short_answer,banglamath_1697,70,False,25,False,False,False,2,2,1,False,False,results/runs/qwen25_7b_8bit_validation200_v4_test150/results/runs/qwen25_7b_8bit_validation200_v4_test150.jsonl,367,25
Qwen2.5-7B 8-bit,Qwen/Qwen2.5-7B-Instruct,banglish_clean,Reviewed Banglish,banglamath,short_answer,short_answer,banglamath_1697,70,False,50,False,False,False,2,2,1,False,False,results/runs/qwen25_7b_8bit_validation200_v5_banglish_pinned/results/runs/qwen2_5_7b_8bit_validation200_v5_banglish_pinned.jsonl,185,50
Qwen2.5-7B 8-bit,Qwen/Qwen2.5-7B-Instruct,english,English,banglamath,short_answer,short_answer,banglamath_1697,70,True,70,False,False,False,2,2,1,False,False,results/runs/qwen25_7b_8bit_validation200_v4_test150/results/runs/qwen25_7b_8bit_validation200_v4_test150.jsonl,369,70
Qwen2.5-7B 8-bit,Qwen/Qwen2.5-7B-Instruct,bangla,Bangla,banglamath,short_answer,short_answer,banglamath_1698,১৩ টা,False,8,False,False,False,1,1,1,False,False,results/runs/qwen25_7b_8bit_validation200_v4_test150/results/runs/qwen25_7b_8bit_validation200_v4_test150.jsonl,106,8
Qwen2.5-7B 8-bit,Qwen/Qwen2.5-7B-Instruct,banglish_clean,Reviewed Banglish,banglamath,short_answer,short_answer,banglamath_1698,১৩ টা,False,6,False,False,False,1,1,1,False,False,results/runs/qwen25_7b_8bit_validation200_v5_banglish_pinned/results/runs/qwen2_5_7b_8bit_validation200_v5_banglish_pinned.jsonl,79,6
Qwen2.5-7B 8-bit,Qwen/Qwen2.5-7B-Instruct,english,English,banglamath,short_answer,short_answer,banglamath_1698,১৩ টা,False,10,False,False,False,2,2,1,False,False,results/runs/qwen25_7b_8bit_validation200_v4_test150/results/runs/qwen25_7b_8bit_validation200_v4_test150.jsonl,108,10
Qwen2.5-7B 8-bit,Qwen/Qwen2.5-7B-Instruct,bangla,Bangla,banglamath,short_answer,short_answer,banglamath_1699,132,False,36,False,False,False,2,2,1,False,False,results/runs/qwen25_7b_8bit_validation200_v4_test150/results/runs/qwen25_7b_8bit_validation200_v4_test150.jsonl,229,36
Qwen2.5-7B 8-bit,Qwen/Qwen2.5-7B-Instruct,banglish_clean,Reviewed Banglish,banglamath,short_answer,short_answer,banglamath_1699,132,False,193,False,False,False,3,3,1,False,False,results/runs/qwen25_7b_8bit_validation200_v5_banglish_pinned/results/runs/qwen2_5_7b_8bit_validation200_v5_banglish_pinned.jsonl,130,193
Qwen2.5-7B 8-bit,Qwen/Qwen2.5-7B-Instruct,english,English,banglamath,short_answer,short_answer,banglamath_1699,132,False,36,False,False,False,2,2,1,False,False,results/runs/qwen25_7b_8bit_validation200_v4_test150/results/runs/qwen25_7b_8bit_validation200_v4_test150.jsonl,231,36
Qwen2.5-7B 8-bit,Qwen/Qwen2.5-7B-Instruct,bangla,Bangla,banglamath,short_answer,short_answer,banglamath_1703,৩৬টি,False,54,False,False,False,2,2,1,False,False,results/runs/qwen25_7b_8bit_validation200_v4_test150/results/runs/qwen25_7b_8bit_validation200_v4_test150.jsonl,316,54
Qwen2.5-7B 8-bit,Qwen/Qwen2.5-7B-Instruct,banglish_clean,Reviewed Banglish,banglamath,short_answer,short_answer,banglamath_1703,৩৬টি,False,80,False,False,False,2,2,1,False,False,results/runs/qwen25_7b_8bit_validation200_v5_banglish_pinned/results/runs/qwen2_5_7b_8bit_validation200_v5_banglish_pinned.jsonl,144,80
Qwen2.5-7B 8-bit,Qwen/Qwen2.5-7B-Instruct,english,English,banglamath,short_answer,short_answer,banglamath_1703,৩৬টি,False,80,False,False,False,2,2,1,False,False,results/runs/qwen25_7b_8bit_validation200_v4_test150/results/runs/qwen25_7b_8bit_validation200_v4_test150.jsonl,318,80
Qwen2.5-7B 8-bit,Qwen/Qwen2.5-7B-Instruct,bangla,Bangla,benqa,mcq,choice,benqa_10th-Biology_0057,C,True,C,False,False,False,1,1,1,False,False,results/runs/qwen25_7b_8bit_validation200_v4_dev50_v2/results/runs/qwen25_7b_8bit_validation200_v4_dev50.jsonl,73,C
Qwen2.5-7B 8-bit,Qwen/Qwen2.5-7B-Instruct,banglish_clean,Reviewed Banglish,benqa,mcq,choice,benqa_10th-Biology_0057,C,True,C,False,False,False,1,1,1,False,False,results/runs/qwen25_7b_8bit_validation200_v5_banglish_pinned/results/runs/qwen2_5_7b_8bit_validation200_v5_banglish_pinned.jsonl,181,C
Qwen2.5-7B 8-bit,Qwen/Qwen2.5-7B-Instruct,english,English,benqa,mcq,choice,benqa_10th-Biology_0057,C,True,C,False,False,False,1,1,1,False,False,results/runs/qwen25_7b_8bit_validation200_v4_dev50_v2/results/runs/qwen25_7b_8bit_validation200_v4_dev50.jsonl,75,C
Qwen2.5-7B 8-bit,Qwen/Qwen2.5-7B-Instruct,bangla,Bangla,benqa,mcq,choice,benqa_10th-Biology_0090,C,True,C,False,False,False,1,1,1,False,False,results/runs/qwen25_7b_8bit_validation200_v4_test150/results/runs/qwen25_7b_8bit_validation200_v4_test150.jsonl,271,C
Qwen2.5-7B 8-bit,Qwen/Qwen2.5-7B-Instruct,banglish_clean,Reviewed Banglish,benqa,mcq,choice,benqa_10th-Biology_0090,C,True,C,False,False,False,1,1,1,False,False,results/runs/qwen25_7b_8bit_validation200_v5_banglish_pinned/results/runs/qwen2_5_7b_8bit_validation200_v5_banglish_pinned.jsonl,156,C
Qwen2.5-7B 8-bit,Qwen/Qwen2.5-7B-Instruct,english,English,benqa,mcq,choice,benqa_10th-Biology_0090,C,True,C,False,False,False,1,1,1,False,False,results/runs/qwen25_7b_8bit_validation200_v4_test150/results/runs/qwen25_7b_8bit_validation200_v4_test150.jsonl,273,C
Qwen2.5-7B 8-bit,Qwen/Qwen2.5-7B-Instruct,bangla,Bangla,benqa,mcq,choice,benqa_10th-Biology_0128,A,False,C,False,False,False,1,1,1,False,False,results/runs/qwen25_7b_8bit_validation200_v4_test150/results/runs/qwen25_7b_8bit_validation200_v4_test150.jsonl,160,C
Qwen2.5-7B 8-bit,Qwen/Qwen2.5-7B-Instruct,banglish_clean,Reviewed Banglish,benqa,mcq,choice,benqa_10th-Biology_0128,A,False,B,False,False,False,1,1,1,False,False,results/runs/qwen25_7b_8bit_validation200_v5_banglish_pinned/results/runs/qwen2_5_7b_8bit_validation200_v5_banglish_pinned.jsonl,136,B
Qwen2.5-7B 8-bit,Qwen/Qwen2.5-7B-Instruct,english,English,benqa,mcq,choice,benqa_10th-Biology_0128,A,True,A,False,False,False,1,1,1,False,False,results/runs/qwen25_7b_8bit_validation200_v4_test150/results/runs/qwen25_7b_8bit_validation200_v4_test150.jsonl,162,A
Qwen2.5-7B 8-bit,Qwen/Qwen2.5-7B-Instruct,bangla,Bangla,benqa,mcq,choice,benqa_10th-Biology_0143,C,True,C,False,False,False,1,1,1,False,False,results/runs/qwen25_7b_8bit_validation200_v4_dev50_v2/results/runs/qwen25_7b_8bit_validation200_v4_dev50.jsonl,145,C
Qwen2.5-7B 8-bit,Qwen/Qwen2.5-7B-Instruct,banglish_clean,Reviewed Banglish,benqa,mcq,choice,benqa_10th-Biology_0143,C,True,C,False,False,False,1,1,1,False,False,results/runs/qwen25_7b_8bit_validation200_v5_banglish_pinned/results/runs/qwen2_5_7b_8bit_validation200_v5_banglish_pinned.jsonl,94,C
Qwen2.5-7B 8-bit,Qwen/Qwen2.5-7B-Instruct,english,English,benqa,mcq,choice,benqa_10th-Biology_0143,C,False,B,False,False,False,1,1,1,False,False,results/runs/qwen25_7b_8bit_validation200_v4_dev50_v2/results/runs/qwen25_7b_8bit_validation200_v4_dev50.jsonl,147,B
Qwen2.5-7B 8-bit,Qwen/Qwen2.5-7B-Instruct,bangla,Bangla,benqa,mcq,choice,benqa_10th-Biology_0149,B,True,B,False,False,False,1,1,1,False,False,results/runs/qwen25_7b_8bit_validation200_v4_test150/results/runs/qwen25_7b_8bit_validation200_v4_test150.jsonl,13,B
Qwen2.5-7B 8-bit,Qwen/Qwen2.5-7B-Instruct,banglish_clean,Reviewed Banglish,benqa,mcq,choice,benqa_10th-Biology_0149,B,False,A,False,False,False,1,1,1,False,False,results/runs/qwen25_7b_8bit_validation200_v5_banglish_pinned/results/runs/qwen2_5_7b_8bit_validation200_v5_banglish_pinned.jsonl,147,A
Qwen2.5-7B 8-bit,Qwen/Qwen2.5-7B-Instruct,english,English,benqa,mcq,choice,benqa_10th-Biology_0149,B,True,B,False,False,False,1,1,1,False,False,results/runs/qwen25_7b_8bit_validation200_v4_test150/results/runs/qwen25_7b_8bit_validation200_v4_test150.jsonl,15,B
Qwen2.5-7B 8-bit,Qwen/Qwen2.5-7B-Instruct,bangla,Bangla,benqa,mcq,choice,benqa_10th-Biology_0156,C,False,B,False,False,False,1,1,1,False,False,results/runs/qwen25_7b_8bit_validation200_v4_test150/results/runs/qwen25_7b_8bit_validation200_v4_test150.jsonl,169,B
Qwen2.5-7B 8-bit,Qwen/Qwen2.5-7B-Instruct,banglish_clean,Reviewed Banglish,benqa,mcq,choice,benqa_10th-Biology_0156,C,True,C,False,False,False,1,1,1,False,False,results/runs/qwen25_7b_8bit_validation200_v5_banglish_pinned/results/runs/qwen2_5_7b_8bit_validation200_v5_banglish_pinned.jsonl,117,C
Qwen2.5-7B 8-bit,Qwen/Qwen2.5-7B-Instruct,english,English,benqa,mcq,choice,benqa_10th-Biology_0156,C,True,C,False,False,False,1,1,1,False,False,results/runs/qwen25_7b_8bit_validation200_v4_test150/results/runs/qwen25_7b_8bit_validation200_v4_test150.jsonl,171,C
Qwen2.5-7B 8-bit,Qwen/Qwen2.5-7B-Instruct,bangla,Bangla,benqa,mcq,choice,benqa_10th-Biology_0188,A,False,B,False,False,False,1,1,1,False,False,results/runs/qwen25_7b_8bit_validation200_v4_test150/results/runs/qwen25_7b_8bit_validation200_v4_test150.jsonl,16,B
Qwen2.5-7B 8-bit,Qwen/Qwen2.5-7B-Instruct,banglish_clean,Reviewed Banglish,benqa,mcq,choice,benqa_10th-Biology_0188,A,True,A,False,False,False,1,1,1,False,False,results/runs/qwen25_7b_8bit_validation200_v5_banglish_pinned/results/runs/qwen2_5_7b_8bit_validation200_v5_banglish_pinned.jsonl,151,A
Qwen2.5-7B 8-bit,Qwen/Qwen2.5-7B-Instruct,english,English,benqa,mcq,choice,benqa_10th-Biology_0188,A,True,A,False,False,False,1,1,1,False,False,results/runs/qwen25_7b_8bit_validation200_v4_test150/results/runs/qwen25_7b_8bit_validation200_v4_test150.jsonl,18,A
Qwen2.5-7B 8-bit,Qwen/Qwen2.5-7B-Instruct,bangla,Bangla,benqa,mcq,choice,benqa_10th-Biology_0197,D,False,A,False,False,False,1,1,1,False,False,results/runs/qwen25_7b_8bit_validation200_v4_dev50_v2/results/runs/qwen25_7b_8bit_validation200_v4_dev50.jsonl,61,A
Qwen2.5-7B 8-bit,Qwen/Qwen2.5-7B-Instruct,banglish_clean,Reviewed Banglish,benqa,mcq,choice,benqa_10th-Biology_0197,D,False,B,False,False,False,1,1,1,False,False,results/runs/qwen25_7b_8bit_validation200_v5_banglish_pinned/results/runs/qwen2_5_7b_8bit_validation200_v5_banglish_pinned.jsonl,67,B
Qwen2.5-7B 8-bit,Qwen/Qwen2.5-7B-Instruct,english,English,benqa,mcq,choice,benqa_10th-Biology_0197,D,False,A,False,False,False,1,1,1,False,False,results/runs/qwen25_7b_8bit_validation200_v4_dev50_v2/results/runs/qwen25_7b_8bit_validation200_v4_dev50.jsonl,63,A
Qwen2.5-7B 8-bit,Qwen/Qwen2.5-7B-Instruct,bangla,Bangla,benqa,mcq,choice,benqa_10th-Biology_0213,A,True,A,False,False,False,1,1,1,False,False,results/runs/qwen25_7b_8bit_validation200_v4_test150/results/runs/qwen25_7b_8bit_validation200_v4_test150.jsonl,376,A
Qwen2.5-7B 8-bit,Qwen/Qwen2.5-7B-Instruct,banglish_clean,Reviewed Banglish,benqa,mcq,choice,benqa_10th-Biology_0213,A,True,A,False,False,False,1,1,1,False,False,results/runs/qwen25_7b_8bit_validation200_v5_banglish_pinned/results/runs/qwen2_5_7b_8bit_validation200_v5_banglish_pinned.jsonl,120,A
Qwen2.5-7B 8-bit,Qwen/Qwen2.5-7B-Instruct,english,English,benqa,mcq,choice,benqa_10th-Biology_0213,A,True,A,False,False,False,1,1,1,False,False,results/runs/qwen25_7b_8bit_validation200_v4_test150/results/runs/qwen25_7b_8bit_validation200_v4_test150.jsonl,378,A
Qwen2.5-7B 8-bit,Qwen/Qwen2.5-7B-Instruct,bangla,Bangla,benqa,mcq,choice,benqa_10th-Biology_0215,B,False,C,False,False,False,1,1,1,False,False,results/runs/qwen25_7b_8bit_validation200_v4_test150/results/runs/qwen25_7b_8bit_validation200_v4_test150.jsonl,322,C
Qwen2.5-7B 8-bit,Qwen/Qwen2.5-7B-Instruct,banglish_clean,Reviewed Banglish,benqa,mcq,choice,benqa_10th-Biology_0215,B,False,D,False,False,False,1,1,1,False,False,results/runs/qwen25_7b_8bit_validation200_v5_banglish_pinned/results/runs/qwen2_5_7b_8bit_validation200_v5_banglish_pinned.jsonl,104,D
Qwen2.5-7B 8-bit,Qwen/Qwen2.5-7B-Instruct,english,English,benqa,mcq,choice,benqa_10th-Biology_0215,B,True,B,False,False,False,1,1,1,False,False,results/runs/qwen25_7b_8bit_validation200_v4_test150/results/runs/qwen25_7b_8bit_validation200_v4_test150.jsonl,324,B
Qwen2.5-7B 8-bit,Qwen/Qwen2.5-7B-Instruct,bangla,Bangla,benqa,mcq,choice,benqa_10th-Biology_0277,C,False,A,False,False,False,1,1,1,False,False,results/runs/qwen25_7b_8bit_validation200_v4_test150/results/runs/qwen25_7b_8bit_validation200_v4_test150.jsonl,142,A
Qwen2.5-7B 8-bit,Qwen/Qwen2.5-7B-Instruct,banglish_clean,Reviewed Banglish,benqa,mcq,choice,benqa_10th-Biology_0277,C,False,B,False,False,False,1,1,1,False,False,results/runs/qwen25_7b_8bit_validation200_v5_banglish_pinned/results/runs/qwen2_5_7b_8bit_validation200_v5_banglish_pinned.jsonl,41,B
Qwen2.5-7B 8-bit,Qwen/Qwen2.5-7B-Instruct,english,English,benqa,mcq,choice,benqa_10th-Biology_0277,C,False,A,False,False,False,1,1,1,False,False,results/runs/qwen25_7b_8bit_validation200_v4_test150/results/runs/qwen25_7b_8bit_validation200_v4_test150.jsonl,144,A
Qwen2.5-7B 8-bit,Qwen/Qwen2.5-7B-Instruct,bangla,Bangla,benqa,mcq,choice,benqa_10th-Biology_0339,D,False,B,False,False,False,1,1,1,False,False,results/runs/qwen25_7b_8bit_validation200_v4_test150/results/runs/qwen25_7b_8bit_validation200_v4_test150.jsonl,286,B
Qwen2.5-7B 8-bit,Qwen/Qwen2.5-7B-Instruct,banglish_clean,Reviewed Banglish,benqa,mcq,choice,benqa_10th-Biology_0339,D,False,B,False,False,False,1,1,1,False,False,results/runs/qwen25_7b_8bit_validation200_v5_banglish_pinned/results/runs/qwen2_5_7b_8bit_validation200_v5_banglish_pinned.jsonl,31,B
Qwen2.5-7B 8-bit,Qwen/Qwen2.5-7B-Instruct,english,English,benqa,mcq,choice,benqa_10th-Biology_0339,D,True,D,False,False,False,1,1,1,False,False,results/runs/qwen25_7b_8bit_validation200_v4_test150/results/runs/qwen25_7b_8bit_validation200_v4_test150.jsonl,288,D
Qwen2.5-7B 8-bit,Qwen/Qwen2.5-7B-Instruct,bangla,Bangla,benqa,mcq,choice,benqa_10th-Chemistry_0041,D,False,C,False,False,False,1,1,1,False,False,results/runs/qwen25_7b_8bit_validation200_v4_test150/results/runs/qwen25_7b_8bit_validation200_v4_test150.jsonl,109,C
Qwen2.5-7B 8-bit,Qwen/Qwen2.5-7B-Instruct,banglish_clean,Reviewed Banglish,benqa,mcq,choice,benqa_10th-Chemistry_0041,D,False,A,False,False,False,1,1,1,False,False,results/runs/qwen25_7b_8bit_validation200_v5_banglish_pinned/results/runs/qwen2_5_7b_8bit_validation200_v5_banglish_pinned.jsonl,108,A
Qwen2.5-7B 8-bit,Qwen/Qwen2.5-7B-Instruct,english,English,benqa,mcq,choice,benqa_10th-Chemistry_0041,D,True,D,False,False,False,1,1,1,False,False,results/runs/qwen25_7b_8bit_validation200_v4_test150/results/runs/qwen25_7b_8bit_validation200_v4_test150.jsonl,111,D
Qwen2.5-7B 8-bit,Qwen/Qwen2.5-7B-Instruct,bangla,Bangla,benqa,mcq,choice,benqa_10th-Chemistry_0110,C,True,C,False,False,False,1,1,1,False,False,results/runs/qwen25_7b_8bit_validation200_v4_test150/results/runs/qwen25_7b_8bit_validation200_v4_test150.jsonl,424,C
Qwen2.5-7B 8-bit,Qwen/Qwen2.5-7B-Instruct,banglish_clean,Reviewed Banglish,benqa,mcq,choice,benqa_10th-Chemistry_0110,C,False,,True,True,True,312,0,1,False,True,results/runs/qwen25_7b_8bit_validation200_v5_banglish_pinned/results/runs/qwen2_5_7b_8bit_validation200_v5_banglish_pinned.jsonl,166,"None of the provided options (A, B, C, D) correctly answer the question ""chuner panir songket konti?"" which is asking about a Bengali proverb or saying. The ..."
Qwen2.5-7B 8-bit,Qwen/Qwen2.5-7B-Instruct,english,English,benqa,mcq,choice,benqa_10th-Chemistry_0110,C,True,C,False,False,False,1,1,1,False,False,results/runs/qwen25_7b_8bit_validation200_v4_test150/results/runs/qwen25_7b_8bit_validation200_v4_test150.jsonl,426,C
Qwen2.5-7B 8-bit,Qwen/Qwen2.5-7B-Instruct,bangla,Bangla,benqa,mcq,choice,benqa_10th-Chemistry_0111,D,False,B,False,False,False,1,1,1,False,False,results/runs/qwen25_7b_8bit_validation200_v4_test150/results/runs/qwen25_7b_8bit_validation200_v4_test150.jsonl,337,B
Qwen2.5-7B 8-bit,Qwen/Qwen2.5-7B-Instruct,banglish_clean,Reviewed Banglish,benqa,mcq,choice,benqa_10th-Chemistry_0111,D,False,C,False,False,False,1,1,1,False,False,results/runs/qwen25_7b_8bit_validation200_v5_banglish_pinned/results/runs/qwen2_5_7b_8bit_validation200_v5_banglish_pinned.jsonl,3,C
Qwen2.5-7B 8-bit,Qwen/Qwen2.5-7B-Instruct,english,English,benqa,mcq,choice,benqa_10th-Chemistry_0111,D,False,B,False,False,False,1,1,1,False,False,results/runs/qwen25_7b_8bit_validation200_v4_test150/results/runs/qwen25_7b_8bit_validation200_v4_test150.jsonl,339,B
Qwen2.5-7B 8-bit,Qwen/Qwen2.5-7B-Instruct,bangla,Bangla,benqa,mcq,choice,benqa_10th-Chemistry_0132,A,True,A,False,False,False,1,1,1,False,False,results/runs/qwen25_7b_8bit_validation200_v4_test150/results/runs/qwen25_7b_8bit_validation200_v4_test150.jsonl,28,A
Qwen2.5-7B 8-bit,Qwen/Qwen2.5-7B-Instruct,banglish_clean,Reviewed Banglish,benqa,mcq,choice,benqa_10th-Chemistry_0132,A,False,B,False,False,False,1,1,1,False,False,results/runs/qwen25_7b_8bit_validation200_v5_banglish_pinned/results/runs/qwen2_5_7b_8bit_validation200_v5_banglish_pinned.jsonl,178,B
Qwen2.5-7B 8-bit,Qwen/Qwen2.5-7B-Instruct,english,English,benqa,mcq,choice,benqa_10th-Chemistry_0132,A,True,A,False,False,False,1,1,1,False,False,results/runs/qwen25_7b_8bit_validation200_v4_test150/results/runs/qwen25_7b_8bit_validation200_v4_test150.jsonl,30,A
Qwen2.5-7B 8-bit,Qwen/Qwen2.5-7B-Instruct,bangla,Bangla,benqa,mcq,choice,benqa_10th-Chemistry_0191,A,False,B,False,False,False,1,1,1,False,False,results/runs/qwen25_7b_8bit_validation200_v4_test150/results/runs/qwen25_7b_8bit_validation200_v4_test150.jsonl,295,B
Qwen2.5-7B 8-bit,Qwen/Qwen2.5-7B-Instruct,banglish_clean,Reviewed Banglish,benqa,mcq,choice,benqa_10th-Chemistry_0191,A,False,C,False,False,False,1,1,1,False,False,results/runs/qwen25_7b_8bit_validation200_v5_banglish_pinned/results/runs/qwen2_5_7b_8bit_validation200_v5_banglish_pinned.jsonl,29,C
Qwen2.5-7B 8-bit,Qwen/Qwen2.5-7B-Instruct,english,English,benqa,mcq,choice,benqa_10th-Chemistry_0191,A,False,D,False,False,False,1,1,1,False,False,results/runs/qwen25_7b_8bit_validation200_v4_test150/results/runs/qwen25_7b_8bit_validation200_v4_test150.jsonl,297,D
Qwen2.5-7B 8-bit,Qwen/Qwen2.5-7B-Instruct,bangla,Bangla,benqa,mcq,choice,benqa_10th-Chemistry_0194,D,False,B,False,False,False,1,1,1,False,False,results/runs/qwen25_7b_8bit_validation200_v4_test150/results/runs/qwen25_7b_8bit_validation200_v4_test150.jsonl,94,B
Qwen2.5-7B 8-bit,Qwen/Qwen2.5-7B-Instruct,banglish_clean,Reviewed Banglish,benqa,mcq,choice,benqa_10th-Chemistry_0194,D,False,C,False,False,False,1,1,1,False,False,results/runs/qwen25_7b_8bit_validation200_v5_banglish_pinned/results/runs/qwen2_5_7b_8bit_validation200_v5_banglish_pinned.jsonl,189,C
Qwen2.5-7B 8-bit,Qwen/Qwen2.5-7B-Instruct,english,English,benqa,mcq,choice,benqa_10th-Chemistry_0194,D,True,D,False,False,False,1,1,1,False,False,results/runs/qwen25_7b_8bit_validation200_v4_test150/results/runs/qwen25_7b_8bit_validation200_v4_test150.jsonl,96,D
Qwen2.5-7B 8-bit,Qwen/Qwen2.5-7B-Instruct,bangla,Bangla,benqa,mcq,choice,benqa_10th-Chemistry_0280,A,False,C,False,False,False,1,1,1,False,False,results/runs/qwen25_7b_8bit_validation200_v4_dev50_v2/results/runs/qwen25_7b_8bit_validation200_v4_dev50.jsonl,1,C
Qwen2.5-7B 8-bit,Qwen/Qwen2.5-7B-Instruct,banglish_clean,Reviewed Banglish,benqa,mcq,choice,benqa_10th-Chemistry_0280,A,False,B,False,False,False,1,1,1,False,False,results/runs/qwen25_7b_8bit_validation200_v5_banglish_pinned/results/runs/qwen2_5_7b_8bit_validation200_v5_banglish_pinned.jsonl,76,B
Qwen2.5-7B 8-bit,Qwen/Qwen2.5-7B-Instruct,english,English,benqa,mcq,choice,benqa_10th-Chemistry_0280,A,False,D,False,False,False,1,1,1,False,False,results/runs/qwen25_7b_8bit_validation200_v4_dev50_v2/results/runs/qwen25_7b_8bit_validation200_v4_dev50.jsonl,3,D
Qwen2.5-7B 8-bit,Qwen/Qwen2.5-7B-Instruct,bangla,Bangla,benqa,mcq,choice,benqa_10th-Chemistry_0322,B,True,B,False,False,False,1,1,1,False,False,results/runs/qwen25_7b_8bit_validation200_v4_test150/results/runs/qwen25_7b_8bit_validation200_v4_test150.jsonl,22,B
Qwen2.5-7B 8-bit,Qwen/Qwen2.5-7B-Instruct,banglish_clean,Reviewed Banglish,benqa,mcq,choice,benqa_10th-Chemistry_0322,B,False,A,False,False,False,1,1,1,False,False,results/runs/qwen25_7b_8bit_validation200_v5_banglish_pinned/results/runs/qwen2_5_7b_8bit_validation200_v5_banglish_pinned.jsonl,142,A
Qwen2.5-7B 8-bit,Qwen/Qwen2.5-7B-Instruct,english,English,benqa,mcq,choice,benqa_10th-Chemistry_0322,B,True,B,False,False,False,1,1,1,False,False,results/runs/qwen25_7b_8bit_validation200_v4_test150/results/runs/qwen25_7b_8bit_validation200_v4_test150.jsonl,24,B
Qwen2.5-7B 8-bit,Qwen/Qwen2.5-7B-Instruct,bangla,Bangla,benqa,mcq,choice,benqa_10th-Chemistry_0336,D,False,B,False,False,False,1,1,1,False,False,results/runs/qwen25_7b_8bit_validation200_v4_test150/results/runs/qwen25_7b_8bit_validation200_v4_test150.jsonl,91,B
Qwen2.5-7B 8-bit,Qwen/Qwen2.5-7B-Instruct,banglish_clean,Reviewed Banglish,benqa,mcq,choice,benqa_10th-Chemistry_0336,D,False,B,False,False,False,1,1,1,False,False,results/runs/qwen25_7b_8bit_validation200_v5_banglish_pinned/results/runs/qwen2_5_7b_8bit_validation200_v5_banglish_pinned.jsonl,105,B
Qwen2.5-7B 8-bit,Qwen/Qwen2.5-7B-Instruct,english,English,benqa,mcq,choice,benqa_10th-Chemistry_0336,D,False,B,False,False,False,1,1,1,False,False,results/runs/qwen25_7b_8bit_validation200_v4_test150/results/runs/qwen25_7b_8bit_validation200_v4_test150.jsonl,93,B
Qwen2.5-7B 8-bit,Qwen/Qwen2.5-7B-Instruct,bangla,Bangla,benqa,mcq,choice,benqa_10th-Chemistry_0374,B,False,C,False,False,False,1,1,1,False,False,results/runs/qwen25_7b_8bit_validation200_v4_dev50_v2/results/runs/qwen25_7b_8bit_validation200_v4_dev50.jsonl,85,C
Qwen2.5-7B 8-bit,Qwen/Qwen2.5-7B-Instruct,banglish_clean,Reviewed Banglish,benqa,mcq,choice,benqa_10th-Chemistry_0374,B,True,B,False,False,False,1,1,1,False,False,results/runs/qwen25_7b_8bit_validation200_v5_banglish_pinned/results/runs/qwen2_5_7b_8bit_validation200_v5_banglish_pinned.jsonl,116,B
Qwen2.5-7B 8-bit,Qwen/Qwen2.5-7B-Instruct,english,English,benqa,mcq,choice,benqa_10th-Chemistry_0374,B,True,B,False,False,False,1,1,1,False,False,results/runs/qwen25_7b_8bit_validation200_v4_dev50_v2/results/runs/qwen25_7b_8bit_validation200_v4_dev50.jsonl,87,B
Qwen2.5-7B 8-bit,Qwen/Qwen2.5-7B-Instruct,bangla,Bangla,benqa,mcq,choice,benqa_10th-Chemistry_0388,D,False,A,False,False,False,1,1,1,False,False,results/runs/qwen25_7b_8bit_validation200_v4_dev50_v2/results/runs/qwen25_7b_8bit_validation200_v4_dev50.jsonl,112,A
Qwen2.5-7B 8-bit,Qwen/Qwen2.5-7B-Instruct,banglish_clean,Reviewed Banglish,benqa,mcq,choice,benqa_10th-Chemistry_0388,D,False,A,False,False,False,1,1,1,False,False,results/runs/qwen25_7b_8bit_validation200_v5_banglish_pinned/results/runs/qwen2_5_7b_8bit_validation200_v5_banglish_pinned.jsonl,44,A
Qwen2.5-7B 8-bit,Qwen/Qwen2.5-7B-Instruct,english,English,benqa,mcq,choice,benqa_10th-Chemistry_0388,D,False,B,False,False,False,1,1,1,False,False,results/runs/qwen25_7b_8bit_validation200_v4_dev50_v2/results/runs/qwen25_7b_8bit_validation200_v4_dev50.jsonl,114,B
Qwen2.5-7B 8-bit,Qwen/Qwen2.5-7B-Instruct,bangla,Bangla,benqa,mcq,choice,benqa_10th-Math-II_0062,C,False,B,False,False,False,1,1,1,False,False,results/runs/qwen25_7b_8bit_validation200_v4_test150/results/runs/qwen25_7b_8bit_validation200_v4_test150.jsonl,304,B
Qwen2.5-7B 8-bit,Qwen/Qwen2.5-7B-Instruct,banglish_clean,Reviewed Banglish,benqa,mcq,choice,benqa_10th-Math-II_0062,C,False,B,False,False,False,1,1,1,False,False,results/runs/qwen25_7b_8bit_validation200_v5_banglish_pinned/results/runs/qwen2_5_7b_8bit_validation200_v5_banglish_pinned.jsonl,32,B
Qwen2.5-7B 8-bit,Qwen/Qwen2.5-7B-Instruct,english,English,benqa,mcq,choice,benqa_10th-Math-II_0062,C,False,B,False,False,False,1,1,1,False,False,results/runs/qwen25_7b_8bit_validation200_v4_test150/results/runs/qwen25_7b_8bit_validation200_v4_test150.jsonl,306,B
Qwen2.5-7B 8-bit,Qwen/Qwen2.5-7B-Instruct,bangla,Bangla,benqa,mcq,choice,benqa_10th-Math-II_0102,D,False,C,False,False,False,1,1,1,False,False,results/runs/qwen25_7b_8bit_validation200_v4_test150/results/runs/qwen25_7b_8bit_validation200_v4_test150.jsonl,430,C
Qwen2.5-7B 8-bit,Qwen/Qwen2.5-7B-Instruct,banglish_clean,Reviewed Banglish,benqa,mcq,choice,benqa_10th-Math-II_0102,D,False,C,False,False,False,1,1,1,False,False,results/runs/qwen25_7b_8bit_validation200_v5_banglish_pinned/results/runs/qwen2_5_7b_8bit_validation200_v5_banglish_pinned.jsonl,197,C
Qwen2.5-7B 8-bit,Qwen/Qwen2.5-7B-Instruct,english,English,benqa,mcq,choice,benqa_10th-Math-II_0102,D,False,C,False,False,False,1,1,1,False,False,results/runs/qwen25_7b_8bit_validation200_v4_test150/results/runs/qwen25_7b_8bit_validation200_v4_test150.jsonl,432,C
Qwen2.5-7B 8-bit,Qwen/Qwen2.5-7B-Instruct,bangla,Bangla,benqa,mcq,choice,benqa_10th-Math-II_0139,A,False,B,False,False,False,1,1,1,False,False,results/runs/qwen25_7b_8bit_validation200_v4_test150/results/runs/qwen25_7b_8bit_validation200_v4_test150.jsonl,67,B
Qwen2.5-7B 8-bit,Qwen/Qwen2.5-7B-Instruct,banglish_clean,Reviewed Banglish,benqa,mcq,choice,benqa_10th-Math-II_0139,A,False,B,False,False,False,1,1,1,False,False,results/runs/qwen25_7b_8bit_validation200_v5_banglish_pinned/results/runs/qwen2_5_7b_8bit_validation200_v5_banglish_pinned.jsonl,13,B
Qwen2.5-7B 8-bit,Qwen/Qwen2.5-7B-Instruct,english,English,benqa,mcq,choice,benqa_10th-Math-II_0139,A,False,B,False,False,False,1,1,1,False,False,results/runs/qwen25_7b_8bit_validation200_v4_test150/results/runs/qwen25_7b_8bit_validation200_v4_test150.jsonl,69,B
Qwen2.5-7B 8-bit,Qwen/Qwen2.5-7B-Instruct,bangla,Bangla,benqa,mcq,choice,benqa_10th-Math-II_0326,C,True,C,False,False,False,1,1,1,False,False,results/runs/qwen25_7b_8bit_validation200_v4_test150/results/runs/qwen25_7b_8bit_validation200_v4_test150.jsonl,115,C
Qwen2.5-7B 8-bit,Qwen/Qwen2.5-7B-Instruct,banglish_clean,Reviewed Banglish,benqa,mcq,choice,benqa_10th-Math-II_0326,C,True,C,False,False,False,1,1,1,False,False,results/runs/qwen25_7b_8bit_validation200_v5_banglish_pinned/results/runs/qwen2_5_7b_8bit_validation200_v5_banglish_pinned.jsonl,121,C
Qwen2.5-7B 8-bit,Qwen/Qwen2.5-7B-Instruct,english,English,benqa,mcq,choice,benqa_10th-Math-II_0326,C,True,C,False,False,False,1,1,1,False,False,results/runs/qwen25_7b_8bit_validation200_v4_test150/results/runs/qwen25_7b_8bit_validation200_v4_test150.jsonl,117,C
Qwen2.5-7B 8-bit,Qwen/Qwen2.5-7B-Instruct,bangla,Bangla,benqa,mcq,choice,benqa_10th-Math-II_0347,D,False,A,False,False,False,1,1,1,False,False,results/runs/qwen25_7b_8bit_validation200_v4_test150/results/runs/qwen25_7b_8bit_validation200_v4_test150.jsonl,289,A
Qwen2.5-7B 8-bit,Qwen/Qwen2.5-7B-Instruct,banglish_clean,Reviewed Banglish,benqa,mcq,choice,benqa_10th-Math-II_0347,D,False,A,False,False,False,1,1,1,False,False,results/runs/qwen25_7b_8bit_validation200_v5_banglish_pinned/results/runs/qwen2_5_7b_8bit_validation200_v5_banglish_pinned.jsonl,100,A
Qwen2.5-7B 8-bit,Qwen/Qwen2.5-7B-Instruct,english,English,benqa,mcq,choice,benqa_10th-Math-II_0347,D,False,A,False,False,False,1,1,1,False,False,results/runs/qwen25_7b_8bit_validation200_v4_test150/results/runs/qwen25_7b_8bit_validation200_v4_test150.jsonl,291,A
Qwen2.5-7B 8-bit,Qwen/Qwen2.5-7B-Instruct,bangla,Bangla,benqa,mcq,choice,benqa_10th-Math-II_0357,D,False,B,False,False,False,1,1,1,False,False,results/runs/qwen25_7b_8bit_validation200_v4_test150/results/runs/qwen25_7b_8bit_validation200_v4_test150.jsonl,319,B
Qwen2.5-7B 8-bit,Qwen/Qwen2.5-7B-Instruct,banglish_clean,Reviewed Banglish,benqa,mcq,choice,benqa_10th-Math-II_0357,D,False,A,False,False,False,1,1,1,False,False,results/runs/qwen25_7b_8bit_validation200_v5_banglish_pinned/results/runs/qwen2_5_7b_8bit_validation200_v5_banglish_pinned.jsonl,167,A
Qwen2.5-7B 8-bit,Qwen/Qwen2.5-7B-Instruct,english,English,benqa,mcq,choice,benqa_10th-Math-II_0357,D,False,A,False,False,False,1,1,1,False,False,results/runs/qwen25_7b_8bit_validation200_v4_test150/results/runs/qwen25_7b_8bit_validation200_v4_test150.jsonl,321,A
Qwen2.5-7B 8-bit,Qwen/Qwen2.5-7B-Instruct,bangla,Bangla,benqa,mcq,choice,benqa_10th-Math-II_0367,C,False,A,False,False,False,1,1,1,False,False,results/runs/qwen25_7b_8bit_validation200_v4_dev50_v2/results/runs/qwen25_7b_8bit_validation200_v4_dev50.jsonl,94,A
Qwen2.5-7B 8-bit,Qwen/Qwen2.5-7B-Instruct,banglish_clean,Reviewed Banglish,benqa,mcq,choice,benqa_10th-Math-II_0367,C,False,B,False,False,False,1,1,1,False,False,results/runs/qwen25_7b_8bit_validation200_v5_banglish_pinned/results/runs/qwen2_5_7b_8bit_validation200_v5_banglish_pinned.jsonl,26,B
Qwen2.5-7B 8-bit,Qwen/Qwen2.5-7B-Instruct,english,English,benqa,mcq,choice,benqa_10th-Math-II_0367,C,False,B,False,False,False,1,1,1,False,False,results/runs/qwen25_7b_8bit_validation200_v4_dev50_v2/results/runs/qwen25_7b_8bit_validation200_v4_dev50.jsonl,96,B
Qwen2.5-7B 8-bit,Qwen/Qwen2.5-7B-Instruct,bangla,Bangla,benqa,mcq,choice,benqa_10th-Math_0032,B,True,B,False,False,False,1,1,1,False,False,results/runs/qwen25_7b_8bit_validation200_v4_dev50_v2/results/runs/qwen25_7b_8bit_validation200_v4_dev50.jsonl,130,B
Qwen2.5-7B 8-bit,Qwen/Qwen2.5-7B-Instruct,banglish_clean,Reviewed Banglish,benqa,mcq,choice,benqa_10th-Math_0032,B,True,B,False,False,False,1,1,1,False,False,results/runs/qwen25_7b_8bit_validation200_v5_banglish_pinned/results/runs/qwen2_5_7b_8bit_validation200_v5_banglish_pinned.jsonl,111,B
Qwen2.5-7B 8-bit,Qwen/Qwen2.5-7B-Instruct,english,English,benqa,mcq,choice,benqa_10th-Math_0032,B,False,D,False,False,False,1,1,1,False,False,results/runs/qwen25_7b_8bit_validation200_v4_dev50_v2/results/runs/qwen25_7b_8bit_validation200_v4_dev50.jsonl,132,D
Qwen2.5-7B 8-bit,Qwen/Qwen2.5-7B-Instruct,bangla,Bangla,benqa,mcq,choice,benqa_10th-Math_0044,C,True,C,False,False,False,1,1,1,False,False,results/runs/qwen25_7b_8bit_validation200_v4_test150/results/runs/qwen25_7b_8bit_validation200_v4_test150.jsonl,388,C
Qwen2.5-7B 8-bit,Qwen/Qwen2.5-7B-Instruct,banglish_clean,Reviewed Banglish,benqa,mcq,choice,benqa_10th-Math_0044,C,False,A,False,False,False,1,1,1,False,False,results/runs/qwen25_7b_8bit_validation200_v5_banglish_pinned/results/runs/qwen2_5_7b_8bit_validation200_v5_banglish_pinned.jsonl,200,A
Qwen2.5-7B 8-bit,Qwen/Qwen2.5-7B-Instruct,english,English,benqa,mcq,choice,benqa_10th-Math_0044,C,True,C,False,False,False,1,1,1,False,False,results/runs/qwen25_7b_8bit_validation200_v4_test150/results/runs/qwen25_7b_8bit_validation200_v4_test150.jsonl,390,C
Qwen2.5-7B 8-bit,Qwen/Qwen2.5-7B-Instruct,bangla,Bangla,benqa,mcq,choice,benqa_10th-Math_0186,C,False,A,False,False,False,1,1,1,False,False,results/runs/qwen25_7b_8bit_validation200_v4_test150/results/runs/qwen25_7b_8bit_validation200_v4_test150.jsonl,19,A
Qwen2.5-7B 8-bit,Qwen/Qwen2.5-7B-Instruct,banglish_clean,Reviewed Banglish,benqa,mcq,choice,benqa_10th-Math_0186,C,False,A,False,False,False,1,1,1,False,False,results/runs/qwen25_7b_8bit_validation200_v5_banglish_pinned/results/runs/qwen2_5_7b_8bit_validation200_v5_banglish_pinned.jsonl,4,A
Qwen2.5-7B 8-bit,Qwen/Qwen2.5-7B-Instruct,english,English,benqa,mcq,choice,benqa_10th-Math_0186,C,False,A,False,False,False,1,1,1,False,False,results/runs/qwen25_7b_8bit_validation200_v4_test150/results/runs/qwen25_7b_8bit_validation200_v4_test150.jsonl,21,A
Qwen2.5-7B 8-bit,Qwen/Qwen2.5-7B-Instruct,bangla,Bangla,benqa,mcq,choice,benqa_10th-Math_0271,D,False,C,False,False,False,1,1,1,False,False,results/runs/qwen25_7b_8bit_validation200_v4_test150/results/runs/qwen25_7b_8bit_validation200_v4_test150.jsonl,25,C
Qwen2.5-7B 8-bit,Qwen/Qwen2.5-7B-Instruct,banglish_clean,Reviewed Banglish,benqa,mcq,choice,benqa_10th-Math_0271,D,False,C,False,False,False,1,1,1,False,False,results/runs/qwen25_7b_8bit_validation200_v5_banglish_pinned/results/runs/qwen2_5_7b_8bit_validation200_v5_banglish_pinned.jsonl,10,C
Qwen2.5-7B 8-bit,Qwen/Qwen2.5-7B-Instruct,english,English,benqa,mcq,choice,benqa_10th-Math_0271,D,True,D,False,False,False,1,1,1,False,False,results/runs/qwen25_7b_8bit_validation200_v4_test150/results/runs/qwen25_7b_8bit_validation200_v4_test150.jsonl,27,D
Qwen2.5-7B 8-bit,Qwen/Qwen2.5-7B-Instruct,bangla,Bangla,benqa,mcq,choice,benqa_10th-Math_0324,A,True,A,False,False,False,1,1,1,False,False,results/runs/qwen25_7b_8bit_validation200_v4_test150/results/runs/qwen25_7b_8bit_validation200_v4_test150.jsonl,46,A
Qwen2.5-7B 8-bit,Qwen/Qwen2.5-7B-Instruct,banglish_clean,Reviewed Banglish,benqa,mcq,choice,benqa_10th-Math_0324,A,False,B,False,False,False,1,1,1,False,False,results/runs/qwen25_7b_8bit_validation200_v5_banglish_pinned/results/runs/qwen2_5_7b_8bit_validation200_v5_banglish_pinned.jsonl,43,B
Qwen2.5-7B 8-bit,Qwen/Qwen2.5-7B-Instruct,english,English,benqa,mcq,choice,benqa_10th-Math_0324,A,True,A,False,False,False,1,1,1,False,False,results/runs/qwen25_7b_8bit_validation200_v4_test150/results/runs/qwen25_7b_8bit_validation200_v4_test150.jsonl,48,A
Qwen2.5-7B 8-bit,Qwen/Qwen2.5-7B-Instruct,bangla,Bangla,benqa,mcq,choice,benqa_10th-Physics_0021,C,True,C,False,False,False,1,1,1,False,False,results/runs/qwen25_7b_8bit_validation200_v4_test150/results/runs/qwen25_7b_8bit_validation200_v4_test150.jsonl,370,C
Qwen2.5-7B 8-bit,Qwen/Qwen2.5-7B-Instruct,banglish_clean,Reviewed Banglish,benqa,mcq,choice,benqa_10th-Physics_0021,C,False,A,False,False,False,1,1,1,False,False,results/runs/qwen25_7b_8bit_validation200_v5_banglish_pinned/results/runs/qwen2_5_7b_8bit_validation200_v5_banglish_pinned.jsonl,110,A
Qwen2.5-7B 8-bit,Qwen/Qwen2.5-7B-Instruct,english,English,benqa,mcq,choice,benqa_10th-Physics_0021,C,True,C,False,False,False,1,1,1,False,False,results/runs/qwen25_7b_8bit_validation200_v4_test150/results/runs/qwen25_7b_8bit_validation200_v4_test150.jsonl,372,C
Qwen2.5-7B 8-bit,Qwen/Qwen2.5-7B-Instruct,bangla,Bangla,benqa,mcq,choice,benqa_10th-Physics_0036,C,True,C,False,False,False,1,1,1,False,False,results/runs/qwen25_7b_8bit_validation200_v4_test150/results/runs/qwen25_7b_8bit_validation200_v4_test150.jsonl,253,C
Qwen2.5-7B 8-bit,Qwen/Qwen2.5-7B-Instruct,banglish_clean,Reviewed Banglish,benqa,mcq,choice,benqa_10th-Physics_0036,C,True,C,False,False,False,1,1,1,False,False,results/runs/qwen25_7b_8bit_validation200_v5_banglish_pinned/results/runs/qwen2_5_7b_8bit_validation200_v5_banglish_pinned.jsonl,154,C
Qwen2.5-7B 8-bit,Qwen/Qwen2.5-7B-Instruct,english,English,benqa,mcq,choice,benqa_10th-Physics_0036,C,True,C,False,False,False,1,1,1,False,False,results/runs/qwen25_7b_8bit_validation200_v4_test150/results/runs/qwen25_7b_8bit_validation200_v4_test150.jsonl,255,C
Qwen2.5-7B 8-bit,Qwen/Qwen2.5-7B-Instruct,bangla,Bangla,benqa,mcq,choice,benqa_10th-Physics_0045,A,True,A,False,False,False,1,1,1,False,False,results/runs/qwen25_7b_8bit_validation200_v4_dev50_v2/results/runs/qwen25_7b_8bit_validation200_v4_dev50.jsonl,76,A
Qwen2.5-7B 8-bit,Qwen/Qwen2.5-7B-Instruct,banglish_clean,Reviewed Banglish,benqa,mcq,choice,benqa_10th-Physics_0045,A,True,A,False,False,False,1,1,1,False,False,results/runs/qwen25_7b_8bit_validation200_v5_banglish_pinned/results/runs/qwen2_5_7b_8bit_validation200_v5_banglish_pinned.jsonl,11,A
Qwen2.5-7B 8-bit,Qwen/Qwen2.5-7B-Instruct,english,English,benqa,mcq,choice,benqa_10th-Physics_0045,A,True,A,False,False,False,1,1,1,False,False,results/runs/qwen25_7b_8bit_validation200_v4_dev50_v2/results/runs/qwen25_7b_8bit_validation200_v4_dev50.jsonl,78,A
Qwen2.5-7B 8-bit,Qwen/Qwen2.5-7B-Instruct,bangla,Bangla,benqa,mcq,choice,benqa_10th-Physics_0055,D,False,B,False,False,False,1,1,1,False,False,results/runs/qwen25_7b_8bit_validation200_v4_dev50_v2/results/runs/qwen25_7b_8bit_validation200_v4_dev50.jsonl,115,B
Qwen2.5-7B 8-bit,Qwen/Qwen2.5-7B-Instruct,banglish_clean,Reviewed Banglish,benqa,mcq,choice,benqa_10th-Physics_0055,D,False,C,False,False,False,1,1,1,False,False,results/runs/qwen25_7b_8bit_validation200_v5_banglish_pinned/results/runs/qwen2_5_7b_8bit_validation200_v5_banglish_pinned.jsonl,114,C
Qwen2.5-7B 8-bit,Qwen/Qwen2.5-7B-Instruct,english,English,benqa,mcq,choice,benqa_10th-Physics_0055,D,True,D,False,False,False,1,1,1,False,False,results/runs/qwen25_7b_8bit_validation200_v4_dev50_v2/results/runs/qwen25_7b_8bit_validation200_v4_dev50.jsonl,117,D
Qwen2.5-7B 8-bit,Qwen/Qwen2.5-7B-Instruct,bangla,Bangla,benqa,mcq,choice,benqa_10th-Physics_0084,D,False,B,False,False,False,1,1,1,False,False,results/runs/qwen25_7b_8bit_validation200_v4_test150/results/runs/qwen25_7b_8bit_validation200_v4_test150.jsonl,415,B
Qwen2.5-7B 8-bit,Qwen/Qwen2.5-7B-Instruct,banglish_clean,Reviewed Banglish,benqa,mcq,choice,benqa_10th-Physics_0084,D,False,B,False,False,False,1,1,1,False,False,results/runs/qwen25_7b_8bit_validation200_v5_banglish_pinned/results/runs/qwen2_5_7b_8bit_validation200_v5_banglish_pinned.jsonl,35,B
Qwen2.5-7B 8-bit,Qwen/Qwen2.5-7B-Instruct,english,English,benqa,mcq,choice,benqa_10th-Physics_0084,D,False,B,False,False,False,1,1,1,False,False,results/runs/qwen25_7b_8bit_validation200_v4_test150/results/runs/qwen25_7b_8bit_validation200_v4_test150.jsonl,417,B
Qwen2.5-7B 8-bit,Qwen/Qwen2.5-7B-Instruct,bangla,Bangla,benqa,mcq,choice,benqa_10th-Physics_0106,A,False,B,False,False,False,1,1,1,False,False,results/runs/qwen25_7b_8bit_validation200_v4_test150/results/runs/qwen25_7b_8bit_validation200_v4_test150.jsonl,130,B
Qwen2.5-7B 8-bit,Qwen/Qwen2.5-7B-Instruct,banglish_clean,Reviewed Banglish,benqa,mcq,choice,benqa_10th-Physics_0106,A,False,C,False,False,False,1,1,1,False,False,results/runs/qwen25_7b_8bit_validation200_v5_banglish_pinned/results/runs/qwen2_5_7b_8bit_validation200_v5_banglish_pinned.jsonl,145,C
Qwen2.5-7B 8-bit,Qwen/Qwen2.5-7B-Instruct,english,English,benqa,mcq,choice,benqa_10th-Physics_0106,A,False,B,False,False,False,1,1,1,False,False,results/runs/qwen25_7b_8bit_validation200_v4_test150/results/runs/qwen25_7b_8bit_validation200_v4_test150.jsonl,132,B
Qwen2.5-7B 8-bit,Qwen/Qwen2.5-7B-Instruct,bangla,Bangla,benqa,mcq,choice,benqa_10th-Physics_0130,D,False,C,False,False,False,1,1,1,False,False,results/runs/qwen25_7b_8bit_validation200_v4_test150/results/runs/qwen25_7b_8bit_validation200_v4_test150.jsonl,37,C
Qwen2.5-7B 8-bit,Qwen/Qwen2.5-7B-Instruct,banglish_clean,Reviewed Banglish,benqa,mcq,choice,benqa_10th-Physics_0130,D,True,D,False,False,False,1,1,1,False,False,results/runs/qwen25_7b_8bit_validation200_v5_banglish_pinned/results/runs/qwen2_5_7b_8bit_validation200_v5_banglish_pinned.jsonl,148,D
Qwen2.5-7B 8-bit,Qwen/Qwen2.5-7B-Instruct,english,English,benqa,mcq,choice,benqa_10th-Physics_0130,D,True,D,False,False,False,1,1,1,False,False,results/runs/qwen25_7b_8bit_validation200_v4_test150/results/runs/qwen25_7b_8bit_validation200_v4_test150.jsonl,39,D
Qwen2.5-7B 8-bit,Qwen/Qwen2.5-7B-Instruct,bangla,Bangla,benqa,mcq,choice,benqa_10th-Physics_0150,B,False,C,False,False,False,1,1,1,False,False,results/runs/qwen25_7b_8bit_validation200_v4_test150/results/runs/qwen25_7b_8bit_validation200_v4_test150.jsonl,223,C
Qwen2.5-7B 8-bit,Qwen/Qwen2.5-7B-Instruct,banglish_clean,Reviewed Banglish,benqa,mcq,choice,benqa_10th-Physics_0150,B,True,B,False,False,False,1,1,1,False,False,results/runs/qwen25_7b_8bit_validation200_v5_banglish_pinned/results/runs/qwen2_5_7b_8bit_validation200_v5_banglish_pinned.jsonl,164,B
Qwen2.5-7B 8-bit,Qwen/Qwen2.5-7B-Instruct,english,English,benqa,mcq,choice,benqa_10th-Physics_0150,B,True,B,False,False,False,1,1,1,False,False,results/runs/qwen25_7b_8bit_validation200_v4_test150/results/runs/qwen25_7b_8bit_validation200_v4_test150.jsonl,225,B
Qwen2.5-7B 8-bit,Qwen/Qwen2.5-7B-Instruct,bangla,Bangla,benqa,mcq,choice,benqa_10th-Physics_0198,D,False,C,False,False,False,1,1,1,False,False,results/runs/qwen25_7b_8bit_validation200_v4_test150/results/runs/qwen25_7b_8bit_validation200_v4_test150.jsonl,1,C
Qwen2.5-7B 8-bit,Qwen/Qwen2.5-7B-Instruct,banglish_clean,Reviewed Banglish,benqa,mcq,choice,benqa_10th-Physics_0198,D,False,C,False,False,False,1,1,1,False,False,results/runs/qwen25_7b_8bit_validation200_v5_banglish_pinned/results/runs/qwen2_5_7b_8bit_validation200_v5_banglish_pinned.jsonl,74,C
Qwen2.5-7B 8-bit,Qwen/Qwen2.5-7B-Instruct,english,English,benqa,mcq,choice,benqa_10th-Physics_0198,D,True,D,False,False,False,1,1,1,False,False,results/runs/qwen25_7b_8bit_validation200_v4_test150/results/runs/qwen25_7b_8bit_validation200_v4_test150.jsonl,3,D
Qwen2.5-7B 8-bit,Qwen/Qwen2.5-7B-Instruct,bangla,Bangla,benqa,mcq,choice,benqa_10th-Physics_0280,B,True,B,False,False,False,1,1,1,False,False,results/runs/qwen25_7b_8bit_validation200_v4_test150/results/runs/qwen25_7b_8bit_validation200_v4_test150.jsonl,193,B
Qwen2.5-7B 8-bit,Qwen/Qwen2.5-7B-Instruct,banglish_clean,Reviewed Banglish,benqa,mcq,choice,benqa_10th-Physics_0280,B,True,B,False,False,False,1,1,1,False,False,results/runs/qwen25_7b_8bit_validation200_v5_banglish_pinned/results/runs/qwen2_5_7b_8bit_validation200_v5_banglish_pinned.jsonl,177,B
Qwen2.5-7B 8-bit,Qwen/Qwen2.5-7B-Instruct,english,English,benqa,mcq,choice,benqa_10th-Physics_0280,B,True,B,False,False,False,1,1,1,False,False,results/runs/qwen25_7b_8bit_validation200_v4_test150/results/runs/qwen25_7b_8bit_validation200_v4_test150.jsonl,195,B
Qwen2.5-7B 8-bit,Qwen/Qwen2.5-7B-Instruct,bangla,Bangla,benqa,mcq,choice,benqa_10th-Physics_0296,D,False,B,False,False,False,1,1,1,False,False,results/runs/qwen25_7b_8bit_validation200_v4_dev50_v2/results/runs/qwen25_7b_8bit_validation200_v4_dev50.jsonl,52,B
Qwen2.5-7B 8-bit,Qwen/Qwen2.5-7B-Instruct,banglish_clean,Reviewed Banglish,benqa,mcq,choice,benqa_10th-Physics_0296,D,False,A,False,False,False,1,1,1,False,False,results/runs/qwen25_7b_8bit_validation200_v5_banglish_pinned/results/runs/qwen2_5_7b_8bit_validation200_v5_banglish_pinned.jsonl,163,A
Qwen2.5-7B 8-bit,Qwen/Qwen2.5-7B-Instruct,english,English,benqa,mcq,choice,benqa_10th-Physics_0296,D,False,B,False,False,False,1,1,1,False,False,results/runs/qwen25_7b_8bit_validation200_v4_dev50_v2/results/runs/qwen25_7b_8bit_validation200_v4_dev50.jsonl,54,B
Qwen2.5-7B 8-bit,Qwen/Qwen2.5-7B-Instruct,bangla,Bangla,benqa,mcq,choice,benqa_12th-Biology-II_0034,B,True,B,False,False,False,1,1,1,False,False,results/runs/qwen25_7b_8bit_validation200_v4_test150/results/runs/qwen25_7b_8bit_validation200_v4_test150.jsonl,301,B
Qwen2.5-7B 8-bit,Qwen/Qwen2.5-7B-Instruct,banglish_clean,Reviewed Banglish,benqa,mcq,choice,benqa_12th-Biology-II_0034,B,True,B,False,False,False,1,1,1,False,False,results/runs/qwen25_7b_8bit_validation200_v5_banglish_pinned/results/runs/qwen2_5_7b_8bit_validation200_v5_banglish_pinned.jsonl,158,B
Qwen2.5-7B 8-bit,Qwen/Qwen2.5-7B-Instruct,english,English,benqa,mcq,choice,benqa_12th-Biology-II_0034,B,False,D,False,False,False,1,1,1,False,False,results/runs/qwen25_7b_8bit_validation200_v4_test150/results/runs/qwen25_7b_8bit_validation200_v4_test150.jsonl,303,D
Qwen2.5-7B 8-bit,Qwen/Qwen2.5-7B-Instruct,bangla,Bangla,benqa,mcq,choice,benqa_12th-Biology-II_0049,C,True,C,False,False,False,1,1,1,False,False,results/runs/qwen25_7b_8bit_validation200_v4_test150/results/runs/qwen25_7b_8bit_validation200_v4_test150.jsonl,382,C
Qwen2.5-7B 8-bit,Qwen/Qwen2.5-7B-Instruct,banglish_clean,Reviewed Banglish,benqa,mcq,choice,benqa_12th-Biology-II_0049,C,False,B,False,False,False,1,1,1,False,False,results/runs/qwen25_7b_8bit_validation200_v5_banglish_pinned/results/runs/qwen2_5_7b_8bit_validation200_v5_banglish_pinned.jsonl,75,B
Qwen2.5-7B 8-bit,Qwen/Qwen2.5-7B-Instruct,english,English,benqa,mcq,choice,benqa_12th-Biology-II_0049,C,False,A,False,False,False,1,1,1,False,False,results/runs/qwen25_7b_8bit_validation200_v4_test150/results/runs/qwen25_7b_8bit_validation200_v4_test150.jsonl,384,A
Qwen2.5-7B 8-bit,Qwen/Qwen2.5-7B-Instruct,bangla,Bangla,benqa,mcq,choice,benqa_12th-Biology-II_0119,C,False,B,False,False,False,1,1,1,False,False,results/runs/qwen25_7b_8bit_validation200_v4_dev50_v2/results/runs/qwen25_7b_8bit_validation200_v4_dev50.jsonl,25,B
Qwen2.5-7B 8-bit,Qwen/Qwen2.5-7B-Instruct,banglish_clean,Reviewed Banglish,benqa,mcq,choice,benqa_12th-Biology-II_0119,C,False,B,False,False,False,1,1,1,False,False,results/runs/qwen25_7b_8bit_validation200_v5_banglish_pinned/results/runs/qwen2_5_7b_8bit_validation200_v5_banglish_pinned.jsonl,25,B
Qwen2.5-7B 8-bit,Qwen/Qwen2.5-7B-Instruct,english,English,benqa,mcq,choice,benqa_12th-Biology-II_0119,C,False,B,False,False,False,1,1,1,False,False,results/runs/qwen25_7b_8bit_validation200_v4_dev50_v2/results/runs/qwen25_7b_8bit_validation200_v4_dev50.jsonl,27,B
Qwen2.5-7B 8-bit,Qwen/Qwen2.5-7B-Instruct,bangla,Bangla,benqa,mcq,choice,benqa_12th-Biology-II_0122,A,True,A,False,False,False,1,1,1,False,False,results/runs/qwen25_7b_8bit_validation200_v4_test150/results/runs/qwen25_7b_8bit_validation200_v4_test150.jsonl,196,A
Qwen2.5-7B 8-bit,Qwen/Qwen2.5-7B-Instruct,banglish_clean,Reviewed Banglish,benqa,mcq,choice,benqa_12th-Biology-II_0122,A,True,A,False,False,False,1,1,1,False,False,results/runs/qwen25_7b_8bit_validation200_v5_banglish_pinned/results/runs/qwen2_5_7b_8bit_validation200_v5_banglish_pinned.jsonl,23,A
Qwen2.5-7B 8-bit,Qwen/Qwen2.5-7B-Instruct,english,English,benqa,mcq,choice,benqa_12th-Biology-II_0122,A,False,C,False,False,False,1,1,1,False,False,results/runs/qwen25_7b_8bit_validation200_v4_test150/results/runs/qwen25_7b_8bit_validation200_v4_test150.jsonl,198,C
Qwen2.5-7B 8-bit,Qwen/Qwen2.5-7B-Instruct,bangla,Bangla,benqa,mcq,choice,benqa_12th-Biology-II_0128,B,False,C,False,False,False,1,1,1,False,False,results/runs/qwen25_7b_8bit_validation200_v4_test150/results/runs/qwen25_7b_8bit_validation200_v4_test150.jsonl,277,C
Qwen2.5-7B 8-bit,Qwen/Qwen2.5-7B-Instruct,banglish_clean,Reviewed Banglish,benqa,mcq,choice,benqa_12th-Biology-II_0128,B,True,B,False,False,False,1,1,1,False,False,results/runs/qwen25_7b_8bit_validation200_v5_banglish_pinned/results/runs/qwen2_5_7b_8bit_validation200_v5_banglish_pinned.jsonl,77,B
Qwen2.5-7B 8-bit,Qwen/Qwen2.5-7B-Instruct,english,English,benqa,mcq,choice,benqa_12th-Biology-II_0128,B,True,B,False,False,False,1,1,1,False,False,results/runs/qwen25_7b_8bit_validation200_v4_test150/results/runs/qwen25_7b_8bit_validation200_v4_test150.jsonl,279,B
Qwen2.5-7B 8-bit,Qwen/Qwen2.5-7B-Instruct,bangla,Bangla,benqa,mcq,choice,benqa_12th-Biology-II_0179,A,True,A,False,False,False,1,1,1,False,False,results/runs/qwen25_7b_8bit_validation200_v4_dev50_v2/results/runs/qwen25_7b_8bit_validation200_v4_dev50.jsonl,100,A
Qwen2.5-7B 8-bit,Qwen/Qwen2.5-7B-Instruct,banglish_clean,Reviewed Banglish,benqa,mcq,choice,benqa_12th-Biology-II_0179,A,False,D,False,False,False,1,1,1,False,False,results/runs/qwen25_7b_8bit_validation200_v5_banglish_pinned/results/runs/qwen2_5_7b_8bit_validation200_v5_banglish_pinned.jsonl,187,D
Qwen2.5-7B 8-bit,Qwen/Qwen2.5-7B-Instruct,english,English,benqa,mcq,choice,benqa_12th-Biology-II_0179,A,True,A,False,False,False,1,1,1,False,False,results/runs/qwen25_7b_8bit_validation200_v4_dev50_v2/results/runs/qwen25_7b_8bit_validation200_v4_dev50.jsonl,102,A
Qwen2.5-7B 8-bit,Qwen/Qwen2.5-7B-Instruct,bangla,Bangla,benqa,mcq,choice,benqa_12th-Biology-II_0203,D,True,D,False,False,False,1,1,1,False,False,results/runs/qwen25_7b_8bit_validation200_v4_test150/results/runs/qwen25_7b_8bit_validation200_v4_test150.jsonl,427,D
Qwen2.5-7B 8-bit,Qwen/Qwen2.5-7B-Instruct,banglish_clean,Reviewed Banglish,benqa,mcq,choice,benqa_12th-Biology-II_0203,D,True,D,False,False,False,1,1,1,False,False,results/runs/qwen25_7b_8bit_validation200_v5_banglish_pinned/results/runs/qwen2_5_7b_8bit_validation200_v5_banglish_pinned.jsonl,143,D
Qwen2.5-7B 8-bit,Qwen/Qwen2.5-7B-Instruct,english,English,benqa,mcq,choice,benqa_12th-Biology-II_0203,D,True,D,False,False,False,1,1,1,False,False,results/runs/qwen25_7b_8bit_validation200_v4_test150/results/runs/qwen25_7b_8bit_validation200_v4_test150.jsonl,429,D
Qwen2.5-7B 8-bit,Qwen/Qwen2.5-7B-Instruct,bangla,Bangla,benqa,mcq,choice,benqa_12th-Biology-II_0247,B,False,A,False,False,False,1,1,1,False,False,results/runs/qwen25_7b_8bit_validation200_v4_test150/results/runs/qwen25_7b_8bit_validation200_v4_test150.jsonl,73,A
Qwen2.5-7B 8-bit,Qwen/Qwen2.5-7B-Instruct,banglish_clean,Reviewed Banglish,benqa,mcq,choice,benqa_12th-Biology-II_0247,B,True,B,False,False,False,1,1,1,False,False,results/runs/qwen25_7b_8bit_validation200_v5_banglish_pinned/results/runs/qwen2_5_7b_8bit_validation200_v5_banglish_pinned.jsonl,182,B
Qwen2.5-7B 8-bit,Qwen/Qwen2.5-7B-Instruct,english,English,benqa,mcq,choice,benqa_12th-Biology-II_0247,B,False,A,False,False,False,1,1,1,False,False,results/runs/qwen25_7b_8bit_validation200_v4_test150/results/runs/qwen25_7b_8bit_validation200_v4_test150.jsonl,75,A
Qwen2.5-7B 8-bit,Qwen/Qwen2.5-7B-Instruct,bangla,Bangla,benqa,mcq,choice,benqa_12th-Biology-II_0287,B,True,B,False,False,False,1,1,1,False,False,results/runs/qwen25_7b_8bit_validation200_v4_test150/results/runs/qwen25_7b_8bit_validation200_v4_test150.jsonl,58,B
Qwen2.5-7B 8-bit,Qwen/Qwen2.5-7B-Instruct,banglish_clean,Reviewed Banglish,benqa,mcq,choice,benqa_12th-Biology-II_0287,B,False,D,False,False,False,1,1,1,False,False,results/runs/qwen25_7b_8bit_validation200_v5_banglish_pinned/results/runs/qwen2_5_7b_8bit_validation200_v5_banglish_pinned.jsonl,124,D
Qwen2.5-7B 8-bit,Qwen/Qwen2.5-7B-Instruct,english,English,benqa,mcq,choice,benqa_12th-Biology-II_0287,B,True,B,False,False,False,1,1,1,False,False,results/runs/qwen25_7b_8bit_validation200_v4_test150/results/runs/qwen25_7b_8bit_validation200_v4_test150.jsonl,60,B
Qwen2.5-7B 8-bit,Qwen/Qwen2.5-7B-Instruct,bangla,Bangla,benqa,mcq,choice,benqa_12th-Biology-II_0321,C,False,D,False,False,False,1,1,1,False,False,results/runs/qwen25_7b_8bit_validation200_v4_test150/results/runs/qwen25_7b_8bit_validation200_v4_test150.jsonl,70,D
Qwen2.5-7B 8-bit,Qwen/Qwen2.5-7B-Instruct,banglish_clean,Reviewed Banglish,benqa,mcq,choice,benqa_12th-Biology-II_0321,C,False,A,False,False,False,1,1,1,False,False,results/runs/qwen25_7b_8bit_validation200_v5_banglish_pinned/results/runs/qwen2_5_7b_8bit_validation200_v5_banglish_pinned.jsonl,123,A
Qwen2.5-7B 8-bit,Qwen/Qwen2.5-7B-Instruct,english,English,benqa,mcq,choice,benqa_12th-Biology-II_0321,C,True,C,False,False,False,1,1,1,False,False,results/runs/qwen25_7b_8bit_validation200_v4_test150/results/runs/qwen25_7b_8bit_validation200_v4_test150.jsonl,72,C
Qwen2.5-7B 8-bit,Qwen/Qwen2.5-7B-Instruct,bangla,Bangla,benqa,mcq,choice,benqa_12th-Biology-II_0325,A,False,C,False,False,False,1,1,1,False,False,results/runs/qwen25_7b_8bit_validation200_v4_dev50_v2/results/runs/qwen25_7b_8bit_validation200_v4_dev50.jsonl,109,C
Qwen2.5-7B 8-bit,Qwen/Qwen2.5-7B-Instruct,banglish_clean,Reviewed Banglish,benqa,mcq,choice,benqa_12th-Biology-II_0325,A,False,C,False,False,False,1,1,1,False,False,results/runs/qwen25_7b_8bit_validation200_v5_banglish_pinned/results/runs/qwen2_5_7b_8bit_validation200_v5_banglish_pinned.jsonl,14,C
Qwen2.5-7B 8-bit,Qwen/Qwen2.5-7B-Instruct,english,English,benqa,mcq,choice,benqa_12th-Biology-II_0325,A,True,A,False,False,False,1,1,1,False,False,results/runs/qwen25_7b_8bit_validation200_v4_dev50_v2/results/runs/qwen25_7b_8bit_validation200_v4_dev50.jsonl,111,A
Qwen2.5-7B 8-bit,Qwen/Qwen2.5-7B-Instruct,bangla,Bangla,benqa,mcq,choice,benqa_12th-Biology-I_0039,C,True,C,False,False,False,1,1,1,False,False,results/runs/qwen25_7b_8bit_validation200_v4_dev50_v2/results/runs/qwen25_7b_8bit_validation200_v4_dev50.jsonl,31,C
Qwen2.5-7B 8-bit,Qwen/Qwen2.5-7B-Instruct,banglish_clean,Reviewed Banglish,benqa,mcq,choice,benqa_12th-Biology-I_0039,C,False,B,False,False,False,1,1,1,False,False,results/runs/qwen25_7b_8bit_validation200_v5_banglish_pinned/results/runs/qwen2_5_7b_8bit_validation200_v5_banglish_pinned.jsonl,183,B
Qwen2.5-7B 8-bit,Qwen/Qwen2.5-7B-Instruct,english,English,benqa,mcq,choice,benqa_12th-Biology-I_0039,C,False,D,False,False,False,1,1,1,False,False,results/runs/qwen25_7b_8bit_validation200_v4_dev50_v2/results/runs/qwen25_7b_8bit_validation200_v4_dev50.jsonl,33,D
Qwen2.5-7B 8-bit,Qwen/Qwen2.5-7B-Instruct,bangla,Bangla,benqa,mcq,choice,benqa_12th-Biology-I_0042,D,False,A,False,False,False,1,1,1,False,False,results/runs/qwen25_7b_8bit_validation200_v4_test150/results/runs/qwen25_7b_8bit_validation200_v4_test150.jsonl,82,A
Qwen2.5-7B 8-bit,Qwen/Qwen2.5-7B-Instruct,banglish_clean,Reviewed Banglish,benqa,mcq,choice,benqa_12th-Biology-I_0042,D,True,D,False,False,False,1,1,1,False,False,results/runs/qwen25_7b_8bit_validation200_v5_banglish_pinned/results/runs/qwen2_5_7b_8bit_validation200_v5_banglish_pinned.jsonl,18,D
Qwen2.5-7B 8-bit,Qwen/Qwen2.5-7B-Instruct,english,English,benqa,mcq,choice,benqa_12th-Biology-I_0042,D,False,B,False,False,False,1,1,1,False,False,results/runs/qwen25_7b_8bit_validation200_v4_test150/results/runs/qwen25_7b_8bit_validation200_v4_test150.jsonl,84,B
Qwen2.5-7B 8-bit,Qwen/Qwen2.5-7B-Instruct,bangla,Bangla,benqa,mcq,choice,benqa_12th-Biology-I_0056,A,True,A,False,False,False,1,1,1,False,False,results/runs/qwen25_7b_8bit_validation200_v4_test150/results/runs/qwen25_7b_8bit_validation200_v4_test150.jsonl,175,A
Qwen2.5-7B 8-bit,Qwen/Qwen2.5-7B-Instruct,banglish_clean,Reviewed Banglish,benqa,mcq,choice,benqa_12th-Biology-I_0056,A,False,B,False,False,False,1,1,1,False,False,results/runs/qwen25_7b_8bit_validation200_v5_banglish_pinned/results/runs/qwen2_5_7b_8bit_validation200_v5_banglish_pinned.jsonl,195,B
Qwen2.5-7B 8-bit,Qwen/Qwen2.5-7B-Instruct,english,English,benqa,mcq,choice,benqa_12th-Biology-I_0056,A,True,A,False,False,False,1,1,1,False,False,results/runs/qwen25_7b_8bit_validation200_v4_test150/results/runs/qwen25_7b_8bit_validation200_v4_test150.jsonl,177,A
Qwen2.5-7B 8-bit,Qwen/Qwen2.5-7B-Instruct,bangla,Bangla,benqa,mcq,choice,benqa_12th-Biology-I_0077,C,True,C,False,False,False,1,1,1,False,False,results/runs/qwen25_7b_8bit_validation200_v4_test150/results/runs/qwen25_7b_8bit_validation200_v4_test150.jsonl,172,C
Qwen2.5-7B 8-bit,Qwen/Qwen2.5-7B-Instruct,banglish_clean,Reviewed Banglish,benqa,mcq,choice,benqa_12th-Biology-I_0077,C,False,D,False,False,False,1,1,1,False,False,results/runs/qwen25_7b_8bit_validation200_v5_banglish_pinned/results/runs/qwen2_5_7b_8bit_validation200_v5_banglish_pinned.jsonl,34,D
Qwen2.5-7B 8-bit,Qwen/Qwen2.5-7B-Instruct,english,English,benqa,mcq,choice,benqa_12th-Biology-I_0077,C,True,C,False,False,False,1,1,1,False,False,results/runs/qwen25_7b_8bit_validation200_v4_test150/results/runs/qwen25_7b_8bit_validation200_v4_test150.jsonl,174,C
Qwen2.5-7B 8-bit,Qwen/Qwen2.5-7B-Instruct,bangla,Bangla,benqa,mcq,choice,benqa_12th-Biology-I_0160,B,False,A,False,False,False,1,1,1,False,False,results/runs/qwen25_7b_8bit_validation200_v4_test150/results/runs/qwen25_7b_8bit_validation200_v4_test150.jsonl,100,A
Qwen2.5-7B 8-bit,Qwen/Qwen2.5-7B-Instruct,banglish_clean,Reviewed Banglish,benqa,mcq,choice,benqa_12th-Biology-I_0160,B,True,B,False,False,False,1,1,1,False,False,results/runs/qwen25_7b_8bit_validation200_v5_banglish_pinned/results/runs/qwen2_5_7b_8bit_validation200_v5_banglish_pinned.jsonl,51,B
Qwen2.5-7B 8-bit,Qwen/Qwen2.5-7B-Instruct,english,English,benqa,mcq,choice,benqa_12th-Biology-I_0160,B,True,B,False,False,False,1,1,1,False,False,results/runs/qwen25_7b_8bit_validation200_v4_test150/results/runs/qwen25_7b_8bit_validation200_v4_test150.jsonl,102,B
Qwen2.5-7B 8-bit,Qwen/Qwen2.5-7B-Instruct,bangla,Bangla,benqa,mcq,choice,benqa_12th-Biology-I_0181,C,True,C,False,False,False,1,1,1,False,False,results/runs/qwen25_7b_8bit_validation200_v4_test150/results/runs/qwen25_7b_8bit_validation200_v4_test150.jsonl,292,C
Qwen2.5-7B 8-bit,Qwen/Qwen2.5-7B-Instruct,banglish_clean,Reviewed Banglish,benqa,mcq,choice,benqa_12th-Biology-I_0181,C,False,D,False,False,False,1,1,1,False,False,results/runs/qwen25_7b_8bit_validation200_v5_banglish_pinned/results/runs/qwen2_5_7b_8bit_validation200_v5_banglish_pinned.jsonl,58,D
Qwen2.5-7B 8-bit,Qwen/Qwen2.5-7B-Instruct,english,English,benqa,mcq,choice,benqa_12th-Biology-I_0181,C,False,A,False,False,False,1,1,1,False,False,results/runs/qwen25_7b_8bit_validation200_v4_test150/results/runs/qwen25_7b_8bit_validation200_v4_test150.jsonl,294,A
Qwen2.5-7B 8-bit,Qwen/Qwen2.5-7B-Instruct,bangla,Bangla,benqa,mcq,choice,benqa_12th-Biology-I_0218,B,False,A,False,False,False,1,1,1,False,False,results/runs/qwen25_7b_8bit_validation200_v4_dev50_v2/results/runs/qwen25_7b_8bit_validation200_v4_dev50.jsonl,16,A
Qwen2.5-7B 8-bit,Qwen/Qwen2.5-7B-Instruct,banglish_clean,Reviewed Banglish,benqa,mcq,choice,benqa_12th-Biology-I_0218,B,False,C,False,False,False,1,1,1,False,False,results/runs/qwen25_7b_8bit_validation200_v5_banglish_pinned/results/runs/qwen2_5_7b_8bit_validation200_v5_banglish_pinned.jsonl,20,C
Qwen2.5-7B 8-bit,Qwen/Qwen2.5-7B-Instruct,english,English,benqa,mcq,choice,benqa_12th-Biology-I_0218,B,True,B,False,False,False,1,1,1,False,False,results/runs/qwen25_7b_8bit_validation200_v4_dev50_v2/results/runs/qwen25_7b_8bit_validation200_v4_dev50.jsonl,18,B
Qwen2.5-7B 8-bit,Qwen/Qwen2.5-7B-Instruct,bangla,Bangla,benqa,mcq,choice,benqa_12th-Biology-I_0222,A,True,A,False,False,False,1,1,1,False,False,results/runs/qwen25_7b_8bit_validation200_v4_test150/results/runs/qwen25_7b_8bit_validation200_v4_test150.jsonl,373,A
Qwen2.5-7B 8-bit,Qwen/Qwen2.5-7B-Instruct,banglish_clean,Reviewed Banglish,benqa,mcq,choice,benqa_12th-Biology-I_0222,A,False,B,False,False,False,1,1,1,False,False,results/runs/qwen25_7b_8bit_validation200_v5_banglish_pinned/results/runs/qwen2_5_7b_8bit_validation200_v5_banglish_pinned.jsonl,59,B
Qwen2.5-7B 8-bit,Qwen/Qwen2.5-7B-Instruct,english,English,benqa,mcq,choice,benqa_12th-Biology-I_0222,A,True,A,False,False,False,1,1,1,False,False,results/runs/qwen25_7b_8bit_validation200_v4_test150/results/runs/qwen25_7b_8bit_validation200_v4_test150.jsonl,375,A
Qwen2.5-7B 8-bit,Qwen/Qwen2.5-7B-Instruct,bangla,Bangla,benqa,mcq,choice,benqa_12th-Biology-I_0265,A,False,C,False,False,False,1,1,1,False,False,results/runs/qwen25_7b_8bit_validation200_v4_dev50_v2/results/runs/qwen25_7b_8bit_validation200_v4_dev50.jsonl,46,C
Qwen2.5-7B 8-bit,Qwen/Qwen2.5-7B-Instruct,banglish_clean,Reviewed Banglish,benqa,mcq,choice,benqa_12th-Biology-I_0265,A,False,D,False,False,False,1,1,1,False,False,results/runs/qwen25_7b_8bit_validation200_v5_banglish_pinned/results/runs/qwen2_5_7b_8bit_validation200_v5_banglish_pinned.jsonl,1,D
Qwen2.5-7B 8-bit,Qwen/Qwen2.5-7B-Instruct,english,English,benqa,mcq,choice,benqa_12th-Biology-I_0265,A,True,A,False,False,False,1,1,1,False,False,results/runs/qwen25_7b_8bit_validation200_v4_dev50_v2/results/runs/qwen25_7b_8bit_validation200_v4_dev50.jsonl,48,A
Qwen2.5-7B 8-bit,Qwen/Qwen2.5-7B-Instruct,bangla,Bangla,benqa,mcq,choice,benqa_12th-Biology-I_0277,D,False,A,False,False,False,1,1,1,False,False,results/runs/qwen25_7b_8bit_validation200_v4_test150/results/runs/qwen25_7b_8bit_validation200_v4_test150.jsonl,313,A
Qwen2.5-7B 8-bit,Qwen/Qwen2.5-7B-Instruct,banglish_clean,Reviewed Banglish,benqa,mcq,choice,benqa_12th-Biology-I_0277,D,False,A,False,False,False,1,1,1,False,False,results/runs/qwen25_7b_8bit_validation200_v5_banglish_pinned/results/runs/qwen2_5_7b_8bit_validation200_v5_banglish_pinned.jsonl,188,A
Qwen2.5-7B 8-bit,Qwen/Qwen2.5-7B-Instruct,english,English,benqa,mcq,choice,benqa_12th-Biology-I_0277,D,True,D,False,False,False,1,1,1,False,False,results/runs/qwen25_7b_8bit_validation200_v4_test150/results/runs/qwen25_7b_8bit_validation200_v4_test150.jsonl,315,D
Qwen2.5-7B 8-bit,Qwen/Qwen2.5-7B-Instruct,bangla,Bangla,benqa,mcq,choice,benqa_12th-Biology-I_0283,A,True,A,False,False,False,1,1,1,False,False,results/runs/qwen25_7b_8bit_validation200_v4_test150/results/runs/qwen25_7b_8bit_validation200_v4_test150.jsonl,238,A
Qwen2.5-7B 8-bit,Qwen/Qwen2.5-7B-Instruct,banglish_clean,Reviewed Banglish,benqa,mcq,choice,benqa_12th-Biology-I_0283,A,False,D,False,False,False,1,1,1,False,False,results/runs/qwen25_7b_8bit_validation200_v5_banglish_pinned/results/runs/qwen2_5_7b_8bit_validation200_v5_banglish_pinned.jsonl,113,D
Qwen2.5-7B 8-bit,Qwen/Qwen2.5-7B-Instruct,english,English,benqa,mcq,choice,benqa_12th-Biology-I_0283,A,True,A,False,False,False,1,1,1,False,False,results/runs/qwen25_7b_8bit_validation200_v4_test150/results/runs/qwen25_7b_8bit_validation200_v4_test150.jsonl,240,A
Qwen2.5-7B 8-bit,Qwen/Qwen2.5-7B-Instruct,bangla,Bangla,benqa,mcq,choice,benqa_12th-Chemistry-II_0013,C,False,B,False,False,False,1,1,1,False,False,results/runs/qwen25_7b_8bit_validation200_v4_test150/results/runs/qwen25_7b_8bit_validation200_v4_test150.jsonl,394,B
Qwen2.5-7B 8-bit,Qwen/Qwen2.5-7B-Instruct,banglish_clean,Reviewed Banglish,benqa,mcq,choice,benqa_12th-Chemistry-II_0013,C,False,B,False,False,False,1,1,1,False,False,results/runs/qwen25_7b_8bit_validation200_v5_banglish_pinned/results/runs/qwen2_5_7b_8bit_validation200_v5_banglish_pinned.jsonl,168,B
Qwen2.5-7B 8-bit,Qwen/Qwen2.5-7B-Instruct,english,English,benqa,mcq,choice,benqa_12th-Chemistry-II_0013,C,True,C,False,False,False,1,1,1,False,False,results/runs/qwen25_7b_8bit_validation200_v4_test150/results/runs/qwen25_7b_8bit_validation200_v4_test150.jsonl,396,C
Qwen2.5-7B 8-bit,Qwen/Qwen2.5-7B-Instruct,bangla,Bangla,benqa,mcq,choice,benqa_12th-Chemistry-II_0054,A,True,A,False,False,False,1,1,1,False,False,results/runs/qwen25_7b_8bit_validation200_v4_dev50_v2/results/runs/qwen25_7b_8bit_validation200_v4_dev50.jsonl,58,A
Qwen2.5-7B 8-bit,Qwen/Qwen2.5-7B-Instruct,banglish_clean,Reviewed Banglish,benqa,mcq,choice,benqa_12th-Chemistry-II_0054,A,True,A,False,False,False,1,1,1,False,False,results/runs/qwen25_7b_8bit_validation200_v5_banglish_pinned/results/runs/qwen2_5_7b_8bit_validation200_v5_banglish_pinned.jsonl,7,A
Qwen2.5-7B 8-bit,Qwen/Qwen2.5-7B-Instruct,english,English,benqa,mcq,choice,benqa_12th-Chemistry-II_0054,A,True,A,False,False,False,1,1,1,False,False,results/runs/qwen25_7b_8bit_validation200_v4_dev50_v2/results/runs/qwen25_7b_8bit_validation200_v4_dev50.jsonl,60,A
Qwen2.5-7B 8-bit,Qwen/Qwen2.5-7B-Instruct,bangla,Bangla,benqa,mcq,choice,benqa_12th-Chemistry-II_0067,C,True,C,False,False,False,1,1,1,False,False,results/runs/qwen25_7b_8bit_validation200_v4_test150/results/runs/qwen25_7b_8bit_validation200_v4_test150.jsonl,307,C
Qwen2.5-7B 8-bit,Qwen/Qwen2.5-7B-Instruct,banglish_clean,Reviewed Banglish,benqa,mcq,choice,benqa_12th-Chemistry-II_0067,C,False,D,False,False,False,1,1,1,False,False,results/runs/qwen25_7b_8bit_validation200_v5_banglish_pinned/results/runs/qwen2_5_7b_8bit_validation200_v5_banglish_pinned.jsonl,95,D
Qwen2.5-7B 8-bit,Qwen/Qwen2.5-7B-Instruct,english,English,benqa,mcq,choice,benqa_12th-Chemistry-II_0067,C,True,C,False,False,False,1,1,1,False,False,results/runs/qwen25_7b_8bit_validation200_v4_test150/results/runs/qwen25_7b_8bit_validation200_v4_test150.jsonl,309,C
Qwen2.5-7B 8-bit,Qwen/Qwen2.5-7B-Instruct,bangla,Bangla,benqa,mcq,choice,benqa_12th-Chemistry-II_0117,C,True,C,False,False,False,1,1,1,False,False,results/runs/qwen25_7b_8bit_validation200_v4_test150/results/runs/qwen25_7b_8bit_validation200_v4_test150.jsonl,448,C
Qwen2.5-7B 8-bit,Qwen/Qwen2.5-7B-Instruct,banglish_clean,Reviewed Banglish,benqa,mcq,choice,benqa_12th-Chemistry-II_0117,C,False,B,False,False,False,1,1,1,False,False,results/runs/qwen25_7b_8bit_validation200_v5_banglish_pinned/results/runs/qwen2_5_7b_8bit_validation200_v5_banglish_pinned.jsonl,157,B
Qwen2.5-7B 8-bit,Qwen/Qwen2.5-7B-Instruct,english,English,benqa,mcq,choice,benqa_12th-Chemistry-II_0117,C,True,C,False,False,False,1,1,1,False,False,results/runs/qwen25_7b_8bit_validation200_v4_test150/results/runs/qwen25_7b_8bit_validation200_v4_test150.jsonl,450,C
Qwen2.5-7B 8-bit,Qwen/Qwen2.5-7B-Instruct,bangla,Bangla,benqa,mcq,choice,benqa_12th-Chemistry-II_0194,A,True,A,False,False,False,1,1,1,False,False,results/runs/qwen25_7b_8bit_validation200_v4_test150/results/runs/qwen25_7b_8bit_validation200_v4_test150.jsonl,256,A
Qwen2.5-7B 8-bit,Qwen/Qwen2.5-7B-Instruct,banglish_clean,Reviewed Banglish,benqa,mcq,choice,benqa_12th-Chemistry-II_0194,A,True,A,False,False,False,1,1,1,False,False,results/runs/qwen25_7b_8bit_validation200_v5_banglish_pinned/results/runs/qwen2_5_7b_8bit_validation200_v5_banglish_pinned.jsonl,5,A
Qwen2.5-7B 8-bit,Qwen/Qwen2.5-7B-Instruct,english,English,benqa,mcq,choice,benqa_12th-Chemistry-II_0194,A,True,A,False,False,False,1,1,1,False,False,results/runs/qwen25_7b_8bit_validation200_v4_test150/results/runs/qwen25_7b_8bit_validation200_v4_test150.jsonl,258,A
Qwen2.5-7B 8-bit,Qwen/Qwen2.5-7B-Instruct,bangla,Bangla,benqa,mcq,choice,benqa_12th-Chemistry-II_0228,C,False,D,False,False,False,1,1,1,False,False,results/runs/qwen25_7b_8bit_validation200_v4_test150/results/runs/qwen25_7b_8bit_validation200_v4_test150.jsonl,379,D
Qwen2.5-7B 8-bit,Qwen/Qwen2.5-7B-Instruct,banglish_clean,Reviewed Banglish,benqa,mcq,choice,benqa_12th-Chemistry-II_0228,C,True,C,False,False,False,1,1,1,False,False,results/runs/qwen25_7b_8bit_validation200_v5_banglish_pinned/results/runs/qwen2_5_7b_8bit_validation200_v5_banglish_pinned.jsonl,179,C
Qwen2.5-7B 8-bit,Qwen/Qwen2.5-7B-Instruct,english,English,benqa,mcq,choice,benqa_12th-Chemistry-II_0228,C,True,C,False,False,False,1,1,1,False,False,results/runs/qwen25_7b_8bit_validation200_v4_test150/results/runs/qwen25_7b_8bit_validation200_v4_test150.jsonl,381,C
Qwen2.5-7B 8-bit,Qwen/Qwen2.5-7B-Instruct,bangla,Bangla,benqa,mcq,choice,benqa_12th-Chemistry-II_0235,A,True,A,False,False,False,1,1,1,False,False,results/runs/qwen25_7b_8bit_validation200_v4_test150/results/runs/qwen25_7b_8bit_validation200_v4_test150.jsonl,418,A
Qwen2.5-7B 8-bit,Qwen/Qwen2.5-7B-Instruct,banglish_clean,Reviewed Banglish,benqa,mcq,choice,benqa_12th-Chemistry-II_0235,A,False,B,False,False,False,1,1,1,False,False,results/runs/qwen25_7b_8bit_validation200_v5_banglish_pinned/results/runs/qwen2_5_7b_8bit_validation200_v5_banglish_pinned.jsonl,184,B
Qwen2.5-7B 8-bit,Qwen/Qwen2.5-7B-Instruct,english,English,benqa,mcq,choice,benqa_12th-Chemistry-II_0235,A,True,A,False,False,False,1,1,1,False,False,results/runs/qwen25_7b_8bit_validation200_v4_test150/results/runs/qwen25_7b_8bit_validation200_v4_test150.jsonl,420,A
Qwen2.5-7B 8-bit,Qwen/Qwen2.5-7B-Instruct,bangla,Bangla,benqa,mcq,choice,benqa_12th-Chemistry-II_0240,B,False,C,False,False,False,1,1,1,False,False,results/runs/qwen25_7b_8bit_validation200_v4_dev50_v2/results/runs/qwen25_7b_8bit_validation200_v4_dev50.jsonl,133,C
Qwen2.5-7B 8-bit,Qwen/Qwen2.5-7B-Instruct,banglish_clean,Reviewed Banglish,benqa,mcq,choice,benqa_12th-Chemistry-II_0240,B,True,B,False,False,False,1,1,1,False,False,results/runs/qwen25_7b_8bit_validation200_v5_banglish_pinned/results/runs/qwen2_5_7b_8bit_validation200_v5_banglish_pinned.jsonl,2,B
Qwen2.5-7B 8-bit,Qwen/Qwen2.5-7B-Instruct,english,English,benqa,mcq,choice,benqa_12th-Chemistry-II_0240,B,True,B,False,False,False,1,1,1,False,False,results/runs/qwen25_7b_8bit_validation200_v4_dev50_v2/results/runs/qwen25_7b_8bit_validation200_v4_dev50.jsonl,135,B
Qwen2.5-7B 8-bit,Qwen/Qwen2.5-7B-Instruct,bangla,Bangla,benqa,mcq,choice,benqa_12th-Chemistry-II_0294,C,False,A,False,False,False,1,1,1,False,False,results/runs/qwen25_7b_8bit_validation200_v4_test150/results/runs/qwen25_7b_8bit_validation200_v4_test150.jsonl,148,A
Qwen2.5-7B 8-bit,Qwen/Qwen2.5-7B-Instruct,banglish_clean,Reviewed Banglish,benqa,mcq,choice,benqa_12th-Chemistry-II_0294,C,False,A,False,False,False,1,1,1,False,False,results/runs/qwen25_7b_8bit_validation200_v5_banglish_pinned/results/runs/qwen2_5_7b_8bit_validation200_v5_banglish_pinned.jsonl,47,A
Qwen2.5-7B 8-bit,Qwen/Qwen2.5-7B-Instruct,english,English,benqa,mcq,choice,benqa_12th-Chemistry-II_0294,C,False,A,False,False,False,1,1,1,False,False,results/runs/qwen25_7b_8bit_validation200_v4_test150/results/runs/qwen25_7b_8bit_validation200_v4_test150.jsonl,150,A
Qwen2.5-7B 8-bit,Qwen/Qwen2.5-7B-Instruct,bangla,Bangla,benqa,mcq,choice,benqa_12th-Chemistry-II_0305,D,False,B,False,False,False,1,1,1,False,False,results/runs/qwen25_7b_8bit_validation200_v4_dev50_v2/results/runs/qwen25_7b_8bit_validation200_v4_dev50.jsonl,118,B
Qwen2.5-7B 8-bit,Qwen/Qwen2.5-7B-Instruct,banglish_clean,Reviewed Banglish,benqa,mcq,choice,benqa_12th-Chemistry-II_0305,D,False,B,False,False,False,1,1,1,False,False,results/runs/qwen25_7b_8bit_validation200_v5_banglish_pinned/results/runs/qwen2_5_7b_8bit_validation200_v5_banglish_pinned.jsonl,162,B
Qwen2.5-7B 8-bit,Qwen/Qwen2.5-7B-Instruct,english,English,benqa,mcq,choice,benqa_12th-Chemistry-II_0305,D,False,B,False,False,False,1,1,1,False,False,results/runs/qwen25_7b_8bit_validation200_v4_dev50_v2/results/runs/qwen25_7b_8bit_validation200_v4_dev50.jsonl,120,B
Qwen2.5-7B 8-bit,Qwen/Qwen2.5-7B-Instruct,bangla,Bangla,benqa,mcq,choice,benqa_12th-Chemistry-II_0354,B,False,A,False,False,False,1,1,1,False,False,results/runs/qwen25_7b_8bit_validation200_v4_test150/results/runs/qwen25_7b_8bit_validation200_v4_test150.jsonl,139,A
Qwen2.5-7B 8-bit,Qwen/Qwen2.5-7B-Instruct,banglish_clean,Reviewed Banglish,benqa,mcq,choice,benqa_12th-Chemistry-II_0354,B,False,A,False,False,False,1,1,1,False,False,results/runs/qwen25_7b_8bit_validation200_v5_banglish_pinned/results/runs/qwen2_5_7b_8bit_validation200_v5_banglish_pinned.jsonl,39,A
Qwen2.5-7B 8-bit,Qwen/Qwen2.5-7B-Instruct,english,English,benqa,mcq,choice,benqa_12th-Chemistry-II_0354,B,True,B,False,False,False,1,1,1,False,False,results/runs/qwen25_7b_8bit_validation200_v4_test150/results/runs/qwen25_7b_8bit_validation200_v4_test150.jsonl,141,B
Qwen2.5-7B 8-bit,Qwen/Qwen2.5-7B-Instruct,bangla,Bangla,benqa,mcq,choice,benqa_12th-Chemistry-I_0028,B,True,B,False,False,False,1,1,1,False,False,results/runs/qwen25_7b_8bit_validation200_v4_test150/results/runs/qwen25_7b_8bit_validation200_v4_test150.jsonl,4,B
Qwen2.5-7B 8-bit,Qwen/Qwen2.5-7B-Instruct,banglish_clean,Reviewed Banglish,benqa,mcq,choice,benqa_12th-Chemistry-I_0028,B,False,C,False,False,False,1,1,1,False,False,results/runs/qwen25_7b_8bit_validation200_v5_banglish_pinned/results/runs/qwen2_5_7b_8bit_validation200_v5_banglish_pinned.jsonl,115,C
Qwen2.5-7B 8-bit,Qwen/Qwen2.5-7B-Instruct,english,English,benqa,mcq,choice,benqa_12th-Chemistry-I_0028,B,True,B,False,False,False,1,1,1,False,False,results/runs/qwen25_7b_8bit_validation200_v4_test150/results/runs/qwen25_7b_8bit_validation200_v4_test150.jsonl,6,B
Qwen2.5-7B 8-bit,Qwen/Qwen2.5-7B-Instruct,bangla,Bangla,benqa,mcq,choice,benqa_12th-Chemistry-I_0037,C,False,D,False,False,False,1,1,1,False,False,results/runs/qwen25_7b_8bit_validation200_v4_test150/results/runs/qwen25_7b_8bit_validation200_v4_test150.jsonl,127,D
Qwen2.5-7B 8-bit,Qwen/Qwen2.5-7B-Instruct,banglish_clean,Reviewed Banglish,benqa,mcq,choice,benqa_12th-Chemistry-I_0037,C,False,D,False,False,False,1,1,1,False,False,results/runs/qwen25_7b_8bit_validation200_v5_banglish_pinned/results/runs/qwen2_5_7b_8bit_validation200_v5_banglish_pinned.jsonl,96,D
Qwen2.5-7B 8-bit,Qwen/Qwen2.5-7B-Instruct,english,English,benqa,mcq,choice,benqa_12th-Chemistry-I_0037,C,True,C,False,False,False,1,1,1,False,False,results/runs/qwen25_7b_8bit_validation200_v4_test150/results/runs/qwen25_7b_8bit_validation200_v4_test150.jsonl,129,C
Qwen2.5-7B 8-bit,Qwen/Qwen2.5-7B-Instruct,bangla,Bangla,benqa,mcq,choice,benqa_12th-Chemistry-I_0140,D,False,B,False,False,False,1,1,1,False,False,results/runs/qwen25_7b_8bit_validation200_v4_dev50_v2/results/runs/qwen25_7b_8bit_validation200_v4_dev50.jsonl,79,B
Qwen2.5-7B 8-bit,Qwen/Qwen2.5-7B-Instruct,banglish_clean,Reviewed Banglish,benqa,mcq,choice,benqa_12th-Chemistry-I_0140,D,False,B,False,False,False,1,1,1,False,False,results/runs/qwen25_7b_8bit_validation200_v5_banglish_pinned/results/runs/qwen2_5_7b_8bit_validation200_v5_banglish_pinned.jsonl,126,B
Qwen2.5-7B 8-bit,Qwen/Qwen2.5-7B-Instruct,english,English,benqa,mcq,choice,benqa_12th-Chemistry-I_0140,D,False,B,False,False,False,1,1,1,False,False,results/runs/qwen25_7b_8bit_validation200_v4_dev50_v2/results/runs/qwen25_7b_8bit_validation200_v4_dev50.jsonl,81,B
Qwen2.5-7B 8-bit,Qwen/Qwen2.5-7B-Instruct,bangla,Bangla,benqa,mcq,choice,benqa_12th-Chemistry-I_0174,A,True,A,False,False,False,1,1,1,False,False,results/runs/qwen25_7b_8bit_validation200_v4_test150/results/runs/qwen25_7b_8bit_validation200_v4_test150.jsonl,358,A
Qwen2.5-7B 8-bit,Qwen/Qwen2.5-7B-Instruct,banglish_clean,Reviewed Banglish,benqa,mcq,choice,benqa_12th-Chemistry-I_0174,A,False,D,False,False,False,1,1,1,False,False,results/runs/qwen25_7b_8bit_validation200_v5_banglish_pinned/results/runs/qwen2_5_7b_8bit_validation200_v5_banglish_pinned.jsonl,30,D
Qwen2.5-7B 8-bit,Qwen/Qwen2.5-7B-Instruct,english,English,benqa,mcq,choice,benqa_12th-Chemistry-I_0174,A,True,A,False,False,False,1,1,1,False,False,results/runs/qwen25_7b_8bit_validation200_v4_test150/results/runs/qwen25_7b_8bit_validation200_v4_test150.jsonl,360,A
Qwen2.5-7B 8-bit,Qwen/Qwen2.5-7B-Instruct,bangla,Bangla,benqa,mcq,choice,benqa_12th-Chemistry-I_0190,B,False,A,False,False,False,1,1,1,False,False,results/runs/qwen25_7b_8bit_validation200_v4_dev50_v2/results/runs/qwen25_7b_8bit_validation200_v4_dev50.jsonl,82,A
Qwen2.5-7B 8-bit,Qwen/Qwen2.5-7B-Instruct,banglish_clean,Reviewed Banglish,benqa,mcq,choice,benqa_12th-Chemistry-I_0190,B,False,C,False,False,False,1,1,1,False,False,results/runs/qwen25_7b_8bit_validation200_v5_banglish_pinned/results/runs/qwen2_5_7b_8bit_validation200_v5_banglish_pinned.jsonl,138,C
Qwen2.5-7B 8-bit,Qwen/Qwen2.5-7B-Instruct,english,English,benqa,mcq,choice,benqa_12th-Chemistry-I_0190,B,True,B,False,False,False,1,1,1,False,False,results/runs/qwen25_7b_8bit_validation200_v4_dev50_v2/results/runs/qwen25_7b_8bit_validation200_v4_dev50.jsonl,84,B
Qwen2.5-7B 8-bit,Qwen/Qwen2.5-7B-Instruct,bangla,Bangla,benqa,mcq,choice,benqa_12th-Chemistry-I_0218,D,False,B,False,False,False,1,1,1,False,False,results/runs/qwen25_7b_8bit_validation200_v4_test150/results/runs/qwen25_7b_8bit_validation200_v4_test150.jsonl,244,B
Qwen2.5-7B 8-bit,Qwen/Qwen2.5-7B-Instruct,banglish_clean,Reviewed Banglish,benqa,mcq,choice,benqa_12th-Chemistry-I_0218,D,False,B,False,False,False,1,1,1,False,False,results/runs/qwen25_7b_8bit_validation200_v5_banglish_pinned/results/runs/qwen2_5_7b_8bit_validation200_v5_banglish_pinned.jsonl,155,B
Qwen2.5-7B 8-bit,Qwen/Qwen2.5-7B-Instruct,english,English,benqa,mcq,choice,benqa_12th-Chemistry-I_0218,D,False,C,False,False,False,1,1,1,False,False,results/runs/qwen25_7b_8bit_validation200_v4_test150/results/runs/qwen25_7b_8bit_validation200_v4_test150.jsonl,246,C
Qwen2.5-7B 8-bit,Qwen/Qwen2.5-7B-Instruct,bangla,Bangla,benqa,mcq,choice,benqa_12th-Chemistry-I_0227,D,False,B,False,False,False,1,1,1,False,False,results/runs/qwen25_7b_8bit_validation200_v4_test150/results/runs/qwen25_7b_8bit_validation200_v4_test150.jsonl,346,B
Qwen2.5-7B 8-bit,Qwen/Qwen2.5-7B-Instruct,banglish_clean,Reviewed Banglish,benqa,mcq,choice,benqa_12th-Chemistry-I_0227,D,False,A,False,False,False,1,1,1,False,False,results/runs/qwen25_7b_8bit_validation200_v5_banglish_pinned/results/runs/qwen2_5_7b_8bit_validation200_v5_banglish_pinned.jsonl,65,A
Qwen2.5-7B 8-bit,Qwen/Qwen2.5-7B-Instruct,english,English,benqa,mcq,choice,benqa_12th-Chemistry-I_0227,D,False,B,False,False,False,1,1,1,False,False,results/runs/qwen25_7b_8bit_validation200_v4_test150/results/runs/qwen25_7b_8bit_validation200_v4_test150.jsonl,348,B
Qwen2.5-7B 8-bit,Qwen/Qwen2.5-7B-Instruct,bangla,Bangla,benqa,mcq,choice,benqa_12th-Chemistry-I_0260,D,True,D,False,False,False,1,1,1,False,False,results/runs/qwen25_7b_8bit_validation200_v4_test150/results/runs/qwen25_7b_8bit_validation200_v4_test150.jsonl,190,D
Qwen2.5-7B 8-bit,Qwen/Qwen2.5-7B-Instruct,banglish_clean,Reviewed Banglish,benqa,mcq,choice,benqa_12th-Chemistry-I_0260,D,False,C,False,False,False,1,1,1,False,False,results/runs/qwen25_7b_8bit_validation200_v5_banglish_pinned/results/runs/qwen2_5_7b_8bit_validation200_v5_banglish_pinned.jsonl,33,C
Qwen2.5-7B 8-bit,Qwen/Qwen2.5-7B-Instruct,english,English,benqa,mcq,choice,benqa_12th-Chemistry-I_0260,D,True,D,False,False,False,1,1,1,False,False,results/runs/qwen25_7b_8bit_validation200_v4_test150/results/runs/qwen25_7b_8bit_validation200_v4_test150.jsonl,192,D
Qwen2.5-7B 8-bit,Qwen/Qwen2.5-7B-Instruct,bangla,Bangla,benqa,mcq,choice,benqa_12th-Chemistry-I_0286,C,False,B,False,False,False,1,1,1,False,False,results/runs/qwen25_7b_8bit_validation200_v4_test150/results/runs/qwen25_7b_8bit_validation200_v4_test150.jsonl,442,B
Qwen2.5-7B 8-bit,Qwen/Qwen2.5-7B-Instruct,banglish_clean,Reviewed Banglish,benqa,mcq,choice,benqa_12th-Chemistry-I_0286,C,False,A,False,False,False,1,1,1,False,False,results/runs/qwen25_7b_8bit_validation200_v5_banglish_pinned/results/runs/qwen2_5_7b_8bit_validation200_v5_banglish_pinned.jsonl,149,A
Qwen2.5-7B 8-bit,Qwen/Qwen2.5-7B-Instruct,english,English,benqa,mcq,choice,benqa_12th-Chemistry-I_0286,C,False,B,False,False,False,1,1,1,False,False,results/runs/qwen25_7b_8bit_validation200_v4_test150/results/runs/qwen25_7b_8bit_validation200_v4_test150.jsonl,444,B
Qwen2.5-7B 8-bit,Qwen/Qwen2.5-7B-Instruct,bangla,Bangla,benqa,mcq,choice,benqa_12th-Chemistry-I_0303,D,True,D,False,False,False,1,1,1,False,False,results/runs/qwen25_7b_8bit_validation200_v4_dev50_v2/results/runs/qwen25_7b_8bit_validation200_v4_dev50.jsonl,49,D
Qwen2.5-7B 8-bit,Qwen/Qwen2.5-7B-Instruct,banglish_clean,Reviewed Banglish,benqa,mcq,choice,benqa_12th-Chemistry-I_0303,D,True,D,False,False,False,1,1,1,False,False,results/runs/qwen25_7b_8bit_validation200_v5_banglish_pinned/results/runs/qwen2_5_7b_8bit_validation200_v5_banglish_pinned.jsonl,129,D
Qwen2.5-7B 8-bit,Qwen/Qwen2.5-7B-Instruct,english,English,benqa,mcq,choice,benqa_12th-Chemistry-I_0303,D,True,D,False,False,False,1,1,1,False,False,results/runs/qwen25_7b_8bit_validation200_v4_dev50_v2/results/runs/qwen25_7b_8bit_validation200_v4_dev50.jsonl,51,D
Qwen2.5-7B 8-bit,Qwen/Qwen2.5-7B-Instruct,bangla,Bangla,benqa,mcq,choice,benqa_12th-Chemistry-I_0328,B,True,B,False,False,False,1,1,1,False,False,results/runs/qwen25_7b_8bit_validation200_v4_test150/results/runs/qwen25_7b_8bit_validation200_v4_test150.jsonl,259,B
Qwen2.5-7B 8-bit,Qwen/Qwen2.5-7B-Instruct,banglish_clean,Reviewed Banglish,benqa,mcq,choice,benqa_12th-Chemistry-I_0328,B,True,B,False,False,False,1,1,1,False,False,results/runs/qwen25_7b_8bit_validation200_v5_banglish_pinned/results/runs/qwen2_5_7b_8bit_validation200_v5_banglish_pinned.jsonl,80,B
Qwen2.5-7B 8-bit,Qwen/Qwen2.5-7B-Instruct,english,English,benqa,mcq,choice,benqa_12th-Chemistry-I_0328,B,True,B,False,False,False,1,1,1,False,False,results/runs/qwen25_7b_8bit_validation200_v4_test150/results/runs/qwen25_7b_8bit_validation200_v4_test150.jsonl,261,B
Qwen2.5-7B 8-bit,Qwen/Qwen2.5-7B-Instruct,bangla,Bangla,benqa,mcq,choice,benqa_12th-Math-II_0043,D,False,B,False,False,False,1,1,1,False,False,results/runs/qwen25_7b_8bit_validation200_v4_test150/results/runs/qwen25_7b_8bit_validation200_v4_test150.jsonl,133,B
Qwen2.5-7B 8-bit,Qwen/Qwen2.5-7B-Instruct,banglish_clean,Reviewed Banglish,benqa,mcq,choice,benqa_12th-Math-II_0043,D,False,B,False,False,False,1,1,1,False,False,results/runs/qwen25_7b_8bit_validation200_v5_banglish_pinned/results/runs/qwen2_5_7b_8bit_validation200_v5_banglish_pinned.jsonl,63,B
Qwen2.5-7B 8-bit,Qwen/Qwen2.5-7B-Instruct,english,English,benqa,mcq,choice,benqa_12th-Math-II_0043,D,False,C,False,False,False,1,1,1,False,False,results/runs/qwen25_7b_8bit_validation200_v4_test150/results/runs/qwen25_7b_8bit_validation200_v4_test150.jsonl,135,C
Qwen2.5-7B 8-bit,Qwen/Qwen2.5-7B-Instruct,bangla,Bangla,benqa,mcq,choice,benqa_12th-Math-II_0214,C,False,B,False,False,False,1,1,1,False,False,results/runs/qwen25_7b_8bit_validation200_v4_test150/results/runs/qwen25_7b_8bit_validation200_v4_test150.jsonl,52,B
Qwen2.5-7B 8-bit,Qwen/Qwen2.5-7B-Instruct,banglish_clean,Reviewed Banglish,benqa,mcq,choice,benqa_12th-Math-II_0214,C,False,B,False,False,False,1,1,1,False,False,results/runs/qwen25_7b_8bit_validation200_v5_banglish_pinned/results/runs/qwen2_5_7b_8bit_validation200_v5_banglish_pinned.jsonl,101,B
Qwen2.5-7B 8-bit,Qwen/Qwen2.5-7B-Instruct,english,English,benqa,mcq,choice,benqa_12th-Math-II_0214,C,False,B,False,False,False,1,1,1,False,False,results/runs/qwen25_7b_8bit_validation200_v4_test150/results/runs/qwen25_7b_8bit_validation200_v4_test150.jsonl,54,B
Qwen2.5-7B 8-bit,Qwen/Qwen2.5-7B-Instruct,bangla,Bangla,benqa,mcq,choice,benqa_12th-Math-II_0230,D,False,C,False,False,False,1,1,1,False,False,results/runs/qwen25_7b_8bit_validation200_v4_dev50_v2/results/runs/qwen25_7b_8bit_validation200_v4_dev50.jsonl,22,C
Qwen2.5-7B 8-bit,Qwen/Qwen2.5-7B-Instruct,banglish_clean,Reviewed Banglish,benqa,mcq,choice,benqa_12th-Math-II_0230,D,True,D,False,False,False,1,1,1,False,False,results/runs/qwen25_7b_8bit_validation200_v5_banglish_pinned/results/runs/qwen2_5_7b_8bit_validation200_v5_banglish_pinned.jsonl,70,D
Qwen2.5-7B 8-bit,Qwen/Qwen2.5-7B-Instruct,english,English,benqa,mcq,choice,benqa_12th-Math-II_0230,D,False,C,False,False,False,1,1,1,False,False,results/runs/qwen25_7b_8bit_validation200_v4_dev50_v2/results/runs/qwen25_7b_8bit_validation200_v4_dev50.jsonl,24,C
Qwen2.5-7B 8-bit,Qwen/Qwen2.5-7B-Instruct,bangla,Bangla,benqa,mcq,choice,benqa_12th-Math-II_0234,A,True,A,False,False,False,1,1,1,False,False,results/runs/qwen25_7b_8bit_validation200_v4_dev50_v2/results/runs/qwen25_7b_8bit_validation200_v4_dev50.jsonl,19,A
Qwen2.5-7B 8-bit,Qwen/Qwen2.5-7B-Instruct,banglish_clean,Reviewed Banglish,benqa,mcq,choice,benqa_12th-Math-II_0234,A,False,B,False,False,False,1,1,1,False,False,results/runs/qwen25_7b_8bit_validation200_v5_banglish_pinned/results/runs/qwen2_5_7b_8bit_validation200_v5_banglish_pinned.jsonl,9,B
Qwen2.5-7B 8-bit,Qwen/Qwen2.5-7B-Instruct,english,English,benqa,mcq,choice,benqa_12th-Math-II_0234,A,True,A,False,False,False,1,1,1,False,False,results/runs/qwen25_7b_8bit_validation200_v4_dev50_v2/results/runs/qwen25_7b_8bit_validation200_v4_dev50.jsonl,21,A
Qwen2.5-7B 8-bit,Qwen/Qwen2.5-7B-Instruct,bangla,Bangla,benqa,mcq,choice,benqa_12th-Math-I_0029,B,False,A,False,False,False,1,1,1,False,False,results/runs/qwen25_7b_8bit_validation200_v4_test150/results/runs/qwen25_7b_8bit_validation200_v4_test150.jsonl,10,A
Qwen2.5-7B 8-bit,Qwen/Qwen2.5-7B-Instruct,banglish_clean,Reviewed Banglish,benqa,mcq,choice,benqa_12th-Math-I_0029,B,False,A,False,False,False,1,1,1,False,False,results/runs/qwen25_7b_8bit_validation200_v5_banglish_pinned/results/runs/qwen2_5_7b_8bit_validation200_v5_banglish_pinned.jsonl,141,A
Qwen2.5-7B 8-bit,Qwen/Qwen2.5-7B-Instruct,english,English,benqa,mcq,choice,benqa_12th-Math-I_0029,B,True,B,False,False,False,1,1,1,False,False,results/runs/qwen25_7b_8bit_validation200_v4_test150/results/runs/qwen25_7b_8bit_validation200_v4_test150.jsonl,12,B
Qwen2.5-7B 8-bit,Qwen/Qwen2.5-7B-Instruct,bangla,Bangla,benqa,mcq,choice,benqa_12th-Math-I_0088,C,False,A,False,False,False,1,1,1,False,False,results/runs/qwen25_7b_8bit_validation200_v4_dev50_v2/results/runs/qwen25_7b_8bit_validation200_v4_dev50.jsonl,37,A
Qwen2.5-7B 8-bit,Qwen/Qwen2.5-7B-Instruct,banglish_clean,Reviewed Banglish,benqa,mcq,choice,benqa_12th-Math-I_0088,C,False,B,False,False,False,1,1,1,False,False,results/runs/qwen25_7b_8bit_validation200_v5_banglish_pinned/results/runs/qwen2_5_7b_8bit_validation200_v5_banglish_pinned.jsonl,62,B
Qwen2.5-7B 8-bit,Qwen/Qwen2.5-7B-Instruct,english,English,benqa,mcq,choice,benqa_12th-Math-I_0088,C,False,A,False,False,False,1,1,1,False,False,results/runs/qwen25_7b_8bit_validation200_v4_dev50_v2/results/runs/qwen25_7b_8bit_validation200_v4_dev50.jsonl,39,A
Qwen2.5-7B 8-bit,Qwen/Qwen2.5-7B-Instruct,bangla,Bangla,benqa,mcq,choice,benqa_12th-Math-I_0120,D,False,C,False,False,False,1,1,1,False,False,results/runs/qwen25_7b_8bit_validation200_v4_dev50_v2/results/runs/qwen25_7b_8bit_validation200_v4_dev50.jsonl,91,C
Qwen2.5-7B 8-bit,Qwen/Qwen2.5-7B-Instruct,banglish_clean,Reviewed Banglish,benqa,mcq,choice,benqa_12th-Math-I_0120,D,False,B,False,False,False,1,1,1,False,False,results/runs/qwen25_7b_8bit_validation200_v5_banglish_pinned/results/runs/qwen2_5_7b_8bit_validation200_v5_banglish_pinned.jsonl,50,B
Qwen2.5-7B 8-bit,Qwen/Qwen2.5-7B-Instruct,english,English,benqa,mcq,choice,benqa_12th-Math-I_0120,D,False,C,False,False,False,1,1,1,False,False,results/runs/qwen25_7b_8bit_validation200_v4_dev50_v2/results/runs/qwen25_7b_8bit_validation200_v4_dev50.jsonl,93,C
Qwen2.5-7B 8-bit,Qwen/Qwen2.5-7B-Instruct,bangla,Bangla,benqa,mcq,choice,benqa_12th-Math-I_0186,A,False,B,False,False,False,1,1,1,False,False,results/runs/qwen25_7b_8bit_validation200_v4_test150/results/runs/qwen25_7b_8bit_validation200_v4_test150.jsonl,49,B
Qwen2.5-7B 8-bit,Qwen/Qwen2.5-7B-Instruct,banglish_clean,Reviewed Banglish,benqa,mcq,choice,benqa_12th-Math-I_0186,A,True,A,False,False,False,1,1,1,False,False,results/runs/qwen25_7b_8bit_validation200_v5_banglish_pinned/results/runs/qwen2_5_7b_8bit_validation200_v5_banglish_pinned.jsonl,83,A
Qwen2.5-7B 8-bit,Qwen/Qwen2.5-7B-Instruct,english,English,benqa,mcq,choice,benqa_12th-Math-I_0186,A,True,A,False,False,False,1,1,1,False,False,results/runs/qwen25_7b_8bit_validation200_v4_test150/results/runs/qwen25_7b_8bit_validation200_v4_test150.jsonl,51,A
Qwen2.5-7B 8-bit,Qwen/Qwen2.5-7B-Instruct,bangla,Bangla,benqa,mcq,choice,benqa_12th-Math-I_0187,B,False,D,False,False,False,1,1,1,False,False,results/runs/qwen25_7b_8bit_validation200_v4_test150/results/runs/qwen25_7b_8bit_validation200_v4_test150.jsonl,187,D
Qwen2.5-7B 8-bit,Qwen/Qwen2.5-7B-Instruct,banglish_clean,Reviewed Banglish,benqa,mcq,choice,benqa_12th-Math-I_0187,B,True,B,False,False,False,1,1,1,False,False,results/runs/qwen25_7b_8bit_validation200_v5_banglish_pinned/results/runs/qwen2_5_7b_8bit_validation200_v5_banglish_pinned.jsonl,146,B
Qwen2.5-7B 8-bit,Qwen/Qwen2.5-7B-Instruct,english,English,benqa,mcq,choice,benqa_12th-Math-I_0187,B,False,D,False,False,False,1,1,1,False,False,results/runs/qwen25_7b_8bit_validation200_v4_test150/results/runs/qwen25_7b_8bit_validation200_v4_test150.jsonl,189,D
Qwen2.5-7B 8-bit,Qwen/Qwen2.5-7B-Instruct,bangla,Bangla,benqa,mcq,choice,benqa_12th-Math-I_0202,B,True,B,False,False,False,1,1,1,False,False,results/runs/qwen25_7b_8bit_validation200_v4_dev50_v2/results/runs/qwen25_7b_8bit_validation200_v4_dev50.jsonl,34,B
Qwen2.5-7B 8-bit,Qwen/Qwen2.5-7B-Instruct,banglish_clean,Reviewed Banglish,benqa,mcq,choice,benqa_12th-Math-I_0202,B,True,B,False,False,False,1,1,1,False,False,results/runs/qwen25_7b_8bit_validation200_v5_banglish_pinned/results/runs/qwen2_5_7b_8bit_validation200_v5_banglish_pinned.jsonl,171,B
Qwen2.5-7B 8-bit,Qwen/Qwen2.5-7B-Instruct,english,English,benqa,mcq,choice,benqa_12th-Math-I_0202,B,True,B,False,False,False,1,1,1,False,False,results/runs/qwen25_7b_8bit_validation200_v4_dev50_v2/results/runs/qwen25_7b_8bit_validation200_v4_dev50.jsonl,36,B
Qwen2.5-7B 8-bit,Qwen/Qwen2.5-7B-Instruct,bangla,Bangla,benqa,mcq,choice,benqa_12th-Math-I_0218,A,True,A,False,False,False,1,1,1,False,False,results/runs/qwen25_7b_8bit_validation200_v4_test150/results/runs/qwen25_7b_8bit_validation200_v4_test150.jsonl,124,A
Qwen2.5-7B 8-bit,Qwen/Qwen2.5-7B-Instruct,banglish_clean,Reviewed Banglish,benqa,mcq,choice,benqa_12th-Math-I_0218,A,True,A,False,False,False,1,1,1,False,False,results/runs/qwen25_7b_8bit_validation200_v5_banglish_pinned/results/runs/qwen2_5_7b_8bit_validation200_v5_banglish_pinned.jsonl,61,A
Qwen2.5-7B 8-bit,Qwen/Qwen2.5-7B-Instruct,english,English,benqa,mcq,choice,benqa_12th-Math-I_0218,A,True,A,False,False,False,1,1,1,False,False,results/runs/qwen25_7b_8bit_validation200_v4_test150/results/runs/qwen25_7b_8bit_validation200_v4_test150.jsonl,126,A
Qwen2.5-7B 8-bit,Qwen/Qwen2.5-7B-Instruct,bangla,Bangla,benqa,mcq,choice,benqa_12th-Math-I_0310,B,True,B,False,False,False,1,1,1,False,False,results/runs/qwen25_7b_8bit_validation200_v4_test150/results/runs/qwen25_7b_8bit_validation200_v4_test150.jsonl,406,B
Qwen2.5-7B 8-bit,Qwen/Qwen2.5-7B-Instruct,banglish_clean,Reviewed Banglish,benqa,mcq,choice,benqa_12th-Math-I_0310,B,True,B,False,False,False,1,1,1,False,False,results/runs/qwen25_7b_8bit_validation200_v5_banglish_pinned/results/runs/qwen2_5_7b_8bit_validation200_v5_banglish_pinned.jsonl,88,B
Qwen2.5-7B 8-bit,Qwen/Qwen2.5-7B-Instruct,english,English,benqa,mcq,choice,benqa_12th-Math-I_0310,B,True,B,False,False,False,1,1,1,False,False,results/runs/qwen25_7b_8bit_validation200_v4_test150/results/runs/qwen25_7b_8bit_validation200_v4_test150.jsonl,408,B
Qwen2.5-7B 8-bit,Qwen/Qwen2.5-7B-Instruct,bangla,Bangla,benqa,mcq,choice,benqa_12th-Math-I_0326,B,False,A,False,False,False,1,1,1,False,False,results/runs/qwen25_7b_8bit_validation200_v4_test150/results/runs/qwen25_7b_8bit_validation200_v4_test150.jsonl,76,A
Qwen2.5-7B 8-bit,Qwen/Qwen2.5-7B-Instruct,banglish_clean,Reviewed Banglish,benqa,mcq,choice,benqa_12th-Math-I_0326,B,False,A,False,False,False,1,1,1,False,False,results/runs/qwen25_7b_8bit_validation200_v5_banglish_pinned/results/runs/qwen2_5_7b_8bit_validation200_v5_banglish_pinned.jsonl,112,A
Qwen2.5-7B 8-bit,Qwen/Qwen2.5-7B-Instruct,english,English,benqa,mcq,choice,benqa_12th-Math-I_0326,B,False,A,False,False,False,1,1,1,False,False,results/runs/qwen25_7b_8bit_validation200_v4_test150/results/runs/qwen25_7b_8bit_validation200_v4_test150.jsonl,78,A
Qwen2.5-7B 8-bit,Qwen/Qwen2.5-7B-Instruct,bangla,Bangla,benqa,mcq,choice,benqa_12th-Math-I_0342,C,True,C,False,False,False,1,1,1,False,False,results/runs/qwen25_7b_8bit_validation200_v4_test150/results/runs/qwen25_7b_8bit_validation200_v4_test150.jsonl,385,C
Qwen2.5-7B 8-bit,Qwen/Qwen2.5-7B-Instruct,banglish_clean,Reviewed Banglish,benqa,mcq,choice,benqa_12th-Math-I_0342,C,False,D,False,False,False,1,1,1,False,False,results/runs/qwen25_7b_8bit_validation200_v5_banglish_pinned/results/runs/qwen2_5_7b_8bit_validation200_v5_banglish_pinned.jsonl,21,D
Qwen2.5-7B 8-bit,Qwen/Qwen2.5-7B-Instruct,english,English,benqa,mcq,choice,benqa_12th-Math-I_0342,C,False,D,False,False,False,1,1,1,False,False,results/runs/qwen25_7b_8bit_validation200_v4_test150/results/runs/qwen25_7b_8bit_validation200_v4_test150.jsonl,387,D
Qwen2.5-7B 8-bit,Qwen/Qwen2.5-7B-Instruct,bangla,Bangla,benqa,mcq,choice,benqa_12th-Math-I_0383,D,True,D,False,False,False,1,1,1,False,False,results/runs/qwen25_7b_8bit_validation200_v4_test150/results/runs/qwen25_7b_8bit_validation200_v4_test150.jsonl,31,D
Qwen2.5-7B 8-bit,Qwen/Qwen2.5-7B-Instruct,banglish_clean,Reviewed Banglish,benqa,mcq,choice,benqa_12th-Math-I_0383,D,True,D,False,False,False,1,1,1,False,False,results/runs/qwen25_7b_8bit_validation200_v5_banglish_pinned/results/runs/qwen2_5_7b_8bit_validation200_v5_banglish_pinned.jsonl,118,D
Qwen2.5-7B 8-bit,Qwen/Qwen2.5-7B-Instruct,english,English,benqa,mcq,choice,benqa_12th-Math-I_0383,D,True,D,False,False,False,1,1,1,False,False,results/runs/qwen25_7b_8bit_validation200_v4_test150/results/runs/qwen25_7b_8bit_validation200_v4_test150.jsonl,33,D
Qwen2.5-7B 8-bit,Qwen/Qwen2.5-7B-Instruct,bangla,Bangla,benqa,mcq,choice,benqa_12th-Physics-II_0037,B,False,D,False,False,False,1,1,1,False,False,results/runs/qwen25_7b_8bit_validation200_v4_test150/results/runs/qwen25_7b_8bit_validation200_v4_test150.jsonl,235,D
Qwen2.5-7B 8-bit,Qwen/Qwen2.5-7B-Instruct,banglish_clean,Reviewed Banglish,benqa,mcq,choice,benqa_12th-Physics-II_0037,B,True,B,False,False,False,1,1,1,False,False,results/runs/qwen25_7b_8bit_validation200_v5_banglish_pinned/results/runs/qwen2_5_7b_8bit_validation200_v5_banglish_pinned.jsonl,68,B
Qwen2.5-7B 8-bit,Qwen/Qwen2.5-7B-Instruct,english,English,benqa,mcq,choice,benqa_12th-Physics-II_0037,B,False,C,False,False,False,1,1,1,False,False,results/runs/qwen25_7b_8bit_validation200_v4_test150/results/runs/qwen25_7b_8bit_validation200_v4_test150.jsonl,237,C
Qwen2.5-7B 8-bit,Qwen/Qwen2.5-7B-Instruct,bangla,Bangla,benqa,mcq,choice,benqa_12th-Physics-II_0046,C,False,B,False,False,False,1,1,1,False,False,results/runs/qwen25_7b_8bit_validation200_v4_test150/results/runs/qwen25_7b_8bit_validation200_v4_test150.jsonl,112,B
Qwen2.5-7B 8-bit,Qwen/Qwen2.5-7B-Instruct,banglish_clean,Reviewed Banglish,benqa,mcq,choice,benqa_12th-Physics-II_0046,C,False,D,False,False,False,1,1,1,False,False,results/runs/qwen25_7b_8bit_validation200_v5_banglish_pinned/results/runs/qwen2_5_7b_8bit_validation200_v5_banglish_pinned.jsonl,82,D
Qwen2.5-7B 8-bit,Qwen/Qwen2.5-7B-Instruct,english,English,benqa,mcq,choice,benqa_12th-Physics-II_0046,C,False,B,False,False,False,1,1,1,False,False,results/runs/qwen25_7b_8bit_validation200_v4_test150/results/runs/qwen25_7b_8bit_validation200_v4_test150.jsonl,114,B
Qwen2.5-7B 8-bit,Qwen/Qwen2.5-7B-Instruct,bangla,Bangla,benqa,mcq,choice,benqa_12th-Physics-II_0085,D,False,C,False,False,False,1,1,1,False,False,results/runs/qwen25_7b_8bit_validation200_v4_test150/results/runs/qwen25_7b_8bit_validation200_v4_test150.jsonl,145,C
Qwen2.5-7B 8-bit,Qwen/Qwen2.5-7B-Instruct,banglish_clean,Reviewed Banglish,benqa,mcq,choice,benqa_12th-Physics-II_0085,D,False,B,False,False,False,1,1,1,False,False,results/runs/qwen25_7b_8bit_validation200_v5_banglish_pinned/results/runs/qwen2_5_7b_8bit_validation200_v5_banglish_pinned.jsonl,66,B
Qwen2.5-7B 8-bit,Qwen/Qwen2.5-7B-Instruct,english,English,benqa,mcq,choice,benqa_12th-Physics-II_0085,D,True,D,False,False,False,1,1,1,False,False,results/runs/qwen25_7b_8bit_validation200_v4_test150/results/runs/qwen25_7b_8bit_validation200_v4_test150.jsonl,147,D
Qwen2.5-7B 8-bit,Qwen/Qwen2.5-7B-Instruct,bangla,Bangla,benqa,mcq,choice,benqa_12th-Physics-II_0088,A,False,D,False,False,False,1,1,1,False,False,results/runs/qwen25_7b_8bit_validation200_v4_dev50_v2/results/runs/qwen25_7b_8bit_validation200_v4_dev50.jsonl,64,D
Qwen2.5-7B 8-bit,Qwen/Qwen2.5-7B-Instruct,banglish_clean,Reviewed Banglish,benqa,mcq,choice,benqa_12th-Physics-II_0088,A,False,B,False,False,False,1,1,1,False,False,results/runs/qwen25_7b_8bit_validation200_v5_banglish_pinned/results/runs/qwen2_5_7b_8bit_validation200_v5_banglish_pinned.jsonl,159,B
Qwen2.5-7B 8-bit,Qwen/Qwen2.5-7B-Instruct,english,English,benqa,mcq,choice,benqa_12th-Physics-II_0088,A,False,D,False,False,False,1,1,1,False,False,results/runs/qwen25_7b_8bit_validation200_v4_dev50_v2/results/runs/qwen25_7b_8bit_validation200_v4_dev50.jsonl,66,D
Qwen2.5-7B 8-bit,Qwen/Qwen2.5-7B-Instruct,bangla,Bangla,benqa,mcq,choice,benqa_12th-Physics-II_0131,B,False,A,False,False,False,1,1,1,False,False,results/runs/qwen25_7b_8bit_validation200_v4_dev50_v2/results/runs/qwen25_7b_8bit_validation200_v4_dev50.jsonl,106,A
Qwen2.5-7B 8-bit,Qwen/Qwen2.5-7B-Instruct,banglish_clean,Reviewed Banglish,benqa,mcq,choice,benqa_12th-Physics-II_0131,B,False,A,False,False,False,1,1,1,False,False,results/runs/qwen25_7b_8bit_validation200_v5_banglish_pinned/results/runs/qwen2_5_7b_8bit_validation200_v5_banglish_pinned.jsonl,150,A
Qwen2.5-7B 8-bit,Qwen/Qwen2.5-7B-Instruct,english,English,benqa,mcq,choice,benqa_12th-Physics-II_0131,B,False,A,False,False,False,1,1,1,False,False,results/runs/qwen25_7b_8bit_validation200_v4_dev50_v2/results/runs/qwen25_7b_8bit_validation200_v4_dev50.jsonl,108,A
Qwen2.5-7B 8-bit,Qwen/Qwen2.5-7B-Instruct,bangla,Bangla,benqa,mcq,choice,benqa_12th-Physics-II_0195,B,True,B,False,False,False,1,1,1,False,False,results/runs/qwen25_7b_8bit_validation200_v4_test150/results/runs/qwen25_7b_8bit_validation200_v4_test150.jsonl,103,B
Qwen2.5-7B 8-bit,Qwen/Qwen2.5-7B-Instruct,banglish_clean,Reviewed Banglish,benqa,mcq,choice,benqa_12th-Physics-II_0195,B,False,D,False,False,False,1,1,1,False,False,results/runs/qwen25_7b_8bit_validation200_v5_banglish_pinned/results/runs/qwen2_5_7b_8bit_validation200_v5_banglish_pinned.jsonl,137,D
Qwen2.5-7B 8-bit,Qwen/Qwen2.5-7B-Instruct,english,English,benqa,mcq,choice,benqa_12th-Physics-II_0195,B,True,B,False,False,False,1,1,1,False,False,results/runs/qwen25_7b_8bit_validation200_v4_test150/results/runs/qwen25_7b_8bit_validation200_v4_test150.jsonl,105,B
Qwen2.5-7B 8-bit,Qwen/Qwen2.5-7B-Instruct,bangla,Bangla,benqa,mcq,choice,benqa_12th-Physics-II_0213,D,False,C,False,False,False,1,1,1,False,False,results/runs/qwen25_7b_8bit_validation200_v4_test150/results/runs/qwen25_7b_8bit_validation200_v4_test150.jsonl,364,C
Qwen2.5-7B 8-bit,Qwen/Qwen2.5-7B-Instruct,banglish_clean,Reviewed Banglish,benqa,mcq,choice,benqa_12th-Physics-II_0213,D,False,C,False,False,False,1,1,1,False,False,results/runs/qwen25_7b_8bit_validation200_v5_banglish_pinned/results/runs/qwen2_5_7b_8bit_validation200_v5_banglish_pinned.jsonl,172,C
Qwen2.5-7B 8-bit,Qwen/Qwen2.5-7B-Instruct,english,English,benqa,mcq,choice,benqa_12th-Physics-II_0213,D,False,C,False,False,False,1,1,1,False,False,results/runs/qwen25_7b_8bit_validation200_v4_test150/results/runs/qwen25_7b_8bit_validation200_v4_test150.jsonl,366,C
Qwen2.5-7B 8-bit,Qwen/Qwen2.5-7B-Instruct,bangla,Bangla,benqa,mcq,choice,benqa_12th-Physics-II_0219,D,False,B,False,False,False,1,1,1,False,False,results/runs/qwen25_7b_8bit_validation200_v4_test150/results/runs/qwen25_7b_8bit_validation200_v4_test150.jsonl,208,B
Qwen2.5-7B 8-bit,Qwen/Qwen2.5-7B-Instruct,banglish_clean,Reviewed Banglish,benqa,mcq,choice,benqa_12th-Physics-II_0219,D,False,B,False,False,False,1,1,1,False,False,results/runs/qwen25_7b_8bit_validation200_v5_banglish_pinned/results/runs/qwen2_5_7b_8bit_validation200_v5_banglish_pinned.jsonl,93,B
Qwen2.5-7B 8-bit,Qwen/Qwen2.5-7B-Instruct,english,English,benqa,mcq,choice,benqa_12th-Physics-II_0219,D,False,B,False,False,False,1,1,1,False,False,results/runs/qwen25_7b_8bit_validation200_v4_test150/results/runs/qwen25_7b_8bit_validation200_v4_test150.jsonl,210,B
Qwen2.5-7B 8-bit,Qwen/Qwen2.5-7B-Instruct,bangla,Bangla,benqa,mcq,choice,benqa_12th-Physics-II_0267,B,False,D,False,False,False,1,1,1,False,False,results/runs/qwen25_7b_8bit_validation200_v4_test150/results/runs/qwen25_7b_8bit_validation200_v4_test150.jsonl,391,D
Qwen2.5-7B 8-bit,Qwen/Qwen2.5-7B-Instruct,banglish_clean,Reviewed Banglish,benqa,mcq,choice,benqa_12th-Physics-II_0267,B,False,D,False,False,False,1,1,1,False,False,results/runs/qwen25_7b_8bit_validation200_v5_banglish_pinned/results/runs/qwen2_5_7b_8bit_validation200_v5_banglish_pinned.jsonl,36,D
Qwen2.5-7B 8-bit,Qwen/Qwen2.5-7B-Instruct,english,English,benqa,mcq,choice,benqa_12th-Physics-II_0267,B,False,D,False,False,False,1,1,1,False,False,results/runs/qwen25_7b_8bit_validation200_v4_test150/results/runs/qwen25_7b_8bit_validation200_v4_test150.jsonl,393,D
Qwen2.5-7B 8-bit,Qwen/Qwen2.5-7B-Instruct,bangla,Bangla,benqa,mcq,choice,benqa_12th-Physics-II_0290,B,True,B,False,False,False,1,1,1,False,False,results/runs/qwen25_7b_8bit_validation200_v4_test150/results/runs/qwen25_7b_8bit_validation200_v4_test150.jsonl,334,B
Qwen2.5-7B 8-bit,Qwen/Qwen2.5-7B-Instruct,banglish_clean,Reviewed Banglish,benqa,mcq,choice,benqa_12th-Physics-II_0290,B,False,A,False,False,False,1,1,1,False,False,results/runs/qwen25_7b_8bit_validation200_v5_banglish_pinned/results/runs/qwen2_5_7b_8bit_validation200_v5_banglish_pinned.jsonl,132,A
Qwen2.5-7B 8-bit,Qwen/Qwen2.5-7B-Instruct,english,English,benqa,mcq,choice,benqa_12th-Physics-II_0290,B,True,B,False,False,False,1,1,1,False,False,results/runs/qwen25_7b_8bit_validation200_v4_test150/results/runs/qwen25_7b_8bit_validation200_v4_test150.jsonl,336,B
Qwen2.5-7B 8-bit,Qwen/Qwen2.5-7B-Instruct,bangla,Bangla,benqa,mcq,choice,benqa_12th-Physics-II_0292,C,True,C,False,False,False,1,1,1,False,False,results/runs/qwen25_7b_8bit_validation200_v4_test150/results/runs/qwen25_7b_8bit_validation200_v4_test150.jsonl,7,C
Qwen2.5-7B 8-bit,Qwen/Qwen2.5-7B-Instruct,banglish_clean,Reviewed Banglish,benqa,mcq,choice,benqa_12th-Physics-II_0292,C,True,C,False,False,False,1,1,1,False,False,results/runs/qwen25_7b_8bit_validation200_v5_banglish_pinned/results/runs/qwen2_5_7b_8bit_validation200_v5_banglish_pinned.jsonl,46,C
Qwen2.5-7B 8-bit,Qwen/Qwen2.5-7B-Instruct,english,English,benqa,mcq,choice,benqa_12th-Physics-II_0292,C,True,C,False,False,False,1,1,1,False,False,results/runs/qwen25_7b_8bit_validation200_v4_test150/results/runs/qwen25_7b_8bit_validation200_v4_test150.jsonl,9,C
Qwen2.5-7B 8-bit,Qwen/Qwen2.5-7B-Instruct,bangla,Bangla,benqa,mcq,choice,benqa_12th-Physics-I_0008,D,False,B,False,False,False,1,1,1,False,False,results/runs/qwen25_7b_8bit_validation200_v4_test150/results/runs/qwen25_7b_8bit_validation200_v4_test150.jsonl,154,B
Qwen2.5-7B 8-bit,Qwen/Qwen2.5-7B-Instruct,banglish_clean,Reviewed Banglish,benqa,mcq,choice,benqa_12th-Physics-I_0008,D,False,B,False,False,False,1,1,1,False,False,results/runs/qwen25_7b_8bit_validation200_v5_banglish_pinned/results/runs/qwen2_5_7b_8bit_validation200_v5_banglish_pinned.jsonl,91,B
Qwen2.5-7B 8-bit,Qwen/Qwen2.5-7B-Instruct,english,English,benqa,mcq,choice,benqa_12th-Physics-I_0008,D,False,B,False,False,False,1,1,1,False,False,results/runs/qwen25_7b_8bit_validation200_v4_test150/results/runs/qwen25_7b_8bit_validation200_v4_test150.jsonl,156,B
Qwen2.5-7B 8-bit,Qwen/Qwen2.5-7B-Instruct,bangla,Bangla,benqa,mcq,choice,benqa_12th-Physics-I_0079,C,True,C,False,False,False,1,1,1,False,False,results/runs/qwen25_7b_8bit_validation200_v4_test150/results/runs/qwen25_7b_8bit_validation200_v4_test150.jsonl,88,C
Qwen2.5-7B 8-bit,Qwen/Qwen2.5-7B-Instruct,banglish_clean,Reviewed Banglish,benqa,mcq,choice,benqa_12th-Physics-I_0079,C,True,C,False,False,False,1,1,1,False,False,results/runs/qwen25_7b_8bit_validation200_v5_banglish_pinned/results/runs/qwen2_5_7b_8bit_validation200_v5_banglish_pinned.jsonl,125,C
Qwen2.5-7B 8-bit,Qwen/Qwen2.5-7B-Instruct,english,English,benqa,mcq,choice,benqa_12th-Physics-I_0079,C,True,C,False,False,False,1,1,1,False,False,results/runs/qwen25_7b_8bit_validation200_v4_test150/results/runs/qwen25_7b_8bit_validation200_v4_test150.jsonl,90,C
Qwen2.5-7B 8-bit,Qwen/Qwen2.5-7B-Instruct,bangla,Bangla,benqa,mcq,choice,benqa_12th-Physics-I_0106,D,False,C,False,False,False,1,1,1,False,False,results/runs/qwen25_7b_8bit_validation200_v4_dev50_v2/results/runs/qwen25_7b_8bit_validation200_v4_dev50.jsonl,55,C
Qwen2.5-7B 8-bit,Qwen/Qwen2.5-7B-Instruct,banglish_clean,Reviewed Banglish,benqa,mcq,choice,benqa_12th-Physics-I_0106,D,False,A,False,False,False,1,1,1,False,False,results/runs/qwen25_7b_8bit_validation200_v5_banglish_pinned/results/runs/qwen2_5_7b_8bit_validation200_v5_banglish_pinned.jsonl,92,A
Qwen2.5-7B 8-bit,Qwen/Qwen2.5-7B-Instruct,english,English,benqa,mcq,choice,benqa_12th-Physics-I_0106,D,True,D,False,False,False,1,1,1,False,False,results/runs/qwen25_7b_8bit_validation200_v4_dev50_v2/results/runs/qwen25_7b_8bit_validation200_v4_dev50.jsonl,57,D
Qwen2.5-7B 8-bit,Qwen/Qwen2.5-7B-Instruct,bangla,Bangla,benqa,mcq,choice,benqa_12th-Physics-I_0109,C,True,C,False,False,False,1,1,1,False,False,results/runs/qwen25_7b_8bit_validation200_v4_dev50_v2/results/runs/qwen25_7b_8bit_validation200_v4_dev50.jsonl,13,C
Qwen2.5-7B 8-bit,Qwen/Qwen2.5-7B-Instruct,banglish_clean,Reviewed Banglish,benqa,mcq,choice,benqa_12th-Physics-I_0109,C,True,C,False,False,False,1,1,1,False,False,results/runs/qwen25_7b_8bit_validation200_v5_banglish_pinned/results/runs/qwen2_5_7b_8bit_validation200_v5_banglish_pinned.jsonl,57,C
Qwen2.5-7B 8-bit,Qwen/Qwen2.5-7B-Instruct,english,English,benqa,mcq,choice,benqa_12th-Physics-I_0109,C,True,C,False,False,False,1,1,1,False,False,results/runs/qwen25_7b_8bit_validation200_v4_dev50_v2/results/runs/qwen25_7b_8bit_validation200_v4_dev50.jsonl,15,C
Qwen2.5-7B 8-bit,Qwen/Qwen2.5-7B-Instruct,bangla,Bangla,benqa,mcq,choice,benqa_12th-Physics-I_0133,C,True,C,False,False,False,1,1,1,False,False,results/runs/qwen25_7b_8bit_validation200_v4_test150/results/runs/qwen25_7b_8bit_validation200_v4_test150.jsonl,118,C
Qwen2.5-7B 8-bit,Qwen/Qwen2.5-7B-Instruct,banglish_clean,Reviewed Banglish,benqa,mcq,choice,benqa_12th-Physics-I_0133,C,False,,True,True,True,550,0,1,False,True,results/runs/qwen25_7b_8bit_validation200_v5_banglish_pinned/results/runs/qwen2_5_7b_8bit_validation200_v5_banglish_pinned.jsonl,135,"None of the provided options directly answer the chemical question about moles of gas. However, based on the format and the given choices, it seems the quest..."
Qwen2.5-7B 8-bit,Qwen/Qwen2.5-7B-Instruct,english,English,benqa,mcq,choice,benqa_12th-Physics-I_0133,C,True,C,False,False,False,1,1,1,False,False,results/runs/qwen25_7b_8bit_validation200_v4_test150/results/runs/qwen25_7b_8bit_validation200_v4_test150.jsonl,120,C
Qwen2.5-7B 8-bit,Qwen/Qwen2.5-7B-Instruct,bangla,Bangla,benqa,mcq,choice,benqa_12th-Physics-I_0157,A,True,A,False,False,False,1,1,1,False,False,results/runs/qwen25_7b_8bit_validation200_v4_test150/results/runs/qwen25_7b_8bit_validation200_v4_test150.jsonl,439,A
Qwen2.5-7B 8-bit,Qwen/Qwen2.5-7B-Instruct,banglish_clean,Reviewed Banglish,benqa,mcq,choice,benqa_12th-Physics-I_0157,A,False,B,False,False,False,1,1,1,False,False,results/runs/qwen25_7b_8bit_validation200_v5_banglish_pinned/results/runs/qwen2_5_7b_8bit_validation200_v5_banglish_pinned.jsonl,194,B
Qwen2.5-7B 8-bit,Qwen/Qwen2.5-7B-Instruct,english,English,benqa,mcq,choice,benqa_12th-Physics-I_0157,A,False,C,False,False,False,1,1,1,False,False,results/runs/qwen25_7b_8bit_validation200_v4_test150/results/runs/qwen25_7b_8bit_validation200_v4_test150.jsonl,441,C
Qwen2.5-7B 8-bit,Qwen/Qwen2.5-7B-Instruct,bangla,Bangla,benqa,mcq,choice,benqa_12th-Physics-I_0214,B,False,C,False,False,False,1,1,1,False,False,results/runs/qwen25_7b_8bit_validation200_v4_test150/results/runs/qwen25_7b_8bit_validation200_v4_test150.jsonl,412,C
Qwen2.5-7B 8-bit,Qwen/Qwen2.5-7B-Instruct,banglish_clean,Reviewed Banglish,benqa,mcq,choice,benqa_12th-Physics-I_0214,B,True,B,False,False,False,1,1,1,False,False,results/runs/qwen25_7b_8bit_validation200_v5_banglish_pinned/results/runs/qwen2_5_7b_8bit_validation200_v5_banglish_pinned.jsonl,71,B
Qwen2.5-7B 8-bit,Qwen/Qwen2.5-7B-Instruct,english,English,benqa,mcq,choice,benqa_12th-Physics-I_0214,B,False,C,False,False,False,1,1,1,False,False,results/runs/qwen25_7b_8bit_validation200_v4_test150/results/runs/qwen25_7b_8bit_validation200_v4_test150.jsonl,414,C
Qwen2.5-7B 8-bit,Qwen/Qwen2.5-7B-Instruct,bangla,Bangla,benqa,mcq,choice,benqa_12th-Physics-I_0253,A,False,D,False,False,False,1,1,1,False,False,results/runs/qwen25_7b_8bit_validation200_v4_test150/results/runs/qwen25_7b_8bit_validation200_v4_test150.jsonl,280,D
Qwen2.5-7B 8-bit,Qwen/Qwen2.5-7B-Instruct,banglish_clean,Reviewed Banglish,benqa,mcq,choice,benqa_12th-Physics-I_0253,A,False,D,False,False,False,1,1,1,False,False,results/runs/qwen25_7b_8bit_validation200_v5_banglish_pinned/results/runs/qwen2_5_7b_8bit_validation200_v5_banglish_pinned.jsonl,28,D
Qwen2.5-7B 8-bit,Qwen/Qwen2.5-7B-Instruct,english,English,benqa,mcq,choice,benqa_12th-Physics-I_0253,A,False,D,False,False,False,1,1,1,False,False,results/runs/qwen25_7b_8bit_validation200_v4_test150/results/runs/qwen25_7b_8bit_validation200_v4_test150.jsonl,282,D
Qwen2.5-7B 8-bit,Qwen/Qwen2.5-7B-Instruct,bangla,Bangla,benqa,mcq,choice,benqa_12th-Physics-I_0254,B,True,B,False,False,False,1,1,1,False,False,results/runs/qwen25_7b_8bit_validation200_v4_test150/results/runs/qwen25_7b_8bit_validation200_v4_test150.jsonl,298,B
Qwen2.5-7B 8-bit,Qwen/Qwen2.5-7B-Instruct,banglish_clean,Reviewed Banglish,benqa,mcq,choice,benqa_12th-Physics-I_0254,B,True,B,False,False,False,1,1,1,False,False,results/runs/qwen25_7b_8bit_validation200_v5_banglish_pinned/results/runs/qwen2_5_7b_8bit_validation200_v5_banglish_pinned.jsonl,180,B
Qwen2.5-7B 8-bit,Qwen/Qwen2.5-7B-Instruct,english,English,benqa,mcq,choice,benqa_12th-Physics-I_0254,B,True,B,False,False,False,1,1,1,False,False,results/runs/qwen25_7b_8bit_validation200_v4_test150/results/runs/qwen25_7b_8bit_validation200_v4_test150.jsonl,300,B
Qwen2.5-7B 8-bit,Qwen/Qwen2.5-7B-Instruct,bangla,Bangla,benqa,mcq,choice,benqa_12th-Physics-I_0256,C,True,C,False,False,False,1,1,1,False,False,results/runs/qwen25_7b_8bit_validation200_v4_test150/results/runs/qwen25_7b_8bit_validation200_v4_test150.jsonl,34,C
Qwen2.5-7B 8-bit,Qwen/Qwen2.5-7B-Instruct,banglish_clean,Reviewed Banglish,benqa,mcq,choice,benqa_12th-Physics-I_0256,C,False,B,False,False,False,1,1,1,False,False,results/runs/qwen25_7b_8bit_validation200_v5_banglish_pinned/results/runs/qwen2_5_7b_8bit_validation200_v5_banglish_pinned.jsonl,27,B
Qwen2.5-7B 8-bit,Qwen/Qwen2.5-7B-Instruct,english,English,benqa,mcq,choice,benqa_12th-Physics-I_0256,C,True,C,False,False,False,1,1,1,False,False,results/runs/qwen25_7b_8bit_validation200_v4_test150/results/runs/qwen25_7b_8bit_validation200_v4_test150.jsonl,36,C
Qwen2.5-7B 8-bit,Qwen/Qwen2.5-7B-Instruct,bangla,Bangla,benqa,mcq,choice,benqa_12th-Physics-I_0289,D,False,B,False,False,False,1,1,1,False,False,results/runs/qwen25_7b_8bit_validation200_v4_test150/results/runs/qwen25_7b_8bit_validation200_v4_test150.jsonl,217,B
Qwen2.5-7B 8-bit,Qwen/Qwen2.5-7B-Instruct,banglish_clean,Reviewed Banglish,benqa,mcq,choice,benqa_12th-Physics-I_0289,D,True,D,False,False,False,1,1,1,False,False,results/runs/qwen25_7b_8bit_validation200_v5_banglish_pinned/results/runs/qwen2_5_7b_8bit_validation200_v5_banglish_pinned.jsonl,15,D
Qwen2.5-7B 8-bit,Qwen/Qwen2.5-7B-Instruct,english,English,benqa,mcq,choice,benqa_12th-Physics-I_0289,D,False,A,False,False,False,1,1,1,False,False,results/runs/qwen25_7b_8bit_validation200_v4_test150/results/runs/qwen25_7b_8bit_validation200_v4_test150.jsonl,219,A
Qwen2.5-7B 8-bit,Qwen/Qwen2.5-7B-Instruct,bangla,Bangla,benqa,mcq,choice,benqa_8th-Math_0031,D,False,B,False,False,False,1,1,1,False,False,results/runs/qwen25_7b_8bit_validation200_v4_dev50_v2/results/runs/qwen25_7b_8bit_validation200_v4_dev50.jsonl,103,B
Qwen2.5-7B 8-bit,Qwen/Qwen2.5-7B-Instruct,banglish_clean,Reviewed Banglish,benqa,mcq,choice,benqa_8th-Math_0031,D,False,B,False,False,False,1,1,1,False,False,results/runs/qwen25_7b_8bit_validation200_v5_banglish_pinned/results/runs/qwen2_5_7b_8bit_validation200_v5_banglish_pinned.jsonl,78,B
Qwen2.5-7B 8-bit,Qwen/Qwen2.5-7B-Instruct,english,English,benqa,mcq,choice,benqa_8th-Math_0031,D,True,D,False,False,False,1,1,1,False,False,results/runs/qwen25_7b_8bit_validation200_v4_dev50_v2/results/runs/qwen25_7b_8bit_validation200_v4_dev50.jsonl,105,D
Qwen2.5-7B 8-bit,Qwen/Qwen2.5-7B-Instruct,bangla,Bangla,benqa,mcq,choice,benqa_8th-Math_0062,D,True,D,False,False,False,1,1,1,False,False,results/runs/qwen25_7b_8bit_validation200_v4_test150/results/runs/qwen25_7b_8bit_validation200_v4_test150.jsonl,214,D
Qwen2.5-7B 8-bit,Qwen/Qwen2.5-7B-Instruct,banglish_clean,Reviewed Banglish,benqa,mcq,choice,benqa_8th-Math_0062,D,False,A,False,False,False,1,1,1,False,False,results/runs/qwen25_7b_8bit_validation200_v5_banglish_pinned/results/runs/qwen2_5_7b_8bit_validation200_v5_banglish_pinned.jsonl,139,A
Qwen2.5-7B 8-bit,Qwen/Qwen2.5-7B-Instruct,english,English,benqa,mcq,choice,benqa_8th-Math_0062,D,True,D,False,False,False,1,1,1,False,False,results/runs/qwen25_7b_8bit_validation200_v4_test150/results/runs/qwen25_7b_8bit_validation200_v4_test150.jsonl,216,D
Qwen2.5-7B 8-bit,Qwen/Qwen2.5-7B-Instruct,bangla,Bangla,benqa,mcq,choice,benqa_8th-Math_0072,B,False,D,False,False,False,1,1,1,False,False,results/runs/qwen25_7b_8bit_validation200_v4_test150/results/runs/qwen25_7b_8bit_validation200_v4_test150.jsonl,64,D
Qwen2.5-7B 8-bit,Qwen/Qwen2.5-7B-Instruct,banglish_clean,Reviewed Banglish,benqa,mcq,choice,benqa_8th-Math_0072,B,False,D,False,False,False,1,1,1,False,False,results/runs/qwen25_7b_8bit_validation200_v5_banglish_pinned/results/runs/qwen2_5_7b_8bit_validation200_v5_banglish_pinned.jsonl,133,D
Qwen2.5-7B 8-bit,Qwen/Qwen2.5-7B-Instruct,english,English,benqa,mcq,choice,benqa_8th-Math_0072,B,True,B,False,False,False,1,1,1,False,False,results/runs/qwen25_7b_8bit_validation200_v4_test150/results/runs/qwen25_7b_8bit_validation200_v4_test150.jsonl,66,B
Qwen2.5-7B 8-bit,Qwen/Qwen2.5-7B-Instruct,bangla,Bangla,benqa,mcq,choice,benqa_8th-Math_0085,C,False,A,False,False,False,1,1,1,False,False,results/runs/qwen25_7b_8bit_validation200_v4_dev50_v2/results/runs/qwen25_7b_8bit_validation200_v4_dev50.jsonl,43,A
Qwen2.5-7B 8-bit,Qwen/Qwen2.5-7B-Instruct,banglish_clean,Reviewed Banglish,benqa,mcq,choice,benqa_8th-Math_0085,C,False,B,False,False,False,1,1,1,False,False,results/runs/qwen25_7b_8bit_validation200_v5_banglish_pinned/results/runs/qwen2_5_7b_8bit_validation200_v5_banglish_pinned.jsonl,87,B
Qwen2.5-7B 8-bit,Qwen/Qwen2.5-7B-Instruct,english,English,benqa,mcq,choice,benqa_8th-Math_0085,C,True,C,False,False,False,1,1,1,False,False,results/runs/qwen25_7b_8bit_validation200_v4_dev50_v2/results/runs/qwen25_7b_8bit_validation200_v4_dev50.jsonl,45,C
Qwen2.5-7B 8-bit,Qwen/Qwen2.5-7B-Instruct,bangla,Bangla,benqa,mcq,choice,benqa_8th-Math_0167,C,False,D,False,False,False,1,1,1,False,False,results/runs/qwen25_7b_8bit_validation200_v4_test150/results/runs/qwen25_7b_8bit_validation200_v4_test150.jsonl,40,D
Qwen2.5-7B 8-bit,Qwen/Qwen2.5-7B-Instruct,banglish_clean,Reviewed Banglish,benqa,mcq,choice,benqa_8th-Math_0167,C,False,B,False,False,False,1,1,1,False,False,results/runs/qwen25_7b_8bit_validation200_v5_banglish_pinned/results/runs/qwen2_5_7b_8bit_validation200_v5_banglish_pinned.jsonl,60,B
Qwen2.5-7B 8-bit,Qwen/Qwen2.5-7B-Instruct,english,English,benqa,mcq,choice,benqa_8th-Math_0167,C,True,C,False,False,False,1,1,1,False,False,results/runs/qwen25_7b_8bit_validation200_v4_test150/results/runs/qwen25_7b_8bit_validation200_v4_test150.jsonl,42,C
Qwen2.5-7B 8-bit,Qwen/Qwen2.5-7B-Instruct,bangla,Bangla,benqa,mcq,choice,benqa_8th-Math_0190,B,True,B,False,False,False,1,1,1,False,False,results/runs/qwen25_7b_8bit_validation200_v4_test150/results/runs/qwen25_7b_8bit_validation200_v4_test150.jsonl,343,B
Qwen2.5-7B 8-bit,Qwen/Qwen2.5-7B-Instruct,banglish_clean,Reviewed Banglish,benqa,mcq,choice,benqa_8th-Math_0190,B,True,B,False,False,False,1,1,1,False,False,results/runs/qwen25_7b_8bit_validation200_v5_banglish_pinned/results/runs/qwen2_5_7b_8bit_validation200_v5_banglish_pinned.jsonl,17,B
Qwen2.5-7B 8-bit,Qwen/Qwen2.5-7B-Instruct,english,English,benqa,mcq,choice,benqa_8th-Math_0190,B,True,B,False,False,False,1,1,1,False,False,results/runs/qwen25_7b_8bit_validation200_v4_test150/results/runs/qwen25_7b_8bit_validation200_v4_test150.jsonl,345,B
Qwen2.5-7B 8-bit,Qwen/Qwen2.5-7B-Instruct,bangla,Bangla,benqa,mcq,choice,benqa_8th-Science_0014,D,True,D,False,False,False,1,1,1,False,False,results/runs/qwen25_7b_8bit_validation200_v4_test150/results/runs/qwen25_7b_8bit_validation200_v4_test150.jsonl,121,D
Qwen2.5-7B 8-bit,Qwen/Qwen2.5-7B-Instruct,banglish_clean,Reviewed Banglish,benqa,mcq,choice,benqa_8th-Science_0014,D,True,D,False,False,False,1,1,1,False,False,results/runs/qwen25_7b_8bit_validation200_v5_banglish_pinned/results/runs/qwen2_5_7b_8bit_validation200_v5_banglish_pinned.jsonl,48,D
Qwen2.5-7B 8-bit,Qwen/Qwen2.5-7B-Instruct,english,English,benqa,mcq,choice,benqa_8th-Science_0014,D,False,C,False,False,False,1,1,1,False,False,results/runs/qwen25_7b_8bit_validation200_v4_test150/results/runs/qwen25_7b_8bit_validation200_v4_test150.jsonl,123,C
Qwen2.5-7B 8-bit,Qwen/Qwen2.5-7B-Instruct,bangla,Bangla,benqa,mcq,choice,benqa_8th-Science_0024,C,True,C,False,False,False,1,1,1,False,False,results/runs/qwen25_7b_8bit_validation200_v4_dev50_v2/results/runs/qwen25_7b_8bit_validation200_v4_dev50.jsonl,124,C
Qwen2.5-7B 8-bit,Qwen/Qwen2.5-7B-Instruct,banglish_clean,Reviewed Banglish,benqa,mcq,choice,benqa_8th-Science_0024,C,False,D,False,False,False,1,1,1,False,False,results/runs/qwen25_7b_8bit_validation200_v5_banglish_pinned/results/runs/qwen2_5_7b_8bit_validation200_v5_banglish_pinned.jsonl,186,D
Qwen2.5-7B 8-bit,Qwen/Qwen2.5-7B-Instruct,english,English,benqa,mcq,choice,benqa_8th-Science_0024,C,False,A,False,False,False,1,1,1,False,False,results/runs/qwen25_7b_8bit_validation200_v4_dev50_v2/results/runs/qwen25_7b_8bit_validation200_v4_dev50.jsonl,126,A
Qwen2.5-7B 8-bit,Qwen/Qwen2.5-7B-Instruct,bangla,Bangla,benqa,mcq,choice,benqa_8th-Science_0042,B,False,D,False,False,False,1,1,1,False,False,results/runs/qwen25_7b_8bit_validation200_v4_test150/results/runs/qwen25_7b_8bit_validation200_v4_test150.jsonl,178,D
Qwen2.5-7B 8-bit,Qwen/Qwen2.5-7B-Instruct,banglish_clean,Reviewed Banglish,benqa,mcq,choice,benqa_8th-Science_0042,B,False,C,False,False,False,1,1,1,False,False,results/runs/qwen25_7b_8bit_validation200_v5_banglish_pinned/results/runs/qwen2_5_7b_8bit_validation200_v5_banglish_pinned.jsonl,128,C
Qwen2.5-7B 8-bit,Qwen/Qwen2.5-7B-Instruct,english,English,benqa,mcq,choice,benqa_8th-Science_0042,B,True,B,False,False,False,1,1,1,False,False,results/runs/qwen25_7b_8bit_validation200_v4_test150/results/runs/qwen25_7b_8bit_validation200_v4_test150.jsonl,180,B
Qwen2.5-7B 8-bit,Qwen/Qwen2.5-7B-Instruct,bangla,Bangla,benqa,mcq,choice,benqa_8th-Science_0062,D,False,C,False,False,False,1,1,1,False,False,results/runs/qwen25_7b_8bit_validation200_v4_test150/results/runs/qwen25_7b_8bit_validation200_v4_test150.jsonl,433,C
Qwen2.5-7B 8-bit,Qwen/Qwen2.5-7B-Instruct,banglish_clean,Reviewed Banglish,benqa,mcq,choice,benqa_8th-Science_0062,D,False,B,False,False,False,1,1,1,False,False,results/runs/qwen25_7b_8bit_validation200_v5_banglish_pinned/results/runs/qwen2_5_7b_8bit_validation200_v5_banglish_pinned.jsonl,89,B
Qwen2.5-7B 8-bit,Qwen/Qwen2.5-7B-Instruct,english,English,benqa,mcq,choice,benqa_8th-Science_0062,D,True,D,False,False,False,1,1,1,False,False,results/runs/qwen25_7b_8bit_validation200_v4_test150/results/runs/qwen25_7b_8bit_validation200_v4_test150.jsonl,435,D
Qwen2.5-7B 8-bit,Qwen/Qwen2.5-7B-Instruct,bangla,Bangla,benqa,mcq,choice,benqa_8th-Science_0078,C,False,B,False,False,False,1,1,1,False,False,results/runs/qwen25_7b_8bit_validation200_v4_test150/results/runs/qwen25_7b_8bit_validation200_v4_test150.jsonl,166,B
Qwen2.5-7B 8-bit,Qwen/Qwen2.5-7B-Instruct,banglish_clean,Reviewed Banglish,benqa,mcq,choice,benqa_8th-Science_0078,C,False,B,False,False,False,1,1,1,False,False,results/runs/qwen25_7b_8bit_validation200_v5_banglish_pinned/results/runs/qwen2_5_7b_8bit_validation200_v5_banglish_pinned.jsonl,170,B
Qwen2.5-7B 8-bit,Qwen/Qwen2.5-7B-Instruct,english,English,benqa,mcq,choice,benqa_8th-Science_0078,C,False,B,False,False,False,1,1,1,False,False,results/runs/qwen25_7b_8bit_validation200_v4_test150/results/runs/qwen25_7b_8bit_validation200_v4_test150.jsonl,168,B
Qwen2.5-7B 8-bit,Qwen/Qwen2.5-7B-Instruct,bangla,Bangla,benqa,mcq,choice,benqa_8th-Science_0086,A,True,A,False,False,False,1,1,1,False,False,results/runs/qwen25_7b_8bit_validation200_v4_test150/results/runs/qwen25_7b_8bit_validation200_v4_test150.jsonl,445,A
Qwen2.5-7B 8-bit,Qwen/Qwen2.5-7B-Instruct,banglish_clean,Reviewed Banglish,benqa,mcq,choice,benqa_8th-Science_0086,A,True,A,False,False,False,1,1,1,False,False,results/runs/qwen25_7b_8bit_validation200_v5_banglish_pinned/results/runs/qwen2_5_7b_8bit_validation200_v5_banglish_pinned.jsonl,12,A
Qwen2.5-7B 8-bit,Qwen/Qwen2.5-7B-Instruct,english,English,benqa,mcq,choice,benqa_8th-Science_0086,A,True,A,False,False,False,1,1,1,False,False,results/runs/qwen25_7b_8bit_validation200_v4_test150/results/runs/qwen25_7b_8bit_validation200_v4_test150.jsonl,447,A
Qwen2.5-7B 8-bit,Qwen/Qwen2.5-7B-Instruct,bangla,Bangla,benqa,mcq,choice,benqa_8th-Science_0098,A,False,B,False,False,False,1,1,1,False,False,results/runs/qwen25_7b_8bit_validation200_v4_test150/results/runs/qwen25_7b_8bit_validation200_v4_test150.jsonl,97,B
Qwen2.5-7B 8-bit,Qwen/Qwen2.5-7B-Instruct,banglish_clean,Reviewed Banglish,benqa,mcq,choice,benqa_8th-Science_0098,A,True,A,False,False,False,1,1,1,False,False,results/runs/qwen25_7b_8bit_validation200_v5_banglish_pinned/results/runs/qwen2_5_7b_8bit_validation200_v5_banglish_pinned.jsonl,90,A
Qwen2.5-7B 8-bit,Qwen/Qwen2.5-7B-Instruct,english,English,benqa,mcq,choice,benqa_8th-Science_0098,A,False,B,False,False,False,1,1,1,False,False,results/runs/qwen25_7b_8bit_validation200_v4_test150/results/runs/qwen25_7b_8bit_validation200_v4_test150.jsonl,99,B
Qwen2.5-7B 8-bit,Qwen/Qwen2.5-7B-Instruct,bangla,Bangla,benqa,mcq,choice,benqa_8th-Science_0127,B,False,D,False,False,False,1,1,1,False,False,results/runs/qwen25_7b_8bit_validation200_v4_test150/results/runs/qwen25_7b_8bit_validation200_v4_test150.jsonl,349,D
Qwen2.5-7B 8-bit,Qwen/Qwen2.5-7B-Instruct,banglish_clean,Reviewed Banglish,benqa,mcq,choice,benqa_8th-Science_0127,B,True,B,False,False,False,1,1,1,False,False,results/runs/qwen25_7b_8bit_validation200_v5_banglish_pinned/results/runs/qwen2_5_7b_8bit_validation200_v5_banglish_pinned.jsonl,85,B
Qwen2.5-7B 8-bit,Qwen/Qwen2.5-7B-Instruct,english,English,benqa,mcq,choice,benqa_8th-Science_0127,B,True,B,False,False,False,1,1,1,False,False,results/runs/qwen25_7b_8bit_validation200_v4_test150/results/runs/qwen25_7b_8bit_validation200_v4_test150.jsonl,351,B
Qwen2.5-7B 8-bit,Qwen/Qwen2.5-7B-Instruct,bangla,Bangla,benqa,mcq,choice,benqa_8th-Science_0153,C,True,C,False,False,False,1,1,1,False,False,results/runs/qwen25_7b_8bit_validation200_v4_dev50_v2/results/runs/qwen25_7b_8bit_validation200_v4_dev50.jsonl,70,C
Qwen2.5-7B 8-bit,Qwen/Qwen2.5-7B-Instruct,banglish_clean,Reviewed Banglish,benqa,mcq,choice,benqa_8th-Science_0153,C,True,C,False,False,False,1,1,1,False,False,results/runs/qwen25_7b_8bit_validation200_v5_banglish_pinned/results/runs/qwen2_5_7b_8bit_validation200_v5_banglish_pinned.jsonl,55,C
Qwen2.5-7B 8-bit,Qwen/Qwen2.5-7B-Instruct,english,English,benqa,mcq,choice,benqa_8th-Science_0153,C,True,C,False,False,False,1,1,1,False,False,results/runs/qwen25_7b_8bit_validation200_v4_dev50_v2/results/runs/qwen25_7b_8bit_validation200_v4_dev50.jsonl,72,C
Qwen2.5-7B 8-bit,Qwen/Qwen2.5-7B-Instruct,bangla,Bangla,benqa,mcq,choice,benqa_8th-Science_0159,B,False,C,False,False,False,1,1,1,False,False,results/runs/qwen25_7b_8bit_validation200_v4_test150/results/runs/qwen25_7b_8bit_validation200_v4_test150.jsonl,211,C
Qwen2.5-7B 8-bit,Qwen/Qwen2.5-7B-Instruct,banglish_clean,Reviewed Banglish,benqa,mcq,choice,benqa_8th-Science_0159,B,False,C,False,False,False,1,1,1,False,False,results/runs/qwen25_7b_8bit_validation200_v5_banglish_pinned/results/runs/qwen2_5_7b_8bit_validation200_v5_banglish_pinned.jsonl,176,C
Qwen2.5-7B 8-bit,Qwen/Qwen2.5-7B-Instruct,english,English,benqa,mcq,choice,benqa_8th-Science_0159,B,False,A,False,False,False,1,1,1,False,False,results/runs/qwen25_7b_8bit_validation200_v4_test150/results/runs/qwen25_7b_8bit_validation200_v4_test150.jsonl,213,A
Qwen2.5-7B 8-bit,Qwen/Qwen2.5-7B-Instruct,bangla,Bangla,benqa,mcq,choice,benqa_8th-Science_0202,C,True,C,False,False,False,1,1,1,False,False,results/runs/qwen25_7b_8bit_validation200_v4_test150/results/runs/qwen25_7b_8bit_validation200_v4_test150.jsonl,85,C
Qwen2.5-7B 8-bit,Qwen/Qwen2.5-7B-Instruct,banglish_clean,Reviewed Banglish,benqa,mcq,choice,benqa_8th-Science_0202,C,False,A,False,False,False,1,1,1,False,False,results/runs/qwen25_7b_8bit_validation200_v5_banglish_pinned/results/runs/qwen2_5_7b_8bit_validation200_v5_banglish_pinned.jsonl,169,A
Qwen2.5-7B 8-bit,Qwen/Qwen2.5-7B-Instruct,english,English,benqa,mcq,choice,benqa_8th-Science_0202,C,True,C,False,False,False,1,1,1,False,False,results/runs/qwen25_7b_8bit_validation200_v4_test150/results/runs/qwen25_7b_8bit_validation200_v4_test150.jsonl,87,C
Qwen3-4B,Qwen/Qwen3-4B-Instruct-2507,bangla,Bangla,banglamath,short_answer,short_answer,banglamath_0181,সময় কমে যায়,False,কাজের পরিমাণ অপরিবর্তিত থাকলে লোক সংখ্যা বাড়ালে সময় কমে।,False,False,False,58,58,1,False,False,results/runs/qwen3_4b_validation200_v3_128/results/runs/qwen3_4b_validation200_v3_128.jsonl,304,কাজের পরিমাণ অপরিবর্তিত থাকলে লোক সংখ্যা বাড়ালে সময় কমে।
Qwen3-4B,Qwen/Qwen3-4B-Instruct-2507,banglish_clean,Reviewed Banglish,banglamath,short_answer,short_answer,banglamath_0181,সময় কমে যায়,False,{kajer poriman oporibortit thakle lok songkhya barale somoy ki hoy},False,False,False,67,67,1,False,False,results/runs/qwen3_4b_validation200_v5_banglish/results/runs/qwen3_4b_validation200_v5_banglish.jsonl,102,{kajer poriman oporibortit thakle lok songkhya barale somoy ki hoy}
Qwen3-4B,Qwen/Qwen3-4B-Instruct-2507,english,English,banglamath,short_answer,short_answer,banglamath_0181,সময় কমে যায়,False,"If the amount of work remains the same, increasing the number of workers decreases the time required to complete the work.",False,False,False,122,122,1,False,True,results/runs/qwen3_4b_validation200_v3_128/results/runs/qwen3_4b_validation200_v3_128.jsonl,306,"If the amount of work remains the same, increasing the number of workers decreases the time required to complete the work."
Qwen3-4B,Qwen/Qwen3-4B-Instruct-2507,bangla,Bangla,banglamath,short_answer,short_answer,banglamath_0182,৬০০ টাকা,False,600,False,False,False,84,3,3,True,False,results/runs/qwen3_4b_validation200_v3_128/results/runs/qwen3_4b_validation200_v3_128.jsonl,217,১ কেজি চালের দাম = 280 ÷ 7 = 40 টাকা ১৫ কেজি চালের দাম = 15 × 40 = 600 টাকা 600
Qwen3-4B,Qwen/Qwen3-4B-Instruct-2507,banglish_clean,Reviewed Banglish,banglamath,short_answer,short_answer,banglamath_0182,৬০০ টাকা,False,cannot be derived.,False,False,False,532,18,3,True,True,results/runs/qwen3_4b_validation200_v5_banglish/results/runs/qwen3_4b_validation200_v5_banglish.jsonl,73,The given text appears to be in a mix of Bengali and possibly a typo or miscommunication. It seems to be trying to express a calculation or comparison involv...
Qwen3-4B,Qwen/Qwen3-4B-Instruct-2507,english,English,banglamath,short_answer,short_answer,banglamath_0182,৬০০ টাকা,False,600,False,False,False,181,3,7,True,True,results/runs/qwen3_4b_validation200_v3_128/results/runs/qwen3_4b_validation200_v3_128.jsonl,219,"First, find the cost per kg of rice: Cost per kg = Total cost / Weight = 280 Taka / 7 kg = 40 Taka per kg Now, find the cost of 15 kg: Cost of 15 kg = 15 × 4..."
Qwen3-4B,Qwen/Qwen3-4B-Instruct-2507,bangla,Bangla,banglamath,short_answer,short_answer,banglamath_0183,৩০ দিন,False,দিন = 750 ÷,False,False,False,130,11,4,True,True,results/runs/qwen3_4b_validation200_v3_128/results/runs/qwen3_4b_validation200_v3_128.jsonl,307,ছাত্রাবাসে ৫০ জনের ১৫ দিনের খাদ্য আছে। খাদ্যের মোট পরিমাণ = 50 × 15 = 750 জন-দিন। এই খাদ্যটি ২৫ জনের চলবে কত দিন? দিন = 750 ÷
Qwen3-4B,Qwen/Qwen3-4B-Instruct-2507,banglish_clean,Reviewed Banglish,banglamath,short_answer,short_answer,banglamath_0183,৩০ দিন,False,15 din,False,False,False,6,6,1,False,False,results/runs/qwen3_4b_validation200_v5_banglish/results/runs/qwen3_4b_validation200_v5_banglish.jsonl,103,15 din
Qwen3-4B,Qwen/Qwen3-4B-Instruct-2507,english,English,banglamath,short_answer,short_answer,banglamath_0183,৩০ দিন,False,30,False,False,False,202,2,5,True,True,results/runs/qwen3_4b_validation200_v3_128/results/runs/qwen3_4b_validation200_v3_128.jsonl,309,"The total amount of food is enough for 50 people for 15 days. So, total food = 50 × 15 = 750 person-days. If there are now 25 people, the number of days the ..."
Qwen3-4B,Qwen/Qwen3-4B-Instruct-2507,bangla,Bangla,banglamath,short_answer,short_answer,banglamath_0184,১২০০০ টাকা,False,\frac{450}{9000} = 0.05 \text{ টা�,False,False,False,131,34,4,True,True,results/runs/qwen3_4b_validation200_v3_128/results/runs/qwen3_4b_validation200_v3_128.jsonl,124,"প্রতিদিন ৪৫০ টাকা লাভ হলে ৯০০০ টাকা বিনিয়োগ করা হয়। এটি মানে, প্রতি টাকা বিনিয়োগে লাভ = \[ \frac{450}{9000} = 0.05 \text{ টা�"
Qwen3-4B,Qwen/Qwen3-4B-Instruct-2507,banglish_clean,Reviewed Banglish,banglamath,short_answer,short_answer,banglamath_0184,১২০০০ টাকা,False,প্রতি টাকার লাভ = 450 টাকা প্রতি 9000 টাকা বিনিয়,False,False,False,177,49,3,True,True,results/runs/qwen3_4b_validation200_v5_banglish/results/runs/qwen3_4b_validation200_v5_banglish.jsonl,42,"9000 taka biniyoge protidin 450 taka labh hole 600 taka labh korte koto biniyog korte hobe? ধরা হয়, বিনিয়োগ করা হবে x টাকা। প্রতি টাকার লাভ = 450 টাকা প্রত..."
Qwen3-4B,Qwen/Qwen3-4B-Instruct-2507,english,English,banglamath,short_answer,short_answer,banglamath_0184,১২০০০ টাকা,False,0.05 \times,False,False,False,378,11,9,True,True,results/runs/qwen3_4b_validation200_v3_128/results/runs/qwen3_4b_validation200_v3_128.jsonl,126,We are given: - An investment of 9000 Taka yields 450 Taka profit per day. - We want to find the investment that yields 600 Taka per day. ### Step 1: Find th...
Qwen3-4B,Qwen/Qwen3-4B-Instruct-2507,bangla,Bangla,banglamath,short_answer,short_answer,banglamath_0185,২০০ কেজি,False,"আমরা চাই জানবো, ৪৫ দিন চলতে কত কেজি চাল প্রয়োজন।",False,False,False,123,49,4,True,True,results/runs/qwen3_4b_validation200_v3_128/results/runs/qwen3_4b_validation200_v3_128.jsonl,316,"প্রদত্ত তথ্য: ১২০ কেজি চালে ১০ জন লোকের ২৭ দিন চলে। আমরা চাই জানবো, ৪৫ দিন চলতে কত কেজি চাল প্রয়োজন। ধরা যাক, এক জ"
Qwen3-4B,Qwen/Qwen3-4B-Instruct-2507,banglish_clean,Reviewed Banglish,banglamath,short_answer,short_answer,banglamath_0185,২০০ কেজি,False,→ 1 jon loker 45 din chole = 45 × (4/9) =,False,False,False,246,41,6,True,True,results/runs/qwen3_4b_validation200_v5_banglish/results/runs/qwen3_4b_validation200_v5_banglish.jsonl,106,120 keji chale 10 jon loker 27 din chole → 10 jon loker 27 din chole 120 keji → 1 jon loker 27 din chole = 120 / 10 = 12 keji → 1 jon loker 1 din chole = 12 ...
Qwen3-4B,Qwen/Qwen3-4B-Instruct-2507,english,English,banglamath,short_answer,short_answer,banglamath_0185,২০০ কেজি,False,\frac{120}{27} = \frac{40}{9} \text{ kg/day},False,False,False,380,44,13,True,True,results/runs/qwen3_4b_validation200_v3_128/results/runs/qwen3_4b_validation200_v3_128.jsonl,318,We are given: - 120 kg of rice lasts 10 people for 27 days. We want to find out how much rice is needed to last 10 people for 45 days. ### Step 1: Find daily...
Qwen3-4B,Qwen/Qwen3-4B-Instruct-2507,bangla,Bangla,banglamath,short_answer,short_answer,banglamath_0186,২২ ১/২ দিন,False,\frac{D_1}{D_2} = \frac{S_2}{S,False,False,False,414,30,13,True,True,results/runs/qwen3_4b_validation200_v3_128/results/runs/qwen3_4b_validation200_v3_128.jsonl,520,We are given: - 2 quintals of rice last for 15 students for 30 days. - We need to find how many days 20 students can be fed with the same amount of rice. ---...
Qwen3-4B,Qwen/Qwen3-4B-Instruct-2507,banglish_clean,Reviewed Banglish,banglamath,short_answer,short_answer,banglamath_0186,২২ ১/২ দিন,False,40,False,False,False,248,2,7,True,True,results/runs/qwen3_4b_validation200_v5_banglish/results/runs/qwen3_4b_validation200_v5_banglish.jsonl,174,"2 kuintal chale 15 jon chhatrer 30 din chole। Tumi 20 jon chhatrer koto din cholbe? Purbo kore, 2 kuintal chale 15 jon chhatrer 30 din chole, Teha 15 jon = 3..."
Qwen3-4B,Qwen/Qwen3-4B-Instruct-2507,english,English,banglamath,short_answer,short_answer,banglamath_0186,২২ ১/২ দিন,False,Step 2: Find how many days 20 students,False,False,False,436,38,11,True,True,results/runs/qwen3_4b_validation200_v3_128/results/runs/qwen3_4b_validation200_v3_128.jsonl,522,We are given: - 2 quintals of rice last 15 students for 30 days. We need to find how many days it will last for 20 students. --- **Step 1: Find the total ric...
Qwen3-4B,Qwen/Qwen3-4B-Instruct-2507,bangla,Bangla,banglamath,short_answer,short_answer,banglamath_0187,১৪০ জন,False,"এখন, 18 দিনে কাজটি শেষ করতে হলে,",False,False,False,132,32,4,True,True,results/runs/qwen3_4b_validation200_v3_128/results/runs/qwen3_4b_validation200_v3_128.jsonl,568,"বাঁধ তৈরি করতে 360 জন শ্রমিকের 25 দিন লাগে। সুতরাং, মোট কাজ = 360 × 25 = 9000 শ্রম দিন। এখন, 18 দিনে কাজটি শেষ করতে হলে, প্রয়�"
Qwen3-4B,Qwen/Qwen3-4B-Instruct-2507,banglish_clean,Reviewed Banglish,banglamath,short_answer,short_answer,banglamath_0187,১৪০ জন,False,18 দ,False,False,False,133,4,4,True,True,results/runs/qwen3_4b_validation200_v5_banglish/results/runs/qwen3_4b_validation200_v5_banglish.jsonl,190,"360 জন শ্রমিক 25 দিনে একটি বন্ধ তৈরি করে। 18 দিনে কাজ শেষ করতে কতজন শ্রমিক লাগবে? সুতরাং, মোট কাজ = 360 × 25 = 9000 শ্রম-দিন 18 দ"
Qwen3-4B,Qwen/Qwen3-4B-Instruct-2507,english,English,banglamath,short_answer,short_answer,banglamath_0187,১৪০ জন,False,### Step 2: Number of workers needed to complete the work in 18 days,False,False,False,422,68,12,True,True,results/runs/qwen3_4b_validation200_v3_128/results/runs/qwen3_4b_validation200_v3_128.jsonl,570,We are given: - 360 workers can complete the dam in 25 days. - We want to know how many **extra** workers are needed to finish it in **18 days**. --- ### Ste...
Qwen3-4B,Qwen/Qwen3-4B-Instruct-2507,bangla,Bangla,banglamath,short_answer,short_answer,banglamath_0188,১৫ ঘণ্টা,False,Total work = 10 × h ×,False,False,False,418,21,12,True,True,results/runs/qwen3_4b_validation200_v3_128/results/runs/qwen3_4b_validation200_v3_128.jsonl,457,We are given: - 25 people work 6 hours per day and complete a job in 8 days. We need to find: How many hours per day should 10 people work to complete the sa...
Qwen3-4B,Qwen/Qwen3-4B-Instruct-2507,banglish_clean,Reviewed Banglish,banglamath,short_answer,short_answer,banglamath_0188,১৫ ঘণ্টা,False,"So, total work = 25 men × 6 hours/day",False,False,False,394,37,8,True,True,results/runs/qwen3_4b_validation200_v5_banglish/results/runs/qwen3_4b_validation200_v5_banglish.jsonl,153,"We are given: - 25 men can complete a job in 6 hours (i.e., they work 6 ghonta porishrom kore). - The job is completed in 8 days (but this seems inconsistent..."
Qwen3-4B,Qwen/Qwen3-4B-Instruct-2507,english,English,banglamath,short_answer,short_answer,banglamath_0188,১৫ ঘণ্টা,False,= 1200 man-hours,False,False,False,442,16,12,True,True,results/runs/qwen3_4b_validation200_v3_128/results/runs/qwen3_4b_validation200_v3_128.jsonl,459,We are given: - 25 people working 6 hours a day complete a job in 8 days. We need to find: How many hours per day must 10 people work to complete the **same ...
Qwen3-4B,Qwen/Qwen3-4B-Instruct-2507,bangla,Bangla,banglamath,short_answer,short_answer,banglamath_0189,৬ জন পুরুষ,False,"অর্থাৎ, ২ জন পুরুষ = ৩ জন বালক কাজের ক্ষমতা।",False,False,False,128,44,4,True,True,results/runs/qwen3_4b_validation200_v3_128/results/runs/qwen3_4b_validation200_v3_128.jsonl,70,"প্রদত্ত তথ্য: - ২ জন পুরুষ বা ৩ জন বালক একটি কাজ সম্পন্ন করতে পারে। অর্থাৎ, ২ জন পুরুষ = ৩ জন বালক কাজের ক্ষমতা। এখন, বাল"
Qwen3-4B,Qwen/Qwen3-4B-Instruct-2507,banglish_clean,Reviewed Banglish,banglamath,short_answer,short_answer,banglamath_0189,৬ জন পুরুষ,False,"Tehabe, 9 jon balok 3 jon",False,False,False,264,25,7,True,True,results/runs/qwen3_4b_validation200_v5_banglish/results/runs/qwen3_4b_validation200_v5_banglish.jsonl,24,"Ekta kaj 2 jon purush othoba 3 jon balok somponn korte pare. Purush er kaj = 2 purush + 3 balok = 1 kaj Tehabe, 2 purush er kaj = 1 kaj 3 balok er kaj = 1 ka..."
Qwen3-4B,Qwen/Qwen3-4B-Instruct-2507,english,English,banglamath,short_answer,short_answer,banglamath_0189,৬ জন পুরুষ,False,Step 2: Find how many men are equivalent to 9 boys.,False,False,False,395,51,12,True,True,results/runs/qwen3_4b_validation200_v3_128/results/runs/qwen3_4b_validation200_v3_128.jsonl,72,We are given: - 2 men can complete a task as well as 3 boys. We are to find: **How many men are equivalent to 9 boys?** --- Step 1: Find the work rate of one...
Qwen3-4B,Qwen/Qwen3-4B-Instruct-2507,bangla,Bangla,banglamath,short_answer,short_answer,banglamath_0226,২৫০ টাকা,False,250,False,False,False,133,3,6,True,True,results/runs/qwen3_4b_validation200_v3_128/results/runs/qwen3_4b_validation200_v3_128.jsonl,256,550 টাকাকে 5:6 অনুপাতে ভাগ করলে মোট অংশের সংখ্যা = 5 + 6 = 11 প্রথম অংশ = (5/11) × 550 = (5 × 550) / 11 = 2750 / 11 = 250 250
Qwen3-4B,Qwen/Qwen3-4B-Instruct-2507,banglish_clean,Reviewed Banglish,banglamath,short_answer,short_answer,banglamath_0226,২৫০ টাকা,False,550,False,False,False,309,3,8,True,True,results/runs/qwen3_4b_validation200_v5_banglish/results/runs/qwen3_4b_validation200_v5_banglish.jsonl,86,550 takake 5:6 onupate bhag korle prothom ongsh koto hobe 550 ÷ 5 = 110 110 ÷ 6 = 18.333... Prothom ongsh (first remainder) = 550 mod 5 = 0 Then 0 mod 6 = 0 ...
Qwen3-4B,Qwen/Qwen3-4B-Instruct-2507,english,English,banglamath,short_answer,short_answer,banglamath_0226,২৫০ টাকা,False,250,False,False,False,145,3,5,True,True,results/runs/qwen3_4b_validation200_v3_128/results/runs/qwen3_4b_validation200_v3_128.jsonl,258,The total ratio parts = 5 + 6 = 11 Total amount = 550 Taka Each part = 550 ÷ 11 = 50 Taka First part (5 parts) = 5 × 50 = 250 Taka 250
Qwen3-4B,Qwen/Qwen3-4B-Instruct-2507,bangla,Bangla,banglamath,short_answer,short_answer,banglamath_0227,৭.৫ কিমি,False,1 পার,False,False,False,130,5,5,True,True,results/runs/qwen3_4b_validation200_v3_128/results/runs/qwen3_4b_validation200_v3_128.jsonl,112,"দুই বন্ধুর বাড়ি থেকে স্কুলের দূরত্বের অনুপাত = 2:3 প্রথম বন্ধুর দূরত্ব = 5 কিমি অনুপাতের অনুসারে, 2 পার্ট = 5 কিমি 1 পার"
Qwen3-4B,Qwen/Qwen3-4B-Instruct-2507,banglish_clean,Reviewed Banglish,banglamath,short_answer,short_answer,banglamath_0227,৭.৫ কিমি,False,.,False,False,False,513,1,3,True,True,results/runs/qwen3_4b_validation200_v5_banglish/results/runs/qwen3_4b_validation200_v5_banglish.jsonl,38,"The question appears to be in a mix of Bengali and English, and it seems to be asking about a sequence or pattern involving ""bondhur durotto"" (likely meaning..."
Qwen3-4B,Qwen/Qwen3-4B-Instruct-2507,english,English,banglamath,short_answer,short_answer,banglamath_0227,৭.৫ কিমি,False,7.5,False,False,False,212,3,8,True,True,results/runs/qwen3_4b_validation200_v3_128/results/runs/qwen3_4b_validation200_v3_128.jsonl,114,"The ratio of the distances is 2:3. Let the distances be 2x and 3x. Given that the first friend is 5 km away: 2x = 5 x = 5 / 2 = 2.5 Then, the second friend’s..."
Qwen3-4B,Qwen/Qwen3-4B-Instruct-2507,bangla,Bangla,banglamath,short_answer,short_answer,banglamath_0228,২/৫,False,৪০% = \frac{40}{100} = \frac{2}{5},False,False,False,34,34,1,False,False,results/runs/qwen3_4b_validation200_v3_128/results/runs/qwen3_4b_validation200_v3_128.jsonl,166,৪০% = \frac{40}{100} = \frac{2}{5}
Qwen3-4B,Qwen/Qwen3-4B-Instruct-2507,banglish_clean,Reviewed Banglish,banglamath,short_answer,short_answer,banglamath_0228,২/৫,False,40% ke sadharon bhognangshe prokash korole ki hoy,False,False,False,321,49,2,True,True,results/runs/qwen3_4b_validation200_v5_banglish/results/runs/qwen3_4b_validation200_v5_banglish.jsonl,56,"40% ke sadharon bhognangshe prokash korole ki hoy → 40% ke sadharon bhognangshe prokash korole ki hoy, ta holo 40% ke sadharon bhognangshe prokash korole ki ..."
Qwen3-4B,Qwen/Qwen3-4B-Instruct-2507,english,English,banglamath,short_answer,short_answer,banglamath_0228,২/৫,False,\frac{2}{5},False,False,False,11,11,1,False,False,results/runs/qwen3_4b_validation200_v3_128/results/runs/qwen3_4b_validation200_v3_128.jsonl,168,\frac{2}{5}
Qwen3-4B,Qwen/Qwen3-4B-Instruct-2507,bangla,Bangla,banglamath,short_answer,short_answer,banglamath_0229,1.5,True,1.5,False,False,False,3,3,1,False,False,results/runs/qwen3_4b_validation200_v3_128/results/runs/qwen3_4b_validation200_v3_128.jsonl,586,1.5
Qwen3-4B,Qwen/Qwen3-4B-Instruct-2507,banglish_clean,Reviewed Banglish,banglamath,short_answer,short_answer,banglamath_0229,1.5,False,150,False,False,False,217,3,4,True,True,results/runs/qwen3_4b_validation200_v5_banglish/results/runs/qwen3_4b_validation200_v5_banglish.jsonl,196,"150% ke doshomik bhognangshe prokash korole ki hoy, tai 150% = 150/100 = 1.5 Doshomik bhognangshe prokash korle, 1.5 = 1.5 × 100 = 150 Teh, 150% ke doshomik ..."
Qwen3-4B,Qwen/Qwen3-4B-Instruct-2507,english,English,banglamath,short_answer,short_answer,banglamath_0229,1.5,True,1.5,False,False,False,3,3,1,False,False,results/runs/qwen3_4b_validation200_v3_128/results/runs/qwen3_4b_validation200_v3_128.jsonl,588,1.5
Qwen3-4B,Qwen/Qwen3-4B-Instruct-2507,bangla,Bangla,banglamath,short_answer,short_answer,banglamath_0230,20%,True,25 টাকা 125 টাকার শতকরা = (25 / 125) × 100 = 20%,False,False,False,48,48,1,False,False,results/runs/qwen3_4b_validation200_v3_128/results/runs/qwen3_4b_validation200_v3_128.jsonl,154,25 টাকা 125 টাকার শতকরা = (25 / 125) × 100 = 20%
Qwen3-4B,Qwen/Qwen3-4B-Instruct-2507,banglish_clean,Reviewed Banglish,banglamath,short_answer,short_answer,banglamath_0230,20%,False,.,False,False,False,445,1,3,True,True,results/runs/qwen3_4b_validation200_v5_banglish/results/runs/qwen3_4b_validation200_v5_banglish.jsonl,52,"The question ""25 taka 125 takar shotkora koto"" appears to be in a mix of Bengali and possibly a typo or misphrasing. ""Taka"" is the currency unit in Banglades..."
Qwen3-4B,Qwen/Qwen3-4B-Instruct-2507,english,English,banglamath,short_answer,short_answer,banglamath_0230,20%,True,20%,False,False,False,155,3,5,True,True,results/runs/qwen3_4b_validation200_v3_128/results/runs/qwen3_4b_validation200_v3_128.jsonl,156,"To find what percent 25 Taka is of 125 Taka, use the formula: $$ \text{Percent} = \left( \frac{25}{125} \right) \times 100 = 0.2 \times 100 = 20\% $$ 20%"
Qwen3-4B,Qwen/Qwen3-4B-Instruct-2507,bangla,Bangla,banglamath,short_answer,short_answer,banglamath_0231,২০ টাকা,False,1.2x = 24,False,False,False,147,9,7,True,True,results/runs/qwen3_4b_validation200_v3_128/results/runs/qwen3_4b_validation200_v3_128.jsonl,523,"লাভ 20% এবং বিক্রয়মূল্য = 24 টাকা ধরি, ক্রয়মূল্য = \( x \) টাকা 20% লাভ হলে, বিক্রয়মূল্য = \( x + \frac{20}{100}x = 1.2x \) \[ 1.2x = 24 \]"
Qwen3-4B,Qwen/Qwen3-4B-Instruct-2507,banglish_clean,Reviewed Banglish,banglamath,short_answer,short_answer,banglamath_0231,২০ টাকা,False,19.2,False,False,False,137,4,4,True,True,results/runs/qwen3_4b_validation200_v5_banglish/results/runs/qwen3_4b_validation200_v5_banglish.jsonl,175,20% labhe 24 takay bikroy korle kroyomullo koto 24 er 20% = (20/100) × 24 = 4.8 Tehabe kroyomullo = 24 - 4.8 = 19.2 Final answer: 19.2
Qwen3-4B,Qwen/Qwen3-4B-Instruct-2507,english,English,banglamath,short_answer,short_answer,banglamath_0231,২০ টাকা,True,The cost price is **20 Taka**.,False,False,False,239,30,12,True,True,results/runs/qwen3_4b_validation200_v3_128/results/runs/qwen3_4b_validation200_v3_128.jsonl,525,Let the cost price be $ x $. Given that the selling price is 24 Taka with a 20% profit: $$ \text{Selling Price} = x + 20\% \text{ of } x = x + 0.2x = 1.2x $$...
Qwen3-4B,Qwen/Qwen3-4B-Instruct-2507,bangla,Bangla,banglamath,short_answer,short_answer,banglamath_0232,২০০ টাকা,False,"অর্থাৎ, বিক্রয়মূল্য = প্রকৃত মূল্যের 85% (কারণ 100% - 15% = 85%)",False,False,False,128,65,3,True,True,results/runs/qwen3_4b_validation200_v3_128/results/runs/qwen3_4b_validation200_v3_128.jsonl,214,"বইটি 15% কমিশনে 170 টাকায় বিক্রয় করা হয়। অর্থাৎ, বিক্রয়মূল্য = প্রকৃত মূল্যের 85% (কারণ 100% - 15% = 85%) ধরি, প্রকৃত মূল"
Qwen3-4B,Qwen/Qwen3-4B-Instruct-2507,banglish_clean,Reviewed Banglish,banglamath,short_answer,short_answer,banglamath_0232,২০০ টাকা,False,25.5,False,False,False,155,4,4,True,True,results/runs/qwen3_4b_validation200_v5_banglish/results/runs/qwen3_4b_validation200_v5_banglish.jsonl,72,170 takay bikroy korle 15% komishon er prokrit mullo koto: 15% komishon = 15/100 × 170 = 0.15 × 170 = 25.5 Prokrit mullo = 25.5 takay Final answer: 25.5
Qwen3-4B,Qwen/Qwen3-4B-Instruct-2507,english,English,banglamath,short_answer,short_answer,banglamath_0232,২০০ টাকা,False,147.83,False,False,False,266,6,11,True,True,results/runs/qwen3_4b_validation200_v3_128/results/runs/qwen3_4b_validation200_v3_128.jsonl,216,"Let the actual price of the book be $ x $ Taka. The book is sold at 15% commission, meaning the selling price is 115% of the actual price (since 100% + 15% =..."
Qwen3-4B,Qwen/Qwen3-4B-Instruct-2507,bangla,Bangla,banglamath,short_answer,short_answer,banglamath_0233,৭ দিন,False,24 জন লোকের দক্ষতা = 24 × (1/168) = 24/168 = 1/,False,False,False,136,47,3,True,True,results/runs/qwen3_4b_validation200_v3_128/results/runs/qwen3_4b_validation200_v3_128.jsonl,379,"28 দিনে 6 জন লোক কাজ করে, তাহলে 1 জন লোকের দক্ষতা = 1/6 × 1/28 = 1/168 কাজ প্রতি দিন। 24 জন লোকের দক্ষতা = 24 × (1/168) = 24/168 = 1/"
Qwen3-4B,Qwen/Qwen3-4B-Instruct-2507,banglish_clean,Reviewed Banglish,banglamath,short_answer,short_answer,banglamath_0233,৭ দিন,False,168 কাজ করা হয় 24 জনের মধ্যে → প্রতি জনের কাজ = 168 / 24 = 7,False,False,False,200,61,4,True,True,results/runs/qwen3_4b_validation200_v5_banglish/results/runs/qwen3_4b_validation200_v5_banglish.jsonl,127,"6 jon lok 28 dine kaj kore, 24 jon lok koto dine kore? 1. 6 jon lok 28 dine kaj kore → 6 × 28 = 168 কাজ 2. 24 jon lok er kaj kore? 168 কাজ করা হয় 24 জনের মধ..."
Qwen3-4B,Qwen/Qwen3-4B-Instruct-2507,english,English,banglamath,short_answer,short_answer,banglamath_0233,৭ দিন,False,168 = 2,False,False,False,435,7,13,True,True,results/runs/qwen3_4b_validation200_v3_128/results/runs/qwen3_4b_validation200_v3_128.jsonl,381,We are given that 6 people complete a task in 28 days. We want to find how many days it will take for 24 people to complete the same task. ### Step 1: Unders...
Qwen3-4B,Qwen/Qwen3-4B-Instruct-2507,bangla,Bangla,banglamath,short_answer,short_answer,banglamath_0234,৬ দিন,False,একত্রে একদিনে করে কাজ = \( \frac{1,False,False,False,158,34,3,True,True,results/runs/qwen3_4b_validation200_v3_128/results/runs/qwen3_4b_validation200_v3_128.jsonl,16,"ক 10 দিনে কাজ করে, তাহলে কে একদিনে করে = \( \frac{1}{10} \) খ 15 দিনে কাজ করে, তাহলে খ একদিনে করে = \( \frac{1}{15} \) একত্রে একদিনে করে কাজ = \( \frac{1"
Qwen3-4B,Qwen/Qwen3-4B-Instruct-2507,banglish_clean,Reviewed Banglish,banglamath,short_answer,short_answer,banglamath_0234,৬ দিন,False,10 + 15 = 25 dine korbe.,False,False,False,24,24,1,False,False,results/runs/qwen3_4b_validation200_v5_banglish/results/runs/qwen3_4b_validation200_v5_banglish.jsonl,6,10 + 15 = 25 dine korbe.
Qwen3-4B,Qwen/Qwen3-4B-Instruct-2507,english,English,banglamath,short_answer,short_answer,banglamath_0234,৬ দিন,False,\frac{1}{10} + \frac{1}{15} = \frac{3}{30} + \frac{2}{30} = \frac{5}{30} = \frac{1,False,False,False,303,82,5,True,True,results/runs/qwen3_4b_validation200_v3_128/results/runs/qwen3_4b_validation200_v3_128.jsonl,18,"A can do the job in 10 days, so A's work rate is $ \frac{1}{10} $ of the job per day. B can do the job in 15 days, so B's work rate is $ \frac{1}{15} $ of th..."
Qwen3-4B,Qwen/Qwen3-4B-Instruct-2507,bangla,Bangla,banglamath,short_answer,short_answer,banglamath_0236,১২ টাকা,False,১২,False,False,False,114,2,4,True,False,results/runs/qwen3_4b_validation200_v3_128/results/runs/qwen3_4b_validation200_v3_128.jsonl,64,"১০টি বলপেনের দাম ৬০ টাকা হলে, ১টি বলপেনের দাম = ৬০ ÷ ১০ = ৬ টাকা তাহলে ২টি বলপেনের দাম = ২ × ৬ = ১২ টাকা ১২"
Qwen3-4B,Qwen/Qwen3-4B-Instruct-2507,banglish_clean,Reviewed Banglish,banglamath,short_answer,short_answer,banglamath_0236,১২ টাকা,False,Unable to evaluate due to unclear or malformed input.,False,False,False,399,53,3,True,True,results/runs/qwen3_4b_validation200_v5_banglish/results/runs/qwen3_4b_validation200_v5_banglish.jsonl,22,The given text appears to be in a mix of Bengali and possibly a typo or miscommunication. It seems to describe a product (bolopener dam) with pricing and qua...
Qwen3-4B,Qwen/Qwen3-4B-Instruct-2507,english,English,banglamath,short_answer,short_answer,banglamath_0236,১২ টাকা,False,12,False,False,False,101,2,4,True,False,results/runs/qwen3_4b_validation200_v3_128/results/runs/qwen3_4b_validation200_v3_128.jsonl,66,Cost of 10 pens = 60 Taka Cost of 1 pen = 60 ÷ 10 = 6 Taka Cost of 2 pens = 2 × 6 = 12 Taka 12
Qwen3-4B,Qwen/Qwen3-4B-Instruct-2507,bangla,Bangla,banglamath,short_answer,short_answer,banglamath_0237,৬৪ টাকা,False,64,False,False,False,121,2,5,True,True,results/runs/qwen3_4b_validation200_v3_128/results/runs/qwen3_4b_validation200_v3_128.jsonl,295,১ ডজন = ১২টি ডিম ১২টি ডিমের দাম = ৪৮ টাকা ১টি ডিমের দাম = 48 ÷ 12 = ৪ টাকা ১৬টি ডিমের দাম = 16 × 4 = ৬৪ টাকা 64
Qwen3-4B,Qwen/Qwen3-4B-Instruct-2507,banglish_clean,Reviewed Banglish,banglamath,short_answer,short_answer,banglamath_0237,৬৪ টাকা,False,no valid evaluation possible,False,False,False,357,28,2,True,True,results/runs/qwen3_4b_validation200_v5_banglish/results/runs/qwen3_4b_validation200_v5_banglish.jsonl,99,"The given input ""1 dojon dimer dam 48 taka hole 16ti dimer dam koto"" appears to be a mix of words that do not form a coherent sentence or meaningful phrase i..."
Qwen3-4B,Qwen/Qwen3-4B-Instruct-2507,english,English,banglamath,short_answer,short_answer,banglamath_0237,৬৪ টাকা,False,64,False,False,False,125,2,5,True,True,results/runs/qwen3_4b_validation200_v3_128/results/runs/qwen3_4b_validation200_v3_128.jsonl,297,1 dozen = 12 eggs Cost of 12 eggs = 48 Taka Cost of 1 egg = 48 ÷ 12 = 4 Taka Cost of 16 eggs = 16 × 4 = 64 Taka 64
Qwen3-4B,Qwen/Qwen3-4B-Instruct-2507,bangla,Bangla,banglamath,short_answer,short_answer,banglamath_0518,১৫০ মিটার,False,$ 2(3x + x) = 400 $,False,False,False,156,19,5,True,True,results/runs/qwen3_4b_validation200_v3_128/results/runs/qwen3_4b_validation200_v3_128.jsonl,364,"ধরি, বাগানের প্রস্থ = $ x $ মিটার তবে দৈর্ঘ্য = $ 3x $ মিটার আয়তাকার বাগানের পরিসীমা = $ 2(\text{দৈর্ঘ্য} + \text{প্রস্থ}) $ $ 2(3x + x) = 400 $ $"
Qwen3-4B,Qwen/Qwen3-4B-Instruct-2507,banglish_clean,Reviewed Banglish,banglamath,short_answer,short_answer,banglamath_0518,১৫০ মিটার,False,Unable to evaluate due to nonsensical or corrupted input.,False,False,False,336,57,2,True,True,results/runs/qwen3_4b_validation200_v5_banglish/results/runs/qwen3_4b_validation200_v5_banglish.jsonl,122,"The given text appears to be in a corrupted or nonsensical form, possibly due to a language or encoding issue. It does not form a coherent sentence in any kn..."
Qwen3-4B,Qwen/Qwen3-4B-Instruct-2507,english,English,banglamath,short_answer,short_answer,banglamath_0518,১৫০ মিটার,False,w = \frac{400}{8} = 50,False,False,False,306,22,15,True,True,results/runs/qwen3_4b_validation200_v3_128/results/runs/qwen3_4b_validation200_v3_128.jsonl,366,Let the width of the garden be $ w $ meters. Then the length is $ 3w $ meters. The perimeter of a rectangle is given by: $$ P = 2(\text{length} + \text{width...
Qwen3-4B,Qwen/Qwen3-4B-Instruct-2507,bangla,Bangla,banglamath,short_answer,short_answer,banglamath_0519,৭৫০০ বর্গমিটার,False,7500,False,False,False,97,4,4,True,False,results/runs/qwen3_4b_validation200_v3_128/results/runs/qwen3_4b_validation200_v3_128.jsonl,289,আয়তাকার বাগানের ক্ষেত্রফল = দৈর্ঘ্য × প্রস্থ = 150 মিটার × 50 মিটার = 7500 বর্গমিটার 7500
Qwen3-4B,Qwen/Qwen3-4B-Instruct-2507,banglish_clean,Reviewed Banglish,banglamath,short_answer,short_answer,banglamath_0519,৭৫০০ বর্গমিটার,False,75,False,False,False,434,2,8,True,True,results/runs/qwen3_4b_validation200_v5_banglish/results/runs/qwen3_4b_validation200_v5_banglish.jsonl,97,"The question appears to be in a mix of Bengali and possibly a typo or miscommunication. However, interpreting it in a logical context: ""ekti ayotokar baganer..."
Qwen3-4B,Qwen/Qwen3-4B-Instruct-2507,english,English,banglamath,short_answer,short_answer,banglamath_0519,৭৫০০ বর্গমিটার,False,7500,False,False,False,179,4,7,True,True,results/runs/qwen3_4b_validation200_v3_128/results/runs/qwen3_4b_validation200_v3_128.jsonl,291,The area of a rectangle is calculated using the formula: Area = length × width Given: Length = 150 meters Width = 50 meters Area = 150 × 50 = 7500 square met...
Qwen3-4B,Qwen/Qwen3-4B-Instruct-2507,bangla,Bangla,banglamath,short_answer,short_answer,banglamath_0521,৭০ মিটার,False,70,False,False,False,127,2,7,True,True,results/runs/qwen3_4b_validation200_v3_128/results/runs/qwen3_4b_validation200_v3_128.jsonl,574,জমির দৈর্ঘ্য = 20 মিটার প্রস্থ = 15 মিটার পরিসীমা = 2 × (দৈর্ঘ্য + প্রস্থ) = 2 × (20 + 15) = 2 × 35 = 70 মিটার 70
Qwen3-4B,Qwen/Qwen3-4B-Instruct-2507,banglish_clean,Reviewed Banglish,banglamath,short_answer,short_answer,banglamath_0521,৭০ মিটার,False,35.,False,False,False,31,3,2,True,False,results/runs/qwen3_4b_validation200_v5_banglish/results/runs/qwen3_4b_validation200_v5_banglish.jsonl,192,20 + 15 = 35 The answer is 35.
Qwen3-4B,Qwen/Qwen3-4B-Instruct-2507,english,English,banglamath,short_answer,short_answer,banglamath_0521,৭০ মিটার,False,70,False,False,False,218,2,11,True,True,results/runs/qwen3_4b_validation200_v3_128/results/runs/qwen3_4b_validation200_v3_128.jsonl,576,The perimeter of a rectangle is calculated using the formula: $$ P = 2 \times (length + width) $$ Given: Length = 20 meters Width = 15 meters $$ P = 2 \times...
Qwen3-4B,Qwen/Qwen3-4B-Instruct-2507,bangla,Bangla,banglamath,short_answer,short_answer,banglamath_0522,১৭৬ বর্গমিটার,False,জমির ভিতরে ২ মিটার চওড়া রাস্তা থাকলে রাস্তাবাদে জমির ক্ষেত্রফল হবে জমির মোট ক্ষেত্রফল থেকে রাস্তার ক্ষেত্রফল বিয়োগ করে।,False,False,False,124,121,2,True,True,results/runs/qwen3_4b_validation200_v3_128/results/runs/qwen3_4b_validation200_v3_128.jsonl,22,জমির ভিতরে ২ মিটার চওড়া রাস্তা থাকলে রাস্তাবাদে জমির ক্ষেত্রফল হবে জমির মোট ক্ষেত্রফল থেকে রাস্তার ক্ষেত্রফল বিয়োগ করে। য
Qwen3-4B,Qwen/Qwen3-4B-Instruct-2507,banglish_clean,Reviewed Banglish,banglamath,short_answer,short_answer,banglamath_0522,১৭৬ বর্গমিটার,False,cannot be provided based on the given input.,False,False,False,386,44,2,True,True,results/runs/qwen3_4b_validation200_v5_banglish/results/runs/qwen3_4b_validation200_v5_banglish.jsonl,8,The question appears to be in a mix of Bengali and English and is unclear or possibly malformed. It seems to ask about Jomir Bhitore's land area in a specifi...
Qwen3-4B,Qwen/Qwen3-4B-Instruct-2507,english,English,banglamath,short_answer,short_answer,banglamath_0522,১৭৬ বর্গমিটার,False,Cannot be determined.,False,False,False,427,21,3,True,True,results/runs/qwen3_4b_validation200_v3_128/results/runs/qwen3_4b_validation200_v3_128.jsonl,24,"The question does not provide sufficient information to determine the area of the land including the path. Specifically, the dimensions of the land (such as ..."
Qwen3-4B,Qwen/Qwen3-4B-Instruct-2507,bangla,Bangla,banglamath,short_answer,short_answer,banglamath_0526,৩০ বর্গ মিটার,False,30,False,False,False,92,2,5,True,False,results/runs/qwen3_4b_validation200_v3_128/results/runs/qwen3_4b_validation200_v3_128.jsonl,493,ত্রিভুজের ক্ষেত্রফল = (ভূমি × উচ্চতা) / 2 = (10 × 6) / 2 = 60 / 2 = 30 বর্গমিটার 30
Qwen3-4B,Qwen/Qwen3-4B-Instruct-2507,banglish_clean,Reviewed Banglish,banglamath,short_answer,short_answer,banglamath_0526,৩০ বর্গ মিটার,False,60 mitar²,False,False,False,23,9,2,True,False,results/runs/qwen3_4b_validation200_v5_banglish/results/runs/qwen3_4b_validation200_v5_banglish.jsonl,165,10 × 6 = 60 60 mitar²
Qwen3-4B,Qwen/Qwen3-4B-Instruct-2507,english,English,banglamath,short_answer,short_answer,banglamath_0526,৩০ বর্গ মিটার,True,30 square meters,False,False,False,16,16,1,False,False,results/runs/qwen3_4b_validation200_v3_128/results/runs/qwen3_4b_validation200_v3_128.jsonl,495,30 square meters
Qwen3-4B,Qwen/Qwen3-4B-Instruct-2507,bangla,Bangla,banglamath,short_answer,short_answer,banglamath_0531,৫ মেট্রিক টন ৫০৭ কেজি ৭০০ গ্রাম,False,"সুতরাং, 11 খন্ড জমিতে হব",False,False,False,135,24,4,True,True,results/runs/qwen3_4b_validation200_v3_128/results/runs/qwen3_4b_validation200_v3_128.jsonl,481,"প্রতি খন্ডে আলু = 500 কেজি 700 গ্রাম = 500 + 700/1000 = 500.7 কেজি 11 খন্ডে আলু = 11 × 500.7 = 5507.7 কেজি সুতরাং, 11 খন্ড জমিতে হব"
Qwen3-4B,Qwen/Qwen3-4B-Instruct-2507,banglish_clean,Reviewed Banglish,banglamath,short_answer,short_answer,banglamath_0531,৫ মেট্রিক টন ৫০৭ কেজি ৭০০ গ্রাম,False,তাহলে 11 খন্দ জমি মাত্র আলু = 11 × 1.4 = 1,False,False,False,134,42,3,True,True,results/runs/qwen3_4b_validation200_v5_banglish/results/runs/qwen3_4b_validation200_v5_banglish.jsonl,161,"500 গ্রাম খন্দ জমি মাত্র 700 গ্রাম আলু হলে, 1 খন্দ জমি মাত্র আলু = 700 / 500 = 1.4 গ্রাম তাহলে 11 খন্দ জমি মাত্র আলু = 11 × 1.4 = 1"
Qwen3-4B,Qwen/Qwen3-4B-Instruct-2507,english,English,banglamath,short_answer,short_answer,banglamath_0531,৫ মেট্রিক টন ৫০৭ কেজি ৭০০ গ্রাম,False,55,False,False,False,228,2,8,True,True,results/runs/qwen3_4b_validation200_v3_128/results/runs/qwen3_4b_validation200_v3_128.jsonl,483,"First, convert 500 kg 700 g to grams: 500 kg = 500,000 g 500,000 g + 700 g = 500,700 g Now, multiply by 11: 500,700 × 11 = 5,507,700 g Convert back to kilogr..."
Qwen3-4B,Qwen/Qwen3-4B-Instruct-2507,bangla,Bangla,banglamath,short_answer,short_answer,banglamath_0532,১ মেট্রিক টন ৭৫০ কেজি,False,1.75,False,False,False,73,4,2,True,False,results/runs/qwen3_4b_validation200_v3_128/results/runs/qwen3_4b_validation200_v3_128.jsonl,118,প্রতি একর জমিতে ধানের পরিমাণ = 28 মেট্রিক টন ÷ 16 = 1.75 মেট্রিক টন 1.75
Qwen3-4B,Qwen/Qwen3-4B-Instruct-2507,banglish_clean,Reviewed Banglish,banglamath,short_answer,short_answer,banglamath_0532,১ মেট্রিক টন ৭৫০ কেজি,False,1.75,False,False,False,70,4,2,True,False,results/runs/qwen3_4b_validation200_v5_banglish/results/runs/qwen3_4b_validation200_v5_banglish.jsonl,40,28 metrik ton ÷ 16 ekor = 1.75 metrik ton per ekor Final answer: 1.75
Qwen3-4B,Qwen/Qwen3-4B-Instruct-2507,english,English,banglamath,short_answer,short_answer,banglamath_0532,১ মেট্রিক টন ৭৫০ কেজি,False,1.75,False,False,False,59,4,2,True,False,results/runs/qwen3_4b_validation200_v3_128/results/runs/qwen3_4b_validation200_v3_128.jsonl,120,28 metric tons ÷ 16 acres = 1.75 metric tons per acre 1.75
Qwen3-4B,Qwen/Qwen3-4B-Instruct-2507,bangla,Bangla,banglamath,short_answer,short_answer,banglamath_0533,৬৬৬ মেট্রিক টন ৬৬৬ কেজি ৬৬৬ গ্রাম (প্রায়),False,66,False,False,False,126,2,4,True,True,results/runs/qwen3_4b_validation200_v3_128/results/runs/qwen3_4b_validation200_v3_128.jsonl,205,এক মাসে ২০০০০ মেট্রিক টন রড তৈরি হলে দৈনিক রড তৈরির পরিমাণ হবে: 1 মাস = 30 দিন দৈনিক রড = 20000 ÷ 30 = 666.67 মেট্রিক টন 66
Qwen3-4B,Qwen/Qwen3-4B-Instruct-2507,banglish_clean,Reviewed Banglish,banglamath,short_answer,short_answer,banglamath_0533,৬৬৬ মেট্রিক টন ৬৬৬ কেজি ৬৬৬ গ্রাম (প্রায়),False,20000 metrik ton rod toiri hole doinik ki poriman rod toiri hoy 20000 metrik ton।,False,False,False,81,81,1,False,False,results/runs/qwen3_4b_validation200_v5_banglish/results/runs/qwen3_4b_validation200_v5_banglish.jsonl,69,20000 metrik ton rod toiri hole doinik ki poriman rod toiri hoy 20000 metrik ton।
Qwen3-4B,Qwen/Qwen3-4B-Instruct-2507,english,English,banglamath,short_answer,short_answer,banglamath_0533,৬৬৬ মেট্রিক টন ৬৬৬ কেজি ৬৬৬ গ্রাম (প্রায়),False,666.67,False,False,False,75,6,2,True,False,results/runs/qwen3_4b_validation200_v3_128/results/runs/qwen3_4b_validation200_v3_128.jsonl,207,"20,000 metric tons per month ÷ 30 days = 666.67 metric tons per day 666.67"
Qwen3-4B,Qwen/Qwen3-4B-Instruct-2507,bangla,Bangla,banglamath,short_answer,short_answer,banglamath_0538,৩৮৪ বর্গ মিটার,False,"রাস্তা 2 মিটার চওড়া, যা আয়তাকার বাগানের ভিতরে থাকছে। এই রাস্তার ক্ষেত্�",False,False,False,132,73,3,True,True,results/runs/qwen3_4b_validation200_v3_128/results/runs/qwen3_4b_validation200_v3_128.jsonl,355,"আয়তাকার বাগানের দৈর্ঘ্য = 60 মিটার প্রস্থ = 40 মিটার রাস্তা 2 মিটার চওড়া, যা আয়তাকার বাগানের ভিতরে থাকছে। এই রাস্তার ক্ষেত্�"
Qwen3-4B,Qwen/Qwen3-4B-Instruct-2507,banglish_clean,Reviewed Banglish,banglamath,short_answer,short_answer,banglamath_0538,৩৮৪ বর্গ মিটার,False,Total area = 60 × 40 = 2400 square,False,False,False,447,34,5,True,True,results/runs/qwen3_4b_validation200_v5_banglish/results/runs/qwen3_4b_validation200_v5_banglish.jsonl,119,"The question is in Bengali and translates to: ""A road has a length of 60 meters and a width of 40 meters. If 2 meters of the road is blocked, how much area i..."
Qwen3-4B,Qwen/Qwen3-4B-Instruct-2507,english,English,banglamath,short_answer,short_answer,banglamath_0538,৩৮৪ বর্গ মিটার,False,60 × 40 = 2400 m²,False,False,False,339,17,8,True,True,results/runs/qwen3_4b_validation200_v3_128/results/runs/qwen3_4b_validation200_v3_128.jsonl,357,"The garden is 60m by 40m. There is a 2m wide path inside, so we assume the path goes around the inside, reducing both the length and width by 2m on each side..."
Qwen3-4B,Qwen/Qwen3-4B-Instruct-2507,bangla,Bangla,banglamath,short_answer,short_answer,banglamath_0539,১৪৭ বর্গমিটার,False,= 14,False,False,False,129,4,5,True,True,results/runs/qwen3_4b_validation200_v3_128/results/runs/qwen3_4b_validation200_v3_128.jsonl,400,মোট খরচ = ১১০২.৫০ টাকা প্রতি বর্গমিটারে খরচ = ৭.৫০ টাকা ক্ষেত্রফল = মোট খরচ ÷ প্রতি বর্গমিটারে খরচ = 1102.50 ÷ 7.50 = 14
Qwen3-4B,Qwen/Qwen3-4B-Instruct-2507,banglish_clean,Reviewed Banglish,banglamath,short_answer,short_answer,banglamath_0539,১৪৭ বর্গমিটার,False,147.,False,False,False,40,4,2,True,False,results/runs/qwen3_4b_validation200_v5_banglish/results/runs/qwen3_4b_validation200_v5_banglish.jsonl,134,1102.50 ÷ 7.50 = 147 The answer is 147.
Qwen3-4B,Qwen/Qwen3-4B-Instruct-2507,english,English,banglamath,short_answer,short_answer,banglamath_0539,১৪৭ বর্গমিটার,False,147,False,False,False,175,3,5,True,True,results/runs/qwen3_4b_validation200_v3_128/results/runs/qwen3_4b_validation200_v3_128.jsonl,402,"To find the area of the floor, divide the total cost by the cost per square meter: Area = Total cost / Cost per sq. meter Area = 1102.50 / 7.50 Area = 147 sq..."
Qwen3-4B,Qwen/Qwen3-4B-Instruct-2507,bangla,Bangla,banglamath,short_answer,short_answer,banglamath_0540,২১ মিটার,False,$ x = 7 $,False,False,False,167,9,8,True,True,results/runs/qwen3_4b_validation200_v3_128/results/runs/qwen3_4b_validation200_v3_128.jsonl,292,"ধরি, ঘরের প্রস্থ = $ x $ মিটার তবে দৈর্ঘ্য = $ 3x $ মিটার ক্ষেত্রফল = দৈর্ঘ্য × প্রস্থ $ 3x \times x = 147 $ $ 3x^2 = 147 $ $ x^2 = 49 $ $ x = 7 $ তাহল"
Qwen3-4B,Qwen/Qwen3-4B-Instruct-2507,banglish_clean,Reviewed Banglish,banglamath,short_answer,short_answer,banglamath_0540,২১ মিটার,False,ed meaningfully.,False,False,False,303,16,2,True,True,results/runs/qwen3_4b_validation200_v5_banglish/results/runs/qwen3_4b_validation200_v5_banglish.jsonl,98,The given text appears to be in a mix of Bengali and possibly corrupted or nonsensical characters. It does not form a coherent question or statement in any s...
Qwen3-4B,Qwen/Qwen3-4B-Instruct-2507,english,English,banglamath,short_answer,short_answer,banglamath_0540,২১ মিটার,False,w = \sqrt{49} = 7,False,False,False,292,17,14,True,True,results/runs/qwen3_4b_validation200_v3_128/results/runs/qwen3_4b_validation200_v3_128.jsonl,294,Let the width of the room be $ w $ meters. Then the length is $ 3w $ meters. The area of a rectangle is given by: $$ \text{Area} = \text{length} \times \text...
Qwen3-4B,Qwen/Qwen3-4B-Instruct-2507,bangla,Bangla,banglamath,short_answer,short_answer,banglamath_0541,৪৪৪ বর্গমিটার,False,রাস্তা 3 মিটার চওড়া এবং বাগানের ভিতরে থাকে। অর্থাৎ রাস্তা দৈর্ঘ্য ও প্রস্থের,False,False,False,130,77,3,True,True,results/runs/qwen3_4b_validation200_v3_128/results/runs/qwen3_4b_validation200_v3_128.jsonl,46,আয়তাকার বাগানের দৈর্ঘ্য = 50 মি প্রস্থ = 30 মি রাস্তা 3 মিটার চওড়া এবং বাগানের ভিতরে থাকে। অর্থাৎ রাস্তা দৈর্ঘ্য ও প্রস্থের
Qwen3-4B,Qwen/Qwen3-4B-Instruct-2507,banglish_clean,Reviewed Banglish,banglamath,short_answer,short_answer,banglamath_0541,৪৪৪ বর্গমিটার,False,"→ ""Inside it, there is a 3-mile wide road.""",False,False,False,423,43,8,True,True,results/runs/qwen3_4b_validation200_v5_banglish/results/runs/qwen3_4b_validation200_v5_banglish.jsonl,16,"The question appears to be in a mix of Bengali and English, and it seems to be asking about the distance between two points given certain conditions. Let's i..."
Qwen3-4B,Qwen/Qwen3-4B-Instruct-2507,english,English,banglamath,short_answer,short_answer,banglamath_0541,৪৪৪ বর্গমিটার,False,44 × 2,False,False,False,377,6,7,True,True,results/runs/qwen3_4b_validation200_v3_128/results/runs/qwen3_4b_validation200_v3_128.jsonl,48,"The garden is 50m by 30m. A 3m wide path is inside, so we need to find the area of the path. Assuming the path goes all the way around the inside (like a bor..."
Qwen3-4B,Qwen/Qwen3-4B-Instruct-2507,bangla,Bangla,banglamath,short_answer,short_answer,banglamath_0542,৩৪০০ টাকা,False,3400,False,False,False,146,4,7,True,True,results/runs/qwen3_4b_validation200_v3_128/results/runs/qwen3_4b_validation200_v3_128.jsonl,133,বাগানের পরিসীমা = 2 × (দৈর্ঘ্য + প্রস্থ) = 2 × (44 + 24) = 2 × 68 = 136 মিটার প্রতি মিটারে 25 টাকা হিসেবে খরচ: 136 × 25 = 3400 টাকা 3400
Qwen3-4B,Qwen/Qwen3-4B-Instruct-2507,banglish_clean,Reviewed Banglish,banglamath,short_answer,short_answer,banglamath_0542,৩৪০০ টাকা,False,2. Cost per square mile = 25 taka,False,False,False,451,33,7,True,True,results/runs/qwen3_4b_validation200_v5_banglish/results/runs/qwen3_4b_validation200_v5_banglish.jsonl,45,"The question appears to be in a mix of Bengali and English, and it seems to be asking for the cost of a certain area (likely a rectangular plot) at a rate of..."
Qwen3-4B,Qwen/Qwen3-4B-Instruct-2507,english,English,banglamath,short_answer,short_answer,banglamath_0542,৩৪০০ টাকা,False,3400,False,False,False,321,4,8,True,True,results/runs/qwen3_4b_validation200_v3_128/results/runs/qwen3_4b_validation200_v3_128.jsonl,135,"The garden including the path is 44m by 24m. To find the total cost of fencing, we first calculate the perimeter of the garden (since fencing goes around the..."
Qwen3-4B,Qwen/Qwen3-4B-Instruct-2507,bangla,Bangla,banglamath,short_answer,short_answer,banglamath_0549,৪৫০ বর্গমিটার,False,"রাস্তা বাগানের বাইরে 2.5 মিটার চওড়া, তাই রাস্তার ক্ষেত্রফল হবে বাগানের পরি�",False,False,False,134,76,3,True,True,results/runs/qwen3_4b_validation200_v3_128/results/runs/qwen3_4b_validation200_v3_128.jsonl,418,"বাগানের দৈর্ঘ্য = 50 মিটার বাগানের প্রস্থ = 35 মিটার রাস্তা বাগানের বাইরে 2.5 মিটার চওড়া, তাই রাস্তার ক্ষেত্রফল হবে বাগানের পরি�"
Qwen3-4B,Qwen/Qwen3-4B-Instruct-2507,banglish_clean,Reviewed Banglish,banglamath,short_answer,short_answer,banglamath_0549,৪৫০ বর্গমিটার,False,1750,False,False,False,355,4,5,True,True,results/runs/qwen3_4b_validation200_v5_banglish/results/runs/qwen3_4b_validation200_v5_banglish.jsonl,140,The question seems to be asking for the area of a rectangular path (rasta) given that the length of the garden (baganer doirgho) is 50 miles and the width (p...
Qwen3-4B,Qwen/Qwen3-4B-Instruct-2507,english,English,banglamath,short_answer,short_answer,banglamath_0549,৪৫০ বর্গমিটার,False,"Since the path is 2.5 m wide on **all sides**, we",False,False,False,370,49,12,True,True,results/runs/qwen3_4b_validation200_v3_128/results/runs/qwen3_4b_validation200_v3_128.jsonl,420,We are given: - The garden is 50 m by 35 m. - A 2.5 m wide path surrounds the garden on all sides. We are to find the **area of the path**. --- ### Step 1: F...
Qwen3-4B,Qwen/Qwen3-4B-Instruct-2507,bangla,Bangla,banglamath,short_answer,short_answer,banglamath_0550,২২৫৬.২৫ বর্গমিটার,False,"বাগান বর্গাকার হলে, প্রতিটি বাহুর দৈর্ঘ্য = 190 ÷ 4 = 47.5 মিট",False,False,False,131,62,3,True,True,results/runs/qwen3_4b_validation200_v3_128/results/runs/qwen3_4b_validation200_v3_128.jsonl,190,"রাস্তাসহ বাগানের পরিসীমা 190 মিটার। বাগানের পরিসীমা = 190 মিটার। বাগান বর্গাকার হলে, প্রতিটি বাহুর দৈর্ঘ্য = 190 ÷ 4 = 47.5 মিট"
Qwen3-4B,Qwen/Qwen3-4B-Instruct-2507,banglish_clean,Reviewed Banglish,banglamath,short_answer,short_answer,banglamath_0550,২২৫৬.২৫ বর্গমিটার,False,no meaningful evaluation possible,False,False,False,289,33,2,True,True,results/runs/qwen3_4b_validation200_v5_banglish/results/runs/qwen3_4b_validation200_v5_banglish.jsonl,64,"The given text appears to be a mix of nonsensical or garbled words, possibly in a constructed or fictional language, and does not form a coherent sentence in..."
Qwen3-4B,Qwen/Qwen3-4B-Instruct-2507,english,English,banglamath,short_answer,short_answer,banglamath_0550,২২৫৬.২৫ বর্গমিটার,False,4. Calculate:,False,False,False,354,13,10,True,True,results/runs/qwen3_4b_validation200_v3_128/results/runs/qwen3_4b_validation200_v3_128.jsonl,192,"To find the area of a square field with the same perimeter as the garden, follow these steps: 1. The perimeter of a square is given by: $ P = 4 \times \text{..."
Qwen3-4B,Qwen/Qwen3-4B-Instruct-2507,bangla,Bangla,banglamath,short_answer,short_answer,banglamath_0552,৪৫০০ বর্গগজ,False,4500,False,False,False,77,4,4,True,False,results/runs/qwen3_4b_validation200_v3_128/results/runs/qwen3_4b_validation200_v3_128.jsonl,391,সামান্তরিকের ক্ষেত্রফল = ভূমি × উচ্চতা = 90 গজ × 50 গজ = 4500 গজ² 4500
Qwen3-4B,Qwen/Qwen3-4B-Instruct-2507,banglish_clean,Reviewed Banglish,banglamath,short_answer,short_answer,banglamath_0552,৪৫০০ বর্গগজ,False,{90 + 50 = 140},False,False,False,15,15,1,False,False,results/runs/qwen3_4b_validation200_v5_banglish/results/runs/qwen3_4b_validation200_v5_banglish.jsonl,131,{90 + 50 = 140}
Qwen3-4B,Qwen/Qwen3-4B-Instruct-2507,english,English,banglamath,short_answer,short_answer,banglamath_0552,৪৫০০ বর্গগজ,False,4500,False,False,False,228,4,11,True,True,results/runs/qwen3_4b_validation200_v3_128/results/runs/qwen3_4b_validation200_v3_128.jsonl,393,The area of a parallelogram is calculated using the formula: $$ \text{Area} = \text{base} \times \text{height} $$ Given: - Base = 90 yards - Height = 50 yard...
Qwen3-4B,Qwen/Qwen3-4B-Instruct-2507,bangla,Bangla,banglamath,short_answer,short_answer,banglamath_0553,১১২৫টি,False,1125,False,False,False,140,4,6,True,True,results/runs/qwen3_4b_validation200_v3_128/results/runs/qwen3_4b_validation200_v3_128.jsonl,250,মেঝের ক্ষেত্রফল = 4500 বর্গগজ পাথরের ক্ষেত্রফল = 4 বর্গগজ পাথর লাগবে = মেঝের ক্ষেত্রফল ÷ পাথরের ক্ষেত্রফল = 4500 ÷ 4 = 1125 1125
Qwen3-4B,Qwen/Qwen3-4B-Instruct-2507,banglish_clean,Reviewed Banglish,banglamath,short_answer,short_answer,banglamath_0553,১১২৫টি,False,"The given statement is in Bengali and appears to be a question or statement about agricultural land and the number of ploughs (pathor) required. However, the sentence is grammatically and logically unclear or possibly mistranslated.",False,False,False,490,232,5,True,True,results/runs/qwen3_4b_validation200_v5_banglish/results/runs/qwen3_4b_validation200_v5_banglish.jsonl,84,"The given statement is in Bengali and appears to be a question or statement about agricultural land and the number of ploughs (pathor) required. However, the..."
Qwen3-4B,Qwen/Qwen3-4B-Instruct-2507,english,English,banglamath,short_answer,short_answer,banglamath_0553,১১২৫টি,False,1125,False,False,False,21,4,2,True,False,results/runs/qwen3_4b_validation200_v3_128/results/runs/qwen3_4b_validation200_v3_128.jsonl,252,4500 ÷ 4 = 1125 1125
Qwen3-4B,Qwen/Qwen3-4B-Instruct-2507,bangla,Bangla,banglamath,short_answer,short_answer,banglamath_0557,৯৩০ টাকা,False,= (120 ×,False,False,False,144,8,5,True,True,results/runs/qwen3_4b_validation200_v3_128/results/runs/qwen3_4b_validation200_v3_128.jsonl,55,বাগানের পরিসীমা = 120 মিটার প্রতি মিটারে খরচ = 3¹⁄₄ টাকা = 3 + 1/4 = 13/4 টাকা খরচ = পরিসীমা × প্রতি মিটারে খরচ = 120 × (13/4) = (120 ×
Qwen3-4B,Qwen/Qwen3-4B-Instruct-2507,banglish_clean,Reviewed Banglish,banglamath,short_answer,short_answer,banglamath_0557,৯৩০ টাকা,False,"সুতরাং, মোট খরচ হবে **930",False,False,False,153,25,5,True,True,results/runs/qwen3_4b_validation200_v5_banglish/results/runs/qwen3_4b_validation200_v5_banglish.jsonl,19,"120 মিটার প্রতি মিটারে 31/4 টাকা করে দেওয়া হলে, মোট খরচ হবে: \[ 120 \times \frac{31}{4} = 30 \times 31 = 930 \text{ টাকা} \] সুতরাং, মোট খরচ হবে **930"
Qwen3-4B,Qwen/Qwen3-4B-Instruct-2507,english,English,banglamath,short_answer,short_answer,banglamath_0557,৯৩০ টাকা,False,390,False,False,False,261,3,9,True,True,results/runs/qwen3_4b_validation200_v3_128/results/runs/qwen3_4b_validation200_v3_128.jsonl,57,"First, convert the cost per meter to an improper fraction: 3¼ Taka = 3 + 1/4 = 13/4 Taka per meter. The perimeter of the garden is 120 meters. Total cost = p..."
Qwen3-4B,Qwen/Qwen3-4B-Instruct-2507,bangla,Bangla,banglamath,short_answer,short_answer,banglamath_0558,২০ মিটার,False,তাই প্রস্থ = **20 ম,False,False,False,158,19,6,True,True,results/runs/qwen3_4b_validation200_v3_128/results/runs/qwen3_4b_validation200_v3_128.jsonl,592,"ধরি, বাগানের প্রস্থ = $ x $ মিটার তবে দৈর্ঘ্য = $ 3x $ মিটার বাগানের দৈর্ঘ্য 60 মিটার হলে, $ 3x = 60 $ $ x = \frac{60}{3} = 20 $ তাই প্রস্থ = **20 ম"
Qwen3-4B,Qwen/Qwen3-4B-Instruct-2507,banglish_clean,Reviewed Banglish,banglamath,short_answer,short_answer,banglamath_0558,২০ মিটার,False,can be derived from it.,False,False,False,312,23,2,True,True,results/runs/qwen3_4b_validation200_v5_banglish/results/runs/qwen3_4b_validation200_v5_banglish.jsonl,198,"The given text appears to be a garbled or nonsensical combination of words, possibly in a corrupted or fictional language. There is no clear meaning or gramm..."
Qwen3-4B,Qwen/Qwen3-4B-Instruct-2507,english,English,banglamath,short_answer,short_answer,banglamath_0558,২০ মিটার,False,The width is **20 meters**.,False,False,False,290,27,16,True,True,results/runs/qwen3_4b_validation200_v3_128/results/runs/qwen3_4b_validation200_v3_128.jsonl,594,We are given: - The length of the rectangular garden is 60 meters. - The length is 3 times the width. Let the width be $ w $. According to the problem: $$ \t...
Qwen3-4B,Qwen/Qwen3-4B-Instruct-2507,bangla,Bangla,banglamath,short_answer,short_answer,banglamath_0559,১৬০০ বর্গমিটার,False,"সুতরাং, বাহুর দৈর্ঘ্য = 160 ÷ 4 = 40 মিটার",False,False,False,133,42,4,True,True,results/runs/qwen3_4b_validation200_v3_128/results/runs/qwen3_4b_validation200_v3_128.jsonl,571,"বর্গক্ষেত্রের পরিসীমা = 160 মিটার বর্গক্ষেত্রের পরিসীমা = 4 × বাহুর দৈর্ঘ্য সুতরাং, বাহুর দৈর্ঘ্য = 160 ÷ 4 = 40 মিটার ক্ষেত্র"
Qwen3-4B,Qwen/Qwen3-4B-Instruct-2507,banglish_clean,Reviewed Banglish,banglamath,short_answer,short_answer,banglamath_0559,১৬০০ বর্গমিটার,False,160,False,False,False,100,3,3,True,False,results/runs/qwen3_4b_validation200_v5_banglish/results/runs/qwen3_4b_validation200_v5_banglish.jsonl,191,"160 মিটার হলে ক্ষেত্রফল হবে 160 বর্গমিটার। সুতরাং, ক্ষেত্রফল = 160 বর্গমিটার। Final answer: 160"
Qwen3-4B,Qwen/Qwen3-4B-Instruct-2507,english,English,banglamath,short_answer,short_answer,banglamath_0559,১৬০০ বর্গমিটার,False,1600,False,False,False,208,4,10,True,True,results/runs/qwen3_4b_validation200_v3_128/results/runs/qwen3_4b_validation200_v3_128.jsonl,573,"A square has four equal sides. Given the perimeter is 160 meters, each side is: $$ \frac{160}{4} = 40 \text{ meters} $$ The area of a square is side squared:..."
Qwen3-4B,Qwen/Qwen3-4B-Instruct-2507,bangla,Bangla,banglamath,short_answer,short_answer,banglamath_1684,"১২, ১২, ৩ বছর",False,প্রশ্ন: কারিম সাহেবের ৩ পুত্রের বর্তমান বয়সের সমষ্টি ২৯ বছর। ৬ বছর পূর্বে তাদের বয়সের সমষ্টি ১২ বছর ছিল। পুত্রদের ব,False,False,False,117,117,1,False,False,results/runs/qwen3_4b_validation200_v3_128/results/runs/qwen3_4b_validation200_v3_128.jsonl,517,প্রশ্ন: কারিম সাহেবের ৩ পুত্রের বর্তমান বয়সের সমষ্টি ২৯ বছর। ৬ বছর পূর্বে তাদের বয়সের সমষ্টি ১২ বছর ছিল। পুত্রদের ব
Qwen3-4B,Qwen/Qwen3-4B-Instruct-2507,banglish_clean,Reviewed Banglish,banglamath,short_answer,short_answer,banglamath_1684,"১২, ১২, ৩ বছর",False,"""3 putr ebong prothom 2 jon jomoj"" →",False,False,False,409,36,9,True,True,results/runs/qwen3_4b_validation200_v5_banglish/results/runs/qwen3_4b_validation200_v5_banglish.jsonl,173,Putroder bortoman boyos koto? We are given: - Karim Sahib has 3 sons and 2 daughters. - 3 daughters are born in the same year (29 months). - 6 months before ...
Qwen3-4B,Qwen/Qwen3-4B-Instruct-2507,english,English,banglamath,short_answer,short_answer,banglamath_1684,"১২, ১২, ৩ বছর",False,x + x + y = 29 \Rightarrow 2x + y = 29 \quad \text{(,False,False,False,409,52,11,True,True,results/runs/qwen3_4b_validation200_v3_128/results/runs/qwen3_4b_validation200_v3_128.jsonl,519,Let's solve the problem step by step. We are told: - Mr. Karim has 3 sons. - The first two are twins (so they are the same age). - The total age of the sons ...
Qwen3-4B,Qwen/Qwen3-4B-Instruct-2507,bangla,Bangla,banglamath,short_answer,short_answer,banglamath_1685,দুইজনের বয়স সমান,False,জুলির বয়স বেশি।,False,False,False,16,16,1,False,False,results/runs/qwen3_4b_validation200_v3_128/results/runs/qwen3_4b_validation200_v3_128.jsonl,157,জুলির বয়স বেশি।
Qwen3-4B,Qwen/Qwen3-4B-Instruct-2507,banglish_clean,Reviewed Banglish,banglamath,short_answer,short_answer,banglamath_1685,দুইজনের বয়স সমান,False,"""3 bochhor por jiboner boyos jodi 3 bochhor purbe jiboner",False,False,False,402,57,5,True,True,results/runs/qwen3_4b_validation200_v5_banglish/results/runs/qwen3_4b_validation200_v5_banglish.jsonl,53,"The question appears to be in a mix of Bengali and possibly a riddle or logical puzzle. Let's interpret and solve it step by step. Given: - ""2 bochhor por ji..."
Qwen3-4B,Qwen/Qwen3-4B-Instruct-2507,english,English,banglamath,short_answer,short_answer,banglamath_1685,দুইজনের বয়স সমান,False,2 + 4 = 2x - x,False,False,False,293,14,14,True,True,results/runs/qwen3_4b_validation200_v3_128/results/runs/qwen3_4b_validation200_v3_128.jsonl,159,"Let's solve the problem step by step. Let Jibon's current age be $ x $. **First statement:** In 2 years, Jibon’s age will be twice what it was 2 years ago. -..."
Qwen3-4B,Qwen/Qwen3-4B-Instruct-2507,bangla,Bangla,banglamath,short_answer,short_answer,banglamath_1686,প্রতেকে পাবে ৫/৬ আপেল।অর্থাৎ ১টি আপেলের অর্ধেক +১টি আপেলের ১/৩ ভাগ।,False,প্রত্যেক আপেলকে ৩ টুকর,False,False,False,124,22,3,True,True,results/runs/qwen3_4b_validation200_v3_128/results/runs/qwen3_4b_validation200_v3_128.jsonl,454,প্রত্যেক বালকের জন্য ১ টুকরা আপেল দেওয়া হবে। ৫টি আপেলকে ৬ জন বালকের মাঝে সমানভাবে ভাগ করার জন্য: - প্রত্যেক আপেলকে ৩ টুকর
Qwen3-4B,Qwen/Qwen3-4B-Instruct-2507,banglish_clean,Reviewed Banglish,banglamath,short_answer,short_answer,banglamath_1686,প্রতেকে পাবে ৫/৬ আপেল।অর্থাৎ ১টি আপেলের অর্ধেক +১টি আপেলের ১/৩ ভাগ।,False,3 tukorate,False,False,False,10,10,1,False,False,results/runs/qwen3_4b_validation200_v5_banglish/results/runs/qwen3_4b_validation200_v5_banglish.jsonl,152,3 tukorate
Qwen3-4B,Qwen/Qwen3-4B-Instruct-2507,english,English,banglamath,short_answer,short_answer,banglamath_1686,প্রতেকে পাবে ৫/৬ আপেল।অর্থাৎ ১টি আপেলের অর্ধেক +১টি আপেলের ১/৩ ভাগ।,False,Since 2.5 pieces = $ \frac{5}{2} $ pieces,False,False,False,400,41,6,True,True,results/runs/qwen3_4b_validation200_v3_128/results/runs/qwen3_4b_validation200_v3_128.jsonl,456,"Each boy gets $ \frac{5}{6} $ of an apple. Since each apple can be cut into up to 3 equal pieces, we can cut each apple into 3 pieces, giving 15 pieces total..."
Qwen3-4B,Qwen/Qwen3-4B-Instruct-2507,bangla,Bangla,banglamath,short_answer,short_answer,banglamath_1687,"কাঠালের ওজন ৩ কিলোগ্রাম , তরমুজের ওজন ৪ কিলোগ্রাম",False,2. $ 5x + 4y = 31 $,False,False,False,145,19,6,True,True,results/runs/qwen3_4b_validation200_v3_128/results/runs/qwen3_4b_validation200_v3_128.jsonl,325,"মনে করি, ১ কাঠালের ওজন = $ x $ কিলোগ্রাম এবং ১ তরমুজের ওজন = $ y $ কিলোগ্রাম দেওয়া হলো: 1. $ 4x + 5y = 32 $ 2. $ 5x + 4y = 31 $ এই দুটি �"
Qwen3-4B,Qwen/Qwen3-4B-Instruct-2507,banglish_clean,Reviewed Banglish,banglamath,short_answer,short_answer,banglamath_1687,"কাঠালের ওজন ৩ কিলোগ্রাম , তরমুজের ওজন ৪ কিলোগ্রাম",False,$ x $ = weight of 1 kathal (,False,False,False,315,28,8,True,True,results/runs/qwen3_4b_validation200_v5_banglish/results/runs/qwen3_4b_validation200_v5_banglish.jsonl,109,Let's solve the problem step by step. We are given: 1. 4 ti kathal ebong 5 ti toromujer ojoner somoshti 32 kilogram. → 4 kathals and 5 toromujers weigh 32 kg...
Qwen3-4B,Qwen/Qwen3-4B-Instruct-2507,english,English,banglamath,short_answer,short_answer,banglamath_1687,"কাঠালের ওজন ৩ কিলোগ্রাম , তরমুজের ওজন ৪ কিলোগ্রাম",False,$ 20j +,False,False,False,334,7,10,True,True,results/runs/qwen3_4b_validation200_v3_128/results/runs/qwen3_4b_validation200_v3_128.jsonl,327,Let the weight of one jackfruit be $ j $ kg and the weight of one watermelon be $ w $ kg. We are given two equations: 1. $ 4j + 5w = 32 $ 2. $ 5j + 4w = 31 $...
Qwen3-4B,Qwen/Qwen3-4B-Instruct-2507,bangla,Bangla,banglamath,short_answer,short_answer,banglamath_1688,"বাবুর্চী কাটে ৭০ মিনিটে ২১০টি পেঁয়াজ, সহকারী কাটে ১৯০টি পেঁয়াজ ৯৫ মিনিটে",False,তার সহকর্মী পেঁয়াজ কাটার সময় হলো \( x + 25 \) মিনিট (কারণ বাবুর্চি 25,False,False,False,129,71,2,True,True,results/runs/qwen3_4b_validation200_v3_128/results/runs/qwen3_4b_validation200_v3_128.jsonl,145,"ধরা যাক, বাবুর্চি পেঁয়াজ কাটার সময় হলো \( x \) মিনিট। তার সহকর্মী পেঁয়াজ কাটার সময় হলো \( x + 25 \) মিনিট (কারণ বাবুর্চি 25"
Qwen3-4B,Qwen/Qwen3-4B-Instruct-2507,banglish_clean,Reviewed Banglish,banglamath,short_answer,short_answer,banglamath_1688,"বাবুর্চী কাটে ৭০ মিনিটে ২১০টি পেঁয়াজ, সহকারী কাটে ১৯০টি পেঁয়াজ ৯৫ মিনিটে",False,Sohokormi 25 minit e 2 ti peyaj minite = 25 × 2 =,False,False,False,282,49,4,True,True,results/runs/qwen3_4b_validation200_v5_banglish/results/runs/qwen3_4b_validation200_v5_banglish.jsonl,49,"Baburchi proti minite 3 ti peyaj, tar sohokormi proti minite 2 ti peyaj katte pare. Jodi baburchi tar sohokormir cheye 25 minit age peyaj kata bondho kore, t..."
Qwen3-4B,Qwen/Qwen3-4B-Instruct-2507,english,English,banglamath,short_answer,short_answer,banglamath_1688,"বাবুর্চী কাটে ৭০ মিনিটে ২১০টি পেঁয়াজ, সহকারী কাটে ১৯০টি পেঁয়াজ ৯৫ মিনিটে",False,\text{Chef's onions} + \text{Assistant's onions} = 3(t,False,False,False,444,54,10,True,True,results/runs/qwen3_4b_validation200_v3_128/results/runs/qwen3_4b_validation200_v3_128.jsonl,147,Let’s define variables: - Let $ t $ be the time (in minutes) that the **assistant** worked. - Then the **chef** worked $ t - 25 $ minutes (since the chef sto...
Qwen3-4B,Qwen/Qwen3-4B-Instruct-2507,bangla,Bangla,banglamath,short_answer,short_answer,banglamath_1690,"সেন্টুর ছিল ১০টি, মিন্টুর ছিল ১৪টি খেলনা গাড়ি",False,"2. যদি সেন্টু 2টি গাড়ি দেয় মিন্টুর কাছে, তবে গাড",False,False,False,132,50,5,True,True,results/runs/qwen3_4b_validation200_v3_128/results/runs/qwen3_4b_validation200_v3_128.jsonl,319,"মিন্টুর গাড়ির সংখ্যা = x সেন্টুর গাড়ির সংখ্যা = y দেওয়া হলো: 1. y > x 2. যদি সেন্টু 2টি গাড়ি দেয় মিন্টুর কাছে, তবে গাড"
Qwen3-4B,Qwen/Qwen3-4B-Instruct-2507,banglish_clean,Reviewed Banglish,banglamath,short_answer,short_answer,banglamath_1690,"সেন্টুর ছিল ১০টি, মিন্টুর ছিল ১৪টি খেলনা গাড়ি",False,Let's solve the problem step by step.,False,False,False,454,37,9,True,True,results/runs/qwen3_4b_validation200_v5_banglish/results/runs/qwen3_4b_validation200_v5_banglish.jsonl,107,"Let's solve the problem step by step. We are given a riddle-like scenario in Bengali, which we will translate and analyze logically. --- **Translation and un..."
Qwen3-4B,Qwen/Qwen3-4B-Instruct-2507,english,English,banglamath,short_answer,short_answer,banglamath_1690,"সেন্টুর ছিল ১০টি, মিন্টুর ছিল ১৪টি খেলনা গাড়ি",False,M + 2 = S - 2,False,False,False,414,13,14,True,True,results/runs/qwen3_4b_validation200_v3_128/results/runs/qwen3_4b_validation200_v3_128.jsonl,321,Let’s solve the problem step by step. Let: - $ M $ = number of toy cars Mintu had initially - $ S $ = number of toy cars Sentu had initially **First statemen...
Qwen3-4B,Qwen/Qwen3-4B-Instruct-2507,bangla,Bangla,banglamath,short_answer,short_answer,banglamath_1691,প্রথমে ৩ লিটারের পাত্রে ৩ লিটার দুধ নিয়ে তা ৫ লিটারের পাত্রে ঢালতে হবে। এবারও একইভাবে আবারও ৩ লিটার দুধ নিয়ে ৫ লিটারের পাত্রে আছে আরো ঢালতে হবে যতক্ষণ না ৫ লিটারের পাত্রটি পূর্ণ হয়। পাত্রটি পূর্ণ হওয়ার পর যে অবশিষ্ট দুধ ৩ লিটারের পাত্রে থেকে যাবে তার পরিমাণ ১ লিটার।,False,"গোয়ালার কাছে 10 লিটার দুধ আছে, যা একটি 5 লিটারের এবং একটি 3 লিটারের খালি পাত্রে ভরে যায়। ক্রেতাকে 1 লিটার দুধ দেয়ার জন",False,False,False,121,121,1,False,True,results/runs/qwen3_4b_validation200_v3_128/results/runs/qwen3_4b_validation200_v3_128.jsonl,577,"গোয়ালার কাছে 10 লিটার দুধ আছে, যা একটি 5 লিটারের এবং একটি 3 লিটারের খালি পাত্রে ভরে যায়। ক্রেতাকে 1 লিটার দুধ দেয়ার জন"
Qwen3-4B,Qwen/Qwen3-4B-Instruct-2507,banglish_clean,Reviewed Banglish,banglamath,short_answer,short_answer,banglamath_1691,প্রথমে ৩ লিটারের পাত্রে ৩ লিটার দুধ নিয়ে তা ৫ লিটারের পাত্রে ঢালতে হবে। এবারও একইভাবে আবারও ৩ লিটার দুধ নিয়ে ৫ লিটারের পাত্রে আছে আরো ঢালতে হবে যতক্ষণ না ৫ লিটারের পাত্রটি পূর্ণ হয়। পাত্রটি পূর্ণ হওয়ার পর যে অবশিষ্ট দুধ ৩ লিটারের পাত্রে থেকে যাবে তার পরিমাণ ১ লিটার।,False,"Jekhane 5 litarer patro ache,",False,False,False,299,29,7,True,True,results/runs/qwen3_4b_validation200_v5_banglish/results/runs/qwen3_4b_validation200_v5_banglish.jsonl,193,Goyalar kachhe jesob patro ache shudhu ta diye kibhabe kretake 1 litar dudh deya sombhob? Dudh mapar duti khali patro: - Ekti 5 litarer - Oporoti 3 litarer K...
Qwen3-4B,Qwen/Qwen3-4B-Instruct-2507,english,English,banglamath,short_answer,short_answer,banglamath_1691,প্রথমে ৩ লিটারের পাত্রে ৩ লিটার দুধ নিয়ে তা ৫ লিটারের পাত্রে ঢালতে হবে। এবারও একইভাবে আবারও ৩ লিটার দুধ নিয়ে ৫ লিটারের পাত্রে আছে আরো ঢালতে হবে যতক্ষণ না ৫ লিটারের পাত্রটি পূর্ণ হয়। পাত্রটি পূর্ণ হওয়ার পর যে অবশিষ্ট দুধ ৩ লিটারের পাত্রে থেকে যাবে তার পরিমাণ ১ লিটার।,False,"This will add 1 liter to the 3-liter container, leaving exactly",False,False,False,504,63,8,True,True,results/runs/qwen3_4b_validation200_v3_128/results/runs/qwen3_4b_validation200_v3_128.jsonl,579,Fill the 5-liter container from the 10-liter jar. Pour from the 5-liter container into the 3-liter container until full. This leaves 2 liters in the 5-liter ...
Qwen3-4B,Qwen/Qwen3-4B-Instruct-2507,bangla,Bangla,banglamath,short_answer,short_answer,banglamath_1692,"১জন পুরুষ, ৫ জন মহিলা এবং ১৪ জন শিশু",False,প্রত্যেক পুরুষ 3,False,False,False,144,16,7,True,True,results/runs/qwen3_4b_validation200_v3_128/results/runs/qwen3_4b_validation200_v3_128.jsonl,160,"ধরি, পরিবারে পুরুষ = x জন, মহিলা = y জন, শিশু = z জন। দেওয়া হলো: x + y + z = 20 — (1) আবার, ধানের মোট পরিমাণ = 20 মণ। প্রত্যেক পুরুষ 3"
Qwen3-4B,Qwen/Qwen3-4B-Instruct-2507,banglish_clean,Reviewed Banglish,banglamath,short_answer,short_answer,banglamath_1692,"১জন পুরুষ, ৫ জন মহিলা এবং ১৪ জন শিশু",False,"{20, 20, 0}",False,False,False,11,11,1,False,False,results/runs/qwen3_4b_validation200_v5_banglish/results/runs/qwen3_4b_validation200_v5_banglish.jsonl,54,"{20, 20, 0}"
Qwen3-4B,Qwen/Qwen3-4B-Instruct-2507,english,English,banglamath,short_answer,short_answer,banglamath_1692,"১জন পুরুষ, ৫ জন মহিলা এবং ১৪ জন শিশু",False,2m + w = 0,False,False,False,323,10,17,True,True,results/runs/qwen3_4b_validation200_v3_128/results/runs/qwen3_4b_validation200_v3_128.jsonl,162,"Let the number of men be $ m $, women be $ w $, and children be $ c $. We are given two equations: 1. Total number of family members: $$ m + w + c = 20 $$ 2...."
Qwen3-4B,Qwen/Qwen3-4B-Instruct-2507,bangla,Bangla,banglamath,short_answer,short_answer,banglamath_1693,24,False,এবং চার ভাগের এক ভাগ হল $ \frac{1}{4,False,False,False,142,36,3,True,True,results/runs/qwen3_4b_validation200_v3_128/results/runs/qwen3_4b_validation200_v3_128.jsonl,109,"মনে করি, দুই অঙ্কের সংখ্যাটি হল $ x $। প্রশ্ন অনুসারে, সংখ্যাটির তিন ভাগের এক ভাগ হল $ \frac{1}{3}x $, এবং চার ভাগের এক ভাগ হল $ \frac{1}{4"
Qwen3-4B,Qwen/Qwen3-4B-Instruct-2507,banglish_clean,Reviewed Banglish,banglamath,short_answer,short_answer,banglamath_1693,24,False,14,False,False,False,2,2,1,False,False,results/runs/qwen3_4b_validation200_v5_banglish/results/runs/qwen3_4b_validation200_v5_banglish.jsonl,37,14
Qwen3-4B,Qwen/Qwen3-4B-Instruct-2507,english,English,banglamath,short_answer,short_answer,banglamath_1693,24,False,x = 2,False,False,False,271,5,19,True,True,results/runs/qwen3_4b_validation200_v3_128/results/runs/qwen3_4b_validation200_v3_128.jsonl,111,Let the two-digit number be $ x $. We are told that: $$ \frac{1}{3}x + \frac{1}{4}x = 14 $$ Find a common denominator: $$ \left( \frac{4}{12} + \frac{3}{12} ...
Qwen3-4B,Qwen/Qwen3-4B-Instruct-2507,bangla,Bangla,banglamath,short_answer,short_answer,banglamath_1694,১ মিনিট,False,60 কিমি/ঘন্টা = \( \frac{60 \times 1000}{3600} = \frac{60000}{3600} = 16.\overline{6} \) ম,False,False,False,159,90,3,True,True,results/runs/qwen3_4b_validation200_v3_128/results/runs/qwen3_4b_validation200_v3_128.jsonl,241,ট্রেনের গতি = 60 কিমি/ঘন্টা গতি মিটার/সেকেন্ডে পরিবর্তন করা হবে: 60 কিমি/ঘন্টা = \( \frac{60 \times 1000}{3600} = \frac{60000}{3600} = 16.\overline{6} \) ম
Qwen3-4B,Qwen/Qwen3-4B-Instruct-2507,banglish_clean,Reviewed Banglish,banglamath,short_answer,short_answer,banglamath_1694,১ মিনিট,False,220 somoy lagbe.,False,False,False,38,16,2,True,False,results/runs/qwen3_4b_validation200_v5_banglish/results/runs/qwen3_4b_validation200_v5_banglish.jsonl,81,{500 - 60} ÷ 2 = 220 220 somoy lagbe.
Qwen3-4B,Qwen/Qwen3-4B-Instruct-2507,english,English,banglamath,short_answer,short_answer,banglamath_1694,১ মিনিট,False,60 km/h = (6,False,False,False,456,12,8,True,True,results/runs/qwen3_4b_validation200_v3_128/results/runs/qwen3_4b_validation200_v3_128.jsonl,243,"To find how long it takes for a train to cross a bridge, we need to consider the total distance the train must travel. - The train is 500 meters long. - The ..."
Qwen3-4B,Qwen/Qwen3-4B-Instruct-2507,bangla,Bangla,banglamath,short_answer,short_answer,banglamath_1695,"নারিকেল গাছ 60টি, আম গাছ ৪৫টি, বট গাছ ৩৬টি, ফুলের গাছ ৩৯টি",False,ফুলের গাছ = ৩৯টি,False,False,False,130,16,6,True,True,results/runs/qwen3_4b_validation200_v3_128/results/runs/qwen3_4b_validation200_v3_128.jsonl,595,পার্কে গাছগুলির ভাগ দেওয়া হয়েছে: - নারকেলগাছ = ১/৩ - আমগাছ = ১/৪ - বটগাছ = ১/৫ - ফুলের গাছ = ৩৯টি মোট গাছ হল এই সব গাছ
Qwen3-4B,Qwen/Qwen3-4B-Instruct-2507,banglish_clean,Reviewed Banglish,banglamath,short_answer,short_answer,banglamath_1695,"নারিকেল গাছ 60টি, আম গাছ ৪৫টি, বট গাছ ৩৬টি, ফুলের গাছ ৩৯টি",False,### Step 1: Understand the problem,False,False,False,371,34,5,True,True,results/runs/qwen3_4b_validation200_v5_banglish/results/runs/qwen3_4b_validation200_v5_banglish.jsonl,199,"We are given a problem in Bengali, which translates to: ""1ti parke 1/3 bhag narokelogachh, 1/4 gachhoam gachh, 1/5 bhag bot gachh ebong 39ti fuler gachh. Bag..."
Qwen3-4B,Qwen/Qwen3-4B-Instruct-2507,english,English,banglamath,short_answer,short_answer,banglamath_1695,"নারিকেল গাছ 60টি, আম গাছ ৪৫টি, বট গাছ ৩৬টি, ফুলের গাছ ৩৯টি",False,\frac{1}{3}T + \frac{1}{4}T + \frac{1}{5}T + 39 = T,False,False,False,323,51,11,True,True,results/runs/qwen3_4b_validation200_v3_128/results/runs/qwen3_4b_validation200_v3_128.jsonl,597,Let the total number of trees be $ T $. Given: - Coconut trees: $ \frac{1}{3}T $ - Mango trees: $ \frac{1}{4}T $ - Banyan trees: $ \frac{1}{5}T $ - Flower tr...
Qwen3-4B,Qwen/Qwen3-4B-Instruct-2507,bangla,Bangla,banglamath,short_answer,short_answer,banglamath_1696,০.১৮ লিটার অথবা ১.৮ লিটার,False,মিশ্রণের মোট পরিমাণ = (20 / 10) ×,False,False,False,135,33,3,True,True,results/runs/qwen3_4b_validation200_v3_128/results/runs/qwen3_4b_validation200_v3_128.jsonl,478,"10% লবণমিশ্রিত শরবত বানাতে হলে, 10 গ্রাম লবণ 100 গ্রাম মিশ্রণে থাকে। এখানে লবণের পরিমাণ = 20 গ্রাম মিশ্রণের মোট পরিমাণ = (20 / 10) ×"
Qwen3-4B,Qwen/Qwen3-4B-Instruct-2507,banglish_clean,Reviewed Banglish,banglamath,short_answer,short_answer,banglamath_1696,০.১৮ লিটার অথবা ১.৮ লিটার,False,200,False,False,False,93,3,2,True,False,results/runs/qwen3_4b_validation200_v5_banglish/results/runs/qwen3_4b_validation200_v5_banglish.jsonl,160,10% lobonomishrit shorobot banate 20 gram lobon diye 200 ml panir dorokar। Final Answer: 200
Qwen3-4B,Qwen/Qwen3-4B-Instruct-2507,english,English,banglamath,short_answer,short_answer,banglamath_1696,০.১৮ লিটার অথবা ১.৮ লিটার,False,Since the solution is mostly water (salt is 20,False,False,False,410,46,6,True,True,results/runs/qwen3_4b_validation200_v3_128/results/runs/qwen3_4b_validation200_v3_128.jsonl,480,"To make a 10% salt solution with 20 grams of salt, we need to determine the total volume of the solution such that salt makes up 10% of it. A 10% salt soluti..."
Qwen3-4B,Qwen/Qwen3-4B-Instruct-2507,bangla,Bangla,banglamath,short_answer,short_answer,banglamath_1697,70,True,70,False,False,False,94,2,5,True,False,results/runs/qwen3_4b_validation200_v3_128/results/runs/qwen3_4b_validation200_v3_128.jsonl,553,30 কে 1/2 দিয়ে ভাগ করলে: 30 ÷ (1/2) = 30 × 2 = 60 এরপর 10 যোগ করলে: 60 + 10 = 70 70
Qwen3-4B,Qwen/Qwen3-4B-Instruct-2507,banglish_clean,Reviewed Banglish,banglamath,short_answer,short_answer,banglamath_1697,70,True,70,False,False,False,108,2,5,True,False,results/runs/qwen3_4b_validation200_v5_banglish/results/runs/qwen3_4b_validation200_v5_banglish.jsonl,185,30 ke 1/2 diye bhag kore: 30 ÷ (1/2) = 30 × 2 = 60 60 e 10 jog kore: 60 + 10 = 70 Final answer: 70
Qwen3-4B,Qwen/Qwen3-4B-Instruct-2507,english,English,banglamath,short_answer,short_answer,banglamath_1697,70,True,70,False,False,False,98,2,3,True,False,results/runs/qwen3_4b_validation200_v3_128/results/runs/qwen3_4b_validation200_v3_128.jsonl,555,"30 divided by ½ is the same as 30 multiplied by 2, which is 60. Then add 10: 60 + 10 = 70. 70"
Qwen3-4B,Qwen/Qwen3-4B-Instruct-2507,bangla,Bangla,banglamath,short_answer,short_answer,banglamath_1698,১৩ টা,False,সকাল ৬টা থেকে দুপুর ১২টা পর্যন্ত স,False,False,False,118,34,2,True,False,results/runs/qwen3_4b_validation200_v3_128/results/runs/qwen3_4b_validation200_v3_128.jsonl,235,ডাক্তার বলেছেন সকাল ৬টা থেকে দুপুর ১২টা পর্যন্ত আধ ঘন্টা পরপর ১টি টেবলেট খেতে হবে। সকাল ৬টা থেকে দুপুর ১২টা পর্যন্ত স
Qwen3-4B,Qwen/Qwen3-4B-Instruct-2507,banglish_clean,Reviewed Banglish,banglamath,short_answer,short_answer,banglamath_1698,১৩ টা,False,120,False,False,False,3,3,1,False,False,results/runs/qwen3_4b_validation200_v5_banglish/results/runs/qwen3_4b_validation200_v5_banglish.jsonl,79,120
Qwen3-4B,Qwen/Qwen3-4B-Instruct-2507,english,English,banglamath,short_answer,short_answer,banglamath_1698,১৩ টা,False,8:30 AM,False,False,False,278,7,13,True,True,results/runs/qwen3_4b_validation200_v3_128/results/runs/qwen3_4b_validation200_v3_128.jsonl,237,"From 6 AM to 12 PM is 6 hours. 6 hours = 6 × 60 = 360 minutes. One tablet every 30 minutes: 360 ÷ 30 = 12 intervals. But the first tablet is taken at 6 AM, a..."
Qwen3-4B,Qwen/Qwen3-4B-Instruct-2507,bangla,Bangla,banglamath,short_answer,short_answer,banglamath_1699,132,True,132,False,False,False,242,3,14,True,True,results/runs/qwen3_4b_validation200_v3_128/results/runs/qwen3_4b_validation200_v3_128.jsonl,388,We are given: - $ A - B = 10 $ - $ AB = 16 $ We need to find $ A^2 + B^2 $. We use the identity: $$ A^2 + B^2 = (A - B)^2 + 2AB $$ Substitute the given value...
Qwen3-4B,Qwen/Qwen3-4B-Instruct-2507,banglish_clean,Reviewed Banglish,banglamath,short_answer,short_answer,banglamath_1699,132,True,132,False,False,False,235,3,14,True,True,results/runs/qwen3_4b_validation200_v5_banglish/results/runs/qwen3_4b_validation200_v5_banglish.jsonl,130,We are given: - $ A - B = 10 $ - $ AB = 16 $ - We are to find $ A^2 + B^2 $ We use the identity: $$ A^2 + B^2 = (A - B)^2 + 2AB $$ Substitute the given value...
Qwen3-4B,Qwen/Qwen3-4B-Instruct-2507,english,English,banglamath,short_answer,short_answer,banglamath_1699,132,True,132,False,False,False,233,3,13,True,True,results/runs/qwen3_4b_validation200_v3_128/results/runs/qwen3_4b_validation200_v3_128.jsonl,390,We are given: - $ A - B = 10 $ - $ AB = 16 $ We are to find $ A^2 + B^2 $. We use the identity: $$ A^2 + B^2 = (A - B)^2 + 2AB $$ Substitute the given values...
Qwen3-4B,Qwen/Qwen3-4B-Instruct-2507,bangla,Bangla,banglamath,short_answer,short_answer,banglamath_1703,৩৬টি,False,90 × 1.2,False,False,False,136,8,4,True,True,results/runs/qwen3_4b_validation200_v3_128/results/runs/qwen3_4b_validation200_v3_128.jsonl,430,"ধারণক্ষমতা 120টি আনারস = 144টি আম 1 টি আনারসের সমমান আম = 144 / 120 = 1.2 টি আম 90টি আনারস রাখা হলে, ধারণক্ষমতা ব্যবহার হয়: 90 × 1.2"
Qwen3-4B,Qwen/Qwen3-4B-Instruct-2507,banglish_clean,Reviewed Banglish,banglamath,short_answer,short_answer,banglamath_1703,৩৬টি,False,"But the question says ""120ti anaros othoba 144ti amer"" — meaning ""either 120 or 14",False,False,False,327,82,7,True,True,results/runs/qwen3_4b_validation200_v5_banglish/results/runs/qwen3_4b_validation200_v5_banglish.jsonl,144,"The question is in Bengali and translates to: ""Out of 120 or 144, if 90 are taken away, how many are left?"" We need to find the remainder when 90 is subtract..."
Qwen3-4B,Qwen/Qwen3-4B-Instruct-2507,english,English,banglamath,short_answer,short_answer,banglamath_1703,৩৬টি,False,Let’s assume the basket’s total capacity is 1,False,False,False,466,45,9,True,True,results/runs/qwen3_4b_validation200_v3_128/results/runs/qwen3_4b_validation200_v3_128.jsonl,432,We are given: - A basket can hold 120 pineapples **or** 144 mangoes. - This means the basket has a capacity that is equivalent in volume to either 120 pineap...
Qwen3-4B,Qwen/Qwen3-4B-Instruct-2507,bangla,Bangla,benqa,mcq,choice,benqa_10th-Biology_0057,C,False,D,False,False,False,1,1,1,False,False,results/runs/qwen3_4b_validation200_v3_128/results/runs/qwen3_4b_validation200_v3_128.jsonl,541,D
Qwen3-4B,Qwen/Qwen3-4B-Instruct-2507,banglish_clean,Reviewed Banglish,benqa,mcq,choice,benqa_10th-Biology_0057,C,False,D,False,False,False,1,1,1,False,False,results/runs/qwen3_4b_validation200_v5_banglish/results/runs/qwen3_4b_validation200_v5_banglish.jsonl,181,D
Qwen3-4B,Qwen/Qwen3-4B-Instruct-2507,english,English,benqa,mcq,choice,benqa_10th-Biology_0057,C,False,D,False,False,False,1,1,1,False,False,results/runs/qwen3_4b_validation200_v3_128/results/runs/qwen3_4b_validation200_v3_128.jsonl,543,D
Qwen3-4B,Qwen/Qwen3-4B-Instruct-2507,bangla,Bangla,benqa,mcq,choice,benqa_10th-Biology_0090,C,False,D,False,False,False,1,1,1,False,False,results/runs/qwen3_4b_validation200_v3_128/results/runs/qwen3_4b_validation200_v3_128.jsonl,466,D
Qwen3-4B,Qwen/Qwen3-4B-Instruct-2507,banglish_clean,Reviewed Banglish,benqa,mcq,choice,benqa_10th-Biology_0090,C,False,D,False,False,False,1,1,1,False,False,results/runs/qwen3_4b_validation200_v5_banglish/results/runs/qwen3_4b_validation200_v5_banglish.jsonl,156,D
Qwen3-4B,Qwen/Qwen3-4B-Instruct-2507,english,English,benqa,mcq,choice,benqa_10th-Biology_0090,C,True,C,False,False,False,1,1,1,False,False,results/runs/qwen3_4b_validation200_v3_128/results/runs/qwen3_4b_validation200_v3_128.jsonl,468,C
Qwen3-4B,Qwen/Qwen3-4B-Instruct-2507,bangla,Bangla,benqa,mcq,choice,benqa_10th-Biology_0128,A,True,A,False,False,False,1,1,1,False,False,results/runs/qwen3_4b_validation200_v3_128/results/runs/qwen3_4b_validation200_v3_128.jsonl,406,A
Qwen3-4B,Qwen/Qwen3-4B-Instruct-2507,banglish_clean,Reviewed Banglish,benqa,mcq,choice,benqa_10th-Biology_0128,A,False,D,False,False,False,1,1,1,False,False,results/runs/qwen3_4b_validation200_v5_banglish/results/runs/qwen3_4b_validation200_v5_banglish.jsonl,136,D
Qwen3-4B,Qwen/Qwen3-4B-Instruct-2507,english,English,benqa,mcq,choice,benqa_10th-Biology_0128,A,False,D,False,False,False,1,1,1,False,False,results/runs/qwen3_4b_validation200_v3_128/results/runs/qwen3_4b_validation200_v3_128.jsonl,408,D
Qwen3-4B,Qwen/Qwen3-4B-Instruct-2507,bangla,Bangla,benqa,mcq,choice,benqa_10th-Biology_0143,C,False,B,False,False,False,1,1,1,False,False,results/runs/qwen3_4b_validation200_v3_128/results/runs/qwen3_4b_validation200_v3_128.jsonl,280,B
Qwen3-4B,Qwen/Qwen3-4B-Instruct-2507,banglish_clean,Reviewed Banglish,benqa,mcq,choice,benqa_10th-Biology_0143,C,True,C,False,False,False,1,1,1,False,False,results/runs/qwen3_4b_validation200_v5_banglish/results/runs/qwen3_4b_validation200_v5_banglish.jsonl,94,C
Qwen3-4B,Qwen/Qwen3-4B-Instruct-2507,english,English,benqa,mcq,choice,benqa_10th-Biology_0143,C,False,D,False,False,False,1,1,1,False,False,results/runs/qwen3_4b_validation200_v3_128/results/runs/qwen3_4b_validation200_v3_128.jsonl,282,D
Qwen3-4B,Qwen/Qwen3-4B-Instruct-2507,bangla,Bangla,benqa,mcq,choice,benqa_10th-Biology_0149,B,False,D,False,False,False,1,1,1,False,False,results/runs/qwen3_4b_validation200_v3_128/results/runs/qwen3_4b_validation200_v3_128.jsonl,439,D
Qwen3-4B,Qwen/Qwen3-4B-Instruct-2507,banglish_clean,Reviewed Banglish,benqa,mcq,choice,benqa_10th-Biology_0149,B,False,D,False,False,False,1,1,1,False,False,results/runs/qwen3_4b_validation200_v5_banglish/results/runs/qwen3_4b_validation200_v5_banglish.jsonl,147,D
Qwen3-4B,Qwen/Qwen3-4B-Instruct-2507,english,English,benqa,mcq,choice,benqa_10th-Biology_0149,B,True,B,False,False,False,1,1,1,False,False,results/runs/qwen3_4b_validation200_v3_128/results/runs/qwen3_4b_validation200_v3_128.jsonl,441,B
Qwen3-4B,Qwen/Qwen3-4B-Instruct-2507,bangla,Bangla,benqa,mcq,choice,benqa_10th-Biology_0156,C,True,C,False,False,False,1,1,1,False,False,results/runs/qwen3_4b_validation200_v3_128/results/runs/qwen3_4b_validation200_v3_128.jsonl,349,C
Qwen3-4B,Qwen/Qwen3-4B-Instruct-2507,banglish_clean,Reviewed Banglish,benqa,mcq,choice,benqa_10th-Biology_0156,C,False,D,False,False,False,1,1,1,False,False,results/runs/qwen3_4b_validation200_v5_banglish/results/runs/qwen3_4b_validation200_v5_banglish.jsonl,117,D
Qwen3-4B,Qwen/Qwen3-4B-Instruct-2507,english,English,benqa,mcq,choice,benqa_10th-Biology_0156,C,True,C,False,False,False,1,1,1,False,False,results/runs/qwen3_4b_validation200_v3_128/results/runs/qwen3_4b_validation200_v3_128.jsonl,351,C
Qwen3-4B,Qwen/Qwen3-4B-Instruct-2507,bangla,Bangla,benqa,mcq,choice,benqa_10th-Biology_0188,A,True,A,False,False,False,1,1,1,False,False,results/runs/qwen3_4b_validation200_v3_128/results/runs/qwen3_4b_validation200_v3_128.jsonl,451,A
Qwen3-4B,Qwen/Qwen3-4B-Instruct-2507,banglish_clean,Reviewed Banglish,benqa,mcq,choice,benqa_10th-Biology_0188,A,False,D,False,False,False,1,1,1,False,False,results/runs/qwen3_4b_validation200_v5_banglish/results/runs/qwen3_4b_validation200_v5_banglish.jsonl,151,D
Qwen3-4B,Qwen/Qwen3-4B-Instruct-2507,english,English,benqa,mcq,choice,benqa_10th-Biology_0188,A,False,B,False,False,False,1,1,1,False,False,results/runs/qwen3_4b_validation200_v3_128/results/runs/qwen3_4b_validation200_v3_128.jsonl,453,B
Qwen3-4B,Qwen/Qwen3-4B-Instruct-2507,bangla,Bangla,benqa,mcq,choice,benqa_10th-Biology_0197,D,False,A,False,False,False,1,1,1,False,False,results/runs/qwen3_4b_validation200_v3_128/results/runs/qwen3_4b_validation200_v3_128.jsonl,199,A
Qwen3-4B,Qwen/Qwen3-4B-Instruct-2507,banglish_clean,Reviewed Banglish,benqa,mcq,choice,benqa_10th-Biology_0197,D,True,D,False,False,False,1,1,1,False,False,results/runs/qwen3_4b_validation200_v5_banglish/results/runs/qwen3_4b_validation200_v5_banglish.jsonl,67,D
Qwen3-4B,Qwen/Qwen3-4B-Instruct-2507,english,English,benqa,mcq,choice,benqa_10th-Biology_0197,D,False,A,False,False,False,1,1,1,False,False,results/runs/qwen3_4b_validation200_v3_128/results/runs/qwen3_4b_validation200_v3_128.jsonl,201,A
Qwen3-4B,Qwen/Qwen3-4B-Instruct-2507,bangla,Bangla,benqa,mcq,choice,benqa_10th-Biology_0213,A,True,A,False,False,False,1,1,1,False,False,results/runs/qwen3_4b_validation200_v3_128/results/runs/qwen3_4b_validation200_v3_128.jsonl,358,A
Qwen3-4B,Qwen/Qwen3-4B-Instruct-2507,banglish_clean,Reviewed Banglish,benqa,mcq,choice,benqa_10th-Biology_0213,A,False,D,False,False,False,1,1,1,False,False,results/runs/qwen3_4b_validation200_v5_banglish/results/runs/qwen3_4b_validation200_v5_banglish.jsonl,120,D
Qwen3-4B,Qwen/Qwen3-4B-Instruct-2507,english,English,benqa,mcq,choice,benqa_10th-Biology_0213,A,False,D,False,False,False,1,1,1,False,False,results/runs/qwen3_4b_validation200_v3_128/results/runs/qwen3_4b_validation200_v3_128.jsonl,360,D
Qwen3-4B,Qwen/Qwen3-4B-Instruct-2507,bangla,Bangla,benqa,mcq,choice,benqa_10th-Biology_0215,B,False,C,False,False,False,1,1,1,False,False,results/runs/qwen3_4b_validation200_v3_128/results/runs/qwen3_4b_validation200_v3_128.jsonl,310,C
Qwen3-4B,Qwen/Qwen3-4B-Instruct-2507,banglish_clean,Reviewed Banglish,benqa,mcq,choice,benqa_10th-Biology_0215,B,False,D,False,False,False,1,1,1,False,False,results/runs/qwen3_4b_validation200_v5_banglish/results/runs/qwen3_4b_validation200_v5_banglish.jsonl,104,D
Qwen3-4B,Qwen/Qwen3-4B-Instruct-2507,english,English,benqa,mcq,choice,benqa_10th-Biology_0215,B,False,D,False,False,False,1,1,1,False,False,results/runs/qwen3_4b_validation200_v3_128/results/runs/qwen3_4b_validation200_v3_128.jsonl,312,D
Qwen3-4B,Qwen/Qwen3-4B-Instruct-2507,bangla,Bangla,benqa,mcq,choice,benqa_10th-Biology_0277,C,False,A,False,False,False,1,1,1,False,False,results/runs/qwen3_4b_validation200_v3_128/results/runs/qwen3_4b_validation200_v3_128.jsonl,121,A
Qwen3-4B,Qwen/Qwen3-4B-Instruct-2507,banglish_clean,Reviewed Banglish,benqa,mcq,choice,benqa_10th-Biology_0277,C,False,D,False,False,False,1,1,1,False,False,results/runs/qwen3_4b_validation200_v5_banglish/results/runs/qwen3_4b_validation200_v5_banglish.jsonl,41,D
Qwen3-4B,Qwen/Qwen3-4B-Instruct-2507,english,English,benqa,mcq,choice,benqa_10th-Biology_0277,C,False,A,False,False,False,1,1,1,False,False,results/runs/qwen3_4b_validation200_v3_128/results/runs/qwen3_4b_validation200_v3_128.jsonl,123,A
Qwen3-4B,Qwen/Qwen3-4B-Instruct-2507,bangla,Bangla,benqa,mcq,choice,benqa_10th-Biology_0339,D,True,D,False,False,False,1,1,1,False,False,results/runs/qwen3_4b_validation200_v3_128/results/runs/qwen3_4b_validation200_v3_128.jsonl,91,D
Qwen3-4B,Qwen/Qwen3-4B-Instruct-2507,banglish_clean,Reviewed Banglish,benqa,mcq,choice,benqa_10th-Biology_0339,D,True,D,False,False,False,1,1,1,False,False,results/runs/qwen3_4b_validation200_v5_banglish/results/runs/qwen3_4b_validation200_v5_banglish.jsonl,31,D
Qwen3-4B,Qwen/Qwen3-4B-Instruct-2507,english,English,benqa,mcq,choice,benqa_10th-Biology_0339,D,True,D,False,False,False,1,1,1,False,False,results/runs/qwen3_4b_validation200_v3_128/results/runs/qwen3_4b_validation200_v3_128.jsonl,93,D
Qwen3-4B,Qwen/Qwen3-4B-Instruct-2507,bangla,Bangla,benqa,mcq,choice,benqa_10th-Chemistry_0041,D,False,A,False,False,False,1,1,1,False,False,results/runs/qwen3_4b_validation200_v3_128/results/runs/qwen3_4b_validation200_v3_128.jsonl,322,A
Qwen3-4B,Qwen/Qwen3-4B-Instruct-2507,banglish_clean,Reviewed Banglish,benqa,mcq,choice,benqa_10th-Chemistry_0041,D,False,A,False,False,False,1,1,1,False,False,results/runs/qwen3_4b_validation200_v5_banglish/results/runs/qwen3_4b_validation200_v5_banglish.jsonl,108,A
Qwen3-4B,Qwen/Qwen3-4B-Instruct-2507,english,English,benqa,mcq,choice,benqa_10th-Chemistry_0041,D,True,D,False,False,False,1,1,1,False,False,results/runs/qwen3_4b_validation200_v3_128/results/runs/qwen3_4b_validation200_v3_128.jsonl,324,D
Qwen3-4B,Qwen/Qwen3-4B-Instruct-2507,bangla,Bangla,benqa,mcq,choice,benqa_10th-Chemistry_0110,C,False,D,False,False,False,1,1,1,False,False,results/runs/qwen3_4b_validation200_v3_128/results/runs/qwen3_4b_validation200_v3_128.jsonl,496,D
Qwen3-4B,Qwen/Qwen3-4B-Instruct-2507,banglish_clean,Reviewed Banglish,benqa,mcq,choice,benqa_10th-Chemistry_0110,C,False,D,False,False,False,1,1,1,False,False,results/runs/qwen3_4b_validation200_v5_banglish/results/runs/qwen3_4b_validation200_v5_banglish.jsonl,166,D
Qwen3-4B,Qwen/Qwen3-4B-Instruct-2507,english,English,benqa,mcq,choice,benqa_10th-Chemistry_0110,C,True,C,False,False,False,1,1,1,False,False,results/runs/qwen3_4b_validation200_v3_128/results/runs/qwen3_4b_validation200_v3_128.jsonl,498,C
Qwen3-4B,Qwen/Qwen3-4B-Instruct-2507,bangla,Bangla,benqa,mcq,choice,benqa_10th-Chemistry_0111,D,True,D,False,False,False,1,1,1,False,False,results/runs/qwen3_4b_validation200_v3_128/results/runs/qwen3_4b_validation200_v3_128.jsonl,7,D
Qwen3-4B,Qwen/Qwen3-4B-Instruct-2507,banglish_clean,Reviewed Banglish,benqa,mcq,choice,benqa_10th-Chemistry_0111,D,True,D,False,False,False,1,1,1,False,False,results/runs/qwen3_4b_validation200_v5_banglish/results/runs/qwen3_4b_validation200_v5_banglish.jsonl,3,D
Qwen3-4B,Qwen/Qwen3-4B-Instruct-2507,english,English,benqa,mcq,choice,benqa_10th-Chemistry_0111,D,True,D,False,False,False,1,1,1,False,False,results/runs/qwen3_4b_validation200_v3_128/results/runs/qwen3_4b_validation200_v3_128.jsonl,9,D
Qwen3-4B,Qwen/Qwen3-4B-Instruct-2507,bangla,Bangla,benqa,mcq,choice,benqa_10th-Chemistry_0132,A,True,A,False,False,False,1,1,1,False,False,results/runs/qwen3_4b_validation200_v3_128/results/runs/qwen3_4b_validation200_v3_128.jsonl,532,A
Qwen3-4B,Qwen/Qwen3-4B-Instruct-2507,banglish_clean,Reviewed Banglish,benqa,mcq,choice,benqa_10th-Chemistry_0132,A,False,D,False,False,False,1,1,1,False,False,results/runs/qwen3_4b_validation200_v5_banglish/results/runs/qwen3_4b_validation200_v5_banglish.jsonl,178,D
Qwen3-4B,Qwen/Qwen3-4B-Instruct-2507,english,English,benqa,mcq,choice,benqa_10th-Chemistry_0132,A,True,A,False,False,False,1,1,1,False,False,results/runs/qwen3_4b_validation200_v3_128/results/runs/qwen3_4b_validation200_v3_128.jsonl,534,A
Qwen3-4B,Qwen/Qwen3-4B-Instruct-2507,bangla,Bangla,benqa,mcq,choice,benqa_10th-Chemistry_0191,A,False,C,False,False,False,1,1,1,False,False,results/runs/qwen3_4b_validation200_v3_128/results/runs/qwen3_4b_validation200_v3_128.jsonl,85,C
Qwen3-4B,Qwen/Qwen3-4B-Instruct-2507,banglish_clean,Reviewed Banglish,benqa,mcq,choice,benqa_10th-Chemistry_0191,A,False,D,False,False,False,1,1,1,False,False,results/runs/qwen3_4b_validation200_v5_banglish/results/runs/qwen3_4b_validation200_v5_banglish.jsonl,29,D
Qwen3-4B,Qwen/Qwen3-4B-Instruct-2507,english,English,benqa,mcq,choice,benqa_10th-Chemistry_0191,A,False,D,False,False,False,1,1,1,False,False,results/runs/qwen3_4b_validation200_v3_128/results/runs/qwen3_4b_validation200_v3_128.jsonl,87,D
Qwen3-4B,Qwen/Qwen3-4B-Instruct-2507,bangla,Bangla,benqa,mcq,choice,benqa_10th-Chemistry_0194,D,True,D,False,False,False,1,1,1,False,False,results/runs/qwen3_4b_validation200_v3_128/results/runs/qwen3_4b_validation200_v3_128.jsonl,565,D
Qwen3-4B,Qwen/Qwen3-4B-Instruct-2507,banglish_clean,Reviewed Banglish,benqa,mcq,choice,benqa_10th-Chemistry_0194,D,True,D,False,False,False,1,1,1,False,False,results/runs/qwen3_4b_validation200_v5_banglish/results/runs/qwen3_4b_validation200_v5_banglish.jsonl,189,D
Qwen3-4B,Qwen/Qwen3-4B-Instruct-2507,english,English,benqa,mcq,choice,benqa_10th-Chemistry_0194,D,True,D,False,False,False,1,1,1,False,False,results/runs/qwen3_4b_validation200_v3_128/results/runs/qwen3_4b_validation200_v3_128.jsonl,567,D
Qwen3-4B,Qwen/Qwen3-4B-Instruct-2507,bangla,Bangla,benqa,mcq,choice,benqa_10th-Chemistry_0280,A,False,D,False,False,False,1,1,1,False,False,results/runs/qwen3_4b_validation200_v3_128/results/runs/qwen3_4b_validation200_v3_128.jsonl,226,D
Qwen3-4B,Qwen/Qwen3-4B-Instruct-2507,banglish_clean,Reviewed Banglish,benqa,mcq,choice,benqa_10th-Chemistry_0280,A,False,D,False,False,False,1,1,1,False,False,results/runs/qwen3_4b_validation200_v5_banglish/results/runs/qwen3_4b_validation200_v5_banglish.jsonl,76,D
Qwen3-4B,Qwen/Qwen3-4B-Instruct-2507,english,English,benqa,mcq,choice,benqa_10th-Chemistry_0280,A,False,D,False,False,False,1,1,1,False,False,results/runs/qwen3_4b_validation200_v3_128/results/runs/qwen3_4b_validation200_v3_128.jsonl,228,D
Qwen3-4B,Qwen/Qwen3-4B-Instruct-2507,bangla,Bangla,benqa,mcq,choice,benqa_10th-Chemistry_0322,B,True,B,False,False,False,1,1,1,False,False,results/runs/qwen3_4b_validation200_v3_128/results/runs/qwen3_4b_validation200_v3_128.jsonl,424,B
Qwen3-4B,Qwen/Qwen3-4B-Instruct-2507,banglish_clean,Reviewed Banglish,benqa,mcq,choice,benqa_10th-Chemistry_0322,B,False,D,False,False,False,1,1,1,False,False,results/runs/qwen3_4b_validation200_v5_banglish/results/runs/qwen3_4b_validation200_v5_banglish.jsonl,142,D
Qwen3-4B,Qwen/Qwen3-4B-Instruct-2507,english,English,benqa,mcq,choice,benqa_10th-Chemistry_0322,B,True,B,False,False,False,1,1,1,False,False,results/runs/qwen3_4b_validation200_v3_128/results/runs/qwen3_4b_validation200_v3_128.jsonl,426,B
Qwen3-4B,Qwen/Qwen3-4B-Instruct-2507,bangla,Bangla,benqa,mcq,choice,benqa_10th-Chemistry_0336,D,True,D,False,False,False,1,1,1,False,False,results/runs/qwen3_4b_validation200_v3_128/results/runs/qwen3_4b_validation200_v3_128.jsonl,313,D
Qwen3-4B,Qwen/Qwen3-4B-Instruct-2507,banglish_clean,Reviewed Banglish,benqa,mcq,choice,benqa_10th-Chemistry_0336,D,True,D,False,False,False,1,1,1,False,False,results/runs/qwen3_4b_validation200_v5_banglish/results/runs/qwen3_4b_validation200_v5_banglish.jsonl,105,D
Qwen3-4B,Qwen/Qwen3-4B-Instruct-2507,english,English,benqa,mcq,choice,benqa_10th-Chemistry_0336,D,False,B,False,False,False,1,1,1,False,False,results/runs/qwen3_4b_validation200_v3_128/results/runs/qwen3_4b_validation200_v3_128.jsonl,315,B
Qwen3-4B,Qwen/Qwen3-4B-Instruct-2507,bangla,Bangla,benqa,mcq,choice,benqa_10th-Chemistry_0374,B,True,B,False,False,False,1,1,1,False,False,results/runs/qwen3_4b_validation200_v3_128/results/runs/qwen3_4b_validation200_v3_128.jsonl,346,B
Qwen3-4B,Qwen/Qwen3-4B-Instruct-2507,banglish_clean,Reviewed Banglish,benqa,mcq,choice,benqa_10th-Chemistry_0374,B,False,D,False,False,False,1,1,1,False,False,results/runs/qwen3_4b_validation200_v5_banglish/results/runs/qwen3_4b_validation200_v5_banglish.jsonl,116,D
Qwen3-4B,Qwen/Qwen3-4B-Instruct-2507,english,English,benqa,mcq,choice,benqa_10th-Chemistry_0374,B,True,B,False,False,False,1,1,1,False,False,results/runs/qwen3_4b_validation200_v3_128/results/runs/qwen3_4b_validation200_v3_128.jsonl,348,B
Qwen3-4B,Qwen/Qwen3-4B-Instruct-2507,bangla,Bangla,benqa,mcq,choice,benqa_10th-Chemistry_0388,D,True,D,False,False,False,1,1,1,False,False,results/runs/qwen3_4b_validation200_v3_128/results/runs/qwen3_4b_validation200_v3_128.jsonl,130,D
Qwen3-4B,Qwen/Qwen3-4B-Instruct-2507,banglish_clean,Reviewed Banglish,benqa,mcq,choice,benqa_10th-Chemistry_0388,D,True,D,False,False,False,1,1,1,False,False,results/runs/qwen3_4b_validation200_v5_banglish/results/runs/qwen3_4b_validation200_v5_banglish.jsonl,44,D
Qwen3-4B,Qwen/Qwen3-4B-Instruct-2507,english,English,benqa,mcq,choice,benqa_10th-Chemistry_0388,D,True,D,False,False,False,1,1,1,False,False,results/runs/qwen3_4b_validation200_v3_128/results/runs/qwen3_4b_validation200_v3_128.jsonl,132,D
Qwen3-4B,Qwen/Qwen3-4B-Instruct-2507,bangla,Bangla,benqa,mcq,choice,benqa_10th-Math-II_0062,C,False,B,False,False,False,1,1,1,False,False,results/runs/qwen3_4b_validation200_v3_128/results/runs/qwen3_4b_validation200_v3_128.jsonl,94,B
Qwen3-4B,Qwen/Qwen3-4B-Instruct-2507,banglish_clean,Reviewed Banglish,benqa,mcq,choice,benqa_10th-Math-II_0062,C,False,D,False,False,False,1,1,1,False,False,results/runs/qwen3_4b_validation200_v5_banglish/results/runs/qwen3_4b_validation200_v5_banglish.jsonl,32,D
Qwen3-4B,Qwen/Qwen3-4B-Instruct-2507,english,English,benqa,mcq,choice,benqa_10th-Math-II_0062,C,False,A,False,False,False,341,1,11,True,True,results/runs/qwen3_4b_validation200_v3_128/results/runs/qwen3_4b_validation200_v3_128.jsonl,96,"To find the equation of the straight line connecting points M(3, 3) and N(6, 6), we first calculate the slope: Slope $ m = \frac{6 - 3}{6 - 3} = \frac{3}{3} ..."
Qwen3-4B,Qwen/Qwen3-4B-Instruct-2507,bangla,Bangla,benqa,mcq,choice,benqa_10th-Math-II_0102,D,True,D,False,False,False,1,1,1,False,False,results/runs/qwen3_4b_validation200_v3_128/results/runs/qwen3_4b_validation200_v3_128.jsonl,589,D
Qwen3-4B,Qwen/Qwen3-4B-Instruct-2507,banglish_clean,Reviewed Banglish,benqa,mcq,choice,benqa_10th-Math-II_0102,D,True,D,False,False,False,1,1,1,False,False,results/runs/qwen3_4b_validation200_v5_banglish/results/runs/qwen3_4b_validation200_v5_banglish.jsonl,197,D
Qwen3-4B,Qwen/Qwen3-4B-Instruct-2507,english,English,benqa,mcq,choice,benqa_10th-Math-II_0102,D,True,D,False,False,False,1,1,1,False,False,results/runs/qwen3_4b_validation200_v3_128/results/runs/qwen3_4b_validation200_v3_128.jsonl,591,D
Qwen3-4B,Qwen/Qwen3-4B-Instruct-2507,bangla,Bangla,benqa,mcq,choice,benqa_10th-Math-II_0139,A,False,,True,True,True,293,0,12,True,True,results/runs/qwen3_4b_validation200_v3_128/results/runs/qwen3_4b_validation200_v3_128.jsonl,37,"We are given the sequence: $$ \frac{1}{2}, \frac{1}{10}, \frac{1}{30}, \ldots $$ We need to find the 10th term of this sequence. ### Step 1: Look at the deno..."
Qwen3-4B,Qwen/Qwen3-4B-Instruct-2507,banglish_clean,Reviewed Banglish,benqa,mcq,choice,benqa_10th-Math-II_0139,A,False,D,False,False,False,1,1,1,False,False,results/runs/qwen3_4b_validation200_v5_banglish/results/runs/qwen3_4b_validation200_v5_banglish.jsonl,13,D
Qwen3-4B,Qwen/Qwen3-4B-Instruct-2507,english,English,benqa,mcq,choice,benqa_10th-Math-II_0139,A,False,,True,True,True,332,0,15,True,True,results/runs/qwen3_4b_validation200_v3_128/results/runs/qwen3_4b_validation200_v3_128.jsonl,39,"We are given the sequence: $$ \frac{1}{2}, \frac{1}{10}, \frac{1}{30}, \ldots $$ We want to find the 10th term. ### Step 1: Look at the denominators Denomina..."
Qwen3-4B,Qwen/Qwen3-4B-Instruct-2507,bangla,Bangla,benqa,mcq,choice,benqa_10th-Math-II_0326,C,False,A,False,False,False,313,1,12,True,True,results/runs/qwen3_4b_validation200_v3_128/results/runs/qwen3_4b_validation200_v3_128.jsonl,361,We are given: $$ \sin B = \sqrt{2} - \cos B $$ We need to find the value of $ B $ from the options. Let’s test each option one by one. --- **Option A: $ B = ...
Qwen3-4B,Qwen/Qwen3-4B-Instruct-2507,banglish_clean,Reviewed Banglish,benqa,mcq,choice,benqa_10th-Math-II_0326,C,True,C,False,False,False,1,1,1,False,False,results/runs/qwen3_4b_validation200_v5_banglish/results/runs/qwen3_4b_validation200_v5_banglish.jsonl,121,C
Qwen3-4B,Qwen/Qwen3-4B-Instruct-2507,english,English,benqa,mcq,choice,benqa_10th-Math-II_0326,C,False,A,False,False,False,325,1,14,True,True,results/runs/qwen3_4b_validation200_v3_128/results/runs/qwen3_4b_validation200_v3_128.jsonl,363,We are given the equation: $$ \sin B = \sqrt{2} - \cos B $$ We are to find the value of $ B $ from the options: A. $ \frac{\pi}{2} $ B. $ \frac{\pi}{3} $ C. ...
Qwen3-4B,Qwen/Qwen3-4B-Instruct-2507,bangla,Bangla,benqa,mcq,choice,benqa_10th-Math-II_0347,D,True,D,False,False,False,1,1,1,False,False,results/runs/qwen3_4b_validation200_v3_128/results/runs/qwen3_4b_validation200_v3_128.jsonl,298,D
Qwen3-4B,Qwen/Qwen3-4B-Instruct-2507,banglish_clean,Reviewed Banglish,benqa,mcq,choice,benqa_10th-Math-II_0347,D,True,D,False,False,False,1,1,1,False,False,results/runs/qwen3_4b_validation200_v5_banglish/results/runs/qwen3_4b_validation200_v5_banglish.jsonl,100,D
Qwen3-4B,Qwen/Qwen3-4B-Instruct-2507,english,English,benqa,mcq,choice,benqa_10th-Math-II_0347,D,True,D,False,False,False,1,1,1,False,False,results/runs/qwen3_4b_validation200_v3_128/results/runs/qwen3_4b_validation200_v3_128.jsonl,300,D
Qwen3-4B,Qwen/Qwen3-4B-Instruct-2507,bangla,Bangla,benqa,mcq,choice,benqa_10th-Math-II_0357,D,True,D,False,False,False,1,1,1,False,False,results/runs/qwen3_4b_validation200_v3_128/results/runs/qwen3_4b_validation200_v3_128.jsonl,499,D
Qwen3-4B,Qwen/Qwen3-4B-Instruct-2507,banglish_clean,Reviewed Banglish,benqa,mcq,choice,benqa_10th-Math-II_0357,D,True,D,False,False,False,1,1,1,False,False,results/runs/qwen3_4b_validation200_v5_banglish/results/runs/qwen3_4b_validation200_v5_banglish.jsonl,167,D
Qwen3-4B,Qwen/Qwen3-4B-Instruct-2507,english,English,benqa,mcq,choice,benqa_10th-Math-II_0357,D,False,,True,True,True,346,0,12,True,True,results/runs/qwen3_4b_validation200_v3_128/results/runs/qwen3_4b_validation200_v3_128.jsonl,501,We are given the expression: $$ \left(2 - \frac{x}{2}\right)^6 $$ and we want to determine the value of $ x $ such that: $$ \left(2 - \frac{x}{2}\right)^6 = ...
Qwen3-4B,Qwen/Qwen3-4B-Instruct-2507,bangla,Bangla,benqa,mcq,choice,benqa_10th-Math-II_0367,C,False,B,False,False,False,1,1,1,False,False,results/runs/qwen3_4b_validation200_v3_128/results/runs/qwen3_4b_validation200_v3_128.jsonl,76,B
Qwen3-4B,Qwen/Qwen3-4B-Instruct-2507,banglish_clean,Reviewed Banglish,benqa,mcq,choice,benqa_10th-Math-II_0367,C,True,C,False,False,False,1,1,1,False,False,results/runs/qwen3_4b_validation200_v5_banglish/results/runs/qwen3_4b_validation200_v5_banglish.jsonl,26,C
Qwen3-4B,Qwen/Qwen3-4B-Instruct-2507,english,English,benqa,mcq,choice,benqa_10th-Math-II_0367,C,True,C,False,False,False,1,1,1,False,False,results/runs/qwen3_4b_validation200_v3_128/results/runs/qwen3_4b_validation200_v3_128.jsonl,78,C
Qwen3-4B,Qwen/Qwen3-4B-Instruct-2507,bangla,Bangla,benqa,mcq,choice,benqa_10th-Math_0032,B,False,,True,True,True,246,0,15,True,True,results/runs/qwen3_4b_validation200_v3_128/results/runs/qwen3_4b_validation200_v3_128.jsonl,331,We are given: $$ (\sqrt{3})^{x+2} = 27 $$ Step 1: Express $\sqrt{3}$ as $3^{1/2}$: $$ (3^{1/2})^{x+2} = 27 $$ Step 2: Use exponent rules: $(a^m)^n = a^{m \cd...
Qwen3-4B,Qwen/Qwen3-4B-Instruct-2507,banglish_clean,Reviewed Banglish,benqa,mcq,choice,benqa_10th-Math_0032,B,False,,True,True,True,248,0,13,True,True,results/runs/qwen3_4b_validation200_v5_banglish/results/runs/qwen3_4b_validation200_v5_banglish.jsonl,111,We are given the equation: $$ (\sqrt{3})^{x+2} = 27 $$ Step 1: Rewrite $\sqrt{3}$ as $3^{1/2}$: $$ (3^{1/2})^{x+2} = 27 $$ Step 2: Use exponent rules: $(a^m)...
Qwen3-4B,Qwen/Qwen3-4B-Instruct-2507,english,English,benqa,mcq,choice,benqa_10th-Math_0032,B,False,,True,True,True,254,0,15,True,True,results/runs/qwen3_4b_validation200_v3_128/results/runs/qwen3_4b_validation200_v3_128.jsonl,333,"We are given the equation: $$ (\sqrt{3})^{x+2} = 27 $$ First, express $\sqrt{3}$ as $3^{1/2}$: $$ (3^{1/2})^{x+2} = 27 $$ Use the power of a power rule: $(a^..."
Qwen3-4B,Qwen/Qwen3-4B-Instruct-2507,bangla,Bangla,benqa,mcq,choice,benqa_10th-Math_0044,C,True,C,False,False,False,1,1,1,False,False,results/runs/qwen3_4b_validation200_v3_128/results/runs/qwen3_4b_validation200_v3_128.jsonl,598,C
Qwen3-4B,Qwen/Qwen3-4B-Instruct-2507,banglish_clean,Reviewed Banglish,benqa,mcq,choice,benqa_10th-Math_0044,C,False,D,False,False,False,1,1,1,False,False,results/runs/qwen3_4b_validation200_v5_banglish/results/runs/qwen3_4b_validation200_v5_banglish.jsonl,200,D
Qwen3-4B,Qwen/Qwen3-4B-Instruct-2507,english,English,benqa,mcq,choice,benqa_10th-Math_0044,C,True,C,False,False,False,1,1,1,False,False,results/runs/qwen3_4b_validation200_v3_128/results/runs/qwen3_4b_validation200_v3_128.jsonl,600,C
Qwen3-4B,Qwen/Qwen3-4B-Instruct-2507,bangla,Bangla,benqa,mcq,choice,benqa_10th-Math_0186,C,False,D,False,False,False,1,1,1,False,False,results/runs/qwen3_4b_validation200_v3_128/results/runs/qwen3_4b_validation200_v3_128.jsonl,10,D
Qwen3-4B,Qwen/Qwen3-4B-Instruct-2507,banglish_clean,Reviewed Banglish,benqa,mcq,choice,benqa_10th-Math_0186,C,False,D,False,False,False,1,1,1,False,False,results/runs/qwen3_4b_validation200_v5_banglish/results/runs/qwen3_4b_validation200_v5_banglish.jsonl,4,D
Qwen3-4B,Qwen/Qwen3-4B-Instruct-2507,english,English,benqa,mcq,choice,benqa_10th-Math_0186,C,False,A,False,False,False,1,1,1,False,False,results/runs/qwen3_4b_validation200_v3_128/results/runs/qwen3_4b_validation200_v3_128.jsonl,12,A
Qwen3-4B,Qwen/Qwen3-4B-Instruct-2507,bangla,Bangla,benqa,mcq,choice,benqa_10th-Math_0271,D,True,D,False,False,False,1,1,1,False,False,results/runs/qwen3_4b_validation200_v3_128/results/runs/qwen3_4b_validation200_v3_128.jsonl,28,D
Qwen3-4B,Qwen/Qwen3-4B-Instruct-2507,banglish_clean,Reviewed Banglish,benqa,mcq,choice,benqa_10th-Math_0271,D,False,C,False,False,False,1,1,1,False,False,results/runs/qwen3_4b_validation200_v5_banglish/results/runs/qwen3_4b_validation200_v5_banglish.jsonl,10,C
Qwen3-4B,Qwen/Qwen3-4B-Instruct-2507,english,English,benqa,mcq,choice,benqa_10th-Math_0271,D,True,D,False,False,False,1,1,1,False,False,results/runs/qwen3_4b_validation200_v3_128/results/runs/qwen3_4b_validation200_v3_128.jsonl,30,D
Qwen3-4B,Qwen/Qwen3-4B-Instruct-2507,bangla,Bangla,benqa,mcq,choice,benqa_10th-Math_0324,A,False,B,False,False,False,147,1,4,True,True,results/runs/qwen3_4b_validation200_v3_128/results/runs/qwen3_4b_validation200_v3_128.jsonl,127,a = √3 এবং b = √12 = √(4×3) = 2√3 এখন প্রতিটি বিকল্প পরীক্ষা করা হবে: A. a + b = √3 + 2√3 = 3√3 → অমূলদ (যেহেতু √3 অমূলদ) B. ab = √3 × 2√3 = 2 ×
Qwen3-4B,Qwen/Qwen3-4B-Instruct-2507,banglish_clean,Reviewed Banglish,benqa,mcq,choice,benqa_10th-Math_0324,A,False,D,False,False,False,1,1,1,False,False,results/runs/qwen3_4b_validation200_v5_banglish/results/runs/qwen3_4b_validation200_v5_banglish.jsonl,43,D
Qwen3-4B,Qwen/Qwen3-4B-Instruct-2507,english,English,benqa,mcq,choice,benqa_10th-Math_0324,A,False,D,False,False,False,298,1,12,True,True,results/runs/qwen3_4b_validation200_v3_128/results/runs/qwen3_4b_validation200_v3_128.jsonl,129,We are given: - $ a = \sqrt{3} $ - $ b = \sqrt{12} $ We are to determine which of the following expressions is **irrational**: A. $ a + b $ B. $ ab $ C. $ \f...
Qwen3-4B,Qwen/Qwen3-4B-Instruct-2507,bangla,Bangla,benqa,mcq,choice,benqa_10th-Physics_0021,C,True,C,False,False,False,1,1,1,False,False,results/runs/qwen3_4b_validation200_v3_128/results/runs/qwen3_4b_validation200_v3_128.jsonl,328,C
Qwen3-4B,Qwen/Qwen3-4B-Instruct-2507,banglish_clean,Reviewed Banglish,benqa,mcq,choice,benqa_10th-Physics_0021,C,False,D,False,False,False,1,1,1,False,False,results/runs/qwen3_4b_validation200_v5_banglish/results/runs/qwen3_4b_validation200_v5_banglish.jsonl,110,D
Qwen3-4B,Qwen/Qwen3-4B-Instruct-2507,english,English,benqa,mcq,choice,benqa_10th-Physics_0021,C,True,C,False,False,False,1,1,1,False,False,results/runs/qwen3_4b_validation200_v3_128/results/runs/qwen3_4b_validation200_v3_128.jsonl,330,C
Qwen3-4B,Qwen/Qwen3-4B-Instruct-2507,bangla,Bangla,benqa,mcq,choice,benqa_10th-Physics_0036,C,True,C,False,False,False,1,1,1,False,False,results/runs/qwen3_4b_validation200_v3_128/results/runs/qwen3_4b_validation200_v3_128.jsonl,460,C
Qwen3-4B,Qwen/Qwen3-4B-Instruct-2507,banglish_clean,Reviewed Banglish,benqa,mcq,choice,benqa_10th-Physics_0036,C,True,C,False,False,False,1,1,1,False,False,results/runs/qwen3_4b_validation200_v5_banglish/results/runs/qwen3_4b_validation200_v5_banglish.jsonl,154,C
Qwen3-4B,Qwen/Qwen3-4B-Instruct-2507,english,English,benqa,mcq,choice,benqa_10th-Physics_0036,C,True,C,False,False,False,1,1,1,False,False,results/runs/qwen3_4b_validation200_v3_128/results/runs/qwen3_4b_validation200_v3_128.jsonl,462,C
Qwen3-4B,Qwen/Qwen3-4B-Instruct-2507,bangla,Bangla,benqa,mcq,choice,benqa_10th-Physics_0045,A,True,A,False,False,False,1,1,1,False,False,results/runs/qwen3_4b_validation200_v3_128/results/runs/qwen3_4b_validation200_v3_128.jsonl,31,A
Qwen3-4B,Qwen/Qwen3-4B-Instruct-2507,banglish_clean,Reviewed Banglish,benqa,mcq,choice,benqa_10th-Physics_0045,A,True,A,False,False,False,1,1,1,False,False,results/runs/qwen3_4b_validation200_v5_banglish/results/runs/qwen3_4b_validation200_v5_banglish.jsonl,11,A
Qwen3-4B,Qwen/Qwen3-4B-Instruct-2507,english,English,benqa,mcq,choice,benqa_10th-Physics_0045,A,True,A,False,False,False,1,1,1,False,False,results/runs/qwen3_4b_validation200_v3_128/results/runs/qwen3_4b_validation200_v3_128.jsonl,33,A
Qwen3-4B,Qwen/Qwen3-4B-Instruct-2507,bangla,Bangla,benqa,mcq,choice,benqa_10th-Physics_0055,D,True,D,False,False,False,1,1,1,False,False,results/runs/qwen3_4b_validation200_v3_128/results/runs/qwen3_4b_validation200_v3_128.jsonl,340,D
Qwen3-4B,Qwen/Qwen3-4B-Instruct-2507,banglish_clean,Reviewed Banglish,benqa,mcq,choice,benqa_10th-Physics_0055,D,True,D,False,False,False,1,1,1,False,False,results/runs/qwen3_4b_validation200_v5_banglish/results/runs/qwen3_4b_validation200_v5_banglish.jsonl,114,D
Qwen3-4B,Qwen/Qwen3-4B-Instruct-2507,english,English,benqa,mcq,choice,benqa_10th-Physics_0055,D,True,D,False,False,False,1,1,1,False,False,results/runs/qwen3_4b_validation200_v3_128/results/runs/qwen3_4b_validation200_v3_128.jsonl,342,D
Qwen3-4B,Qwen/Qwen3-4B-Instruct-2507,bangla,Bangla,benqa,mcq,choice,benqa_10th-Physics_0084,D,False,B,False,False,False,1,1,1,False,False,results/runs/qwen3_4b_validation200_v3_128/results/runs/qwen3_4b_validation200_v3_128.jsonl,103,B
Qwen3-4B,Qwen/Qwen3-4B-Instruct-2507,banglish_clean,Reviewed Banglish,benqa,mcq,choice,benqa_10th-Physics_0084,D,False,B,False,False,False,1,1,1,False,False,results/runs/qwen3_4b_validation200_v5_banglish/results/runs/qwen3_4b_validation200_v5_banglish.jsonl,35,B
Qwen3-4B,Qwen/Qwen3-4B-Instruct-2507,english,English,benqa,mcq,choice,benqa_10th-Physics_0084,D,True,D,False,False,False,1,1,1,False,False,results/runs/qwen3_4b_validation200_v3_128/results/runs/qwen3_4b_validation200_v3_128.jsonl,105,D
Qwen3-4B,Qwen/Qwen3-4B-Instruct-2507,bangla,Bangla,benqa,mcq,choice,benqa_10th-Physics_0106,A,False,B,False,False,False,1,1,1,False,False,results/runs/qwen3_4b_validation200_v3_128/results/runs/qwen3_4b_validation200_v3_128.jsonl,433,B
Qwen3-4B,Qwen/Qwen3-4B-Instruct-2507,banglish_clean,Reviewed Banglish,benqa,mcq,choice,benqa_10th-Physics_0106,A,False,B,False,False,False,1,1,1,False,False,results/runs/qwen3_4b_validation200_v5_banglish/results/runs/qwen3_4b_validation200_v5_banglish.jsonl,145,B
Qwen3-4B,Qwen/Qwen3-4B-Instruct-2507,english,English,benqa,mcq,choice,benqa_10th-Physics_0106,A,False,,True,True,True,455,0,12,True,True,results/runs/qwen3_4b_validation200_v3_128/results/runs/qwen3_4b_validation200_v3_128.jsonl,435,We are given that a freely falling body travels 50 meters in 5 seconds. We are to find the time it takes to travel 72 meters under the same conditions (free ...
Qwen3-4B,Qwen/Qwen3-4B-Instruct-2507,bangla,Bangla,benqa,mcq,choice,benqa_10th-Physics_0130,D,True,D,False,False,False,1,1,1,False,False,results/runs/qwen3_4b_validation200_v3_128/results/runs/qwen3_4b_validation200_v3_128.jsonl,442,D
Qwen3-4B,Qwen/Qwen3-4B-Instruct-2507,banglish_clean,Reviewed Banglish,benqa,mcq,choice,benqa_10th-Physics_0130,D,True,D,False,False,False,1,1,1,False,False,results/runs/qwen3_4b_validation200_v5_banglish/results/runs/qwen3_4b_validation200_v5_banglish.jsonl,148,D
Qwen3-4B,Qwen/Qwen3-4B-Instruct-2507,english,English,benqa,mcq,choice,benqa_10th-Physics_0130,D,True,D,False,False,False,1,1,1,False,False,results/runs/qwen3_4b_validation200_v3_128/results/runs/qwen3_4b_validation200_v3_128.jsonl,444,D
Qwen3-4B,Qwen/Qwen3-4B-Instruct-2507,bangla,Bangla,benqa,mcq,choice,benqa_10th-Physics_0150,B,True,B,False,False,False,1,1,1,False,False,results/runs/qwen3_4b_validation200_v3_128/results/runs/qwen3_4b_validation200_v3_128.jsonl,490,B
Qwen3-4B,Qwen/Qwen3-4B-Instruct-2507,banglish_clean,Reviewed Banglish,benqa,mcq,choice,benqa_10th-Physics_0150,B,False,D,False,False,False,1,1,1,False,False,results/runs/qwen3_4b_validation200_v5_banglish/results/runs/qwen3_4b_validation200_v5_banglish.jsonl,164,D
Qwen3-4B,Qwen/Qwen3-4B-Instruct-2507,english,English,benqa,mcq,choice,benqa_10th-Physics_0150,B,True,B,False,False,False,1,1,1,False,False,results/runs/qwen3_4b_validation200_v3_128/results/runs/qwen3_4b_validation200_v3_128.jsonl,492,B
Qwen3-4B,Qwen/Qwen3-4B-Instruct-2507,bangla,Bangla,benqa,mcq,choice,benqa_10th-Physics_0198,D,True,D,False,False,False,1,1,1,False,False,results/runs/qwen3_4b_validation200_v3_128/results/runs/qwen3_4b_validation200_v3_128.jsonl,220,D
Qwen3-4B,Qwen/Qwen3-4B-Instruct-2507,banglish_clean,Reviewed Banglish,benqa,mcq,choice,benqa_10th-Physics_0198,D,False,C,False,False,False,1,1,1,False,False,results/runs/qwen3_4b_validation200_v5_banglish/results/runs/qwen3_4b_validation200_v5_banglish.jsonl,74,C
Qwen3-4B,Qwen/Qwen3-4B-Instruct-2507,english,English,benqa,mcq,choice,benqa_10th-Physics_0198,D,True,D,False,False,False,1,1,1,False,False,results/runs/qwen3_4b_validation200_v3_128/results/runs/qwen3_4b_validation200_v3_128.jsonl,222,D
Qwen3-4B,Qwen/Qwen3-4B-Instruct-2507,bangla,Bangla,benqa,mcq,choice,benqa_10th-Physics_0280,B,True,B,False,False,False,1,1,1,False,False,results/runs/qwen3_4b_validation200_v3_128/results/runs/qwen3_4b_validation200_v3_128.jsonl,529,B
Qwen3-4B,Qwen/Qwen3-4B-Instruct-2507,banglish_clean,Reviewed Banglish,benqa,mcq,choice,benqa_10th-Physics_0280,B,True,B,False,False,False,1,1,1,False,False,results/runs/qwen3_4b_validation200_v5_banglish/results/runs/qwen3_4b_validation200_v5_banglish.jsonl,177,B
Qwen3-4B,Qwen/Qwen3-4B-Instruct-2507,english,English,benqa,mcq,choice,benqa_10th-Physics_0280,B,True,B,False,False,False,1,1,1,False,False,results/runs/qwen3_4b_validation200_v3_128/results/runs/qwen3_4b_validation200_v3_128.jsonl,531,B
Qwen3-4B,Qwen/Qwen3-4B-Instruct-2507,bangla,Bangla,benqa,mcq,choice,benqa_10th-Physics_0296,D,False,B,False,False,False,1,1,1,False,False,results/runs/qwen3_4b_validation200_v3_128/results/runs/qwen3_4b_validation200_v3_128.jsonl,487,B
Qwen3-4B,Qwen/Qwen3-4B-Instruct-2507,banglish_clean,Reviewed Banglish,benqa,mcq,choice,benqa_10th-Physics_0296,D,True,D,False,False,False,1,1,1,False,False,results/runs/qwen3_4b_validation200_v5_banglish/results/runs/qwen3_4b_validation200_v5_banglish.jsonl,163,D
Qwen3-4B,Qwen/Qwen3-4B-Instruct-2507,english,English,benqa,mcq,choice,benqa_10th-Physics_0296,D,False,B,False,False,False,1,1,1,False,False,results/runs/qwen3_4b_validation200_v3_128/results/runs/qwen3_4b_validation200_v3_128.jsonl,489,B
Qwen3-4B,Qwen/Qwen3-4B-Instruct-2507,bangla,Bangla,benqa,mcq,choice,benqa_12th-Biology-II_0034,B,False,D,False,False,False,1,1,1,False,False,results/runs/qwen3_4b_validation200_v3_128/results/runs/qwen3_4b_validation200_v3_128.jsonl,472,D
Qwen3-4B,Qwen/Qwen3-4B-Instruct-2507,banglish_clean,Reviewed Banglish,benqa,mcq,choice,benqa_12th-Biology-II_0034,B,False,D,False,False,False,1,1,1,False,False,results/runs/qwen3_4b_validation200_v5_banglish/results/runs/qwen3_4b_validation200_v5_banglish.jsonl,158,D
Qwen3-4B,Qwen/Qwen3-4B-Instruct-2507,english,English,benqa,mcq,choice,benqa_12th-Biology-II_0034,B,True,B,False,False,False,1,1,1,False,False,results/runs/qwen3_4b_validation200_v3_128/results/runs/qwen3_4b_validation200_v3_128.jsonl,474,B
Qwen3-4B,Qwen/Qwen3-4B-Instruct-2507,bangla,Bangla,benqa,mcq,choice,benqa_12th-Biology-II_0049,C,True,C,False,False,False,1,1,1,False,False,results/runs/qwen3_4b_validation200_v3_128/results/runs/qwen3_4b_validation200_v3_128.jsonl,223,C
Qwen3-4B,Qwen/Qwen3-4B-Instruct-2507,banglish_clean,Reviewed Banglish,benqa,mcq,choice,benqa_12th-Biology-II_0049,C,False,D,False,False,False,1,1,1,False,False,results/runs/qwen3_4b_validation200_v5_banglish/results/runs/qwen3_4b_validation200_v5_banglish.jsonl,75,D
Qwen3-4B,Qwen/Qwen3-4B-Instruct-2507,english,English,benqa,mcq,choice,benqa_12th-Biology-II_0049,C,False,D,False,False,False,1,1,1,False,False,results/runs/qwen3_4b_validation200_v3_128/results/runs/qwen3_4b_validation200_v3_128.jsonl,225,D
Qwen3-4B,Qwen/Qwen3-4B-Instruct-2507,bangla,Bangla,benqa,mcq,choice,benqa_12th-Biology-II_0119,C,True,C,False,False,False,1,1,1,False,False,results/runs/qwen3_4b_validation200_v3_128/results/runs/qwen3_4b_validation200_v3_128.jsonl,73,C
Qwen3-4B,Qwen/Qwen3-4B-Instruct-2507,banglish_clean,Reviewed Banglish,benqa,mcq,choice,benqa_12th-Biology-II_0119,C,False,D,False,False,False,1,1,1,False,False,results/runs/qwen3_4b_validation200_v5_banglish/results/runs/qwen3_4b_validation200_v5_banglish.jsonl,25,D
Qwen3-4B,Qwen/Qwen3-4B-Instruct-2507,english,English,benqa,mcq,choice,benqa_12th-Biology-II_0119,C,False,A,False,False,False,522,1,3,True,True,results/runs/qwen3_4b_validation200_v3_128/results/runs/qwen3_4b_validation200_v3_128.jsonl,75,"None of the listed options are correct. Hydra does not exhibit a form of locomotion called ""Joka locomotion."" The term ""Joka"" is not a recognized biological ..."
Qwen3-4B,Qwen/Qwen3-4B-Instruct-2507,bangla,Bangla,benqa,mcq,choice,benqa_12th-Biology-II_0122,A,False,D,False,False,False,1,1,1,False,False,results/runs/qwen3_4b_validation200_v3_128/results/runs/qwen3_4b_validation200_v3_128.jsonl,67,D
Qwen3-4B,Qwen/Qwen3-4B-Instruct-2507,banglish_clean,Reviewed Banglish,benqa,mcq,choice,benqa_12th-Biology-II_0122,A,False,D,False,False,False,1,1,1,False,False,results/runs/qwen3_4b_validation200_v5_banglish/results/runs/qwen3_4b_validation200_v5_banglish.jsonl,23,D
Qwen3-4B,Qwen/Qwen3-4B-Instruct-2507,english,English,benqa,mcq,choice,benqa_12th-Biology-II_0122,A,False,D,False,False,False,1,1,1,False,False,results/runs/qwen3_4b_validation200_v3_128/results/runs/qwen3_4b_validation200_v3_128.jsonl,69,D
Qwen3-4B,Qwen/Qwen3-4B-Instruct-2507,bangla,Bangla,benqa,mcq,choice,benqa_12th-Biology-II_0128,B,False,D,False,False,False,1,1,1,False,False,results/runs/qwen3_4b_validation200_v3_128/results/runs/qwen3_4b_validation200_v3_128.jsonl,229,D
Qwen3-4B,Qwen/Qwen3-4B-Instruct-2507,banglish_clean,Reviewed Banglish,benqa,mcq,choice,benqa_12th-Biology-II_0128,B,False,D,False,False,False,1,1,1,False,False,results/runs/qwen3_4b_validation200_v5_banglish/results/runs/qwen3_4b_validation200_v5_banglish.jsonl,77,D
Qwen3-4B,Qwen/Qwen3-4B-Instruct-2507,english,English,benqa,mcq,choice,benqa_12th-Biology-II_0128,B,False,D,False,False,False,14,1,1,False,False,results/runs/qwen3_4b_validation200_v3_128/results/runs/qwen3_4b_validation200_v3_128.jsonl,231,"D. i, ii & iii"
Qwen3-4B,Qwen/Qwen3-4B-Instruct-2507,bangla,Bangla,benqa,mcq,choice,benqa_12th-Biology-II_0179,A,True,A,False,False,False,1,1,1,False,False,results/runs/qwen3_4b_validation200_v3_128/results/runs/qwen3_4b_validation200_v3_128.jsonl,559,A
Qwen3-4B,Qwen/Qwen3-4B-Instruct-2507,banglish_clean,Reviewed Banglish,benqa,mcq,choice,benqa_12th-Biology-II_0179,A,False,D,False,False,False,1,1,1,False,False,results/runs/qwen3_4b_validation200_v5_banglish/results/runs/qwen3_4b_validation200_v5_banglish.jsonl,187,D
Qwen3-4B,Qwen/Qwen3-4B-Instruct-2507,english,English,benqa,mcq,choice,benqa_12th-Biology-II_0179,A,True,A,False,False,False,1,1,1,False,False,results/runs/qwen3_4b_validation200_v3_128/results/runs/qwen3_4b_validation200_v3_128.jsonl,561,A
Qwen3-4B,Qwen/Qwen3-4B-Instruct-2507,bangla,Bangla,benqa,mcq,choice,benqa_12th-Biology-II_0203,D,True,D,False,False,False,1,1,1,False,False,results/runs/qwen3_4b_validation200_v3_128/results/runs/qwen3_4b_validation200_v3_128.jsonl,427,D
Qwen3-4B,Qwen/Qwen3-4B-Instruct-2507,banglish_clean,Reviewed Banglish,benqa,mcq,choice,benqa_12th-Biology-II_0203,D,True,D,False,False,False,1,1,1,False,False,results/runs/qwen3_4b_validation200_v5_banglish/results/runs/qwen3_4b_validation200_v5_banglish.jsonl,143,D
Qwen3-4B,Qwen/Qwen3-4B-Instruct-2507,english,English,benqa,mcq,choice,benqa_12th-Biology-II_0203,D,False,A,False,False,False,1,1,1,False,False,results/runs/qwen3_4b_validation200_v3_128/results/runs/qwen3_4b_validation200_v3_128.jsonl,429,A
Qwen3-4B,Qwen/Qwen3-4B-Instruct-2507,bangla,Bangla,benqa,mcq,choice,benqa_12th-Biology-II_0247,B,True,B,False,False,False,1,1,1,False,False,results/runs/qwen3_4b_validation200_v3_128/results/runs/qwen3_4b_validation200_v3_128.jsonl,544,B
Qwen3-4B,Qwen/Qwen3-4B-Instruct-2507,banglish_clean,Reviewed Banglish,benqa,mcq,choice,benqa_12th-Biology-II_0247,B,False,D,False,False,False,1,1,1,False,False,results/runs/qwen3_4b_validation200_v5_banglish/results/runs/qwen3_4b_validation200_v5_banglish.jsonl,182,D
Qwen3-4B,Qwen/Qwen3-4B-Instruct-2507,english,English,benqa,mcq,choice,benqa_12th-Biology-II_0247,B,False,D,False,False,False,1,1,1,False,False,results/runs/qwen3_4b_validation200_v3_128/results/runs/qwen3_4b_validation200_v3_128.jsonl,546,D
Qwen3-4B,Qwen/Qwen3-4B-Instruct-2507,bangla,Bangla,benqa,mcq,choice,benqa_12th-Biology-II_0287,B,True,B,False,False,False,1,1,1,False,False,results/runs/qwen3_4b_validation200_v3_128/results/runs/qwen3_4b_validation200_v3_128.jsonl,370,B
Qwen3-4B,Qwen/Qwen3-4B-Instruct-2507,banglish_clean,Reviewed Banglish,benqa,mcq,choice,benqa_12th-Biology-II_0287,B,False,D,False,False,False,1,1,1,False,False,results/runs/qwen3_4b_validation200_v5_banglish/results/runs/qwen3_4b_validation200_v5_banglish.jsonl,124,D
Qwen3-4B,Qwen/Qwen3-4B-Instruct-2507,english,English,benqa,mcq,choice,benqa_12th-Biology-II_0287,B,True,B,False,False,False,10,1,1,False,False,results/runs/qwen3_4b_validation200_v3_128/results/runs/qwen3_4b_validation200_v3_128.jsonl,372,B. i & iii
Qwen3-4B,Qwen/Qwen3-4B-Instruct-2507,bangla,Bangla,benqa,mcq,choice,benqa_12th-Biology-II_0321,C,False,D,False,False,False,1,1,1,False,False,results/runs/qwen3_4b_validation200_v3_128/results/runs/qwen3_4b_validation200_v3_128.jsonl,367,D
Qwen3-4B,Qwen/Qwen3-4B-Instruct-2507,banglish_clean,Reviewed Banglish,benqa,mcq,choice,benqa_12th-Biology-II_0321,C,False,D,False,False,False,1,1,1,False,False,results/runs/qwen3_4b_validation200_v5_banglish/results/runs/qwen3_4b_validation200_v5_banglish.jsonl,123,D
Qwen3-4B,Qwen/Qwen3-4B-Instruct-2507,english,English,benqa,mcq,choice,benqa_12th-Biology-II_0321,C,False,D,False,False,False,1,1,1,False,False,results/runs/qwen3_4b_validation200_v3_128/results/runs/qwen3_4b_validation200_v3_128.jsonl,369,D
Qwen3-4B,Qwen/Qwen3-4B-Instruct-2507,bangla,Bangla,benqa,mcq,choice,benqa_12th-Biology-II_0325,A,False,C,False,False,False,1,1,1,False,False,results/runs/qwen3_4b_validation200_v3_128/results/runs/qwen3_4b_validation200_v3_128.jsonl,40,C
Qwen3-4B,Qwen/Qwen3-4B-Instruct-2507,banglish_clean,Reviewed Banglish,benqa,mcq,choice,benqa_12th-Biology-II_0325,A,False,C,False,False,False,1,1,1,False,False,results/runs/qwen3_4b_validation200_v5_banglish/results/runs/qwen3_4b_validation200_v5_banglish.jsonl,14,C
Qwen3-4B,Qwen/Qwen3-4B-Instruct-2507,english,English,benqa,mcq,choice,benqa_12th-Biology-II_0325,A,True,A,False,False,False,1,1,1,False,False,results/runs/qwen3_4b_validation200_v3_128/results/runs/qwen3_4b_validation200_v3_128.jsonl,42,A
Qwen3-4B,Qwen/Qwen3-4B-Instruct-2507,bangla,Bangla,benqa,mcq,choice,benqa_12th-Biology-I_0039,C,False,D,False,False,False,1,1,1,False,False,results/runs/qwen3_4b_validation200_v3_128/results/runs/qwen3_4b_validation200_v3_128.jsonl,547,D
Qwen3-4B,Qwen/Qwen3-4B-Instruct-2507,banglish_clean,Reviewed Banglish,benqa,mcq,choice,benqa_12th-Biology-I_0039,C,False,B,False,False,False,1,1,1,False,False,results/runs/qwen3_4b_validation200_v5_banglish/results/runs/qwen3_4b_validation200_v5_banglish.jsonl,183,B
Qwen3-4B,Qwen/Qwen3-4B-Instruct-2507,english,English,benqa,mcq,choice,benqa_12th-Biology-I_0039,C,False,D,False,False,False,1,1,1,False,False,results/runs/qwen3_4b_validation200_v3_128/results/runs/qwen3_4b_validation200_v3_128.jsonl,549,D
Qwen3-4B,Qwen/Qwen3-4B-Instruct-2507,bangla,Bangla,benqa,mcq,choice,benqa_12th-Biology-I_0042,D,True,D,False,False,False,1,1,1,False,False,results/runs/qwen3_4b_validation200_v3_128/results/runs/qwen3_4b_validation200_v3_128.jsonl,52,D
Qwen3-4B,Qwen/Qwen3-4B-Instruct-2507,banglish_clean,Reviewed Banglish,benqa,mcq,choice,benqa_12th-Biology-I_0042,D,True,D,False,False,False,1,1,1,False,False,results/runs/qwen3_4b_validation200_v5_banglish/results/runs/qwen3_4b_validation200_v5_banglish.jsonl,18,D
Qwen3-4B,Qwen/Qwen3-4B-Instruct-2507,english,English,benqa,mcq,choice,benqa_12th-Biology-I_0042,D,False,B,False,False,False,12,1,1,False,False,results/runs/qwen3_4b_validation200_v3_128/results/runs/qwen3_4b_validation200_v3_128.jsonl,54,B. i and iii
Qwen3-4B,Qwen/Qwen3-4B-Instruct-2507,bangla,Bangla,benqa,mcq,choice,benqa_12th-Biology-I_0056,A,False,D,False,False,False,1,1,1,False,False,results/runs/qwen3_4b_validation200_v3_128/results/runs/qwen3_4b_validation200_v3_128.jsonl,583,D
Qwen3-4B,Qwen/Qwen3-4B-Instruct-2507,banglish_clean,Reviewed Banglish,benqa,mcq,choice,benqa_12th-Biology-I_0056,A,False,D,False,False,False,1,1,1,False,False,results/runs/qwen3_4b_validation200_v5_banglish/results/runs/qwen3_4b_validation200_v5_banglish.jsonl,195,D
Qwen3-4B,Qwen/Qwen3-4B-Instruct-2507,english,English,benqa,mcq,choice,benqa_12th-Biology-I_0056,A,False,D,False,False,False,1,1,1,False,False,results/runs/qwen3_4b_validation200_v3_128/results/runs/qwen3_4b_validation200_v3_128.jsonl,585,D
Qwen3-4B,Qwen/Qwen3-4B-Instruct-2507,bangla,Bangla,benqa,mcq,choice,benqa_12th-Biology-I_0077,C,True,C,False,False,False,1,1,1,False,False,results/runs/qwen3_4b_validation200_v3_128/results/runs/qwen3_4b_validation200_v3_128.jsonl,100,C
Qwen3-4B,Qwen/Qwen3-4B-Instruct-2507,banglish_clean,Reviewed Banglish,benqa,mcq,choice,benqa_12th-Biology-I_0077,C,True,C,False,False,False,1,1,1,False,False,results/runs/qwen3_4b_validation200_v5_banglish/results/runs/qwen3_4b_validation200_v5_banglish.jsonl,34,C
Qwen3-4B,Qwen/Qwen3-4B-Instruct-2507,english,English,benqa,mcq,choice,benqa_12th-Biology-I_0077,C,True,C,False,False,False,1,1,1,False,False,results/runs/qwen3_4b_validation200_v3_128/results/runs/qwen3_4b_validation200_v3_128.jsonl,102,C
Qwen3-4B,Qwen/Qwen3-4B-Instruct-2507,bangla,Bangla,benqa,mcq,choice,benqa_12th-Biology-I_0160,B,True,B,False,False,False,1,1,1,False,False,results/runs/qwen3_4b_validation200_v3_128/results/runs/qwen3_4b_validation200_v3_128.jsonl,151,B
Qwen3-4B,Qwen/Qwen3-4B-Instruct-2507,banglish_clean,Reviewed Banglish,benqa,mcq,choice,benqa_12th-Biology-I_0160,B,False,D,False,False,False,1,1,1,False,False,results/runs/qwen3_4b_validation200_v5_banglish/results/runs/qwen3_4b_validation200_v5_banglish.jsonl,51,D
Qwen3-4B,Qwen/Qwen3-4B-Instruct-2507,english,English,benqa,mcq,choice,benqa_12th-Biology-I_0160,B,True,B,False,False,False,1,1,1,False,False,results/runs/qwen3_4b_validation200_v3_128/results/runs/qwen3_4b_validation200_v3_128.jsonl,153,B
Qwen3-4B,Qwen/Qwen3-4B-Instruct-2507,bangla,Bangla,benqa,mcq,choice,benqa_12th-Biology-I_0181,C,False,A,False,False,False,1,1,1,False,False,results/runs/qwen3_4b_validation200_v3_128/results/runs/qwen3_4b_validation200_v3_128.jsonl,172,A
Qwen3-4B,Qwen/Qwen3-4B-Instruct-2507,banglish_clean,Reviewed Banglish,benqa,mcq,choice,benqa_12th-Biology-I_0181,C,False,D,False,False,False,1,1,1,False,False,results/runs/qwen3_4b_validation200_v5_banglish/results/runs/qwen3_4b_validation200_v5_banglish.jsonl,58,D
Qwen3-4B,Qwen/Qwen3-4B-Instruct-2507,english,English,benqa,mcq,choice,benqa_12th-Biology-I_0181,C,False,D,False,False,False,1,1,1,False,False,results/runs/qwen3_4b_validation200_v3_128/results/runs/qwen3_4b_validation200_v3_128.jsonl,174,D
Qwen3-4B,Qwen/Qwen3-4B-Instruct-2507,bangla,Bangla,benqa,mcq,choice,benqa_12th-Biology-I_0218,B,False,D,False,False,False,1,1,1,False,False,results/runs/qwen3_4b_validation200_v3_128/results/runs/qwen3_4b_validation200_v3_128.jsonl,58,D
Qwen3-4B,Qwen/Qwen3-4B-Instruct-2507,banglish_clean,Reviewed Banglish,benqa,mcq,choice,benqa_12th-Biology-I_0218,B,False,D,False,False,False,1,1,1,False,False,results/runs/qwen3_4b_validation200_v5_banglish/results/runs/qwen3_4b_validation200_v5_banglish.jsonl,20,D
Qwen3-4B,Qwen/Qwen3-4B-Instruct-2507,english,English,benqa,mcq,choice,benqa_12th-Biology-I_0218,B,True,B,False,False,False,1,1,1,False,False,results/runs/qwen3_4b_validation200_v3_128/results/runs/qwen3_4b_validation200_v3_128.jsonl,60,B
Qwen3-4B,Qwen/Qwen3-4B-Instruct-2507,bangla,Bangla,benqa,mcq,choice,benqa_12th-Biology-I_0222,A,False,D,False,False,False,1,1,1,False,False,results/runs/qwen3_4b_validation200_v3_128/results/runs/qwen3_4b_validation200_v3_128.jsonl,175,D
Qwen3-4B,Qwen/Qwen3-4B-Instruct-2507,banglish_clean,Reviewed Banglish,benqa,mcq,choice,benqa_12th-Biology-I_0222,A,False,D,False,False,False,1,1,1,False,False,results/runs/qwen3_4b_validation200_v5_banglish/results/runs/qwen3_4b_validation200_v5_banglish.jsonl,59,D
Qwen3-4B,Qwen/Qwen3-4B-Instruct-2507,english,English,benqa,mcq,choice,benqa_12th-Biology-I_0222,A,False,D,False,False,False,1,1,1,False,False,results/runs/qwen3_4b_validation200_v3_128/results/runs/qwen3_4b_validation200_v3_128.jsonl,177,D
Qwen3-4B,Qwen/Qwen3-4B-Instruct-2507,bangla,Bangla,benqa,mcq,choice,benqa_12th-Biology-I_0265,A,True,A,False,False,False,1,1,1,False,False,results/runs/qwen3_4b_validation200_v3_128/results/runs/qwen3_4b_validation200_v3_128.jsonl,1,A
Qwen3-4B,Qwen/Qwen3-4B-Instruct-2507,banglish_clean,Reviewed Banglish,benqa,mcq,choice,benqa_12th-Biology-I_0265,A,False,D,False,False,False,1,1,1,False,False,results/runs/qwen3_4b_validation200_v5_banglish/results/runs/qwen3_4b_validation200_v5_banglish.jsonl,1,D
Qwen3-4B,Qwen/Qwen3-4B-Instruct-2507,english,English,benqa,mcq,choice,benqa_12th-Biology-I_0265,A,True,A,False,False,False,1,1,1,False,False,results/runs/qwen3_4b_validation200_v3_128/results/runs/qwen3_4b_validation200_v3_128.jsonl,3,A
Qwen3-4B,Qwen/Qwen3-4B-Instruct-2507,bangla,Bangla,benqa,mcq,choice,benqa_12th-Biology-I_0277,D,True,D,False,False,False,1,1,1,False,False,results/runs/qwen3_4b_validation200_v3_128/results/runs/qwen3_4b_validation200_v3_128.jsonl,562,D
Qwen3-4B,Qwen/Qwen3-4B-Instruct-2507,banglish_clean,Reviewed Banglish,benqa,mcq,choice,benqa_12th-Biology-I_0277,D,True,D,False,False,False,1,1,1,False,False,results/runs/qwen3_4b_validation200_v5_banglish/results/runs/qwen3_4b_validation200_v5_banglish.jsonl,188,D
Qwen3-4B,Qwen/Qwen3-4B-Instruct-2507,english,English,benqa,mcq,choice,benqa_12th-Biology-I_0277,D,True,D,False,False,False,1,1,1,False,False,results/runs/qwen3_4b_validation200_v3_128/results/runs/qwen3_4b_validation200_v3_128.jsonl,564,D
Qwen3-4B,Qwen/Qwen3-4B-Instruct-2507,bangla,Bangla,benqa,mcq,choice,benqa_12th-Biology-I_0283,A,True,A,False,False,False,1,1,1,False,False,results/runs/qwen3_4b_validation200_v3_128/results/runs/qwen3_4b_validation200_v3_128.jsonl,337,A
Qwen3-4B,Qwen/Qwen3-4B-Instruct-2507,banglish_clean,Reviewed Banglish,benqa,mcq,choice,benqa_12th-Biology-I_0283,A,False,D,False,False,False,1,1,1,False,False,results/runs/qwen3_4b_validation200_v5_banglish/results/runs/qwen3_4b_validation200_v5_banglish.jsonl,113,D
Qwen3-4B,Qwen/Qwen3-4B-Instruct-2507,english,English,benqa,mcq,choice,benqa_12th-Biology-I_0283,A,True,A,False,False,False,1,1,1,False,False,results/runs/qwen3_4b_validation200_v3_128/results/runs/qwen3_4b_validation200_v3_128.jsonl,339,A
Qwen3-4B,Qwen/Qwen3-4B-Instruct-2507,bangla,Bangla,benqa,mcq,choice,benqa_12th-Chemistry-II_0013,C,True,C,False,False,False,1,1,1,False,False,results/runs/qwen3_4b_validation200_v3_128/results/runs/qwen3_4b_validation200_v3_128.jsonl,502,C
Qwen3-4B,Qwen/Qwen3-4B-Instruct-2507,banglish_clean,Reviewed Banglish,benqa,mcq,choice,benqa_12th-Chemistry-II_0013,C,False,D,False,False,False,1,1,1,False,False,results/runs/qwen3_4b_validation200_v5_banglish/results/runs/qwen3_4b_validation200_v5_banglish.jsonl,168,D
Qwen3-4B,Qwen/Qwen3-4B-Instruct-2507,english,English,benqa,mcq,choice,benqa_12th-Chemistry-II_0013,C,True,C,False,False,False,1,1,1,False,False,results/runs/qwen3_4b_validation200_v3_128/results/runs/qwen3_4b_validation200_v3_128.jsonl,504,C
Qwen3-4B,Qwen/Qwen3-4B-Instruct-2507,bangla,Bangla,benqa,mcq,choice,benqa_12th-Chemistry-II_0054,A,True,A,False,False,False,1,1,1,False,False,results/runs/qwen3_4b_validation200_v3_128/results/runs/qwen3_4b_validation200_v3_128.jsonl,19,A
Qwen3-4B,Qwen/Qwen3-4B-Instruct-2507,banglish_clean,Reviewed Banglish,benqa,mcq,choice,benqa_12th-Chemistry-II_0054,A,False,C,False,False,False,1,1,1,False,False,results/runs/qwen3_4b_validation200_v5_banglish/results/runs/qwen3_4b_validation200_v5_banglish.jsonl,7,C
Qwen3-4B,Qwen/Qwen3-4B-Instruct-2507,english,English,benqa,mcq,choice,benqa_12th-Chemistry-II_0054,A,True,A,False,False,False,1,1,1,False,False,results/runs/qwen3_4b_validation200_v3_128/results/runs/qwen3_4b_validation200_v3_128.jsonl,21,A
Qwen3-4B,Qwen/Qwen3-4B-Instruct-2507,bangla,Bangla,benqa,mcq,choice,benqa_12th-Chemistry-II_0067,C,False,D,False,False,False,1,1,1,False,False,results/runs/qwen3_4b_validation200_v3_128/results/runs/qwen3_4b_validation200_v3_128.jsonl,283,D
Qwen3-4B,Qwen/Qwen3-4B-Instruct-2507,banglish_clean,Reviewed Banglish,benqa,mcq,choice,benqa_12th-Chemistry-II_0067,C,False,D,False,False,False,1,1,1,False,False,results/runs/qwen3_4b_validation200_v5_banglish/results/runs/qwen3_4b_validation200_v5_banglish.jsonl,95,D
Qwen3-4B,Qwen/Qwen3-4B-Instruct-2507,english,English,benqa,mcq,choice,benqa_12th-Chemistry-II_0067,C,False,D,False,False,False,1,1,1,False,False,results/runs/qwen3_4b_validation200_v3_128/results/runs/qwen3_4b_validation200_v3_128.jsonl,285,D
Qwen3-4B,Qwen/Qwen3-4B-Instruct-2507,bangla,Bangla,benqa,mcq,choice,benqa_12th-Chemistry-II_0117,C,False,D,False,False,False,1,1,1,False,False,results/runs/qwen3_4b_validation200_v3_128/results/runs/qwen3_4b_validation200_v3_128.jsonl,469,D
Qwen3-4B,Qwen/Qwen3-4B-Instruct-2507,banglish_clean,Reviewed Banglish,benqa,mcq,choice,benqa_12th-Chemistry-II_0117,C,False,D,False,False,False,1,1,1,False,False,results/runs/qwen3_4b_validation200_v5_banglish/results/runs/qwen3_4b_validation200_v5_banglish.jsonl,157,D
Qwen3-4B,Qwen/Qwen3-4B-Instruct-2507,english,English,benqa,mcq,choice,benqa_12th-Chemistry-II_0117,C,True,C,False,False,False,12,1,1,False,False,results/runs/qwen3_4b_validation200_v3_128/results/runs/qwen3_4b_validation200_v3_128.jsonl,471,C. i and iii
Qwen3-4B,Qwen/Qwen3-4B-Instruct-2507,bangla,Bangla,benqa,mcq,choice,benqa_12th-Chemistry-II_0194,A,True,A,False,False,False,1,1,1,False,False,results/runs/qwen3_4b_validation200_v3_128/results/runs/qwen3_4b_validation200_v3_128.jsonl,13,A
Qwen3-4B,Qwen/Qwen3-4B-Instruct-2507,banglish_clean,Reviewed Banglish,benqa,mcq,choice,benqa_12th-Chemistry-II_0194,A,False,D,False,False,False,1,1,1,False,False,results/runs/qwen3_4b_validation200_v5_banglish/results/runs/qwen3_4b_validation200_v5_banglish.jsonl,5,D
Qwen3-4B,Qwen/Qwen3-4B-Instruct-2507,english,English,benqa,mcq,choice,benqa_12th-Chemistry-II_0194,A,True,A,False,False,False,1,1,1,False,False,results/runs/qwen3_4b_validation200_v3_128/results/runs/qwen3_4b_validation200_v3_128.jsonl,15,A
Qwen3-4B,Qwen/Qwen3-4B-Instruct-2507,bangla,Bangla,benqa,mcq,choice,benqa_12th-Chemistry-II_0228,C,True,C,False,False,False,1,1,1,False,False,results/runs/qwen3_4b_validation200_v3_128/results/runs/qwen3_4b_validation200_v3_128.jsonl,535,C
Qwen3-4B,Qwen/Qwen3-4B-Instruct-2507,banglish_clean,Reviewed Banglish,benqa,mcq,choice,benqa_12th-Chemistry-II_0228,C,False,D,False,False,False,1,1,1,False,False,results/runs/qwen3_4b_validation200_v5_banglish/results/runs/qwen3_4b_validation200_v5_banglish.jsonl,179,D
Qwen3-4B,Qwen/Qwen3-4B-Instruct-2507,english,English,benqa,mcq,choice,benqa_12th-Chemistry-II_0228,C,True,C,False,False,False,12,1,1,False,False,results/runs/qwen3_4b_validation200_v3_128/results/runs/qwen3_4b_validation200_v3_128.jsonl,537,C. i and iii
Qwen3-4B,Qwen/Qwen3-4B-Instruct-2507,bangla,Bangla,benqa,mcq,choice,benqa_12th-Chemistry-II_0235,A,True,A,False,False,False,1,1,1,False,False,results/runs/qwen3_4b_validation200_v3_128/results/runs/qwen3_4b_validation200_v3_128.jsonl,550,A
Qwen3-4B,Qwen/Qwen3-4B-Instruct-2507,banglish_clean,Reviewed Banglish,benqa,mcq,choice,benqa_12th-Chemistry-II_0235,A,False,C,False,False,False,1,1,1,False,False,results/runs/qwen3_4b_validation200_v5_banglish/results/runs/qwen3_4b_validation200_v5_banglish.jsonl,184,C
Qwen3-4B,Qwen/Qwen3-4B-Instruct-2507,english,English,benqa,mcq,choice,benqa_12th-Chemistry-II_0235,A,True,A,False,False,False,1,1,1,False,False,results/runs/qwen3_4b_validation200_v3_128/results/runs/qwen3_4b_validation200_v3_128.jsonl,552,A
Qwen3-4B,Qwen/Qwen3-4B-Instruct-2507,bangla,Bangla,benqa,mcq,choice,benqa_12th-Chemistry-II_0240,B,True,B,False,False,False,1,1,1,False,False,results/runs/qwen3_4b_validation200_v3_128/results/runs/qwen3_4b_validation200_v3_128.jsonl,4,B
Qwen3-4B,Qwen/Qwen3-4B-Instruct-2507,banglish_clean,Reviewed Banglish,benqa,mcq,choice,benqa_12th-Chemistry-II_0240,B,False,C,False,False,False,1,1,1,False,False,results/runs/qwen3_4b_validation200_v5_banglish/results/runs/qwen3_4b_validation200_v5_banglish.jsonl,2,C
Qwen3-4B,Qwen/Qwen3-4B-Instruct-2507,english,English,benqa,mcq,choice,benqa_12th-Chemistry-II_0240,B,True,B,False,False,False,1,1,1,False,False,results/runs/qwen3_4b_validation200_v3_128/results/runs/qwen3_4b_validation200_v3_128.jsonl,6,B
Qwen3-4B,Qwen/Qwen3-4B-Instruct-2507,bangla,Bangla,benqa,mcq,choice,benqa_12th-Chemistry-II_0294,C,True,C,False,False,False,1,1,1,False,False,results/runs/qwen3_4b_validation200_v3_128/results/runs/qwen3_4b_validation200_v3_128.jsonl,139,C
Qwen3-4B,Qwen/Qwen3-4B-Instruct-2507,banglish_clean,Reviewed Banglish,benqa,mcq,choice,benqa_12th-Chemistry-II_0294,C,True,C,False,False,False,1,1,1,False,False,results/runs/qwen3_4b_validation200_v5_banglish/results/runs/qwen3_4b_validation200_v5_banglish.jsonl,47,C
Qwen3-4B,Qwen/Qwen3-4B-Instruct-2507,english,English,benqa,mcq,choice,benqa_12th-Chemistry-II_0294,C,False,A,False,False,False,1,1,1,False,False,results/runs/qwen3_4b_validation200_v3_128/results/runs/qwen3_4b_validation200_v3_128.jsonl,141,A
Qwen3-4B,Qwen/Qwen3-4B-Instruct-2507,bangla,Bangla,benqa,mcq,choice,benqa_12th-Chemistry-II_0305,D,False,C,False,False,False,1,1,1,False,False,results/runs/qwen3_4b_validation200_v3_128/results/runs/qwen3_4b_validation200_v3_128.jsonl,484,C
Qwen3-4B,Qwen/Qwen3-4B-Instruct-2507,banglish_clean,Reviewed Banglish,benqa,mcq,choice,benqa_12th-Chemistry-II_0305,D,True,D,False,False,False,1,1,1,False,False,results/runs/qwen3_4b_validation200_v5_banglish/results/runs/qwen3_4b_validation200_v5_banglish.jsonl,162,D
Qwen3-4B,Qwen/Qwen3-4B-Instruct-2507,english,English,benqa,mcq,choice,benqa_12th-Chemistry-II_0305,D,False,C,False,False,False,1,1,1,False,False,results/runs/qwen3_4b_validation200_v3_128/results/runs/qwen3_4b_validation200_v3_128.jsonl,486,C
Qwen3-4B,Qwen/Qwen3-4B-Instruct-2507,bangla,Bangla,benqa,mcq,choice,benqa_12th-Chemistry-II_0354,B,False,D,False,False,False,1,1,1,False,False,results/runs/qwen3_4b_validation200_v3_128/results/runs/qwen3_4b_validation200_v3_128.jsonl,115,D
Qwen3-4B,Qwen/Qwen3-4B-Instruct-2507,banglish_clean,Reviewed Banglish,benqa,mcq,choice,benqa_12th-Chemistry-II_0354,B,False,D,False,False,False,1,1,1,False,False,results/runs/qwen3_4b_validation200_v5_banglish/results/runs/qwen3_4b_validation200_v5_banglish.jsonl,39,D
Qwen3-4B,Qwen/Qwen3-4B-Instruct-2507,english,English,benqa,mcq,choice,benqa_12th-Chemistry-II_0354,B,True,B,False,False,False,1,1,1,False,False,results/runs/qwen3_4b_validation200_v3_128/results/runs/qwen3_4b_validation200_v3_128.jsonl,117,B
Qwen3-4B,Qwen/Qwen3-4B-Instruct-2507,bangla,Bangla,benqa,mcq,choice,benqa_12th-Chemistry-I_0028,B,False,C,False,False,False,1,1,1,False,False,results/runs/qwen3_4b_validation200_v3_128/results/runs/qwen3_4b_validation200_v3_128.jsonl,343,C
Qwen3-4B,Qwen/Qwen3-4B-Instruct-2507,banglish_clean,Reviewed Banglish,benqa,mcq,choice,benqa_12th-Chemistry-I_0028,B,False,C,False,False,False,1,1,1,False,False,results/runs/qwen3_4b_validation200_v5_banglish/results/runs/qwen3_4b_validation200_v5_banglish.jsonl,115,C
Qwen3-4B,Qwen/Qwen3-4B-Instruct-2507,english,English,benqa,mcq,choice,benqa_12th-Chemistry-I_0028,B,False,C,False,False,False,1,1,1,False,False,results/runs/qwen3_4b_validation200_v3_128/results/runs/qwen3_4b_validation200_v3_128.jsonl,345,C
Qwen3-4B,Qwen/Qwen3-4B-Instruct-2507,bangla,Bangla,benqa,mcq,choice,benqa_12th-Chemistry-I_0037,C,True,C,False,False,False,1,1,1,False,False,results/runs/qwen3_4b_validation200_v3_128/results/runs/qwen3_4b_validation200_v3_128.jsonl,286,C
Qwen3-4B,Qwen/Qwen3-4B-Instruct-2507,banglish_clean,Reviewed Banglish,benqa,mcq,choice,benqa_12th-Chemistry-I_0037,C,False,D,False,False,False,1,1,1,False,False,results/runs/qwen3_4b_validation200_v5_banglish/results/runs/qwen3_4b_validation200_v5_banglish.jsonl,96,D
Qwen3-4B,Qwen/Qwen3-4B-Instruct-2507,english,English,benqa,mcq,choice,benqa_12th-Chemistry-I_0037,C,True,C,False,False,False,8,1,1,False,False,results/runs/qwen3_4b_validation200_v3_128/results/runs/qwen3_4b_validation200_v3_128.jsonl,288,C. i&iii
Qwen3-4B,Qwen/Qwen3-4B-Instruct-2507,bangla,Bangla,benqa,mcq,choice,benqa_12th-Chemistry-I_0140,D,True,D,False,False,False,1,1,1,False,False,results/runs/qwen3_4b_validation200_v3_128/results/runs/qwen3_4b_validation200_v3_128.jsonl,376,D
Qwen3-4B,Qwen/Qwen3-4B-Instruct-2507,banglish_clean,Reviewed Banglish,benqa,mcq,choice,benqa_12th-Chemistry-I_0140,D,True,D,False,False,False,1,1,1,False,False,results/runs/qwen3_4b_validation200_v5_banglish/results/runs/qwen3_4b_validation200_v5_banglish.jsonl,126,D
Qwen3-4B,Qwen/Qwen3-4B-Instruct-2507,english,English,benqa,mcq,choice,benqa_12th-Chemistry-I_0140,D,True,D,False,False,False,1,1,1,False,False,results/runs/qwen3_4b_validation200_v3_128/results/runs/qwen3_4b_validation200_v3_128.jsonl,378,D
Qwen3-4B,Qwen/Qwen3-4B-Instruct-2507,bangla,Bangla,benqa,mcq,choice,benqa_12th-Chemistry-I_0174,A,True,A,False,False,False,1,1,1,False,False,results/runs/qwen3_4b_validation200_v3_128/results/runs/qwen3_4b_validation200_v3_128.jsonl,88,A
Qwen3-4B,Qwen/Qwen3-4B-Instruct-2507,banglish_clean,Reviewed Banglish,benqa,mcq,choice,benqa_12th-Chemistry-I_0174,A,False,D,False,False,False,1,1,1,False,False,results/runs/qwen3_4b_validation200_v5_banglish/results/runs/qwen3_4b_validation200_v5_banglish.jsonl,30,D
Qwen3-4B,Qwen/Qwen3-4B-Instruct-2507,english,English,benqa,mcq,choice,benqa_12th-Chemistry-I_0174,A,True,A,False,False,False,1,1,1,False,False,results/runs/qwen3_4b_validation200_v3_128/results/runs/qwen3_4b_validation200_v3_128.jsonl,90,A
Qwen3-4B,Qwen/Qwen3-4B-Instruct-2507,bangla,Bangla,benqa,mcq,choice,benqa_12th-Chemistry-I_0190,B,False,D,False,False,False,1,1,1,False,False,results/runs/qwen3_4b_validation200_v3_128/results/runs/qwen3_4b_validation200_v3_128.jsonl,412,D
Qwen3-4B,Qwen/Qwen3-4B-Instruct-2507,banglish_clean,Reviewed Banglish,benqa,mcq,choice,benqa_12th-Chemistry-I_0190,B,False,D,False,False,False,1,1,1,False,False,results/runs/qwen3_4b_validation200_v5_banglish/results/runs/qwen3_4b_validation200_v5_banglish.jsonl,138,D
Qwen3-4B,Qwen/Qwen3-4B-Instruct-2507,english,English,benqa,mcq,choice,benqa_12th-Chemistry-I_0190,B,True,B,False,False,False,1,1,1,False,False,results/runs/qwen3_4b_validation200_v3_128/results/runs/qwen3_4b_validation200_v3_128.jsonl,414,B
Qwen3-4B,Qwen/Qwen3-4B-Instruct-2507,bangla,Bangla,benqa,mcq,choice,benqa_12th-Chemistry-I_0218,D,True,D,False,False,False,1,1,1,False,False,results/runs/qwen3_4b_validation200_v3_128/results/runs/qwen3_4b_validation200_v3_128.jsonl,463,D
Qwen3-4B,Qwen/Qwen3-4B-Instruct-2507,banglish_clean,Reviewed Banglish,benqa,mcq,choice,benqa_12th-Chemistry-I_0218,D,True,D,False,False,False,1,1,1,False,False,results/runs/qwen3_4b_validation200_v5_banglish/results/runs/qwen3_4b_validation200_v5_banglish.jsonl,155,D
Qwen3-4B,Qwen/Qwen3-4B-Instruct-2507,english,English,benqa,mcq,choice,benqa_12th-Chemistry-I_0218,D,True,D,False,False,False,1,1,1,False,False,results/runs/qwen3_4b_validation200_v3_128/results/runs/qwen3_4b_validation200_v3_128.jsonl,465,D
Qwen3-4B,Qwen/Qwen3-4B-Instruct-2507,bangla,Bangla,benqa,mcq,choice,benqa_12th-Chemistry-I_0227,D,False,C,False,False,False,1,1,1,False,False,results/runs/qwen3_4b_validation200_v3_128/results/runs/qwen3_4b_validation200_v3_128.jsonl,193,C
Qwen3-4B,Qwen/Qwen3-4B-Instruct-2507,banglish_clean,Reviewed Banglish,benqa,mcq,choice,benqa_12th-Chemistry-I_0227,D,True,D,False,False,False,1,1,1,False,False,results/runs/qwen3_4b_validation200_v5_banglish/results/runs/qwen3_4b_validation200_v5_banglish.jsonl,65,D
Qwen3-4B,Qwen/Qwen3-4B-Instruct-2507,english,English,benqa,mcq,choice,benqa_12th-Chemistry-I_0227,D,True,D,False,False,False,1,1,1,False,False,results/runs/qwen3_4b_validation200_v3_128/results/runs/qwen3_4b_validation200_v3_128.jsonl,195,D
Qwen3-4B,Qwen/Qwen3-4B-Instruct-2507,bangla,Bangla,benqa,mcq,choice,benqa_12th-Chemistry-I_0260,D,True,D,False,False,False,1,1,1,False,False,results/runs/qwen3_4b_validation200_v3_128/results/runs/qwen3_4b_validation200_v3_128.jsonl,97,D
Qwen3-4B,Qwen/Qwen3-4B-Instruct-2507,banglish_clean,Reviewed Banglish,benqa,mcq,choice,benqa_12th-Chemistry-I_0260,D,True,D,False,False,False,1,1,1,False,False,results/runs/qwen3_4b_validation200_v5_banglish/results/runs/qwen3_4b_validation200_v5_banglish.jsonl,33,D
Qwen3-4B,Qwen/Qwen3-4B-Instruct-2507,english,English,benqa,mcq,choice,benqa_12th-Chemistry-I_0260,D,True,D,False,False,False,1,1,1,False,False,results/runs/qwen3_4b_validation200_v3_128/results/runs/qwen3_4b_validation200_v3_128.jsonl,99,D
Qwen3-4B,Qwen/Qwen3-4B-Instruct-2507,bangla,Bangla,benqa,mcq,choice,benqa_12th-Chemistry-I_0286,C,False,B,False,False,False,1,1,1,False,False,results/runs/qwen3_4b_validation200_v3_128/results/runs/qwen3_4b_validation200_v3_128.jsonl,445,B
Qwen3-4B,Qwen/Qwen3-4B-Instruct-2507,banglish_clean,Reviewed Banglish,benqa,mcq,choice,benqa_12th-Chemistry-I_0286,C,False,D,False,False,False,1,1,1,False,False,results/runs/qwen3_4b_validation200_v5_banglish/results/runs/qwen3_4b_validation200_v5_banglish.jsonl,149,D
Qwen3-4B,Qwen/Qwen3-4B-Instruct-2507,english,English,benqa,mcq,choice,benqa_12th-Chemistry-I_0286,C,False,B,False,False,False,1,1,1,False,False,results/runs/qwen3_4b_validation200_v3_128/results/runs/qwen3_4b_validation200_v3_128.jsonl,447,B
Qwen3-4B,Qwen/Qwen3-4B-Instruct-2507,bangla,Bangla,benqa,mcq,choice,benqa_12th-Chemistry-I_0303,D,True,D,False,False,False,1,1,1,False,False,results/runs/qwen3_4b_validation200_v3_128/results/runs/qwen3_4b_validation200_v3_128.jsonl,385,D
Qwen3-4B,Qwen/Qwen3-4B-Instruct-2507,banglish_clean,Reviewed Banglish,benqa,mcq,choice,benqa_12th-Chemistry-I_0303,D,True,D,False,False,False,1,1,1,False,False,results/runs/qwen3_4b_validation200_v5_banglish/results/runs/qwen3_4b_validation200_v5_banglish.jsonl,129,D
Qwen3-4B,Qwen/Qwen3-4B-Instruct-2507,english,English,benqa,mcq,choice,benqa_12th-Chemistry-I_0303,D,True,D,False,False,False,1,1,1,False,False,results/runs/qwen3_4b_validation200_v3_128/results/runs/qwen3_4b_validation200_v3_128.jsonl,387,D
Qwen3-4B,Qwen/Qwen3-4B-Instruct-2507,bangla,Bangla,benqa,mcq,choice,benqa_12th-Chemistry-I_0328,B,True,B,False,False,False,1,1,1,False,False,results/runs/qwen3_4b_validation200_v3_128/results/runs/qwen3_4b_validation200_v3_128.jsonl,238,B
Qwen3-4B,Qwen/Qwen3-4B-Instruct-2507,banglish_clean,Reviewed Banglish,benqa,mcq,choice,benqa_12th-Chemistry-I_0328,B,False,D,False,False,False,1,1,1,False,False,results/runs/qwen3_4b_validation200_v5_banglish/results/runs/qwen3_4b_validation200_v5_banglish.jsonl,80,D
Qwen3-4B,Qwen/Qwen3-4B-Instruct-2507,english,English,benqa,mcq,choice,benqa_12th-Chemistry-I_0328,B,True,B,False,False,False,1,1,1,False,False,results/runs/qwen3_4b_validation200_v3_128/results/runs/qwen3_4b_validation200_v3_128.jsonl,240,B
Qwen3-4B,Qwen/Qwen3-4B-Instruct-2507,bangla,Bangla,benqa,mcq,choice,benqa_12th-Math-II_0043,D,True,D,False,False,False,1,1,1,False,False,results/runs/qwen3_4b_validation200_v3_128/results/runs/qwen3_4b_validation200_v3_128.jsonl,187,D
Qwen3-4B,Qwen/Qwen3-4B-Instruct-2507,banglish_clean,Reviewed Banglish,benqa,mcq,choice,benqa_12th-Math-II_0043,D,True,D,False,False,False,1,1,1,False,False,results/runs/qwen3_4b_validation200_v5_banglish/results/runs/qwen3_4b_validation200_v5_banglish.jsonl,63,D
Qwen3-4B,Qwen/Qwen3-4B-Instruct-2507,english,English,benqa,mcq,choice,benqa_12th-Math-II_0043,D,True,D,False,False,False,1,1,1,False,False,results/runs/qwen3_4b_validation200_v3_128/results/runs/qwen3_4b_validation200_v3_128.jsonl,189,D
Qwen3-4B,Qwen/Qwen3-4B-Instruct-2507,bangla,Bangla,benqa,mcq,choice,benqa_12th-Math-II_0214,C,True,C,False,False,False,1,1,1,False,False,results/runs/qwen3_4b_validation200_v3_128/results/runs/qwen3_4b_validation200_v3_128.jsonl,301,C
Qwen3-4B,Qwen/Qwen3-4B-Instruct-2507,banglish_clean,Reviewed Banglish,benqa,mcq,choice,benqa_12th-Math-II_0214,C,True,C,False,False,False,1,1,1,False,False,results/runs/qwen3_4b_validation200_v5_banglish/results/runs/qwen3_4b_validation200_v5_banglish.jsonl,101,C
Qwen3-4B,Qwen/Qwen3-4B-Instruct-2507,english,English,benqa,mcq,choice,benqa_12th-Math-II_0214,C,True,C,False,False,False,1,1,1,False,False,results/runs/qwen3_4b_validation200_v3_128/results/runs/qwen3_4b_validation200_v3_128.jsonl,303,C
Qwen3-4B,Qwen/Qwen3-4B-Instruct-2507,bangla,Bangla,benqa,mcq,choice,benqa_12th-Math-II_0230,D,True,D,False,False,False,1,1,1,False,False,results/runs/qwen3_4b_validation200_v3_128/results/runs/qwen3_4b_validation200_v3_128.jsonl,208,D
Qwen3-4B,Qwen/Qwen3-4B-Instruct-2507,banglish_clean,Reviewed Banglish,benqa,mcq,choice,benqa_12th-Math-II_0230,D,True,D,False,False,False,1,1,1,False,False,results/runs/qwen3_4b_validation200_v5_banglish/results/runs/qwen3_4b_validation200_v5_banglish.jsonl,70,D
Qwen3-4B,Qwen/Qwen3-4B-Instruct-2507,english,English,benqa,mcq,choice,benqa_12th-Math-II_0230,D,False,,True,True,True,502,0,15,True,True,results/runs/qwen3_4b_validation200_v3_128/results/runs/qwen3_4b_validation200_v3_128.jsonl,210,We are given two parallel forces: - Force at A: 9 units - Force at B: 5 units - Distance between A and B: 5 units We are to evaluate three statements about t...
Qwen3-4B,Qwen/Qwen3-4B-Instruct-2507,bangla,Bangla,benqa,mcq,choice,benqa_12th-Math-II_0234,A,False,D,False,False,False,1,1,1,False,False,results/runs/qwen3_4b_validation200_v3_128/results/runs/qwen3_4b_validation200_v3_128.jsonl,25,D
Qwen3-4B,Qwen/Qwen3-4B-Instruct-2507,banglish_clean,Reviewed Banglish,benqa,mcq,choice,benqa_12th-Math-II_0234,A,False,,True,True,True,330,0,14,True,True,results/runs/qwen3_4b_validation200_v5_banglish/results/runs/qwen3_4b_validation200_v5_banglish.jsonl,9,We are given the quadratic equation: $$ x^2 - 4x + 3 = 0 $$ Let the roots be $ \alpha $ and $ \beta $. We are asked to find: $$ \frac{1}{\alpha} + \frac{1}{\...
Qwen3-4B,Qwen/Qwen3-4B-Instruct-2507,english,English,benqa,mcq,choice,benqa_12th-Math-II_0234,A,False,,True,True,True,333,0,15,True,True,results/runs/qwen3_4b_validation200_v3_128/results/runs/qwen3_4b_validation200_v3_128.jsonl,27,We are given the quadratic equation: $$ x^2 - 4x + 3 = 0 $$ Let the roots be $\alpha$ and $\beta$. We are to find: $$ \frac{1}{\alpha} + \frac{1}{\beta} $$ U...
Qwen3-4B,Qwen/Qwen3-4B-Instruct-2507,bangla,Bangla,benqa,mcq,choice,benqa_12th-Math-I_0029,B,False,,True,True,True,365,0,11,True,True,results/runs/qwen3_4b_validation200_v3_128/results/runs/qwen3_4b_validation200_v3_128.jsonl,421,"We are given: - A line passes through the point $(-5, 10)$. - It makes an angle $\theta$ with the positive x-axis such that $\tan^{-1}\left(\frac{3}{4}\right..."
Qwen3-4B,Qwen/Qwen3-4B-Instruct-2507,banglish_clean,Reviewed Banglish,benqa,mcq,choice,benqa_12th-Math-I_0029,B,False,D,False,False,False,1,1,1,False,False,results/runs/qwen3_4b_validation200_v5_banglish/results/runs/qwen3_4b_validation200_v5_banglish.jsonl,141,D
Qwen3-4B,Qwen/Qwen3-4B-Instruct-2507,english,English,benqa,mcq,choice,benqa_12th-Math-I_0029,B,False,,True,True,True,389,0,15,True,True,results/runs/qwen3_4b_validation200_v3_128/results/runs/qwen3_4b_validation200_v3_128.jsonl,423,"We are given: - A line passes through the point $(-5, 10)$ - It makes an angle $\theta$ with the positive x-axis such that $\tan \theta = \frac{3}{4}$ We are..."
Qwen3-4B,Qwen/Qwen3-4B-Instruct-2507,bangla,Bangla,benqa,mcq,choice,benqa_12th-Math-I_0088,C,False,D,False,False,False,1,1,1,False,False,results/runs/qwen3_4b_validation200_v3_128/results/runs/qwen3_4b_validation200_v3_128.jsonl,184,D
Qwen3-4B,Qwen/Qwen3-4B-Instruct-2507,banglish_clean,Reviewed Banglish,benqa,mcq,choice,benqa_12th-Math-I_0088,C,False,D,False,False,False,1,1,1,False,False,results/runs/qwen3_4b_validation200_v5_banglish/results/runs/qwen3_4b_validation200_v5_banglish.jsonl,62,D
Qwen3-4B,Qwen/Qwen3-4B-Instruct-2507,english,English,benqa,mcq,choice,benqa_12th-Math-I_0088,C,True,C,False,False,False,1,1,1,False,False,results/runs/qwen3_4b_validation200_v3_128/results/runs/qwen3_4b_validation200_v3_128.jsonl,186,C
Qwen3-4B,Qwen/Qwen3-4B-Instruct-2507,bangla,Bangla,benqa,mcq,choice,benqa_12th-Math-I_0120,D,True,D,False,False,False,1,1,1,False,False,results/runs/qwen3_4b_validation200_v3_128/results/runs/qwen3_4b_validation200_v3_128.jsonl,148,D
Qwen3-4B,Qwen/Qwen3-4B-Instruct-2507,banglish_clean,Reviewed Banglish,benqa,mcq,choice,benqa_12th-Math-I_0120,D,True,D,False,False,False,1,1,1,False,False,results/runs/qwen3_4b_validation200_v5_banglish/results/runs/qwen3_4b_validation200_v5_banglish.jsonl,50,D
Qwen3-4B,Qwen/Qwen3-4B-Instruct-2507,english,English,benqa,mcq,choice,benqa_12th-Math-I_0120,D,False,C,False,False,False,1,1,1,False,False,results/runs/qwen3_4b_validation200_v3_128/results/runs/qwen3_4b_validation200_v3_128.jsonl,150,C
Qwen3-4B,Qwen/Qwen3-4B-Instruct-2507,bangla,Bangla,benqa,mcq,choice,benqa_12th-Math-I_0186,A,False,D,False,False,False,1,1,1,False,False,results/runs/qwen3_4b_validation200_v3_128/results/runs/qwen3_4b_validation200_v3_128.jsonl,247,D
Qwen3-4B,Qwen/Qwen3-4B-Instruct-2507,banglish_clean,Reviewed Banglish,benqa,mcq,choice,benqa_12th-Math-I_0186,A,False,D,False,False,False,1,1,1,False,False,results/runs/qwen3_4b_validation200_v5_banglish/results/runs/qwen3_4b_validation200_v5_banglish.jsonl,83,D
Qwen3-4B,Qwen/Qwen3-4B-Instruct-2507,english,English,benqa,mcq,choice,benqa_12th-Math-I_0186,A,False,D,False,False,False,1,1,1,False,False,results/runs/qwen3_4b_validation200_v3_128/results/runs/qwen3_4b_validation200_v3_128.jsonl,249,D
Qwen3-4B,Qwen/Qwen3-4B-Instruct-2507,bangla,Bangla,benqa,mcq,choice,benqa_12th-Math-I_0187,B,False,D,False,False,False,1,1,1,False,False,results/runs/qwen3_4b_validation200_v3_128/results/runs/qwen3_4b_validation200_v3_128.jsonl,436,D
Qwen3-4B,Qwen/Qwen3-4B-Instruct-2507,banglish_clean,Reviewed Banglish,benqa,mcq,choice,benqa_12th-Math-I_0187,B,False,D,False,False,False,1,1,1,False,False,results/runs/qwen3_4b_validation200_v5_banglish/results/runs/qwen3_4b_validation200_v5_banglish.jsonl,146,D
Qwen3-4B,Qwen/Qwen3-4B-Instruct-2507,english,English,benqa,mcq,choice,benqa_12th-Math-I_0187,B,False,D,False,False,False,1,1,1,False,False,results/runs/qwen3_4b_validation200_v3_128/results/runs/qwen3_4b_validation200_v3_128.jsonl,438,D
Qwen3-4B,Qwen/Qwen3-4B-Instruct-2507,bangla,Bangla,benqa,mcq,choice,benqa_12th-Math-I_0202,B,True,B,False,False,False,1,1,1,False,False,results/runs/qwen3_4b_validation200_v3_128/results/runs/qwen3_4b_validation200_v3_128.jsonl,511,B
Qwen3-4B,Qwen/Qwen3-4B-Instruct-2507,banglish_clean,Reviewed Banglish,benqa,mcq,choice,benqa_12th-Math-I_0202,B,True,B,False,False,False,1,1,1,False,False,results/runs/qwen3_4b_validation200_v5_banglish/results/runs/qwen3_4b_validation200_v5_banglish.jsonl,171,B
Qwen3-4B,Qwen/Qwen3-4B-Instruct-2507,english,English,benqa,mcq,choice,benqa_12th-Math-I_0202,B,True,B,False,False,False,1,1,1,False,False,results/runs/qwen3_4b_validation200_v3_128/results/runs/qwen3_4b_validation200_v3_128.jsonl,513,B
Qwen3-4B,Qwen/Qwen3-4B-Instruct-2507,bangla,Bangla,benqa,mcq,choice,benqa_12th-Math-I_0218,A,True,A,False,False,False,1,1,1,False,False,results/runs/qwen3_4b_validation200_v3_128/results/runs/qwen3_4b_validation200_v3_128.jsonl,181,A
Qwen3-4B,Qwen/Qwen3-4B-Instruct-2507,banglish_clean,Reviewed Banglish,benqa,mcq,choice,benqa_12th-Math-I_0218,A,False,C,False,False,False,1,1,1,False,False,results/runs/qwen3_4b_validation200_v5_banglish/results/runs/qwen3_4b_validation200_v5_banglish.jsonl,61,C
Qwen3-4B,Qwen/Qwen3-4B-Instruct-2507,english,English,benqa,mcq,choice,benqa_12th-Math-I_0218,A,True,A,False,False,False,1,1,1,False,False,results/runs/qwen3_4b_validation200_v3_128/results/runs/qwen3_4b_validation200_v3_128.jsonl,183,A
Qwen3-4B,Qwen/Qwen3-4B-Instruct-2507,bangla,Bangla,benqa,mcq,choice,benqa_12th-Math-I_0310,B,True,B,False,False,False,1,1,1,False,False,results/runs/qwen3_4b_validation200_v3_128/results/runs/qwen3_4b_validation200_v3_128.jsonl,262,B
Qwen3-4B,Qwen/Qwen3-4B-Instruct-2507,banglish_clean,Reviewed Banglish,benqa,mcq,choice,benqa_12th-Math-I_0310,B,True,B,False,False,False,1,1,1,False,False,results/runs/qwen3_4b_validation200_v5_banglish/results/runs/qwen3_4b_validation200_v5_banglish.jsonl,88,B
Qwen3-4B,Qwen/Qwen3-4B-Instruct-2507,english,English,benqa,mcq,choice,benqa_12th-Math-I_0310,B,True,B,False,False,False,1,1,1,False,False,results/runs/qwen3_4b_validation200_v3_128/results/runs/qwen3_4b_validation200_v3_128.jsonl,264,B
Qwen3-4B,Qwen/Qwen3-4B-Instruct-2507,bangla,Bangla,benqa,mcq,choice,benqa_12th-Math-I_0326,B,False,,True,True,True,336,0,14,True,True,results/runs/qwen3_4b_validation200_v3_128/results/runs/qwen3_4b_validation200_v3_128.jsonl,334,We are given: $$ \tan\frac{\alpha}{2} = 7 $$ We need to find the value of: $$ 4\sin\alpha - 3\cos\alpha $$ --- ### Step 1: Use the identity for $\sin\alpha$ ...
Qwen3-4B,Qwen/Qwen3-4B-Instruct-2507,banglish_clean,Reviewed Banglish,benqa,mcq,choice,benqa_12th-Math-I_0326,B,False,,True,True,True,336,0,8,True,True,results/runs/qwen3_4b_validation200_v5_banglish/results/runs/qwen3_4b_validation200_v5_banglish.jsonl,112,The given expression is: $$ \tan\frac{\alpha}{2} = 7 \quad \text{and} \quad 4\sin\alpha - 3\cos\alpha = ? $$ We are to find the value of $ 4\sin\alpha - 3\co...
Qwen3-4B,Qwen/Qwen3-4B-Instruct-2507,english,English,benqa,mcq,choice,benqa_12th-Math-I_0326,B,False,,True,True,True,335,0,14,True,True,results/runs/qwen3_4b_validation200_v3_128/results/runs/qwen3_4b_validation200_v3_128.jsonl,336,We are given: $$ \tan\frac{\alpha}{2} = 7 $$ We are to find the value of: $$ 4\sin\alpha - 3\cos\alpha $$ --- ### Step 1: Use the identity for $\sin\alpha$ a...
Qwen3-4B,Qwen/Qwen3-4B-Instruct-2507,bangla,Bangla,benqa,mcq,choice,benqa_12th-Math-I_0342,C,False,D,False,False,False,1,1,1,False,False,results/runs/qwen3_4b_validation200_v3_128/results/runs/qwen3_4b_validation200_v3_128.jsonl,61,D
Qwen3-4B,Qwen/Qwen3-4B-Instruct-2507,banglish_clean,Reviewed Banglish,benqa,mcq,choice,benqa_12th-Math-I_0342,C,False,D,False,False,False,1,1,1,False,False,results/runs/qwen3_4b_validation200_v5_banglish/results/runs/qwen3_4b_validation200_v5_banglish.jsonl,21,D
Qwen3-4B,Qwen/Qwen3-4B-Instruct-2507,english,English,benqa,mcq,choice,benqa_12th-Math-I_0342,C,False,D,False,False,False,1,1,1,False,False,results/runs/qwen3_4b_validation200_v3_128/results/runs/qwen3_4b_validation200_v3_128.jsonl,63,D
Qwen3-4B,Qwen/Qwen3-4B-Instruct-2507,bangla,Bangla,benqa,mcq,choice,benqa_12th-Math-I_0383,D,True,D,False,False,False,1,1,1,False,False,results/runs/qwen3_4b_validation200_v3_128/results/runs/qwen3_4b_validation200_v3_128.jsonl,352,D
Qwen3-4B,Qwen/Qwen3-4B-Instruct-2507,banglish_clean,Reviewed Banglish,benqa,mcq,choice,benqa_12th-Math-I_0383,D,True,D,False,False,False,1,1,1,False,False,results/runs/qwen3_4b_validation200_v5_banglish/results/runs/qwen3_4b_validation200_v5_banglish.jsonl,118,D
Qwen3-4B,Qwen/Qwen3-4B-Instruct-2507,english,English,benqa,mcq,choice,benqa_12th-Math-I_0383,D,True,D,False,False,False,1,1,1,False,False,results/runs/qwen3_4b_validation200_v3_128/results/runs/qwen3_4b_validation200_v3_128.jsonl,354,D
Qwen3-4B,Qwen/Qwen3-4B-Instruct-2507,bangla,Bangla,benqa,mcq,choice,benqa_12th-Physics-II_0037,B,False,C,False,False,False,1,1,1,False,False,results/runs/qwen3_4b_validation200_v3_128/results/runs/qwen3_4b_validation200_v3_128.jsonl,202,C
Qwen3-4B,Qwen/Qwen3-4B-Instruct-2507,banglish_clean,Reviewed Banglish,benqa,mcq,choice,benqa_12th-Physics-II_0037,B,False,D,False,False,False,1,1,1,False,False,results/runs/qwen3_4b_validation200_v5_banglish/results/runs/qwen3_4b_validation200_v5_banglish.jsonl,68,D
Qwen3-4B,Qwen/Qwen3-4B-Instruct-2507,english,English,benqa,mcq,choice,benqa_12th-Physics-II_0037,B,False,C,False,False,False,1,1,1,False,False,results/runs/qwen3_4b_validation200_v3_128/results/runs/qwen3_4b_validation200_v3_128.jsonl,204,C
Qwen3-4B,Qwen/Qwen3-4B-Instruct-2507,bangla,Bangla,benqa,mcq,choice,benqa_12th-Physics-II_0046,C,False,B,False,False,False,1,1,1,False,False,results/runs/qwen3_4b_validation200_v3_128/results/runs/qwen3_4b_validation200_v3_128.jsonl,244,B
Qwen3-4B,Qwen/Qwen3-4B-Instruct-2507,banglish_clean,Reviewed Banglish,benqa,mcq,choice,benqa_12th-Physics-II_0046,C,False,D,False,False,False,1,1,1,False,False,results/runs/qwen3_4b_validation200_v5_banglish/results/runs/qwen3_4b_validation200_v5_banglish.jsonl,82,D
Qwen3-4B,Qwen/Qwen3-4B-Instruct-2507,english,English,benqa,mcq,choice,benqa_12th-Physics-II_0046,C,True,C,False,False,False,12,1,1,False,False,results/runs/qwen3_4b_validation200_v3_128/results/runs/qwen3_4b_validation200_v3_128.jsonl,246,C. i and iii
Qwen3-4B,Qwen/Qwen3-4B-Instruct-2507,bangla,Bangla,benqa,mcq,choice,benqa_12th-Physics-II_0085,D,True,D,False,False,False,1,1,1,False,False,results/runs/qwen3_4b_validation200_v3_128/results/runs/qwen3_4b_validation200_v3_128.jsonl,196,D
Qwen3-4B,Qwen/Qwen3-4B-Instruct-2507,banglish_clean,Reviewed Banglish,benqa,mcq,choice,benqa_12th-Physics-II_0085,D,True,D,False,False,False,1,1,1,False,False,results/runs/qwen3_4b_validation200_v5_banglish/results/runs/qwen3_4b_validation200_v5_banglish.jsonl,66,D
Qwen3-4B,Qwen/Qwen3-4B-Instruct-2507,english,English,benqa,mcq,choice,benqa_12th-Physics-II_0085,D,True,D,False,False,False,1,1,1,False,False,results/runs/qwen3_4b_validation200_v3_128/results/runs/qwen3_4b_validation200_v3_128.jsonl,198,D
Qwen3-4B,Qwen/Qwen3-4B-Instruct-2507,bangla,Bangla,benqa,mcq,choice,benqa_12th-Physics-II_0088,A,False,D,False,False,False,1,1,1,False,False,results/runs/qwen3_4b_validation200_v3_128/results/runs/qwen3_4b_validation200_v3_128.jsonl,475,D
Qwen3-4B,Qwen/Qwen3-4B-Instruct-2507,banglish_clean,Reviewed Banglish,benqa,mcq,choice,benqa_12th-Physics-II_0088,A,False,D,False,False,False,1,1,1,False,False,results/runs/qwen3_4b_validation200_v5_banglish/results/runs/qwen3_4b_validation200_v5_banglish.jsonl,159,D
Qwen3-4B,Qwen/Qwen3-4B-Instruct-2507,english,English,benqa,mcq,choice,benqa_12th-Physics-II_0088,A,False,D,False,False,False,1,1,1,False,False,results/runs/qwen3_4b_validation200_v3_128/results/runs/qwen3_4b_validation200_v3_128.jsonl,477,D
Qwen3-4B,Qwen/Qwen3-4B-Instruct-2507,bangla,Bangla,benqa,mcq,choice,benqa_12th-Physics-II_0131,B,False,D,False,False,False,1,1,1,False,False,results/runs/qwen3_4b_validation200_v3_128/results/runs/qwen3_4b_validation200_v3_128.jsonl,448,D
Qwen3-4B,Qwen/Qwen3-4B-Instruct-2507,banglish_clean,Reviewed Banglish,benqa,mcq,choice,benqa_12th-Physics-II_0131,B,False,D,False,False,False,1,1,1,False,False,results/runs/qwen3_4b_validation200_v5_banglish/results/runs/qwen3_4b_validation200_v5_banglish.jsonl,150,D
Qwen3-4B,Qwen/Qwen3-4B-Instruct-2507,english,English,benqa,mcq,choice,benqa_12th-Physics-II_0131,B,False,D,False,False,False,1,1,1,False,False,results/runs/qwen3_4b_validation200_v3_128/results/runs/qwen3_4b_validation200_v3_128.jsonl,450,D
Qwen3-4B,Qwen/Qwen3-4B-Instruct-2507,bangla,Bangla,benqa,mcq,choice,benqa_12th-Physics-II_0195,B,False,D,False,False,False,1,1,1,False,False,results/runs/qwen3_4b_validation200_v3_128/results/runs/qwen3_4b_validation200_v3_128.jsonl,409,D
Qwen3-4B,Qwen/Qwen3-4B-Instruct-2507,banglish_clean,Reviewed Banglish,benqa,mcq,choice,benqa_12th-Physics-II_0195,B,False,D,False,False,False,1,1,1,False,False,results/runs/qwen3_4b_validation200_v5_banglish/results/runs/qwen3_4b_validation200_v5_banglish.jsonl,137,D
Qwen3-4B,Qwen/Qwen3-4B-Instruct-2507,english,English,benqa,mcq,choice,benqa_12th-Physics-II_0195,B,False,D,False,False,False,1,1,1,False,False,results/runs/qwen3_4b_validation200_v3_128/results/runs/qwen3_4b_validation200_v3_128.jsonl,411,D
Qwen3-4B,Qwen/Qwen3-4B-Instruct-2507,bangla,Bangla,benqa,mcq,choice,benqa_12th-Physics-II_0213,D,False,C,False,False,False,1,1,1,False,False,results/runs/qwen3_4b_validation200_v3_128/results/runs/qwen3_4b_validation200_v3_128.jsonl,514,C
Qwen3-4B,Qwen/Qwen3-4B-Instruct-2507,banglish_clean,Reviewed Banglish,benqa,mcq,choice,benqa_12th-Physics-II_0213,D,False,C,False,False,False,1,1,1,False,False,results/runs/qwen3_4b_validation200_v5_banglish/results/runs/qwen3_4b_validation200_v5_banglish.jsonl,172,C
Qwen3-4B,Qwen/Qwen3-4B-Instruct-2507,english,English,benqa,mcq,choice,benqa_12th-Physics-II_0213,D,False,C,False,False,False,1,1,1,False,False,results/runs/qwen3_4b_validation200_v3_128/results/runs/qwen3_4b_validation200_v3_128.jsonl,516,C
Qwen3-4B,Qwen/Qwen3-4B-Instruct-2507,bangla,Bangla,benqa,mcq,choice,benqa_12th-Physics-II_0219,D,True,D,False,False,False,1,1,1,False,False,results/runs/qwen3_4b_validation200_v3_128/results/runs/qwen3_4b_validation200_v3_128.jsonl,277,D
Qwen3-4B,Qwen/Qwen3-4B-Instruct-2507,banglish_clean,Reviewed Banglish,benqa,mcq,choice,benqa_12th-Physics-II_0219,D,True,D,False,False,False,1,1,1,False,False,results/runs/qwen3_4b_validation200_v5_banglish/results/runs/qwen3_4b_validation200_v5_banglish.jsonl,93,D
Qwen3-4B,Qwen/Qwen3-4B-Instruct-2507,english,English,benqa,mcq,choice,benqa_12th-Physics-II_0219,D,True,D,False,False,False,1,1,1,False,False,results/runs/qwen3_4b_validation200_v3_128/results/runs/qwen3_4b_validation200_v3_128.jsonl,279,D
Qwen3-4B,Qwen/Qwen3-4B-Instruct-2507,bangla,Bangla,benqa,mcq,choice,benqa_12th-Physics-II_0267,B,False,D,False,False,False,1,1,1,False,False,results/runs/qwen3_4b_validation200_v3_128/results/runs/qwen3_4b_validation200_v3_128.jsonl,106,D
Qwen3-4B,Qwen/Qwen3-4B-Instruct-2507,banglish_clean,Reviewed Banglish,benqa,mcq,choice,benqa_12th-Physics-II_0267,B,False,D,False,False,False,1,1,1,False,False,results/runs/qwen3_4b_validation200_v5_banglish/results/runs/qwen3_4b_validation200_v5_banglish.jsonl,36,D
Qwen3-4B,Qwen/Qwen3-4B-Instruct-2507,english,English,benqa,mcq,choice,benqa_12th-Physics-II_0267,B,False,D,False,False,False,1,1,1,False,False,results/runs/qwen3_4b_validation200_v3_128/results/runs/qwen3_4b_validation200_v3_128.jsonl,108,D
Qwen3-4B,Qwen/Qwen3-4B-Instruct-2507,bangla,Bangla,benqa,mcq,choice,benqa_12th-Physics-II_0290,B,True,B,False,False,False,1,1,1,False,False,results/runs/qwen3_4b_validation200_v3_128/results/runs/qwen3_4b_validation200_v3_128.jsonl,394,B
Qwen3-4B,Qwen/Qwen3-4B-Instruct-2507,banglish_clean,Reviewed Banglish,benqa,mcq,choice,benqa_12th-Physics-II_0290,B,False,D,False,False,False,1,1,1,False,False,results/runs/qwen3_4b_validation200_v5_banglish/results/runs/qwen3_4b_validation200_v5_banglish.jsonl,132,D
Qwen3-4B,Qwen/Qwen3-4B-Instruct-2507,english,English,benqa,mcq,choice,benqa_12th-Physics-II_0290,B,False,A,False,False,False,1,1,1,False,False,results/runs/qwen3_4b_validation200_v3_128/results/runs/qwen3_4b_validation200_v3_128.jsonl,396,A
Qwen3-4B,Qwen/Qwen3-4B-Instruct-2507,bangla,Bangla,benqa,mcq,choice,benqa_12th-Physics-II_0292,C,False,A,False,False,False,1,1,1,False,False,results/runs/qwen3_4b_validation200_v3_128/results/runs/qwen3_4b_validation200_v3_128.jsonl,136,A
Qwen3-4B,Qwen/Qwen3-4B-Instruct-2507,banglish_clean,Reviewed Banglish,benqa,mcq,choice,benqa_12th-Physics-II_0292,C,False,D,False,False,False,1,1,1,False,False,results/runs/qwen3_4b_validation200_v5_banglish/results/runs/qwen3_4b_validation200_v5_banglish.jsonl,46,D
Qwen3-4B,Qwen/Qwen3-4B-Instruct-2507,english,English,benqa,mcq,choice,benqa_12th-Physics-II_0292,C,True,C,False,False,False,1,1,1,False,False,results/runs/qwen3_4b_validation200_v3_128/results/runs/qwen3_4b_validation200_v3_128.jsonl,138,C
Qwen3-4B,Qwen/Qwen3-4B-Instruct-2507,bangla,Bangla,benqa,mcq,choice,benqa_12th-Physics-I_0008,D,True,D,False,False,False,1,1,1,False,False,results/runs/qwen3_4b_validation200_v3_128/results/runs/qwen3_4b_validation200_v3_128.jsonl,271,D
Qwen3-4B,Qwen/Qwen3-4B-Instruct-2507,banglish_clean,Reviewed Banglish,benqa,mcq,choice,benqa_12th-Physics-I_0008,D,True,D,False,False,False,1,1,1,False,False,results/runs/qwen3_4b_validation200_v5_banglish/results/runs/qwen3_4b_validation200_v5_banglish.jsonl,91,D
Qwen3-4B,Qwen/Qwen3-4B-Instruct-2507,english,English,benqa,mcq,choice,benqa_12th-Physics-I_0008,D,True,D,False,False,False,1,1,1,False,False,results/runs/qwen3_4b_validation200_v3_128/results/runs/qwen3_4b_validation200_v3_128.jsonl,273,D
Qwen3-4B,Qwen/Qwen3-4B-Instruct-2507,bangla,Bangla,benqa,mcq,choice,benqa_12th-Physics-I_0079,C,True,C,False,False,False,1,1,1,False,False,results/runs/qwen3_4b_validation200_v3_128/results/runs/qwen3_4b_validation200_v3_128.jsonl,373,C
Qwen3-4B,Qwen/Qwen3-4B-Instruct-2507,banglish_clean,Reviewed Banglish,benqa,mcq,choice,benqa_12th-Physics-I_0079,C,True,C,False,False,False,1,1,1,False,False,results/runs/qwen3_4b_validation200_v5_banglish/results/runs/qwen3_4b_validation200_v5_banglish.jsonl,125,C
Qwen3-4B,Qwen/Qwen3-4B-Instruct-2507,english,English,benqa,mcq,choice,benqa_12th-Physics-I_0079,C,True,C,False,False,False,1,1,1,False,False,results/runs/qwen3_4b_validation200_v3_128/results/runs/qwen3_4b_validation200_v3_128.jsonl,375,C
Qwen3-4B,Qwen/Qwen3-4B-Instruct-2507,bangla,Bangla,benqa,mcq,choice,benqa_12th-Physics-I_0106,D,True,D,False,False,False,1,1,1,False,False,results/runs/qwen3_4b_validation200_v3_128/results/runs/qwen3_4b_validation200_v3_128.jsonl,274,D
Qwen3-4B,Qwen/Qwen3-4B-Instruct-2507,banglish_clean,Reviewed Banglish,benqa,mcq,choice,benqa_12th-Physics-I_0106,D,True,D,False,False,False,1,1,1,False,False,results/runs/qwen3_4b_validation200_v5_banglish/results/runs/qwen3_4b_validation200_v5_banglish.jsonl,92,D
Qwen3-4B,Qwen/Qwen3-4B-Instruct-2507,english,English,benqa,mcq,choice,benqa_12th-Physics-I_0106,D,True,D,False,False,False,1,1,1,False,False,results/runs/qwen3_4b_validation200_v3_128/results/runs/qwen3_4b_validation200_v3_128.jsonl,276,D
Qwen3-4B,Qwen/Qwen3-4B-Instruct-2507,bangla,Bangla,benqa,mcq,choice,benqa_12th-Physics-I_0109,C,True,C,False,False,False,1,1,1,False,False,results/runs/qwen3_4b_validation200_v3_128/results/runs/qwen3_4b_validation200_v3_128.jsonl,169,C
Qwen3-4B,Qwen/Qwen3-4B-Instruct-2507,banglish_clean,Reviewed Banglish,benqa,mcq,choice,benqa_12th-Physics-I_0109,C,False,D,False,False,False,1,1,1,False,False,results/runs/qwen3_4b_validation200_v5_banglish/results/runs/qwen3_4b_validation200_v5_banglish.jsonl,57,D
Qwen3-4B,Qwen/Qwen3-4B-Instruct-2507,english,English,benqa,mcq,choice,benqa_12th-Physics-I_0109,C,True,C,False,False,False,1,1,1,False,False,results/runs/qwen3_4b_validation200_v3_128/results/runs/qwen3_4b_validation200_v3_128.jsonl,171,C
Qwen3-4B,Qwen/Qwen3-4B-Instruct-2507,bangla,Bangla,benqa,mcq,choice,benqa_12th-Physics-I_0133,C,True,C,False,False,False,1,1,1,False,False,results/runs/qwen3_4b_validation200_v3_128/results/runs/qwen3_4b_validation200_v3_128.jsonl,403,C
Qwen3-4B,Qwen/Qwen3-4B-Instruct-2507,banglish_clean,Reviewed Banglish,benqa,mcq,choice,benqa_12th-Physics-I_0133,C,False,D,False,False,False,1,1,1,False,False,results/runs/qwen3_4b_validation200_v5_banglish/results/runs/qwen3_4b_validation200_v5_banglish.jsonl,135,D
Qwen3-4B,Qwen/Qwen3-4B-Instruct-2507,english,English,benqa,mcq,choice,benqa_12th-Physics-I_0133,C,True,C,False,False,False,1,1,1,False,False,results/runs/qwen3_4b_validation200_v3_128/results/runs/qwen3_4b_validation200_v3_128.jsonl,405,C
Qwen3-4B,Qwen/Qwen3-4B-Instruct-2507,bangla,Bangla,benqa,mcq,choice,benqa_12th-Physics-I_0157,A,False,D,False,False,False,1,1,1,False,False,results/runs/qwen3_4b_validation200_v3_128/results/runs/qwen3_4b_validation200_v3_128.jsonl,580,D
Qwen3-4B,Qwen/Qwen3-4B-Instruct-2507,banglish_clean,Reviewed Banglish,benqa,mcq,choice,benqa_12th-Physics-I_0157,A,False,C,False,False,False,1,1,1,False,False,results/runs/qwen3_4b_validation200_v5_banglish/results/runs/qwen3_4b_validation200_v5_banglish.jsonl,194,C
Qwen3-4B,Qwen/Qwen3-4B-Instruct-2507,english,English,benqa,mcq,choice,benqa_12th-Physics-I_0157,A,False,C,False,False,False,1,1,1,False,False,results/runs/qwen3_4b_validation200_v3_128/results/runs/qwen3_4b_validation200_v3_128.jsonl,582,C
Qwen3-4B,Qwen/Qwen3-4B-Instruct-2507,bangla,Bangla,benqa,mcq,choice,benqa_12th-Physics-I_0214,B,False,D,False,False,False,1,1,1,False,False,results/runs/qwen3_4b_validation200_v3_128/results/runs/qwen3_4b_validation200_v3_128.jsonl,211,D
Qwen3-4B,Qwen/Qwen3-4B-Instruct-2507,banglish_clean,Reviewed Banglish,benqa,mcq,choice,benqa_12th-Physics-I_0214,B,False,D,False,False,False,1,1,1,False,False,results/runs/qwen3_4b_validation200_v5_banglish/results/runs/qwen3_4b_validation200_v5_banglish.jsonl,71,D
Qwen3-4B,Qwen/Qwen3-4B-Instruct-2507,english,English,benqa,mcq,choice,benqa_12th-Physics-I_0214,B,False,D,False,False,False,1,1,1,False,False,results/runs/qwen3_4b_validation200_v3_128/results/runs/qwen3_4b_validation200_v3_128.jsonl,213,D
Qwen3-4B,Qwen/Qwen3-4B-Instruct-2507,bangla,Bangla,benqa,mcq,choice,benqa_12th-Physics-I_0253,A,False,C,False,False,False,1,1,1,False,False,results/runs/qwen3_4b_validation200_v3_128/results/runs/qwen3_4b_validation200_v3_128.jsonl,82,C
Qwen3-4B,Qwen/Qwen3-4B-Instruct-2507,banglish_clean,Reviewed Banglish,benqa,mcq,choice,benqa_12th-Physics-I_0253,A,False,D,False,False,False,1,1,1,False,False,results/runs/qwen3_4b_validation200_v5_banglish/results/runs/qwen3_4b_validation200_v5_banglish.jsonl,28,D
Qwen3-4B,Qwen/Qwen3-4B-Instruct-2507,english,English,benqa,mcq,choice,benqa_12th-Physics-I_0253,A,False,D,False,False,False,1,1,1,False,False,results/runs/qwen3_4b_validation200_v3_128/results/runs/qwen3_4b_validation200_v3_128.jsonl,84,D
Qwen3-4B,Qwen/Qwen3-4B-Instruct-2507,bangla,Bangla,benqa,mcq,choice,benqa_12th-Physics-I_0254,B,False,D,False,False,False,1,1,1,False,False,results/runs/qwen3_4b_validation200_v3_128/results/runs/qwen3_4b_validation200_v3_128.jsonl,538,D
Qwen3-4B,Qwen/Qwen3-4B-Instruct-2507,banglish_clean,Reviewed Banglish,benqa,mcq,choice,benqa_12th-Physics-I_0254,B,False,D,False,False,False,1,1,1,False,False,results/runs/qwen3_4b_validation200_v5_banglish/results/runs/qwen3_4b_validation200_v5_banglish.jsonl,180,D
Qwen3-4B,Qwen/Qwen3-4B-Instruct-2507,english,English,benqa,mcq,choice,benqa_12th-Physics-I_0254,B,False,D,False,False,False,1,1,1,False,False,results/runs/qwen3_4b_validation200_v3_128/results/runs/qwen3_4b_validation200_v3_128.jsonl,540,D
Qwen3-4B,Qwen/Qwen3-4B-Instruct-2507,bangla,Bangla,benqa,mcq,choice,benqa_12th-Physics-I_0256,C,False,D,False,False,False,1,1,1,False,False,results/runs/qwen3_4b_validation200_v3_128/results/runs/qwen3_4b_validation200_v3_128.jsonl,79,D
Qwen3-4B,Qwen/Qwen3-4B-Instruct-2507,banglish_clean,Reviewed Banglish,benqa,mcq,choice,benqa_12th-Physics-I_0256,C,False,D,False,False,False,1,1,1,False,False,results/runs/qwen3_4b_validation200_v5_banglish/results/runs/qwen3_4b_validation200_v5_banglish.jsonl,27,D
Qwen3-4B,Qwen/Qwen3-4B-Instruct-2507,english,English,benqa,mcq,choice,benqa_12th-Physics-I_0256,C,False,D,False,False,False,1,1,1,False,False,results/runs/qwen3_4b_validation200_v3_128/results/runs/qwen3_4b_validation200_v3_128.jsonl,81,D
Qwen3-4B,Qwen/Qwen3-4B-Instruct-2507,bangla,Bangla,benqa,mcq,choice,benqa_12th-Physics-I_0289,D,True,D,False,False,False,1,1,1,False,False,results/runs/qwen3_4b_validation200_v3_128/results/runs/qwen3_4b_validation200_v3_128.jsonl,43,D
Qwen3-4B,Qwen/Qwen3-4B-Instruct-2507,banglish_clean,Reviewed Banglish,benqa,mcq,choice,benqa_12th-Physics-I_0289,D,True,D,False,False,False,1,1,1,False,False,results/runs/qwen3_4b_validation200_v5_banglish/results/runs/qwen3_4b_validation200_v5_banglish.jsonl,15,D
Qwen3-4B,Qwen/Qwen3-4B-Instruct-2507,english,English,benqa,mcq,choice,benqa_12th-Physics-I_0289,D,True,D,False,False,False,1,1,1,False,False,results/runs/qwen3_4b_validation200_v3_128/results/runs/qwen3_4b_validation200_v3_128.jsonl,45,D
Qwen3-4B,Qwen/Qwen3-4B-Instruct-2507,bangla,Bangla,benqa,mcq,choice,benqa_8th-Math_0031,D,True,D,False,False,False,1,1,1,False,False,results/runs/qwen3_4b_validation200_v3_128/results/runs/qwen3_4b_validation200_v3_128.jsonl,232,D
Qwen3-4B,Qwen/Qwen3-4B-Instruct-2507,banglish_clean,Reviewed Banglish,benqa,mcq,choice,benqa_8th-Math_0031,D,True,D,False,False,False,1,1,1,False,False,results/runs/qwen3_4b_validation200_v5_banglish/results/runs/qwen3_4b_validation200_v5_banglish.jsonl,78,D
Qwen3-4B,Qwen/Qwen3-4B-Instruct-2507,english,English,benqa,mcq,choice,benqa_8th-Math_0031,D,True,D,False,False,False,1,1,1,False,False,results/runs/qwen3_4b_validation200_v3_128/results/runs/qwen3_4b_validation200_v3_128.jsonl,234,D
Qwen3-4B,Qwen/Qwen3-4B-Instruct-2507,bangla,Bangla,benqa,mcq,choice,benqa_8th-Math_0062,D,True,D,False,False,False,1,1,1,False,False,results/runs/qwen3_4b_validation200_v3_128/results/runs/qwen3_4b_validation200_v3_128.jsonl,415,D
Qwen3-4B,Qwen/Qwen3-4B-Instruct-2507,banglish_clean,Reviewed Banglish,benqa,mcq,choice,benqa_8th-Math_0062,D,True,D,False,False,False,1,1,1,False,False,results/runs/qwen3_4b_validation200_v5_banglish/results/runs/qwen3_4b_validation200_v5_banglish.jsonl,139,D
Qwen3-4B,Qwen/Qwen3-4B-Instruct-2507,english,English,benqa,mcq,choice,benqa_8th-Math_0062,D,True,D,False,False,False,1,1,1,False,False,results/runs/qwen3_4b_validation200_v3_128/results/runs/qwen3_4b_validation200_v3_128.jsonl,417,D
Qwen3-4B,Qwen/Qwen3-4B-Instruct-2507,bangla,Bangla,benqa,mcq,choice,benqa_8th-Math_0072,B,False,D,False,False,False,1,1,1,False,False,results/runs/qwen3_4b_validation200_v3_128/results/runs/qwen3_4b_validation200_v3_128.jsonl,397,D
Qwen3-4B,Qwen/Qwen3-4B-Instruct-2507,banglish_clean,Reviewed Banglish,benqa,mcq,choice,benqa_8th-Math_0072,B,False,D,False,False,False,1,1,1,False,False,results/runs/qwen3_4b_validation200_v5_banglish/results/runs/qwen3_4b_validation200_v5_banglish.jsonl,133,D
Qwen3-4B,Qwen/Qwen3-4B-Instruct-2507,english,English,benqa,mcq,choice,benqa_8th-Math_0072,B,False,A,False,False,False,390,1,11,True,True,results/runs/qwen3_4b_validation200_v3_128/results/runs/qwen3_4b_validation200_v3_128.jsonl,399,We are told that 779 is the 111th term of an algebraic expression of the form: We are to find which expression gives the 111th term as 779. Let’s suppose the...
Qwen3-4B,Qwen/Qwen3-4B-Instruct-2507,bangla,Bangla,benqa,mcq,choice,benqa_8th-Math_0085,C,True,C,False,False,False,1,1,1,False,False,results/runs/qwen3_4b_validation200_v3_128/results/runs/qwen3_4b_validation200_v3_128.jsonl,259,C
Qwen3-4B,Qwen/Qwen3-4B-Instruct-2507,banglish_clean,Reviewed Banglish,benqa,mcq,choice,benqa_8th-Math_0085,C,False,D,False,False,False,1,1,1,False,False,results/runs/qwen3_4b_validation200_v5_banglish/results/runs/qwen3_4b_validation200_v5_banglish.jsonl,87,D
Qwen3-4B,Qwen/Qwen3-4B-Instruct-2507,english,English,benqa,mcq,choice,benqa_8th-Math_0085,C,True,C,False,False,False,1,1,1,False,False,results/runs/qwen3_4b_validation200_v3_128/results/runs/qwen3_4b_validation200_v3_128.jsonl,261,C
Qwen3-4B,Qwen/Qwen3-4B-Instruct-2507,bangla,Bangla,benqa,mcq,choice,benqa_8th-Math_0167,C,False,D,False,False,False,1,1,1,False,False,results/runs/qwen3_4b_validation200_v3_128/results/runs/qwen3_4b_validation200_v3_128.jsonl,178,D
Qwen3-4B,Qwen/Qwen3-4B-Instruct-2507,banglish_clean,Reviewed Banglish,benqa,mcq,choice,benqa_8th-Math_0167,C,False,D,False,False,False,1,1,1,False,False,results/runs/qwen3_4b_validation200_v5_banglish/results/runs/qwen3_4b_validation200_v5_banglish.jsonl,60,D
Qwen3-4B,Qwen/Qwen3-4B-Instruct-2507,english,English,benqa,mcq,choice,benqa_8th-Math_0167,C,True,C,False,False,False,145,1,3,True,True,results/runs/qwen3_4b_validation200_v3_128/results/runs/qwen3_4b_validation200_v3_128.jsonl,180,Length = 1.5 × breadth = 1.5 × 16 = 24 metres Perimeter of rectangle = 2 × (length + breadth) = 2 × (24 + 16) = 2 × 40 = 80 metres Answer: C
Qwen3-4B,Qwen/Qwen3-4B-Instruct-2507,bangla,Bangla,benqa,mcq,choice,benqa_8th-Math_0190,B,False,D,False,False,False,1,1,1,False,False,results/runs/qwen3_4b_validation200_v3_128/results/runs/qwen3_4b_validation200_v3_128.jsonl,49,D
Qwen3-4B,Qwen/Qwen3-4B-Instruct-2507,banglish_clean,Reviewed Banglish,benqa,mcq,choice,benqa_8th-Math_0190,B,False,D,False,False,False,1,1,1,False,False,results/runs/qwen3_4b_validation200_v5_banglish/results/runs/qwen3_4b_validation200_v5_banglish.jsonl,17,D
Qwen3-4B,Qwen/Qwen3-4B-Instruct-2507,english,English,benqa,mcq,choice,benqa_8th-Math_0190,B,False,D,False,False,False,11,1,1,False,False,results/runs/qwen3_4b_validation200_v3_128/results/runs/qwen3_4b_validation200_v3_128.jsonl,51,D. 1575sq.m
Qwen3-4B,Qwen/Qwen3-4B-Instruct-2507,bangla,Bangla,benqa,mcq,choice,benqa_8th-Science_0014,D,True,D,False,False,False,1,1,1,False,False,results/runs/qwen3_4b_validation200_v3_128/results/runs/qwen3_4b_validation200_v3_128.jsonl,142,D
Qwen3-4B,Qwen/Qwen3-4B-Instruct-2507,banglish_clean,Reviewed Banglish,benqa,mcq,choice,benqa_8th-Science_0014,D,True,D,False,False,False,1,1,1,False,False,results/runs/qwen3_4b_validation200_v5_banglish/results/runs/qwen3_4b_validation200_v5_banglish.jsonl,48,D
Qwen3-4B,Qwen/Qwen3-4B-Instruct-2507,english,English,benqa,mcq,choice,benqa_8th-Science_0014,D,False,C,False,False,False,11,1,1,False,False,results/runs/qwen3_4b_validation200_v3_128/results/runs/qwen3_4b_validation200_v3_128.jsonl,144,C. ii & iii
Qwen3-4B,Qwen/Qwen3-4B-Instruct-2507,bangla,Bangla,benqa,mcq,choice,benqa_8th-Science_0024,C,False,B,False,False,False,1,1,1,False,False,results/runs/qwen3_4b_validation200_v3_128/results/runs/qwen3_4b_validation200_v3_128.jsonl,556,B
Qwen3-4B,Qwen/Qwen3-4B-Instruct-2507,banglish_clean,Reviewed Banglish,benqa,mcq,choice,benqa_8th-Science_0024,C,False,D,False,False,False,1,1,1,False,False,results/runs/qwen3_4b_validation200_v5_banglish/results/runs/qwen3_4b_validation200_v5_banglish.jsonl,186,D
Qwen3-4B,Qwen/Qwen3-4B-Instruct-2507,english,English,benqa,mcq,choice,benqa_8th-Science_0024,C,False,B,False,False,False,1,1,1,False,False,results/runs/qwen3_4b_validation200_v3_128/results/runs/qwen3_4b_validation200_v3_128.jsonl,558,B
Qwen3-4B,Qwen/Qwen3-4B-Instruct-2507,bangla,Bangla,benqa,mcq,choice,benqa_8th-Science_0042,B,False,C,False,False,False,1,1,1,False,False,results/runs/qwen3_4b_validation200_v3_128/results/runs/qwen3_4b_validation200_v3_128.jsonl,382,C
Qwen3-4B,Qwen/Qwen3-4B-Instruct-2507,banglish_clean,Reviewed Banglish,benqa,mcq,choice,benqa_8th-Science_0042,B,False,D,False,False,False,1,1,1,False,False,results/runs/qwen3_4b_validation200_v5_banglish/results/runs/qwen3_4b_validation200_v5_banglish.jsonl,128,D
Qwen3-4B,Qwen/Qwen3-4B-Instruct-2507,english,English,benqa,mcq,choice,benqa_8th-Science_0042,B,True,B,False,False,False,1,1,1,False,False,results/runs/qwen3_4b_validation200_v3_128/results/runs/qwen3_4b_validation200_v3_128.jsonl,384,B
Qwen3-4B,Qwen/Qwen3-4B-Instruct-2507,bangla,Bangla,benqa,mcq,choice,benqa_8th-Science_0062,D,True,D,False,False,False,1,1,1,False,False,results/runs/qwen3_4b_validation200_v3_128/results/runs/qwen3_4b_validation200_v3_128.jsonl,265,D
Qwen3-4B,Qwen/Qwen3-4B-Instruct-2507,banglish_clean,Reviewed Banglish,benqa,mcq,choice,benqa_8th-Science_0062,D,True,D,False,False,False,1,1,1,False,False,results/runs/qwen3_4b_validation200_v5_banglish/results/runs/qwen3_4b_validation200_v5_banglish.jsonl,89,D
Qwen3-4B,Qwen/Qwen3-4B-Instruct-2507,english,English,benqa,mcq,choice,benqa_8th-Science_0062,D,True,D,False,False,False,1,1,1,False,False,results/runs/qwen3_4b_validation200_v3_128/results/runs/qwen3_4b_validation200_v3_128.jsonl,267,D
Qwen3-4B,Qwen/Qwen3-4B-Instruct-2507,bangla,Bangla,benqa,mcq,choice,benqa_8th-Science_0078,C,False,A,False,False,False,1,1,1,False,False,results/runs/qwen3_4b_validation200_v3_128/results/runs/qwen3_4b_validation200_v3_128.jsonl,508,A
Qwen3-4B,Qwen/Qwen3-4B-Instruct-2507,banglish_clean,Reviewed Banglish,benqa,mcq,choice,benqa_8th-Science_0078,C,True,C,False,False,False,1,1,1,False,False,results/runs/qwen3_4b_validation200_v5_banglish/results/runs/qwen3_4b_validation200_v5_banglish.jsonl,170,C
Qwen3-4B,Qwen/Qwen3-4B-Instruct-2507,english,English,benqa,mcq,choice,benqa_8th-Science_0078,C,True,C,False,False,False,1,1,1,False,False,results/runs/qwen3_4b_validation200_v3_128/results/runs/qwen3_4b_validation200_v3_128.jsonl,510,C
Qwen3-4B,Qwen/Qwen3-4B-Instruct-2507,bangla,Bangla,benqa,mcq,choice,benqa_8th-Science_0086,A,False,D,False,False,False,1,1,1,False,False,results/runs/qwen3_4b_validation200_v3_128/results/runs/qwen3_4b_validation200_v3_128.jsonl,34,D
Qwen3-4B,Qwen/Qwen3-4B-Instruct-2507,banglish_clean,Reviewed Banglish,benqa,mcq,choice,benqa_8th-Science_0086,A,False,D,False,False,False,1,1,1,False,False,results/runs/qwen3_4b_validation200_v5_banglish/results/runs/qwen3_4b_validation200_v5_banglish.jsonl,12,D
Qwen3-4B,Qwen/Qwen3-4B-Instruct-2507,english,English,benqa,mcq,choice,benqa_8th-Science_0086,A,True,A,False,False,False,1,1,1,False,False,results/runs/qwen3_4b_validation200_v3_128/results/runs/qwen3_4b_validation200_v3_128.jsonl,36,A
Qwen3-4B,Qwen/Qwen3-4B-Instruct-2507,bangla,Bangla,benqa,mcq,choice,benqa_8th-Science_0098,A,False,B,False,False,False,1,1,1,False,False,results/runs/qwen3_4b_validation200_v3_128/results/runs/qwen3_4b_validation200_v3_128.jsonl,268,B
Qwen3-4B,Qwen/Qwen3-4B-Instruct-2507,banglish_clean,Reviewed Banglish,benqa,mcq,choice,benqa_8th-Science_0098,A,False,B,False,False,False,1,1,1,False,False,results/runs/qwen3_4b_validation200_v5_banglish/results/runs/qwen3_4b_validation200_v5_banglish.jsonl,90,B
Qwen3-4B,Qwen/Qwen3-4B-Instruct-2507,english,English,benqa,mcq,choice,benqa_8th-Science_0098,A,False,B,False,False,False,1,1,1,False,False,results/runs/qwen3_4b_validation200_v3_128/results/runs/qwen3_4b_validation200_v3_128.jsonl,270,B
Qwen3-4B,Qwen/Qwen3-4B-Instruct-2507,bangla,Bangla,benqa,mcq,choice,benqa_8th-Science_0127,B,True,B,False,False,False,1,1,1,False,False,results/runs/qwen3_4b_validation200_v3_128/results/runs/qwen3_4b_validation200_v3_128.jsonl,253,B
Qwen3-4B,Qwen/Qwen3-4B-Instruct-2507,banglish_clean,Reviewed Banglish,benqa,mcq,choice,benqa_8th-Science_0127,B,False,D,False,False,False,1,1,1,False,False,results/runs/qwen3_4b_validation200_v5_banglish/results/runs/qwen3_4b_validation200_v5_banglish.jsonl,85,D
Qwen3-4B,Qwen/Qwen3-4B-Instruct-2507,english,English,benqa,mcq,choice,benqa_8th-Science_0127,B,True,B,False,False,False,1,1,1,False,False,results/runs/qwen3_4b_validation200_v3_128/results/runs/qwen3_4b_validation200_v3_128.jsonl,255,B
Qwen3-4B,Qwen/Qwen3-4B-Instruct-2507,bangla,Bangla,benqa,mcq,choice,benqa_8th-Science_0153,C,True,C,False,False,False,1,1,1,False,False,results/runs/qwen3_4b_validation200_v3_128/results/runs/qwen3_4b_validation200_v3_128.jsonl,163,C
Qwen3-4B,Qwen/Qwen3-4B-Instruct-2507,banglish_clean,Reviewed Banglish,benqa,mcq,choice,benqa_8th-Science_0153,C,False,D,False,False,False,1,1,1,False,False,results/runs/qwen3_4b_validation200_v5_banglish/results/runs/qwen3_4b_validation200_v5_banglish.jsonl,55,D
Qwen3-4B,Qwen/Qwen3-4B-Instruct-2507,english,English,benqa,mcq,choice,benqa_8th-Science_0153,C,True,C,False,False,False,1,1,1,False,False,results/runs/qwen3_4b_validation200_v3_128/results/runs/qwen3_4b_validation200_v3_128.jsonl,165,C
Qwen3-4B,Qwen/Qwen3-4B-Instruct-2507,bangla,Bangla,benqa,mcq,choice,benqa_8th-Science_0159,B,False,C,False,False,False,1,1,1,False,False,results/runs/qwen3_4b_validation200_v3_128/results/runs/qwen3_4b_validation200_v3_128.jsonl,526,C
Qwen3-4B,Qwen/Qwen3-4B-Instruct-2507,banglish_clean,Reviewed Banglish,benqa,mcq,choice,benqa_8th-Science_0159,B,False,C,False,False,False,1,1,1,False,False,results/runs/qwen3_4b_validation200_v5_banglish/results/runs/qwen3_4b_validation200_v5_banglish.jsonl,176,C
Qwen3-4B,Qwen/Qwen3-4B-Instruct-2507,english,English,benqa,mcq,choice,benqa_8th-Science_0159,B,True,B,False,False,False,1,1,1,False,False,results/runs/qwen3_4b_validation200_v3_128/results/runs/qwen3_4b_validation200_v3_128.jsonl,528,B
Qwen3-4B,Qwen/Qwen3-4B-Instruct-2507,bangla,Bangla,benqa,mcq,choice,benqa_8th-Science_0202,C,True,C,False,False,False,1,1,1,False,False,results/runs/qwen3_4b_validation200_v3_128/results/runs/qwen3_4b_validation200_v3_128.jsonl,505,C
Qwen3-4B,Qwen/Qwen3-4B-Instruct-2507,banglish_clean,Reviewed Banglish,benqa,mcq,choice,benqa_8th-Science_0202,C,False,A,False,False,False,1,1,1,False,False,results/runs/qwen3_4b_validation200_v5_banglish/results/runs/qwen3_4b_validation200_v5_banglish.jsonl,169,A
Qwen3-4B,Qwen/Qwen3-4B-Instruct-2507,english,English,benqa,mcq,choice,benqa_8th-Science_0202,C,True,C,False,False,False,1,1,1,False,False,results/runs/qwen3_4b_validation200_v3_128/results/runs/qwen3_4b_validation200_v3_128.jsonl,507,C
