model,model_id,variant,variant_label,dataset,task_type,answer_type,id,gold,correct,parsed,gold_numeric_values,raw_numeric_values,parsed_numeric_values,gold_numeric_count,raw_numeric_count,parsed_numeric_count,raw_has_any_number,parsed_has_any_number,raw_full_numeric_signature,parsed_full_numeric_signature,wrong_raw_full_numeric_signature,wrong_parsed_full_numeric_signature,wrong_without_raw_number,source,line,raw_excerpt
Qwen2.5-3B,Qwen/Qwen2.5-3B-Instruct,bangla,Bangla,banglamath,short_answer,short_answer,banglamath_0181,সময় কমে যায়,False,decreases,,,,0,0,0,False,False,False,False,False,False,True,results/runs/qwen2_5_3b_validation200_v3_128/results/runs/qwen2_5_3b_validation200_v3_128.jsonl,304,decreases
Qwen2.5-3B,Qwen/Qwen2.5-3B-Instruct,banglish_clean,Reviewed Banglish,banglamath,short_answer,short_answer,banglamath_0181,সময় কমে যায়,False,thakle lok songkhya barale somoy koyom,,,,0,0,0,False,False,False,False,False,False,True,results/runs/qwen2_5_3b_validation200_v5_banglish/results/runs/qwen2_5_3b_validation200_v5_banglish.jsonl,102,thakle lok songkhya barale somoy koyom
Qwen2.5-3B,Qwen/Qwen2.5-3B-Instruct,english,English,banglamath,short_answer,short_answer,banglamath_0181,সময় কমে যায়,False,"The time decreases if the number of workers increases, assuming the amount of work remains constant and all other factors remain unchanged.",,,,0,0,0,False,False,False,False,False,False,True,results/runs/qwen2_5_3b_validation200_v3_128/results/runs/qwen2_5_3b_validation200_v3_128.jsonl,306,"The time decreases if the number of workers increases, assuming the amount of work remains constant and all other factors remain unchanged."
Qwen2.5-3B,Qwen/Qwen2.5-3B-Instruct,bangla,Bangla,banglamath,short_answer,short_answer,banglamath_0182,৬০০ টাকা,False,840 টাকা,600,840,840,1,1,1,True,True,False,False,False,False,False,results/runs/qwen2_5_3b_validation200_v3_128/results/runs/qwen2_5_3b_validation200_v3_128.jsonl,217,840 টাকা
Qwen2.5-3B,Qwen/Qwen2.5-3B-Instruct,banglish_clean,Reviewed Banglish,banglamath,short_answer,short_answer,banglamath_0182,৬০০ টাকা,False,280 * 15 = 4200,600,15;280;4200,15;280;4200,1,3,3,True,True,False,False,False,False,False,results/runs/qwen2_5_3b_validation200_v5_banglish/results/runs/qwen2_5_3b_validation200_v5_banglish.jsonl,73,280 * 15 = 4200
Qwen2.5-3B,Qwen/Qwen2.5-3B-Instruct,english,English,banglamath,short_answer,short_answer,banglamath_0182,৬০০ টাকা,False,900 Taka,600,900,900,1,1,1,True,True,False,False,False,False,False,results/runs/qwen2_5_3b_validation200_v3_128/results/runs/qwen2_5_3b_validation200_v3_128.jsonl,219,900 Taka
Qwen2.5-3B,Qwen/Qwen2.5-3B-Instruct,bangla,Bangla,banglamath,short_answer,short_answer,banglamath_0183,৩০ দিন,False,10 days,30,10,10,1,1,1,True,True,False,False,False,False,False,results/runs/qwen2_5_3b_validation200_v3_128/results/runs/qwen2_5_3b_validation200_v3_128.jsonl,307,10 days
Qwen2.5-3B,Qwen/Qwen2.5-3B-Instruct,banglish_clean,Reviewed Banglish,banglamath,short_answer,short_answer,banglamath_0183,৩০ দিন,False,The khadde (house) will last for 10 days.,30,10,10,1,1,1,True,True,False,False,False,False,False,results/runs/qwen2_5_3b_validation200_v5_banglish/results/runs/qwen2_5_3b_validation200_v5_banglish.jsonl,103,The khadde (house) will last for 10 days.
Qwen2.5-3B,Qwen/Qwen2.5-3B-Instruct,english,English,banglamath,short_answer,short_answer,banglamath_0183,৩০ দিন,False,75,30,75,75,1,1,1,True,True,False,False,False,False,False,results/runs/qwen2_5_3b_validation200_v3_128/results/runs/qwen2_5_3b_validation200_v3_128.jsonl,309,75
Qwen2.5-3B,Qwen/Qwen2.5-3B-Instruct,bangla,Bangla,banglamath,short_answer,short_answer,banglamath_0184,১২০০০ টাকা,False,1200 টাকা,12000,1200,1200,1,1,1,True,True,False,False,False,False,False,results/runs/qwen2_5_3b_validation200_v3_128/results/runs/qwen2_5_3b_validation200_v3_128.jsonl,124,1200 টাকা
Qwen2.5-3B,Qwen/Qwen2.5-3B-Instruct,banglish_clean,Reviewed Banglish,banglamath,short_answer,short_answer,banglamath_0184,১২০০০ টাকা,False,\[ \text{Cost per taka} = \frac{450 \text{ taka}}{9000 \text{ taka}} = 0.05 \,12000,0.05;450;600;9000,0.05;450;9000,1,4,3,True,True,False,False,False,False,False,results/runs/qwen2_5_3b_validation200_v5_banglish/results/runs/qwen2_5_3b_validation200_v5_banglish.jsonl,42,"To find out how much protidin should be bought to gain a profit of 600 taka, we need to first understand the cost and profit relationship given in the problem. Given: - Cost of..."
Qwen2.5-3B,Qwen/Qwen2.5-3B-Instruct,english,English,banglamath,short_answer,short_answer,banglamath_0184,১২০০০ টাকা,False,4500 Taka,12000,4500,4500,1,1,1,True,True,False,False,False,False,False,results/runs/qwen2_5_3b_validation200_v3_128/results/runs/qwen2_5_3b_validation200_v3_128.jsonl,126,4500 Taka
Qwen2.5-3B,Qwen/Qwen2.5-3B-Instruct,bangla,Bangla,banglamath,short_answer,short_answer,banglamath_0185,২০০ কেজি,True,২০০ কেজি,200,200,200,1,1,1,True,True,True,True,False,False,False,results/runs/qwen2_5_3b_validation200_v3_128/results/runs/qwen2_5_3b_validation200_v3_128.jsonl,316,২০০ কেজি
Qwen2.5-3B,Qwen/Qwen2.5-3B-Instruct,banglish_clean,Reviewed Banglish,banglamath,short_answer,short_answer,banglamath_0185,২০০ কেজি,False,20 keji chale,200,20,20,1,1,1,True,True,False,False,False,False,False,results/runs/qwen2_5_3b_validation200_v5_banglish/results/runs/qwen2_5_3b_validation200_v5_banglish.jsonl,106,20 keji chale
Qwen2.5-3B,Qwen/Qwen2.5-3B-Instruct,english,English,banglamath,short_answer,short_answer,banglamath_0185,২০০ কেজি,False,384 kg,200,384,384,1,1,1,True,True,False,False,False,False,False,results/runs/qwen2_5_3b_validation200_v3_128/results/runs/qwen2_5_3b_validation200_v3_128.jsonl,318,384 kg
Qwen2.5-3B,Qwen/Qwen2.5-3B-Instruct,bangla,Bangla,banglamath,short_answer,short_answer,banglamath_0186,২২ ১/২ দিন,False,45,0.5;22,45,45,2,1,1,True,True,False,False,False,False,False,results/runs/qwen2_5_3b_validation200_v3_128/results/runs/qwen2_5_3b_validation200_v3_128.jsonl,520,45
Qwen2.5-3B,Qwen/Qwen2.5-3B-Instruct,banglish_clean,Reviewed Banglish,banglamath,short_answer,short_answer,banglamath_0186,২২ ১/২ দিন,False,45 din,0.5;22,45,45,2,1,1,True,True,False,False,False,False,False,results/runs/qwen2_5_3b_validation200_v5_banglish/results/runs/qwen2_5_3b_validation200_v5_banglish.jsonl,174,45 din
Qwen2.5-3B,Qwen/Qwen2.5-3B-Instruct,english,English,banglamath,short_answer,short_answer,banglamath_0186,২২ ১/২ দিন,False,45,0.5;22,45,45,2,1,1,True,True,False,False,False,False,False,results/runs/qwen2_5_3b_validation200_v3_128/results/runs/qwen2_5_3b_validation200_v3_128.jsonl,522,45
Qwen2.5-3B,Qwen/Qwen2.5-3B-Instruct,bangla,Bangla,banglamath,short_answer,short_answer,banglamath_0187,১৪০ জন,False,180,140,180,180,1,1,1,True,True,False,False,False,False,False,results/runs/qwen2_5_3b_validation200_v3_128/results/runs/qwen2_5_3b_validation200_v3_128.jsonl,568,180
Qwen2.5-3B,Qwen/Qwen2.5-3B-Instruct,banglish_clean,Reviewed Banglish,banglamath,short_answer,short_answer,banglamath_0187,১৪০ জন,False,"The work of 25 people took 18 days to complete 75% of the job, and it will take an additional 18 days for the remaining 25% of the job.",140,0.25;0.75;18;25;75,0.25;0.75;18;25;75,1,5,5,True,True,False,False,False,False,False,results/runs/qwen2_5_3b_validation200_v5_banglish/results/runs/qwen2_5_3b_validation200_v5_banglish.jsonl,190,"The work of 25 people took 18 days to complete 75% of the job, and it will take an additional 18 days for the remaining 25% of the job."
Qwen2.5-3B,Qwen/Qwen2.5-3B-Instruct,english,English,banglamath,short_answer,short_answer,banglamath_0187,১৪০ জন,False,72,140,72,72,1,1,1,True,True,False,False,False,False,False,results/runs/qwen2_5_3b_validation200_v3_128/results/runs/qwen2_5_3b_validation200_v3_128.jsonl,570,72
Qwen2.5-3B,Qwen/Qwen2.5-3B-Instruct,bangla,Bangla,banglamath,short_answer,short_answer,banglamath_0188,১৫ ঘণ্টা,False,10.8,15,10.8,10.8,1,1,1,True,True,False,False,False,False,False,results/runs/qwen2_5_3b_validation200_v3_128/results/runs/qwen2_5_3b_validation200_v3_128.jsonl,457,10.8
Qwen2.5-3B,Qwen/Qwen2.5-3B-Instruct,banglish_clean,Reviewed Banglish,banglamath,short_answer,short_answer,banglamath_0188,১৫ ঘণ্টা,False,14,15,14,14,1,1,1,True,True,False,False,False,False,False,results/runs/qwen2_5_3b_validation200_v5_banglish/results/runs/qwen2_5_3b_validation200_v5_banglish.jsonl,153,14
Qwen2.5-3B,Qwen/Qwen2.5-3B-Instruct,english,English,banglamath,short_answer,short_answer,banglamath_0188,১৫ ঘণ্টা,False,4.8,15,4.8,4.8,1,1,1,True,True,False,False,False,False,False,results/runs/qwen2_5_3b_validation200_v3_128/results/runs/qwen2_5_3b_validation200_v3_128.jsonl,459,4.8
Qwen2.5-3B,Qwen/Qwen2.5-3B-Instruct,bangla,Bangla,banglamath,short_answer,short_answer,banglamath_0189,৬ জন পুরুষ,False,18,6,18,18,1,1,1,True,True,False,False,False,False,False,results/runs/qwen2_5_3b_validation200_v3_128/results/runs/qwen2_5_3b_validation200_v3_128.jsonl,70,18
Qwen2.5-3B,Qwen/Qwen2.5-3B-Instruct,banglish_clean,Reviewed Banglish,banglamath,short_answer,short_answer,banglamath_0189,৬ জন পুরুষ,False,"2 purush, 9 balok",6,2;9,2;9,1,2,2,True,True,False,False,False,False,False,results/runs/qwen2_5_3b_validation200_v5_banglish/results/runs/qwen2_5_3b_validation200_v5_banglish.jsonl,24,"2 purush, 9 balok"
Qwen2.5-3B,Qwen/Qwen2.5-3B-Instruct,english,English,banglamath,short_answer,short_answer,banglamath_0189,৬ জন পুরুষ,False,4,6,4,4,1,1,1,True,True,False,False,False,False,False,results/runs/qwen2_5_3b_validation200_v3_128/results/runs/qwen2_5_3b_validation200_v3_128.jsonl,72,4
Qwen2.5-3B,Qwen/Qwen2.5-3B-Instruct,bangla,Bangla,banglamath,short_answer,short_answer,banglamath_0226,২৫০ টাকা,False,300,250,300,300,1,1,1,True,True,False,False,False,False,False,results/runs/qwen2_5_3b_validation200_v3_128/results/runs/qwen2_5_3b_validation200_v3_128.jsonl,256,300
Qwen2.5-3B,Qwen/Qwen2.5-3B-Instruct,banglish_clean,Reviewed Banglish,banglamath,short_answer,short_answer,banglamath_0226,২৫০ টাকা,False,330,250,330,330,1,1,1,True,True,False,False,False,False,False,results/runs/qwen2_5_3b_validation200_v5_banglish/results/runs/qwen2_5_3b_validation200_v5_banglish.jsonl,86,330
Qwen2.5-3B,Qwen/Qwen2.5-3B-Instruct,english,English,banglamath,short_answer,short_answer,banglamath_0226,২৫০ টাকা,False,325,250,325,325,1,1,1,True,True,False,False,False,False,False,results/runs/qwen2_5_3b_validation200_v3_128/results/runs/qwen2_5_3b_validation200_v3_128.jsonl,258,325
Qwen2.5-3B,Qwen/Qwen2.5-3B-Instruct,bangla,Bangla,banglamath,short_answer,short_answer,banglamath_0227,৭.৫ কিমি,False,7.5,7.5,7.5,7.5,1,1,1,True,True,True,True,True,True,False,results/runs/qwen2_5_3b_validation200_v3_128/results/runs/qwen2_5_3b_validation200_v3_128.jsonl,112,7.5
Qwen2.5-3B,Qwen/Qwen2.5-3B-Instruct,banglish_clean,Reviewed Banglish,banglamath,short_answer,short_answer,banglamath_0227,৭.৫ কিমি,False,10,7.5,10,10,1,1,1,True,True,False,False,False,False,False,results/runs/qwen2_5_3b_validation200_v5_banglish/results/runs/qwen2_5_3b_validation200_v5_banglish.jsonl,38,10
Qwen2.5-3B,Qwen/Qwen2.5-3B-Instruct,english,English,banglamath,short_answer,short_answer,banglamath_0227,৭.৫ কিমি,False,7.5km,7.5,7.5,7.5,1,1,1,True,True,True,True,True,True,False,results/runs/qwen2_5_3b_validation200_v3_128/results/runs/qwen2_5_3b_validation200_v3_128.jsonl,114,7.5km
Qwen2.5-3B,Qwen/Qwen2.5-3B-Instruct,bangla,Bangla,banglamath,short_answer,short_answer,banglamath_0228,২/৫,False,40% একটি সাধারণ ভগ্নাংশে প্রকাশ করলে 4/10 হয়.,0.4,0.4;40,0.4;40,1,2,2,True,True,True,True,True,True,False,results/runs/qwen2_5_3b_validation200_v3_128/results/runs/qwen2_5_3b_validation200_v3_128.jsonl,166,40% একটি সাধারণ ভগ্নাংশে প্রকাশ করলে 4/10 হয়.
Qwen2.5-3B,Qwen/Qwen2.5-3B-Instruct,banglish_clean,Reviewed Banglish,banglamath,short_answer,short_answer,banglamath_0228,২/৫,False,40% of the population reads or writes,0.4,0.4;40,0.4;40,1,2,2,True,True,True,True,True,True,False,results/runs/qwen2_5_3b_validation200_v5_banglish/results/runs/qwen2_5_3b_validation200_v5_banglish.jsonl,56,40% of the population reads or writes
Qwen2.5-3B,Qwen/Qwen2.5-3B-Instruct,english,English,banglamath,short_answer,short_answer,banglamath_0228,২/৫,True,2/5,0.4,0.4,0.4,1,1,1,True,True,True,True,False,False,False,results/runs/qwen2_5_3b_validation200_v3_128/results/runs/qwen2_5_3b_validation200_v3_128.jsonl,168,2/5
Qwen2.5-3B,Qwen/Qwen2.5-3B-Instruct,bangla,Bangla,banglamath,short_answer,short_answer,banglamath_0229,1.5,True,1.50,1.5,1.5,1.5,1,1,1,True,True,True,True,False,False,False,results/runs/qwen2_5_3b_validation200_v3_128/results/runs/qwen2_5_3b_validation200_v3_128.jsonl,586,1.50
Qwen2.5-3B,Qwen/Qwen2.5-3B-Instruct,banglish_clean,Reviewed Banglish,banglamath,short_answer,short_answer,banglamath_0229,1.5,False,50%,1.5,0.5;50,0.5;50,1,2,2,True,True,False,False,False,False,False,results/runs/qwen2_5_3b_validation200_v5_banglish/results/runs/qwen2_5_3b_validation200_v5_banglish.jsonl,196,50%
Qwen2.5-3B,Qwen/Qwen2.5-3B-Instruct,english,English,banglamath,short_answer,short_answer,banglamath_0229,1.5,True,1.5,1.5,1.5,1.5,1,1,1,True,True,True,True,False,False,False,results/runs/qwen2_5_3b_validation200_v3_128/results/runs/qwen2_5_3b_validation200_v3_128.jsonl,588,1.5
Qwen2.5-3B,Qwen/Qwen2.5-3B-Instruct,bangla,Bangla,banglamath,short_answer,short_answer,banglamath_0230,20%,True,20%,0.2;20,0.2;20,0.2;20,2,2,2,True,True,True,True,False,False,False,results/runs/qwen2_5_3b_validation200_v3_128/results/runs/qwen2_5_3b_validation200_v3_128.jsonl,154,20%
Qwen2.5-3B,Qwen/Qwen2.5-3B-Instruct,banglish_clean,Reviewed Banglish,banglamath,short_answer,short_answer,banglamath_0230,20%,False,100 taka,0.2;20,100,100,2,1,1,True,True,False,False,False,False,False,results/runs/qwen2_5_3b_validation200_v5_banglish/results/runs/qwen2_5_3b_validation200_v5_banglish.jsonl,52,100 taka
Qwen2.5-3B,Qwen/Qwen2.5-3B-Instruct,english,English,banglamath,short_answer,short_answer,banglamath_0230,20%,True,20%,0.2;20,0.2;20,0.2;20,2,2,2,True,True,True,True,False,False,False,results/runs/qwen2_5_3b_validation200_v3_128/results/runs/qwen2_5_3b_validation200_v3_128.jsonl,156,20%
Qwen2.5-3B,Qwen/Qwen2.5-3B-Instruct,bangla,Bangla,banglamath,short_answer,short_answer,banglamath_0231,২০ টাকা,False,12,20,12,12,1,1,1,True,True,False,False,False,False,False,results/runs/qwen2_5_3b_validation200_v3_128/results/runs/qwen2_5_3b_validation200_v3_128.jsonl,523,12
Qwen2.5-3B,Qwen/Qwen2.5-3B-Instruct,banglish_clean,Reviewed Banglish,banglamath,short_answer,short_answer,banglamath_0231,২০ টাকা,False,12%,20,0.12;12,0.12;12,1,2,2,True,True,False,False,False,False,False,results/runs/qwen2_5_3b_validation200_v5_banglish/results/runs/qwen2_5_3b_validation200_v5_banglish.jsonl,175,12%
Qwen2.5-3B,Qwen/Qwen2.5-3B-Instruct,english,English,banglamath,short_answer,short_answer,banglamath_0231,২০ টাকা,True,20 Taka,20,20,20,1,1,1,True,True,True,True,False,False,False,results/runs/qwen2_5_3b_validation200_v3_128/results/runs/qwen2_5_3b_validation200_v3_128.jsonl,525,20 Taka
Qwen2.5-3B,Qwen/Qwen2.5-3B-Instruct,bangla,Bangla,banglamath,short_answer,short_answer,banglamath_0232,২০০ টাকা,False,350,200,350,350,1,1,1,True,True,False,False,False,False,False,results/runs/qwen2_5_3b_validation200_v3_128/results/runs/qwen2_5_3b_validation200_v3_128.jsonl,214,350
Qwen2.5-3B,Qwen/Qwen2.5-3B-Instruct,banglish_clean,Reviewed Banglish,banglamath,short_answer,short_answer,banglamath_0232,২০০ টাকা,False,105,200,105,105,1,1,1,True,True,False,False,False,False,False,results/runs/qwen2_5_3b_validation200_v5_banglish/results/runs/qwen2_5_3b_validation200_v5_banglish.jsonl,72,105
Qwen2.5-3B,Qwen/Qwen2.5-3B-Instruct,english,English,banglamath,short_answer,short_answer,banglamath_0232,২০০ টাকা,False,246.67 Taka,200,246.67,246.67,1,1,1,True,True,False,False,False,False,False,results/runs/qwen2_5_3b_validation200_v3_128/results/runs/qwen2_5_3b_validation200_v3_128.jsonl,216,246.67 Taka
Qwen2.5-3B,Qwen/Qwen2.5-3B-Instruct,bangla,Bangla,banglamath,short_answer,short_answer,banglamath_0233,৭ দিন,False,21,7,21,21,1,1,1,True,True,False,False,False,False,False,results/runs/qwen2_5_3b_validation200_v3_128/results/runs/qwen2_5_3b_validation200_v3_128.jsonl,379,21
Qwen2.5-3B,Qwen/Qwen2.5-3B-Instruct,banglish_clean,Reviewed Banglish,banglamath,short_answer,short_answer,banglamath_0233,৭ দিন,False,4 dine,7,4,4,1,1,1,True,True,False,False,False,False,False,results/runs/qwen2_5_3b_validation200_v5_banglish/results/runs/qwen2_5_3b_validation200_v5_banglish.jsonl,127,4 dine
Qwen2.5-3B,Qwen/Qwen2.5-3B-Instruct,english,English,banglamath,short_answer,short_answer,banglamath_0233,৭ দিন,False,14,7,14,14,1,1,1,True,True,False,False,False,False,False,results/runs/qwen2_5_3b_validation200_v3_128/results/runs/qwen2_5_3b_validation200_v3_128.jsonl,381,14
Qwen2.5-3B,Qwen/Qwen2.5-3B-Instruct,bangla,Bangla,banglamath,short_answer,short_answer,banglamath_0234,৬ দিন,False,5 days,6,5,5,1,1,1,True,True,False,False,False,False,False,results/runs/qwen2_5_3b_validation200_v3_128/results/runs/qwen2_5_3b_validation200_v3_128.jsonl,16,5 days
Qwen2.5-3B,Qwen/Qwen2.5-3B-Instruct,banglish_clean,Reviewed Banglish,banglamath,short_answer,short_answer,banglamath_0234,৬ দিন,False,35 dine,6,35,35,1,1,1,True,True,False,False,False,False,False,results/runs/qwen2_5_3b_validation200_v5_banglish/results/runs/qwen2_5_3b_validation200_v5_banglish.jsonl,6,35 dine
Qwen2.5-3B,Qwen/Qwen2.5-3B-Instruct,english,English,banglamath,short_answer,short_answer,banglamath_0234,৬ দিন,False,5,6,5,5,1,1,1,True,True,False,False,False,False,False,results/runs/qwen2_5_3b_validation200_v3_128/results/runs/qwen2_5_3b_validation200_v3_128.jsonl,18,5
Qwen2.5-3B,Qwen/Qwen2.5-3B-Instruct,bangla,Bangla,banglamath,short_answer,short_answer,banglamath_0236,১২ টাকা,False,30,12,30,30,1,1,1,True,True,False,False,False,False,False,results/runs/qwen2_5_3b_validation200_v3_128/results/runs/qwen2_5_3b_validation200_v3_128.jsonl,64,30
Qwen2.5-3B,Qwen/Qwen2.5-3B-Instruct,banglish_clean,Reviewed Banglish,banglamath,short_answer,short_answer,banglamath_0236,১২ টাকা,False,80 taka,12,80,80,1,1,1,True,True,False,False,False,False,False,results/runs/qwen2_5_3b_validation200_v5_banglish/results/runs/qwen2_5_3b_validation200_v5_banglish.jsonl,22,80 taka
Qwen2.5-3B,Qwen/Qwen2.5-3B-Instruct,english,English,banglamath,short_answer,short_answer,banglamath_0236,১২ টাকা,False,6 Taka,12,6,6,1,1,1,True,True,False,False,False,False,False,results/runs/qwen2_5_3b_validation200_v3_128/results/runs/qwen2_5_3b_validation200_v3_128.jsonl,66,6 Taka
Qwen2.5-3B,Qwen/Qwen2.5-3B-Instruct,bangla,Bangla,banglamath,short_answer,short_answer,banglamath_0237,৬৪ টাকা,False,768,64,768,768,1,1,1,True,True,False,False,False,False,False,results/runs/qwen2_5_3b_validation200_v3_128/results/runs/qwen2_5_3b_validation200_v3_128.jsonl,295,768
Qwen2.5-3B,Qwen/Qwen2.5-3B-Instruct,banglish_clean,Reviewed Banglish,banglamath,short_answer,short_answer,banglamath_0237,৬৪ টাকা,False,"1 dojon dimer dam 48 taka, hole 16ti dimer dam koto",64,1;16;48,1;16;48,1,3,3,True,True,False,False,False,False,False,results/runs/qwen2_5_3b_validation200_v5_banglish/results/runs/qwen2_5_3b_validation200_v5_banglish.jsonl,99,"1 dojon dimer dam 48 taka, hole 16ti dimer dam koto"
Qwen2.5-3B,Qwen/Qwen2.5-3B-Instruct,english,English,banglamath,short_answer,short_answer,banglamath_0237,৬৪ টাকা,False,3 Taka,64,3,3,1,1,1,True,True,False,False,False,False,False,results/runs/qwen2_5_3b_validation200_v3_128/results/runs/qwen2_5_3b_validation200_v3_128.jsonl,297,3 Taka
Qwen2.5-3B,Qwen/Qwen2.5-3B-Instruct,bangla,Bangla,banglamath,short_answer,short_answer,banglamath_0518,১৫০ মিটার,False,80 meters,150,80,80,1,1,1,True,True,False,False,False,False,False,results/runs/qwen2_5_3b_validation200_v3_128/results/runs/qwen2_5_3b_validation200_v3_128.jsonl,364,80 meters
Qwen2.5-3B,Qwen/Qwen2.5-3B-Instruct,banglish_clean,Reviewed Banglish,banglamath,short_answer,short_answer,banglamath_0518,১৫০ মিটার,False,400,150,400,400,1,1,1,True,True,False,False,False,False,False,results/runs/qwen2_5_3b_validation200_v5_banglish/results/runs/qwen2_5_3b_validation200_v5_banglish.jsonl,122,400
Qwen2.5-3B,Qwen/Qwen2.5-3B-Instruct,english,English,banglamath,short_answer,short_answer,banglamath_0518,১৫০ মিটার,False,200 meters,150,200,200,1,1,1,True,True,False,False,False,False,False,results/runs/qwen2_5_3b_validation200_v3_128/results/runs/qwen2_5_3b_validation200_v3_128.jsonl,366,200 meters
Qwen2.5-3B,Qwen/Qwen2.5-3B-Instruct,bangla,Bangla,banglamath,short_answer,short_answer,banglamath_0519,৭৫০০ বর্গমিটার,False,7500平方米,2;7500,7500,7500,2,1,1,True,True,False,False,False,False,False,results/runs/qwen2_5_3b_validation200_v3_128/results/runs/qwen2_5_3b_validation200_v3_128.jsonl,289,7500平方米
Qwen2.5-3B,Qwen/Qwen2.5-3B-Instruct,banglish_clean,Reviewed Banglish,banglamath,short_answer,short_answer,banglamath_0519,৭৫০০ বর্গমিটার,False,300,2;7500,300,300,2,1,1,True,True,False,False,False,False,False,results/runs/qwen2_5_3b_validation200_v5_banglish/results/runs/qwen2_5_3b_validation200_v5_banglish.jsonl,97,300
Qwen2.5-3B,Qwen/Qwen2.5-3B-Instruct,english,English,banglamath,short_answer,short_answer,banglamath_0519,৭৫০০ বর্গমিটার,False,7500平方米,2;7500,7500,7500,2,1,1,True,True,False,False,False,False,False,results/runs/qwen2_5_3b_validation200_v3_128/results/runs/qwen2_5_3b_validation200_v3_128.jsonl,291,7500平方米
Qwen2.5-3B,Qwen/Qwen2.5-3B-Instruct,bangla,Bangla,banglamath,short_answer,short_answer,banglamath_0521,৭০ মিটার,False,70 meters,70,70,70,1,1,1,True,True,True,True,True,True,False,results/runs/qwen2_5_3b_validation200_v3_128/results/runs/qwen2_5_3b_validation200_v3_128.jsonl,574,70 meters
Qwen2.5-3B,Qwen/Qwen2.5-3B-Instruct,banglish_clean,Reviewed Banglish,banglamath,short_answer,short_answer,banglamath_0521,৭০ মিটার,False,5 mitar,70,5,5,1,1,1,True,True,False,False,False,False,False,results/runs/qwen2_5_3b_validation200_v5_banglish/results/runs/qwen2_5_3b_validation200_v5_banglish.jsonl,192,5 mitar
Qwen2.5-3B,Qwen/Qwen2.5-3B-Instruct,english,English,banglamath,short_answer,short_answer,banglamath_0521,৭০ মিটার,False,80 meters,70,80,80,1,1,1,True,True,False,False,False,False,False,results/runs/qwen2_5_3b_validation200_v3_128/results/runs/qwen2_5_3b_validation200_v3_128.jsonl,576,80 meters
Qwen2.5-3B,Qwen/Qwen2.5-3B-Instruct,bangla,Bangla,banglamath,short_answer,short_answer,banglamath_0522,১৭৬ বর্গমিটার,False,19.71 হবে জমির ক্ষেত্রফল।,2;176,19.71,19.71,2,1,1,True,True,False,False,False,False,False,results/runs/qwen2_5_3b_validation200_v3_128/results/runs/qwen2_5_3b_validation200_v3_128.jsonl,22,19.71 হবে জমির ক্ষেত্রফল।
Qwen2.5-3B,Qwen/Qwen2.5-3B-Instruct,banglish_clean,Reviewed Banglish,banglamath,short_answer,short_answer,banglamath_0522,১৭৬ বর্গমিটার,False,jomir khetrofol koto 2 mitar chowra rasta thakle rastabade jomir bhitore,2;176,2,2,2,1,1,True,True,False,False,False,False,False,results/runs/qwen2_5_3b_validation200_v5_banglish/results/runs/qwen2_5_3b_validation200_v5_banglish.jsonl,8,jomir khetrofol koto 2 mitar chowra rasta thakle rastabade jomir bhitore
Qwen2.5-3B,Qwen/Qwen2.5-3B-Instruct,english,English,banglamath,short_answer,short_answer,banglamath_0522,১৭৬ বর্গমিটার,False,.,2;176,,,2,0,0,False,False,False,False,False,False,True,results/runs/qwen2_5_3b_validation200_v3_128/results/runs/qwen2_5_3b_validation200_v3_128.jsonl,24,Additional information about the original land area is required to provide an accurate answer.
Qwen2.5-3B,Qwen/Qwen2.5-3B-Instruct,bangla,Bangla,banglamath,short_answer,short_answer,banglamath_0526,৩০ বর্গ মিটার,True,30 বর্গমিটার,2;30,2;30,2;30,2,2,2,True,True,True,True,False,False,False,results/runs/qwen2_5_3b_validation200_v3_128/results/runs/qwen2_5_3b_validation200_v3_128.jsonl,493,30 বর্গমিটার
Qwen2.5-3B,Qwen/Qwen2.5-3B-Instruct,banglish_clean,Reviewed Banglish,banglamath,short_answer,short_answer,banglamath_0526,৩০ বর্গ মিটার,False,3,2;30,3,3,2,1,1,True,True,False,False,False,False,False,results/runs/qwen2_5_3b_validation200_v5_banglish/results/runs/qwen2_5_3b_validation200_v5_banglish.jsonl,165,3
Qwen2.5-3B,Qwen/Qwen2.5-3B-Instruct,english,English,banglamath,short_answer,short_answer,banglamath_0526,৩০ বর্গ মিটার,True,30 square meters,2;30,2;30,2;30,2,2,2,True,True,True,True,False,False,False,results/runs/qwen2_5_3b_validation200_v3_128/results/runs/qwen2_5_3b_validation200_v3_128.jsonl,495,30 square meters
Qwen2.5-3B,Qwen/Qwen2.5-3B-Instruct,bangla,Bangla,banglamath,short_answer,short_answer,banglamath_0531,৫ মেট্রিক টন ৫০৭ কেজি ৭০০ গ্রাম,False,550700克,5;507;700,550700,550700,3,1,1,True,True,False,False,False,False,False,results/runs/qwen2_5_3b_validation200_v3_128/results/runs/qwen2_5_3b_validation200_v3_128.jsonl,481,550700克
Qwen2.5-3B,Qwen/Qwen2.5-3B-Instruct,banglish_clean,Reviewed Banglish,banglamath,short_answer,short_answer,banglamath_0531,৫ মেট্রিক টন ৫০৭ কেজি ৭০০ গ্রাম,False,2800 grams,5;507;700,2800,2800,3,1,1,True,True,False,False,False,False,False,results/runs/qwen2_5_3b_validation200_v5_banglish/results/runs/qwen2_5_3b_validation200_v5_banglish.jsonl,161,2800 grams
Qwen2.5-3B,Qwen/Qwen2.5-3B-Instruct,english,English,banglamath,short_answer,short_answer,banglamath_0531,৫ মেট্রিক টন ৫০৭ কেজি ৭০০ গ্রাম,False,55700 kg,5;507;700,55700,55700,3,1,1,True,True,False,False,False,False,False,results/runs/qwen2_5_3b_validation200_v3_128/results/runs/qwen2_5_3b_validation200_v3_128.jsonl,483,55700 kg
Qwen2.5-3B,Qwen/Qwen2.5-3B-Instruct,bangla,Bangla,banglamath,short_answer,short_answer,banglamath_0532,১ মেট্রিক টন ৭৫০ কেজি,False,23.125,1;750,23.125,23.125,2,1,1,True,True,False,False,False,False,False,results/runs/qwen2_5_3b_validation200_v3_128/results/runs/qwen2_5_3b_validation200_v3_128.jsonl,118,23.125
Qwen2.5-3B,Qwen/Qwen2.5-3B-Instruct,banglish_clean,Reviewed Banglish,banglamath,short_answer,short_answer,banglamath_0532,১ মেট্রিক টন ৭৫০ কেজি,False,4.5,1;750,4.5,4.5,2,1,1,True,True,False,False,False,False,False,results/runs/qwen2_5_3b_validation200_v5_banglish/results/runs/qwen2_5_3b_validation200_v5_banglish.jsonl,40,4.5
Qwen2.5-3B,Qwen/Qwen2.5-3B-Instruct,english,English,banglamath,short_answer,short_answer,banglamath_0532,১ মেট্রিক টন ৭৫০ কেজি,False,1.25 metric tons,1;750,1.25,1.25,2,1,1,True,True,False,False,False,False,False,results/runs/qwen2_5_3b_validation200_v3_128/results/runs/qwen2_5_3b_validation200_v3_128.jsonl,120,1.25 metric tons
Qwen2.5-3B,Qwen/Qwen2.5-3B-Instruct,bangla,Bangla,banglamath,short_answer,short_answer,banglamath_0533,৬৬৬ মেট্রিক টন ৬৬৬ কেজি ৬৬৬ গ্রাম (প্রায়),False,55.56 mt/day,666,55.56,55.56,1,1,1,True,True,False,False,False,False,False,results/runs/qwen2_5_3b_validation200_v3_128/results/runs/qwen2_5_3b_validation200_v3_128.jsonl,205,55.56 mt/day
Qwen2.5-3B,Qwen/Qwen2.5-3B-Instruct,banglish_clean,Reviewed Banglish,banglamath,short_answer,short_answer,banglamath_0533,৬৬৬ মেট্রিক টন ৬৬৬ কেজি ৬৬৬ গ্রাম (প্রায়),False,20000,666,20000,20000,1,1,1,True,True,False,False,False,False,False,results/runs/qwen2_5_3b_validation200_v5_banglish/results/runs/qwen2_5_3b_validation200_v5_banglish.jsonl,69,20000
Qwen2.5-3B,Qwen/Qwen2.5-3B-Instruct,english,English,banglamath,short_answer,short_answer,banglamath_0533,৬৬৬ মেট্রিক টন ৬৬৬ কেজি ৬৬৬ গ্রাম (প্রায়),False,6666.67 metric tons,666,6666.67,6666.67,1,1,1,True,True,False,False,False,False,False,results/runs/qwen2_5_3b_validation200_v3_128/results/runs/qwen2_5_3b_validation200_v3_128.jsonl,207,6666.67 metric tons
Qwen2.5-3B,Qwen/Qwen2.5-3B-Instruct,bangla,Bangla,banglamath,short_answer,short_answer,banglamath_0538,৩৮৪ বর্গ মিটার,False,480平方米,2;384,480,480,2,1,1,True,True,False,False,False,False,False,results/runs/qwen2_5_3b_validation200_v3_128/results/runs/qwen2_5_3b_validation200_v3_128.jsonl,355,480平方米
Qwen2.5-3B,Qwen/Qwen2.5-3B-Instruct,banglish_clean,Reviewed Banglish,banglamath,short_answer,short_answer,banglamath_0538,৩৮৪ বর্গ মিটার,False,142,2;384,142,142,2,1,1,True,True,False,False,False,False,False,results/runs/qwen2_5_3b_validation200_v5_banglish/results/runs/qwen2_5_3b_validation200_v5_banglish.jsonl,119,142
Qwen2.5-3B,Qwen/Qwen2.5-3B-Instruct,english,English,banglamath,short_answer,short_answer,banglamath_0538,৩৮৪ বর্গ মিটার,False,1104 sq.m,2;384,2;1104,2;1104,2,2,2,True,True,False,False,False,False,False,results/runs/qwen2_5_3b_validation200_v3_128/results/runs/qwen2_5_3b_validation200_v3_128.jsonl,357,1104 sq.m
Qwen2.5-3B,Qwen/Qwen2.5-3B-Instruct,bangla,Bangla,banglamath,short_answer,short_answer,banglamath_0539,১৪৭ বর্গমিটার,False,250 বর্গমিটার,2;147,2;250,2;250,2,2,2,True,True,False,False,False,False,False,results/runs/qwen2_5_3b_validation200_v3_128/results/runs/qwen2_5_3b_validation200_v3_128.jsonl,400,250 বর্গমিটার
Qwen2.5-3B,Qwen/Qwen2.5-3B-Instruct,banglish_clean,Reviewed Banglish,banglamath,short_answer,short_answer,banglamath_0539,১৪৭ বর্গমিটার,False,427.50 taka,2;147,427.5,427.5,2,1,1,True,True,False,False,False,False,False,results/runs/qwen2_5_3b_validation200_v5_banglish/results/runs/qwen2_5_3b_validation200_v5_banglish.jsonl,134,427.50 taka
Qwen2.5-3B,Qwen/Qwen2.5-3B-Instruct,english,English,banglamath,short_answer,short_answer,banglamath_0539,১৪৭ বর্গমিটার,False,147 sq. meters,2;147,147,147,2,1,1,True,True,False,False,False,False,False,results/runs/qwen2_5_3b_validation200_v3_128/results/runs/qwen2_5_3b_validation200_v3_128.jsonl,402,147 sq. meters
Qwen2.5-3B,Qwen/Qwen2.5-3B-Instruct,bangla,Bangla,banglamath,short_answer,short_answer,banglamath_0540,২১ মিটার,False,21 meters,21,21,21,1,1,1,True,True,True,True,True,True,False,results/runs/qwen2_5_3b_validation200_v3_128/results/runs/qwen2_5_3b_validation200_v3_128.jsonl,292,21 meters
Qwen2.5-3B,Qwen/Qwen2.5-3B-Instruct,banglish_clean,Reviewed Banglish,banglamath,short_answer,short_answer,banglamath_0540,২১ মিটার,False,147,21,147,147,1,1,1,True,True,False,False,False,False,False,results/runs/qwen2_5_3b_validation200_v5_banglish/results/runs/qwen2_5_3b_validation200_v5_banglish.jsonl,98,147
Qwen2.5-3B,Qwen/Qwen2.5-3B-Instruct,english,English,banglamath,short_answer,short_answer,banglamath_0540,২১ মিটার,False,21 meters,21,21,21,1,1,1,True,True,True,True,True,True,False,results/runs/qwen2_5_3b_validation200_v3_128/results/runs/qwen2_5_3b_validation200_v3_128.jsonl,294,21 meters
Qwen2.5-3B,Qwen/Qwen2.5-3B-Instruct,bangla,Bangla,banglamath,short_answer,short_answer,banglamath_0541,৪৪৪ বর্গমিটার,False,450平方米,2;444,450,450,2,1,1,True,True,False,False,False,False,False,results/runs/qwen2_5_3b_validation200_v3_128/results/runs/qwen2_5_3b_validation200_v3_128.jsonl,46,450平方米
Qwen2.5-3B,Qwen/Qwen2.5-3B-Instruct,banglish_clean,Reviewed Banglish,banglamath,short_answer,short_answer,banglamath_0541,৪৪৪ বর্গমিটার,False,20,2;444,20,20,2,1,1,True,True,False,False,False,False,False,results/runs/qwen2_5_3b_validation200_v5_banglish/results/runs/qwen2_5_3b_validation200_v5_banglish.jsonl,16,20
Qwen2.5-3B,Qwen/Qwen2.5-3B-Instruct,english,English,banglamath,short_answer,short_answer,banglamath_0541,৪৪৪ বর্গমিটার,False,474平方米,2;444,474,474,2,1,1,True,True,False,False,False,False,False,results/runs/qwen2_5_3b_validation200_v3_128/results/runs/qwen2_5_3b_validation200_v3_128.jsonl,48,474平方米
Qwen2.5-3B,Qwen/Qwen2.5-3B-Instruct,bangla,Bangla,banglamath,short_answer,short_answer,banglamath_0542,৩৪০০ টাকা,False,4400,3400,4400,4400,1,1,1,True,True,False,False,False,False,False,results/runs/qwen2_5_3b_validation200_v3_128/results/runs/qwen2_5_3b_validation200_v3_128.jsonl,133,4400
Qwen2.5-3B,Qwen/Qwen2.5-3B-Instruct,banglish_clean,Reviewed Banglish,banglamath,short_answer,short_answer,banglamath_0542,৩৪০০ টাকা,False,10,3400,10,10,1,1,1,True,True,False,False,False,False,False,results/runs/qwen2_5_3b_validation200_v5_banglish/results/runs/qwen2_5_3b_validation200_v5_banglish.jsonl,45,10
Qwen2.5-3B,Qwen/Qwen2.5-3B-Instruct,english,English,banglamath,short_answer,short_answer,banglamath_0542,৩৪০০ টাকা,False,4600 Taka,3400,4600,4600,1,1,1,True,True,False,False,False,False,False,results/runs/qwen2_5_3b_validation200_v3_128/results/runs/qwen2_5_3b_validation200_v3_128.jsonl,135,4600 Taka
Qwen2.5-3B,Qwen/Qwen2.5-3B-Instruct,bangla,Bangla,banglamath,short_answer,short_answer,banglamath_0549,৪৫০ বর্গমিটার,False,387.5 square meters,2;450,2;387.5,2;387.5,2,2,2,True,True,False,False,False,False,False,results/runs/qwen2_5_3b_validation200_v3_128/results/runs/qwen2_5_3b_validation200_v3_128.jsonl,418,387.5 square meters
Qwen2.5-3B,Qwen/Qwen2.5-3B-Instruct,banglish_clean,Reviewed Banglish,banglamath,short_answer,short_answer,banglamath_0549,৪৫০ বর্গমিটার,False,35,2;450,35,35,2,1,1,True,True,False,False,False,False,False,results/runs/qwen2_5_3b_validation200_v5_banglish/results/runs/qwen2_5_3b_validation200_v5_banglish.jsonl,140,35
Qwen2.5-3B,Qwen/Qwen2.5-3B-Instruct,english,English,banglamath,short_answer,short_answer,banglamath_0549,৪৫০ বর্গমিটার,False,645㎡,2;450,645,645,2,1,1,True,True,False,False,False,False,False,results/runs/qwen2_5_3b_validation200_v3_128/results/runs/qwen2_5_3b_validation200_v3_128.jsonl,420,645㎡
Qwen2.5-3B,Qwen/Qwen2.5-3B-Instruct,bangla,Bangla,banglamath,short_answer,short_answer,banglamath_0550,২২৫৬.২৫ বর্গমিটার,False,24025 square meters,2;2256.25,2;24025,2;24025,2,2,2,True,True,False,False,False,False,False,results/runs/qwen2_5_3b_validation200_v3_128/results/runs/qwen2_5_3b_validation200_v3_128.jsonl,190,24025 square meters
Qwen2.5-3B,Qwen/Qwen2.5-3B-Instruct,banglish_clean,Reviewed Banglish,banglamath,short_answer,short_answer,banglamath_0550,২২৫৬.২৫ বর্গমিটার,False,bishisht borgakar,2;2256.25,,,2,0,0,False,False,False,False,False,False,True,results/runs/qwen2_5_3b_validation200_v5_banglish/results/runs/qwen2_5_3b_validation200_v5_banglish.jsonl,64,bishisht borgakar
Qwen2.5-3B,Qwen/Qwen2.5-3B-Instruct,english,English,banglamath,short_answer,short_answer,banglamath_0550,২২৫৬.২৫ বর্গমিটার,False,840.625,2;2256.25,840.625,840.625,2,1,1,True,True,False,False,False,False,False,results/runs/qwen2_5_3b_validation200_v3_128/results/runs/qwen2_5_3b_validation200_v3_128.jsonl,192,840.625
Qwen2.5-3B,Qwen/Qwen2.5-3B-Instruct,bangla,Bangla,banglamath,short_answer,short_answer,banglamath_0552,৪৫০০ বর্গগজ,True,4500 বর্গগজ,4500,4500,4500,1,1,1,True,True,True,True,False,False,False,results/runs/qwen2_5_3b_validation200_v3_128/results/runs/qwen2_5_3b_validation200_v3_128.jsonl,391,4500 বর্গগজ
Qwen2.5-3B,Qwen/Qwen2.5-3B-Instruct,banglish_clean,Reviewed Banglish,banglamath,short_answer,short_answer,banglamath_0552,৪৫০০ বর্গগজ,False,30 goj,4500,30,30,1,1,1,True,True,False,False,False,False,False,results/runs/qwen2_5_3b_validation200_v5_banglish/results/runs/qwen2_5_3b_validation200_v5_banglish.jsonl,131,30 goj
Qwen2.5-3B,Qwen/Qwen2.5-3B-Instruct,english,English,banglamath,short_answer,short_answer,banglamath_0552,৪৫০০ বর্গগজ,False,4500 square yards,4500,4500,4500,1,1,1,True,True,True,True,True,True,False,results/runs/qwen2_5_3b_validation200_v3_128/results/runs/qwen2_5_3b_validation200_v3_128.jsonl,393,4500 square yards
Qwen2.5-3B,Qwen/Qwen2.5-3B-Instruct,bangla,Bangla,banglamath,short_answer,short_answer,banglamath_0553,১১২৫টি,False,4575,1125,4575,4575,1,1,1,True,True,False,False,False,False,False,results/runs/qwen2_5_3b_validation200_v3_128/results/runs/qwen2_5_3b_validation200_v3_128.jsonl,250,4575
Qwen2.5-3B,Qwen/Qwen2.5-3B-Instruct,banglish_clean,Reviewed Banglish,banglamath,short_answer,short_answer,banglamath_0553,১১২৫টি,False,4055 Borgogos.,1125,4055,4055,1,1,1,True,True,False,False,False,False,False,results/runs/qwen2_5_3b_validation200_v5_banglish/results/runs/qwen2_5_3b_validation200_v5_banglish.jsonl,84,The final answer is 4055 Borgogos.
Qwen2.5-3B,Qwen/Qwen2.5-3B-Instruct,english,English,banglamath,short_answer,short_answer,banglamath_0553,১১২৫টি,False,2250 stones,1125,2250,2250,1,1,1,True,True,False,False,False,False,False,results/runs/qwen2_5_3b_validation200_v3_128/results/runs/qwen2_5_3b_validation200_v3_128.jsonl,252,2250 stones
Qwen2.5-3B,Qwen/Qwen2.5-3B-Instruct,bangla,Bangla,banglamath,short_answer,short_answer,banglamath_0557,৯৩০ টাকা,False,9900,930,9900,9900,1,1,1,True,True,False,False,False,False,False,results/runs/qwen2_5_3b_validation200_v3_128/results/runs/qwen2_5_3b_validation200_v3_128.jsonl,55,9900
Qwen2.5-3B,Qwen/Qwen2.5-3B-Instruct,banglish_clean,Reviewed Banglish,banglamath,short_answer,short_answer,banglamath_0557,৯৩০ টাকা,False,120-31.5 = 88.5,930,-31.5;88.5;120,-31.5;88.5;120,1,3,3,True,True,False,False,False,False,False,results/runs/qwen2_5_3b_validation200_v5_banglish/results/runs/qwen2_5_3b_validation200_v5_banglish.jsonl,19,120-31.5 = 88.5
Qwen2.5-3B,Qwen/Qwen2.5-3B-Instruct,english,English,banglamath,short_answer,short_answer,banglamath_0557,৯৩০ টাকা,False,1125,930,1125,1125,1,1,1,True,True,False,False,False,False,False,results/runs/qwen2_5_3b_validation200_v3_128/results/runs/qwen2_5_3b_validation200_v3_128.jsonl,57,1125
Qwen2.5-3B,Qwen/Qwen2.5-3B-Instruct,bangla,Bangla,banglamath,short_answer,short_answer,banglamath_0558,২০ মিটার,False,30,20,30,30,1,1,1,True,True,False,False,False,False,False,results/runs/qwen2_5_3b_validation200_v3_128/results/runs/qwen2_5_3b_validation200_v3_128.jsonl,592,30
Qwen2.5-3B,Qwen/Qwen2.5-3B-Instruct,banglish_clean,Reviewed Banglish,banglamath,short_answer,short_answer,banglamath_0558,২০ মিটার,False,3,20,3,3,1,1,1,True,True,False,False,False,False,False,results/runs/qwen2_5_3b_validation200_v5_banglish/results/runs/qwen2_5_3b_validation200_v5_banglish.jsonl,198,3
Qwen2.5-3B,Qwen/Qwen2.5-3B-Instruct,english,English,banglamath,short_answer,short_answer,banglamath_0558,২০ মিটার,False,20,20,20,20,1,1,1,True,True,True,True,True,True,False,results/runs/qwen2_5_3b_validation200_v3_128/results/runs/qwen2_5_3b_validation200_v3_128.jsonl,594,20
Qwen2.5-3B,Qwen/Qwen2.5-3B-Instruct,bangla,Bangla,banglamath,short_answer,short_answer,banglamath_0559,১৬০০ বর্গমিটার,False,400 square meters,2;1600,2;400,2;400,2,2,2,True,True,False,False,False,False,False,results/runs/qwen2_5_3b_validation200_v3_128/results/runs/qwen2_5_3b_validation200_v3_128.jsonl,571,400 square meters
Qwen2.5-3B,Qwen/Qwen2.5-3B-Instruct,banglish_clean,Reviewed Banglish,banglamath,short_answer,short_answer,banglamath_0559,১৬০০ বর্গমিটার,False,160,2;1600,160,160,2,1,1,True,True,False,False,False,False,False,results/runs/qwen2_5_3b_validation200_v5_banglish/results/runs/qwen2_5_3b_validation200_v5_banglish.jsonl,191,160
Qwen2.5-3B,Qwen/Qwen2.5-3B-Instruct,english,English,banglamath,short_answer,short_answer,banglamath_0559,১৬০০ বর্গমিটার,False,6400 square meters,2;1600,2;6400,2;6400,2,2,2,True,True,False,False,False,False,False,results/runs/qwen2_5_3b_validation200_v3_128/results/runs/qwen2_5_3b_validation200_v3_128.jsonl,573,6400 square meters
Qwen2.5-3B,Qwen/Qwen2.5-3B-Instruct,bangla,Bangla,banglamath,short_answer,short_answer,banglamath_1684,"১২, ১২, ৩ বছর",False,25,3;12,25,25,2,1,1,True,True,False,False,False,False,False,results/runs/qwen2_5_3b_validation200_v3_128/results/runs/qwen2_5_3b_validation200_v3_128.jsonl,517,25
Qwen2.5-3B,Qwen/Qwen2.5-3B-Instruct,banglish_clean,Reviewed Banglish,banglamath,short_answer,short_answer,banglamath_1684,"১২, ১২, ৩ বছর",False,27,3;12,27,27,2,1,1,True,True,False,False,False,False,False,results/runs/qwen2_5_3b_validation200_v5_banglish/results/runs/qwen2_5_3b_validation200_v5_banglish.jsonl,173,27
Qwen2.5-3B,Qwen/Qwen2.5-3B-Instruct,english,English,banglamath,short_answer,short_answer,banglamath_1684,"১২, ১২, ৩ বছর",False,"The current ages of Mr. Karim's sons are 10 years, 10 years, and 9 years.",3;12,9;10,9;10,2,2,2,True,True,False,False,False,False,False,results/runs/qwen2_5_3b_validation200_v3_128/results/runs/qwen2_5_3b_validation200_v3_128.jsonl,519,"The current ages of Mr. Karim's sons are 10 years, 10 years, and 9 years."
Qwen2.5-3B,Qwen/Qwen2.5-3B-Instruct,bangla,Bangla,banglamath,short_answer,short_answer,banglamath_1685,দুইজনের বয়স সমান,False,3 years,,3,3,0,1,1,True,True,False,False,False,False,False,results/runs/qwen2_5_3b_validation200_v3_128/results/runs/qwen2_5_3b_validation200_v3_128.jsonl,157,3 years
Qwen2.5-3B,Qwen/Qwen2.5-3B-Instruct,banglish_clean,Reviewed Banglish,banglamath,short_answer,short_answer,banglamath_1685,দুইজনের বয়স সমান,False,jiboner naki julir krom,,,,0,0,0,False,False,False,False,False,False,True,results/runs/qwen2_5_3b_validation200_v5_banglish/results/runs/qwen2_5_3b_validation200_v5_banglish.jsonl,53,jiboner naki julir krom
Qwen2.5-3B,Qwen/Qwen2.5-3B-Instruct,english,English,banglamath,short_answer,short_answer,banglamath_1685,দুইজনের বয়স সমান,False,Jibon,,,,0,0,0,False,False,False,False,False,False,True,results/runs/qwen2_5_3b_validation200_v3_128/results/runs/qwen2_5_3b_validation200_v3_128.jsonl,159,Jibon
Qwen2.5-3B,Qwen/Qwen2.5-3B-Instruct,bangla,Bangla,banglamath,short_answer,short_answer,banglamath_1686,প্রতেকে পাবে ৫/৬ আপেল।অর্থাৎ ১টি আপেলের অর্ধেক +১টি আপেলের ১/৩ ভাগ।,False,"Each of the 6 boys should get 5 apples divided into 3 equal parts, resulting in each part being 1.6667 (or approximately 1.67) of an apple. Since cutting an apple into exact 3 equal parts might not be practical, the apples can be cut into as close to 3 equal parts as possible for practical distribution.",0.3333333333333333333333333333;0.8333333333333333333333333333;1,1.6667;1.67;3;5;6,1.6667;1.67;3;5;6,3,5,5,True,True,False,False,False,False,False,results/runs/qwen2_5_3b_validation200_v3_128/results/runs/qwen2_5_3b_validation200_v3_128.jsonl,454,"Each of the 6 boys should get 5 apples divided into 3 equal parts, resulting in each part being 1.6667 (or approximately 1.67) of an apple. Since cutting an apple into exact 3 e..."
Qwen2.5-3B,Qwen/Qwen2.5-3B-Instruct,banglish_clean,Reviewed Banglish,banglamath,short_answer,short_answer,banglamath_1686,প্রতেকে পাবে ৫/৬ আপেল।অর্থাৎ ১টি আপেলের অর্ধেক +১টি আপেলের ১/৩ ভাগ।,False,"The given statement appears to be in Bengali and seems to be discussing a medical context, possibly related to a doctor's consultation or treatment plan. However, the provided text does not match the question asked. The question asks about the impact of 5ti apeloke (likely referring to a medical procedure) on 6 jon baloker (possibly meaning six patients), with a mention that 3 of them experienced side effects. The additional bi: dr: proyojon hole apeloke sorbochch soman 3 tukorate kata jabe. (which roughly translates to ""the doctor said that 3 side effects",0.3333333333333333333333333333;0.8333333333333333333333333333;1,3;5;6,3;5;6,3,3,3,True,True,False,False,False,False,False,results/runs/qwen2_5_3b_validation200_v5_banglish/results/runs/qwen2_5_3b_validation200_v5_banglish.jsonl,152,"The given statement appears to be in Bengali and seems to be discussing a medical context, possibly related to a doctor's consultation or treatment plan. However, the provided t..."
Qwen2.5-3B,Qwen/Qwen2.5-3B-Instruct,english,English,banglamath,short_answer,short_answer,banglamath_1686,প্রতেকে পাবে ৫/৬ আপেল।অর্থাৎ ১টি আপেলের অর্ধেক +১টি আপেলের ১/৩ ভাগ।,False,"Each boy would receive \(\frac{5}{6}\) of an apple, which can be achieved by cutting each of the 5 apples into 3 equal pieces, resulting in 15 pieces. Then, each of the 6 boys would get 2 pieces and there would be 3 pieces left over.",0.3333333333333333333333333333;0.8333333333333333333333333333;1,0.8333333333333333333333333333;2;3;5;6;15,0.8333333333333333333333333333;2;3;5;6;15,3,6,6,True,True,False,False,False,False,False,results/runs/qwen2_5_3b_validation200_v3_128/results/runs/qwen2_5_3b_validation200_v3_128.jsonl,456,"Each boy would receive \(\frac{5}{6}\) of an apple, which can be achieved by cutting each of the 5 apples into 3 equal pieces, resulting in 15 pieces. Then, each of the 6 boys w..."
Qwen2.5-3B,Qwen/Qwen2.5-3B-Instruct,bangla,Bangla,banglamath,short_answer,short_answer,banglamath_1687,"কাঠালের ওজন ৩ কিলোগ্রাম , তরমুজের ওজন ৪ কিলোগ্রাম",False,4,3;4,4,4,2,1,1,True,True,False,False,False,False,False,results/runs/qwen2_5_3b_validation200_v3_128/results/runs/qwen2_5_3b_validation200_v3_128.jsonl,325,4
Qwen2.5-3B,Qwen/Qwen2.5-3B-Instruct,banglish_clean,Reviewed Banglish,banglamath,short_answer,short_answer,banglamath_1687,"কাঠালের ওজন ৩ কিলোগ্রাম , তরমুজের ওজন ৪ কিলোগ্রাম",False,1 kilogram,3;4,1,1,2,1,1,True,True,False,False,False,False,False,results/runs/qwen2_5_3b_validation200_v5_banglish/results/runs/qwen2_5_3b_validation200_v5_banglish.jsonl,109,1 kilogram
Qwen2.5-3B,Qwen/Qwen2.5-3B-Instruct,english,English,banglamath,short_answer,short_answer,banglamath_1687,"কাঠালের ওজন ৩ কিলোগ্রাম , তরমুজের ওজন ৪ কিলোগ্রাম",False,8 kg,3;4,8,8,2,1,1,True,True,False,False,False,False,False,results/runs/qwen2_5_3b_validation200_v3_128/results/runs/qwen2_5_3b_validation200_v3_128.jsonl,327,8 kg
Qwen2.5-3B,Qwen/Qwen2.5-3B-Instruct,bangla,Bangla,banglamath,short_answer,short_answer,banglamath_1688,"বাবুর্চী কাটে ৭০ মিনিটে ২১০টি পেঁয়াজ, সহকারী কাটে ১৯০টি পেঁয়াজ ৯৫ মিনিটে",False,"Baburchi cooked 240 pieces of payaj, and it took him 80 minutes.",70;95;190;210,80;240,80;240,4,2,2,True,True,False,False,False,False,False,results/runs/qwen2_5_3b_validation200_v3_128/results/runs/qwen2_5_3b_validation200_v3_128.jsonl,145,"Baburchi cooked 240 pieces of payaj, and it took him 80 minutes."
Qwen2.5-3B,Qwen/Qwen2.5-3B-Instruct,banglish_clean,Reviewed Banglish,banglamath,short_answer,short_answer,banglamath_1688,"বাবুর্চী কাটে ৭০ মিনিটে ২১০টি পেঁয়াজ, সহকারী কাটে ১৯০টি পেঁয়াজ ৯৫ মিনিটে",False,150,70;95;190;210,150,150,4,1,1,True,True,False,False,False,False,False,results/runs/qwen2_5_3b_validation200_v5_banglish/results/runs/qwen2_5_3b_validation200_v5_banglish.jsonl,49,150
Qwen2.5-3B,Qwen/Qwen2.5-3B-Instruct,english,English,banglamath,short_answer,short_answer,banglamath_1688,"বাবুর্চী কাটে ৭০ মিনিটে ২১০টি পেঁয়াজ, সহকারী কাটে ১৯০টি পেঁয়াজ ৯৫ মিনিটে",False,"Chef: 275 onions, Assistant: 125 onions, Worked for 37. 5 minutes.",70;95;190;210,5;37;125;275,5;37;125;275,4,4,4,True,True,False,False,False,False,False,results/runs/qwen2_5_3b_validation200_v3_128/results/runs/qwen2_5_3b_validation200_v3_128.jsonl,147,"Chef: 275 onions, Assistant: 125 onions, Worked for 37. 5 minutes."
Qwen2.5-3B,Qwen/Qwen2.5-3B-Instruct,bangla,Bangla,banglamath,short_answer,short_answer,banglamath_1690,"সেন্টুর ছিল ১০টি, মিন্টুর ছিল ১৪টি খেলনা গাড়ি",False,2,10;14,2,2,2,1,1,True,True,False,False,False,False,False,results/runs/qwen2_5_3b_validation200_v3_128/results/runs/qwen2_5_3b_validation200_v3_128.jsonl,319,2
Qwen2.5-3B,Qwen/Qwen2.5-3B-Instruct,banglish_clean,Reviewed Banglish,banglamath,short_answer,short_answer,banglamath_1690,"সেন্টুর ছিল ১০টি, মিন্টুর ছিল ১৪টি খেলনা গাড়ি",False,shurute kar koyoti gari chhil ekhon mintur dwigun.,10;14,,,2,0,0,False,False,False,False,False,False,True,results/runs/qwen2_5_3b_validation200_v5_banglish/results/runs/qwen2_5_3b_validation200_v5_banglish.jsonl,107,shurute kar koyoti gari chhil ekhon mintur dwigun.
Qwen2.5-3B,Qwen/Qwen2.5-3B-Instruct,english,English,banglamath,short_answer,short_answer,banglamath_1690,"সেন্টুর ছিল ১০টি, মিন্টুর ছিল ১৪টি খেলনা গাড়ি",False,Mintu initially had 6 cars and Sentu initially had 8 cars.,10;14,6;8,6;8,2,2,2,True,True,False,False,False,False,False,results/runs/qwen2_5_3b_validation200_v3_128/results/runs/qwen2_5_3b_validation200_v3_128.jsonl,321,Mintu initially had 6 cars and Sentu initially had 8 cars.
Qwen2.5-3B,Qwen/Qwen2.5-3B-Instruct,bangla,Bangla,banglamath,short_answer,short_answer,banglamath_1691,প্রথমে ৩ লিটারের পাত্রে ৩ লিটার দুধ নিয়ে তা ৫ লিটারের পাত্রে ঢালতে হবে। এবারও একইভাবে আবারও ৩ লিটার দুধ নিয়ে ৫ লিটারের পাত্রে আছে আরো ঢালতে হবে যতক্ষণ না ৫ লিটারের পাত্রটি পূর্ণ হয়। পাত্রটি পূর্ণ হওয়ার পর যে অবশিষ্ট দুধ ৩ লিটারের পাত্রে থেকে যাবে তার পরিমাণ ১ লিটার।,False,"জেডযেসব পাত্র দুটি ব্যবহার করে গোয়ালা 5 লিটার পাত্র থেকে 3 লিটার দুধ বাহির করে রেখে, পরবর্তীতে 3 লিটার পাত্র থেকে 1 লিটার �",1;3;5,1;3;5,1;3;5,3,3,3,True,True,True,True,True,True,False,results/runs/qwen2_5_3b_validation200_v3_128/results/runs/qwen2_5_3b_validation200_v3_128.jsonl,577,"জেডযেসব পাত্র দুটি ব্যবহার করে গোয়ালা 5 লিটার পাত্র থেকে 3 লিটার দুধ বাহির করে রেখে, পরবর্তীতে 3 লিটার পাত্র থেকে 1 লিটার �"
Qwen2.5-3B,Qwen/Qwen2.5-3B-Instruct,banglish_clean,Reviewed Banglish,banglamath,short_answer,short_answer,banglamath_1691,প্রথমে ৩ লিটারের পাত্রে ৩ লিটার দুধ নিয়ে তা ৫ লিটারের পাত্রে ঢালতে হবে। এবারও একইভাবে আবারও ৩ লিটার দুধ নিয়ে ৫ লিটারের পাত্রে আছে আরো ঢালতে হবে যতক্ষণ না ৫ লিটারের পাত্রটি পূর্ণ হয়। পাত্রটি পূর্ণ হওয়ার পর যে অবশিষ্ট দুধ ৩ লিটারের পাত্রে থেকে যাবে তার পরিমাণ ১ লিটার।,False,25%,1;3;5,0.25;25,0.25;25,3,2,2,True,True,False,False,False,False,False,results/runs/qwen2_5_3b_validation200_v5_banglish/results/runs/qwen2_5_3b_validation200_v5_banglish.jsonl,193,25%
Qwen2.5-3B,Qwen/Qwen2.5-3B-Instruct,english,English,banglamath,short_answer,short_answer,banglamath_1691,প্রথমে ৩ লিটারের পাত্রে ৩ লিটার দুধ নিয়ে তা ৫ লিটারের পাত্রে ঢালতে হবে। এবারও একইভাবে আবারও ৩ লিটার দুধ নিয়ে ৫ লিটারের পাত্রে আছে আরো ঢালতে হবে যতক্ষণ না ৫ লিটারের পাত্রটি পূর্ণ হয়। পাত্রটি পূর্ণ হওয়ার পর যে অবশিষ্ট দুধ ৩ লিটারের পাত্রে থেকে যাবে তার পরিমাণ ১ লিটার।,False,5. Fill the 5-liter container again.,1;3;5,1;2;3;4;5;6,5,3,6,1,True,True,True,False,True,False,False,results/runs/qwen2_5_3b_validation200_v3_128/results/runs/qwen2_5_3b_validation200_v3_128.jsonl,579,Beru can measure exactly 1 liter of milk by following these steps: 1. Fill the 5-liter container completely. 2. Pour milk from the 5-liter container into the 3-liter container u...
Qwen2.5-3B,Qwen/Qwen2.5-3B-Instruct,bangla,Bangla,banglamath,short_answer,short_answer,banglamath_1692,"১জন পুরুষ, ৫ জন মহিলা এবং ১৪ জন শিশু",False,10,1;5;14,10,10,3,1,1,True,True,False,False,False,False,False,results/runs/qwen2_5_3b_validation200_v3_128/results/runs/qwen2_5_3b_validation200_v3_128.jsonl,160,10
Qwen2.5-3B,Qwen/Qwen2.5-3B-Instruct,banglish_clean,Reviewed Banglish,banglamath,short_answer,short_answer,banglamath_1692,"১জন পুরুষ, ৫ জন মহিলা এবং ১৪ জন শিশু",False,5,1;5;14,5;10;20,5,3,3,1,True,True,False,False,False,False,False,results/runs/qwen2_5_3b_validation200_v5_banglish/results/runs/qwen2_5_3b_validation200_v5_banglish.jsonl,54,20 10 5
Qwen2.5-3B,Qwen/Qwen2.5-3B-Instruct,english,English,banglamath,short_answer,short_answer,banglamath_1692,"১জন পুরুষ, ৫ জন মহিলা এবং ১৪ জন শিশু",False,"4 men, 6 women, and 10 children.",1;5;14,4;6;10,4;6;10,3,3,3,True,True,False,False,False,False,False,results/runs/qwen2_5_3b_validation200_v3_128/results/runs/qwen2_5_3b_validation200_v3_128.jsonl,162,"4 men, 6 women, and 10 children."
Qwen2.5-3B,Qwen/Qwen2.5-3B-Instruct,bangla,Bangla,banglamath,short_answer,short_answer,banglamath_1693,24,False,28,24,28,28,1,1,1,True,True,False,False,False,False,False,results/runs/qwen2_5_3b_validation200_v3_128/results/runs/qwen2_5_3b_validation200_v3_128.jsonl,109,28
Qwen2.5-3B,Qwen/Qwen2.5-3B-Instruct,banglish_clean,Reviewed Banglish,banglamath,short_answer,short_answer,banglamath_1693,24,False,10,24,10,10,1,1,1,True,True,False,False,False,False,False,results/runs/qwen2_5_3b_validation200_v5_banglish/results/runs/qwen2_5_3b_validation200_v5_banglish.jsonl,37,10
Qwen2.5-3B,Qwen/Qwen2.5-3B-Instruct,english,English,banglamath,short_answer,short_answer,banglamath_1693,24,False,56,24,56,56,1,1,1,True,True,False,False,False,False,False,results/runs/qwen2_5_3b_validation200_v3_128/results/runs/qwen2_5_3b_validation200_v3_128.jsonl,111,56
Qwen2.5-3B,Qwen/Qwen2.5-3B-Instruct,bangla,Bangla,banglamath,short_answer,short_answer,banglamath_1694,১ মিনিট,False,10 minutes,1,10,10,1,1,1,True,True,False,False,False,False,False,results/runs/qwen2_5_3b_validation200_v3_128/results/runs/qwen2_5_3b_validation200_v3_128.jsonl,241,10 minutes
Qwen2.5-3B,Qwen/Qwen2.5-3B-Instruct,banglish_clean,Reviewed Banglish,banglamath,short_answer,short_answer,banglamath_1694,১ মিনিট,False,20,1,20,20,1,1,1,True,True,False,False,False,False,False,results/runs/qwen2_5_3b_validation200_v5_banglish/results/runs/qwen2_5_3b_validation200_v5_banglish.jsonl,81,20
Qwen2.5-3B,Qwen/Qwen2.5-3B-Instruct,english,English,banglamath,short_answer,short_answer,banglamath_1694,১ মিনিট,False,300 seconds,1,300,300,1,1,1,True,True,False,False,False,False,False,results/runs/qwen2_5_3b_validation200_v3_128/results/runs/qwen2_5_3b_validation200_v3_128.jsonl,243,300 seconds
Qwen2.5-3B,Qwen/Qwen2.5-3B-Instruct,bangla,Bangla,banglamath,short_answer,short_answer,banglamath_1695,"নারিকেল গাছ 60টি, আম গাছ ৪৫টি, বট গাছ ৩৬টি, ফুলের গাছ ৩৯টি",False,45,36;39;45;60,45,45,4,1,1,True,True,False,False,False,False,False,results/runs/qwen2_5_3b_validation200_v3_128/results/runs/qwen2_5_3b_validation200_v3_128.jsonl,595,45
Qwen2.5-3B,Qwen/Qwen2.5-3B-Instruct,banglish_clean,Reviewed Banglish,banglamath,short_answer,short_answer,banglamath_1695,"নারিকেল গাছ 60টি, আম গাছ ৪৫টি, বট গাছ ৩৬টি, ফুলের গাছ ৩৯টি",False,3/4,36;39;45;60,0.75,0.75,4,1,1,True,True,False,False,False,False,False,results/runs/qwen2_5_3b_validation200_v5_banglish/results/runs/qwen2_5_3b_validation200_v5_banglish.jsonl,199,3/4
Qwen2.5-3B,Qwen/Qwen2.5-3B-Instruct,english,English,banglamath,short_answer,short_answer,banglamath_1695,"নারিকেল গাছ 60টি, আম গাছ ৪৫টি, বট গাছ ৩৬টি, ফুলের গাছ ৩৯টি",False,\[ \frac{1}{3,36;39;45;60,0.2;0.25;0.3333333333333333333333333333;1;3;39,1;3,4,6,2,True,True,False,False,False,False,False,results/runs/qwen2_5_3b_validation200_v3_128/results/runs/qwen2_5_3b_validation200_v3_128.jsonl,597,"To solve this problem, we need to find the total number of trees in the park and then determine how many coconut trees, mango trees, and banyan trees there are. Let's denote the..."
Qwen2.5-3B,Qwen/Qwen2.5-3B-Instruct,bangla,Bangla,banglamath,short_answer,short_answer,banglamath_1696,০.১৮ লিটার অথবা ১.৮ লিটার,False,500 liters,0.18;1.8,500,500,2,1,1,True,True,False,False,False,False,False,results/runs/qwen2_5_3b_validation200_v3_128/results/runs/qwen2_5_3b_validation200_v3_128.jsonl,478,500 liters
Qwen2.5-3B,Qwen/Qwen2.5-3B-Instruct,banglish_clean,Reviewed Banglish,banglamath,short_answer,short_answer,banglamath_1696,০.১৮ লিটার অথবা ১.৮ লিটার,False,5 grams,0.18;1.8,5,5,2,1,1,True,True,False,False,False,False,False,results/runs/qwen2_5_3b_validation200_v5_banglish/results/runs/qwen2_5_3b_validation200_v5_banglish.jsonl,160,5 grams
Qwen2.5-3B,Qwen/Qwen2.5-3B-Instruct,english,English,banglamath,short_answer,short_answer,banglamath_1696,০.১৮ লিটার অথবা ১.৮ লিটার,False,200 grams,0.18;1.8,200,200,2,1,1,True,True,False,False,False,False,False,results/runs/qwen2_5_3b_validation200_v3_128/results/runs/qwen2_5_3b_validation200_v3_128.jsonl,480,200 grams
Qwen2.5-3B,Qwen/Qwen2.5-3B-Instruct,bangla,Bangla,banglamath,short_answer,short_answer,banglamath_1697,70,False,35,70,35,35,1,1,1,True,True,False,False,False,False,False,results/runs/qwen2_5_3b_validation200_v3_128/results/runs/qwen2_5_3b_validation200_v3_128.jsonl,553,35
Qwen2.5-3B,Qwen/Qwen2.5-3B-Instruct,banglish_clean,Reviewed Banglish,banglamath,short_answer,short_answer,banglamath_1697,70,False,50,70,50,50,1,1,1,True,True,False,False,False,False,False,results/runs/qwen2_5_3b_validation200_v5_banglish/results/runs/qwen2_5_3b_validation200_v5_banglish.jsonl,185,50
Qwen2.5-3B,Qwen/Qwen2.5-3B-Instruct,english,English,banglamath,short_answer,short_answer,banglamath_1697,70,False,40,70,40,40,1,1,1,True,True,False,False,False,False,False,results/runs/qwen2_5_3b_validation200_v3_128/results/runs/qwen2_5_3b_validation200_v3_128.jsonl,555,40
Qwen2.5-3B,Qwen/Qwen2.5-3B-Instruct,bangla,Bangla,banglamath,short_answer,short_answer,banglamath_1698,১৩ টা,False,6,13,6,6,1,1,1,True,True,False,False,False,False,False,results/runs/qwen2_5_3b_validation200_v3_128/results/runs/qwen2_5_3b_validation200_v3_128.jsonl,235,6
Qwen2.5-3B,Qwen/Qwen2.5-3B-Instruct,banglish_clean,Reviewed Banglish,banglamath,short_answer,short_answer,banglamath_1698,১৩ টা,False,12,13,12,12,1,1,1,True,True,False,False,False,False,False,results/runs/qwen2_5_3b_validation200_v5_banglish/results/runs/qwen2_5_3b_validation200_v5_banglish.jsonl,79,12
Qwen2.5-3B,Qwen/Qwen2.5-3B-Instruct,english,English,banglamath,short_answer,short_answer,banglamath_1698,১৩ টা,False,9,13,9,9,1,1,1,True,True,False,False,False,False,False,results/runs/qwen2_5_3b_validation200_v3_128/results/runs/qwen2_5_3b_validation200_v3_128.jsonl,237,9
Qwen2.5-3B,Qwen/Qwen2.5-3B-Instruct,bangla,Bangla,banglamath,short_answer,short_answer,banglamath_1699,132,False,58,132,58,58,1,1,1,True,True,False,False,False,False,False,results/runs/qwen2_5_3b_validation200_v3_128/results/runs/qwen2_5_3b_validation200_v3_128.jsonl,388,58
Qwen2.5-3B,Qwen/Qwen2.5-3B-Instruct,banglish_clean,Reviewed Banglish,banglamath,short_answer,short_answer,banglamath_1699,132,False,26,132,26,26,1,1,1,True,True,False,False,False,False,False,results/runs/qwen2_5_3b_validation200_v5_banglish/results/runs/qwen2_5_3b_validation200_v5_banglish.jsonl,130,26
Qwen2.5-3B,Qwen/Qwen2.5-3B-Instruct,english,English,banglamath,short_answer,short_answer,banglamath_1699,132,False,156,132,156,156,1,1,1,True,True,False,False,False,False,False,results/runs/qwen2_5_3b_validation200_v3_128/results/runs/qwen2_5_3b_validation200_v3_128.jsonl,390,156
Qwen2.5-3B,Qwen/Qwen2.5-3B-Instruct,bangla,Bangla,banglamath,short_answer,short_answer,banglamath_1703,৩৬টি,False,60,36,60,60,1,1,1,True,True,False,False,False,False,False,results/runs/qwen2_5_3b_validation200_v3_128/results/runs/qwen2_5_3b_validation200_v3_128.jsonl,430,60
Qwen2.5-3B,Qwen/Qwen2.5-3B-Instruct,banglish_clean,Reviewed Banglish,banglamath,short_answer,short_answer,banglamath_1703,৩৬টি,False,16,36,16,16,1,1,1,True,True,False,False,False,False,False,results/runs/qwen2_5_3b_validation200_v5_banglish/results/runs/qwen2_5_3b_validation200_v5_banglish.jsonl,144,16
Qwen2.5-3B,Qwen/Qwen2.5-3B-Instruct,english,English,banglamath,short_answer,short_answer,banglamath_1703,৩৬টি,False,72,36,72,72,1,1,1,True,True,False,False,False,False,False,results/runs/qwen2_5_3b_validation200_v3_128/results/runs/qwen2_5_3b_validation200_v3_128.jsonl,432,72
Qwen2.5-7B 8-bit,Qwen/Qwen2.5-7B-Instruct,bangla,Bangla,banglamath,short_answer,short_answer,banglamath_0181,সময় কমে যায়,False,সময় কমে যায়,,,,0,0,0,False,False,False,False,False,False,True,results/runs/qwen25_7b_8bit_validation200_v4_test150/results/runs/qwen25_7b_8bit_validation200_v4_test150.jsonl,226,সময় কমে যায়
Qwen2.5-7B 8-bit,Qwen/Qwen2.5-7B-Instruct,banglish_clean,Reviewed Banglish,banglamath,short_answer,short_answer,banglamath_0181,সময় কমে যায়,False,kintu ei poribortto ekti lok songkhya na thakle somoy ki hoy,,,,0,0,0,False,False,False,False,False,False,True,results/runs/qwen25_7b_8bit_validation200_v5_banglish_pinned/results/runs/qwen2_5_7b_8bit_validation200_v5_banglish_pinned.jsonl,102,kintu ei poribortto ekti lok songkhya na thakle somoy ki hoy
Qwen2.5-7B 8-bit,Qwen/Qwen2.5-7B-Instruct,english,English,banglamath,short_answer,short_answer,banglamath_0181,সময় কমে যায়,False,Time decreases,,,,0,0,0,False,False,False,False,False,False,True,results/runs/qwen25_7b_8bit_validation200_v4_test150/results/runs/qwen25_7b_8bit_validation200_v4_test150.jsonl,228,Time decreases
Qwen2.5-7B 8-bit,Qwen/Qwen2.5-7B-Instruct,bangla,Bangla,banglamath,short_answer,short_answer,banglamath_0182,৬০০ টাকা,True,600টাকা,600,600,600,1,1,1,True,True,True,True,False,False,False,results/runs/qwen25_7b_8bit_validation200_v4_test150/results/runs/qwen25_7b_8bit_validation200_v4_test150.jsonl,79,600টাকা
Qwen2.5-7B 8-bit,Qwen/Qwen2.5-7B-Instruct,banglish_clean,Reviewed Banglish,banglamath,short_answer,short_answer,banglamath_0182,৬০০ টাকা,False,400,600,400,400,1,1,1,True,True,False,False,False,False,False,results/runs/qwen25_7b_8bit_validation200_v5_banglish_pinned/results/runs/qwen2_5_7b_8bit_validation200_v5_banglish_pinned.jsonl,73,400
Qwen2.5-7B 8-bit,Qwen/Qwen2.5-7B-Instruct,english,English,banglamath,short_answer,short_answer,banglamath_0182,৬০০ টাকা,False,600,600,600,600,1,1,1,True,True,True,True,True,True,False,results/runs/qwen25_7b_8bit_validation200_v4_test150/results/runs/qwen25_7b_8bit_validation200_v4_test150.jsonl,81,600
Qwen2.5-7B 8-bit,Qwen/Qwen2.5-7B-Instruct,bangla,Bangla,banglamath,short_answer,short_answer,banglamath_0183,৩০ দিন,False,18,30,18,18,1,1,1,True,True,False,False,False,False,False,results/runs/qwen25_7b_8bit_validation200_v4_test150/results/runs/qwen25_7b_8bit_validation200_v4_test150.jsonl,199,18
Qwen2.5-7B 8-bit,Qwen/Qwen2.5-7B-Instruct,banglish_clean,Reviewed Banglish,banglamath,short_answer,short_answer,banglamath_0183,৩০ দিন,False,21,30,21,21,1,1,1,True,True,False,False,False,False,False,results/runs/qwen25_7b_8bit_validation200_v5_banglish_pinned/results/runs/qwen2_5_7b_8bit_validation200_v5_banglish_pinned.jsonl,103,21
Qwen2.5-7B 8-bit,Qwen/Qwen2.5-7B-Instruct,english,English,banglamath,short_answer,short_answer,banglamath_0183,৩০ দিন,False,30,30,30,30,1,1,1,True,True,True,True,True,True,False,results/runs/qwen25_7b_8bit_validation200_v4_test150/results/runs/qwen25_7b_8bit_validation200_v4_test150.jsonl,201,30
Qwen2.5-7B 8-bit,Qwen/Qwen2.5-7B-Instruct,bangla,Bangla,banglamath,short_answer,short_answer,banglamath_0184,১২০০০ টাকা,False,8000,12000,8000,8000,1,1,1,True,True,False,False,False,False,False,results/runs/qwen25_7b_8bit_validation200_v4_test150/results/runs/qwen25_7b_8bit_validation200_v4_test150.jsonl,310,8000
Qwen2.5-7B 8-bit,Qwen/Qwen2.5-7B-Instruct,banglish_clean,Reviewed Banglish,banglamath,short_answer,short_answer,banglamath_0184,১২০০০ টাকা,False,100,12000,100,100,1,1,1,True,True,False,False,False,False,False,results/runs/qwen25_7b_8bit_validation200_v5_banglish_pinned/results/runs/qwen2_5_7b_8bit_validation200_v5_banglish_pinned.jsonl,42,100
Qwen2.5-7B 8-bit,Qwen/Qwen2.5-7B-Instruct,english,English,banglamath,short_answer,short_answer,banglamath_0184,১২০০০ টাকা,True,12000 Taka,12000,12000,12000,1,1,1,True,True,True,True,False,False,False,results/runs/qwen25_7b_8bit_validation200_v4_test150/results/runs/qwen25_7b_8bit_validation200_v4_test150.jsonl,312,12000 Taka
Qwen2.5-7B 8-bit,Qwen/Qwen2.5-7B-Instruct,bangla,Bangla,banglamath,short_answer,short_answer,banglamath_0185,২০০ কেজি,False,160,200,160,160,1,1,1,True,True,False,False,False,False,False,results/runs/qwen25_7b_8bit_validation200_v4_test150/results/runs/qwen25_7b_8bit_validation200_v4_test150.jsonl,202,160
Qwen2.5-7B 8-bit,Qwen/Qwen2.5-7B-Instruct,banglish_clean,Reviewed Banglish,banglamath,short_answer,short_answer,banglamath_0185,২০০ কেজি,False,30,200,30,30,1,1,1,True,True,False,False,False,False,False,results/runs/qwen25_7b_8bit_validation200_v5_banglish_pinned/results/runs/qwen2_5_7b_8bit_validation200_v5_banglish_pinned.jsonl,106,30
Qwen2.5-7B 8-bit,Qwen/Qwen2.5-7B-Instruct,english,English,banglamath,short_answer,short_answer,banglamath_0185,২০০ কেজি,False,72 kg,200,72,72,1,1,1,True,True,False,False,False,False,False,results/runs/qwen25_7b_8bit_validation200_v4_test150/results/runs/qwen25_7b_8bit_validation200_v4_test150.jsonl,204,72 kg
Qwen2.5-7B 8-bit,Qwen/Qwen2.5-7B-Instruct,bangla,Bangla,banglamath,short_answer,short_answer,banglamath_0186,২২ ১/২ দিন,False,22.5,0.5;22,22.5,22.5,2,1,1,True,True,False,False,False,False,False,results/runs/qwen25_7b_8bit_validation200_v4_dev50_v2/results/runs/qwen25_7b_8bit_validation200_v4_dev50.jsonl,28,22.5
Qwen2.5-7B 8-bit,Qwen/Qwen2.5-7B-Instruct,banglish_clean,Reviewed Banglish,banglamath,short_answer,short_answer,banglamath_0186,২২ ১/২ দিন,False,25,0.5;22,25,25,2,1,1,True,True,False,False,False,False,False,results/runs/qwen25_7b_8bit_validation200_v5_banglish_pinned/results/runs/qwen2_5_7b_8bit_validation200_v5_banglish_pinned.jsonl,174,25
Qwen2.5-7B 8-bit,Qwen/Qwen2.5-7B-Instruct,english,English,banglamath,short_answer,short_answer,banglamath_0186,২২ ১/২ দিন,False,45,0.5;22,45,45,2,1,1,True,True,False,False,False,False,False,results/runs/qwen25_7b_8bit_validation200_v4_dev50_v2/results/runs/qwen25_7b_8bit_validation200_v4_dev50.jsonl,30,45
Qwen2.5-7B 8-bit,Qwen/Qwen2.5-7B-Instruct,bangla,Bangla,banglamath,short_answer,short_answer,banglamath_0187,১৪০ জন,False,120,140,120,120,1,1,1,True,True,False,False,False,False,False,results/runs/qwen25_7b_8bit_validation200_v4_dev50_v2/results/runs/qwen25_7b_8bit_validation200_v4_dev50.jsonl,142,120
Qwen2.5-7B 8-bit,Qwen/Qwen2.5-7B-Instruct,banglish_clean,Reviewed Banglish,banglamath,short_answer,short_answer,banglamath_0187,১৪০ জন,False,240,140,240,240,1,1,1,True,True,False,False,False,False,False,results/runs/qwen25_7b_8bit_validation200_v5_banglish_pinned/results/runs/qwen2_5_7b_8bit_validation200_v5_banglish_pinned.jsonl,190,240
Qwen2.5-7B 8-bit,Qwen/Qwen2.5-7B-Instruct,english,English,banglamath,short_answer,short_answer,banglamath_0187,১৪০ জন,False,40,140,40,40,1,1,1,True,True,False,False,False,False,False,results/runs/qwen25_7b_8bit_validation200_v4_dev50_v2/results/runs/qwen25_7b_8bit_validation200_v4_dev50.jsonl,144,40
Qwen2.5-7B 8-bit,Qwen/Qwen2.5-7B-Instruct,bangla,Bangla,banglamath,short_answer,short_answer,banglamath_0188,১৫ ঘণ্টা,False,12,15,12,12,1,1,1,True,True,False,False,False,False,False,results/runs/qwen25_7b_8bit_validation200_v4_test150/results/runs/qwen25_7b_8bit_validation200_v4_test150.jsonl,397,12
Qwen2.5-7B 8-bit,Qwen/Qwen2.5-7B-Instruct,banglish_clean,Reviewed Banglish,banglamath,short_answer,short_answer,banglamath_0188,১৫ ঘণ্টা,False,15,15,15,15,1,1,1,True,True,True,True,True,True,False,results/runs/qwen25_7b_8bit_validation200_v5_banglish_pinned/results/runs/qwen2_5_7b_8bit_validation200_v5_banglish_pinned.jsonl,153,15
Qwen2.5-7B 8-bit,Qwen/Qwen2.5-7B-Instruct,english,English,banglamath,short_answer,short_answer,banglamath_0188,১৫ ঘণ্টা,False,12,15,12,12,1,1,1,True,True,False,False,False,False,False,results/runs/qwen25_7b_8bit_validation200_v4_test150/results/runs/qwen25_7b_8bit_validation200_v4_test150.jsonl,399,12
Qwen2.5-7B 8-bit,Qwen/Qwen2.5-7B-Instruct,bangla,Bangla,banglamath,short_answer,short_answer,banglamath_0189,৬ জন পুরুষ,False,6,6,6,6,1,1,1,True,True,True,True,True,True,False,results/runs/qwen25_7b_8bit_validation200_v4_test150/results/runs/qwen25_7b_8bit_validation200_v4_test150.jsonl,151,6
Qwen2.5-7B 8-bit,Qwen/Qwen2.5-7B-Instruct,banglish_clean,Reviewed Banglish,banglamath,short_answer,short_answer,banglamath_0189,৬ জন পুরুষ,False,6,6,6,6,1,1,1,True,True,True,True,True,True,False,results/runs/qwen25_7b_8bit_validation200_v5_banglish_pinned/results/runs/qwen2_5_7b_8bit_validation200_v5_banglish_pinned.jsonl,24,6
Qwen2.5-7B 8-bit,Qwen/Qwen2.5-7B-Instruct,english,English,banglamath,short_answer,short_answer,banglamath_0189,৬ জন পুরুষ,False,6,6,6,6,1,1,1,True,True,True,True,True,True,False,results/runs/qwen25_7b_8bit_validation200_v4_test150/results/runs/qwen25_7b_8bit_validation200_v4_test150.jsonl,153,6
Qwen2.5-7B 8-bit,Qwen/Qwen2.5-7B-Instruct,bangla,Bangla,banglamath,short_answer,short_answer,banglamath_0226,২৫০ টাকা,False,250,250,250,250,1,1,1,True,True,True,True,True,True,False,results/runs/qwen25_7b_8bit_validation200_v4_test150/results/runs/qwen25_7b_8bit_validation200_v4_test150.jsonl,136,250
Qwen2.5-7B 8-bit,Qwen/Qwen2.5-7B-Instruct,banglish_clean,Reviewed Banglish,banglamath,short_answer,short_answer,banglamath_0226,২৫০ টাকা,False,300,250,300,300,1,1,1,True,True,False,False,False,False,False,results/runs/qwen25_7b_8bit_validation200_v5_banglish_pinned/results/runs/qwen2_5_7b_8bit_validation200_v5_banglish_pinned.jsonl,86,300
Qwen2.5-7B 8-bit,Qwen/Qwen2.5-7B-Instruct,english,English,banglamath,short_answer,short_answer,banglamath_0226,২৫০ টাকা,False,275,250,275,275,1,1,1,True,True,False,False,False,False,False,results/runs/qwen25_7b_8bit_validation200_v4_test150/results/runs/qwen25_7b_8bit_validation200_v4_test150.jsonl,138,275
Qwen2.5-7B 8-bit,Qwen/Qwen2.5-7B-Instruct,bangla,Bangla,banglamath,short_answer,short_answer,banglamath_0227,৭.৫ কিমি,False,7.5,7.5,7.5,7.5,1,1,1,True,True,True,True,True,True,False,results/runs/qwen25_7b_8bit_validation200_v4_test150/results/runs/qwen25_7b_8bit_validation200_v4_test150.jsonl,268,7.5
Qwen2.5-7B 8-bit,Qwen/Qwen2.5-7B-Instruct,banglish_clean,Reviewed Banglish,banglamath,short_answer,short_answer,banglamath_0227,৭.৫ কিমি,False,7,7.5,7,7,1,1,1,True,True,False,False,False,False,False,results/runs/qwen25_7b_8bit_validation200_v5_banglish_pinned/results/runs/qwen2_5_7b_8bit_validation200_v5_banglish_pinned.jsonl,38,7
Qwen2.5-7B 8-bit,Qwen/Qwen2.5-7B-Instruct,english,English,banglamath,short_answer,short_answer,banglamath_0227,৭.৫ কিমি,False,7.5 km,7.5,7.5,7.5,1,1,1,True,True,True,True,True,True,False,results/runs/qwen25_7b_8bit_validation200_v4_test150/results/runs/qwen25_7b_8bit_validation200_v4_test150.jsonl,270,7.5 km
Qwen2.5-7B 8-bit,Qwen/Qwen2.5-7B-Instruct,bangla,Bangla,banglamath,short_answer,short_answer,banglamath_0228,২/৫,False,4/10,0.4,0.4,0.4,1,1,1,True,True,True,True,True,True,False,results/runs/qwen25_7b_8bit_validation200_v4_test150/results/runs/qwen25_7b_8bit_validation200_v4_test150.jsonl,205,4/10
Qwen2.5-7B 8-bit,Qwen/Qwen2.5-7B-Instruct,banglish_clean,Reviewed Banglish,banglamath,short_answer,short_answer,banglamath_0228,২/৫,False,40% के साधारण ब्याज पर 100 বছরে প্রকাশ হয়।,0.4,0.4;40;100,0.4;40;100,1,3,3,True,True,True,True,True,True,False,results/runs/qwen25_7b_8bit_validation200_v5_banglish_pinned/results/runs/qwen2_5_7b_8bit_validation200_v5_banglish_pinned.jsonl,56,40% के साधारण ब्याज पर 100 বছরে প্রকাশ হয়।
Qwen2.5-7B 8-bit,Qwen/Qwen2.5-7B-Instruct,english,English,banglamath,short_answer,short_answer,banglamath_0228,২/৫,True,2/5,0.4,0.4,0.4,1,1,1,True,True,True,True,False,False,False,results/runs/qwen25_7b_8bit_validation200_v4_test150/results/runs/qwen25_7b_8bit_validation200_v4_test150.jsonl,207,2/5
Qwen2.5-7B 8-bit,Qwen/Qwen2.5-7B-Instruct,bangla,Bangla,banglamath,short_answer,short_answer,banglamath_0229,1.5,True,1.5,1.5,1.5,1.5,1,1,1,True,True,True,True,False,False,False,results/runs/qwen25_7b_8bit_validation200_v4_test150/results/runs/qwen25_7b_8bit_validation200_v4_test150.jsonl,265,1.5
Qwen2.5-7B 8-bit,Qwen/Qwen2.5-7B-Instruct,banglish_clean,Reviewed Banglish,banglamath,short_answer,short_answer,banglamath_0229,1.5,False,3七年五个月,1.5,3,3,1,1,1,True,True,False,False,False,False,False,results/runs/qwen25_7b_8bit_validation200_v5_banglish_pinned/results/runs/qwen2_5_7b_8bit_validation200_v5_banglish_pinned.jsonl,196,3七年五个月
Qwen2.5-7B 8-bit,Qwen/Qwen2.5-7B-Instruct,english,English,banglamath,short_answer,short_answer,banglamath_0229,1.5,True,1.5,1.5,1.5,1.5,1,1,1,True,True,True,True,False,False,False,results/runs/qwen25_7b_8bit_validation200_v4_test150/results/runs/qwen25_7b_8bit_validation200_v4_test150.jsonl,267,1.5
Qwen2.5-7B 8-bit,Qwen/Qwen2.5-7B-Instruct,bangla,Bangla,banglamath,short_answer,short_answer,banglamath_0230,20%,True,20%,0.2;20,0.2;20,0.2;20,2,2,2,True,True,True,True,False,False,False,results/runs/qwen25_7b_8bit_validation200_v4_test150/results/runs/qwen25_7b_8bit_validation200_v4_test150.jsonl,232,20%
Qwen2.5-7B 8-bit,Qwen/Qwen2.5-7B-Instruct,banglish_clean,Reviewed Banglish,banglamath,short_answer,short_answer,banglamath_0230,20%,False,5,0.2;20,5,5,2,1,1,True,True,False,False,False,False,False,results/runs/qwen25_7b_8bit_validation200_v5_banglish_pinned/results/runs/qwen2_5_7b_8bit_validation200_v5_banglish_pinned.jsonl,52,5
Qwen2.5-7B 8-bit,Qwen/Qwen2.5-7B-Instruct,english,English,banglamath,short_answer,short_answer,banglamath_0230,20%,True,20%,0.2;20,0.2;20,0.2;20,2,2,2,True,True,True,True,False,False,False,results/runs/qwen25_7b_8bit_validation200_v4_test150/results/runs/qwen25_7b_8bit_validation200_v4_test150.jsonl,234,20%
Qwen2.5-7B 8-bit,Qwen/Qwen2.5-7B-Instruct,bangla,Bangla,banglamath,short_answer,short_answer,banglamath_0231,২০ টাকা,False,20,20,20,20,1,1,1,True,True,True,True,True,True,False,results/runs/qwen25_7b_8bit_validation200_v4_test150/results/runs/qwen25_7b_8bit_validation200_v4_test150.jsonl,241,20
Qwen2.5-7B 8-bit,Qwen/Qwen2.5-7B-Instruct,banglish_clean,Reviewed Banglish,banglamath,short_answer,short_answer,banglamath_0231,২০ টাকা,False,48,20,48,48,1,1,1,True,True,False,False,False,False,False,results/runs/qwen25_7b_8bit_validation200_v5_banglish_pinned/results/runs/qwen2_5_7b_8bit_validation200_v5_banglish_pinned.jsonl,175,48
Qwen2.5-7B 8-bit,Qwen/Qwen2.5-7B-Instruct,english,English,banglamath,short_answer,short_answer,banglamath_0231,২০ টাকা,False,20,20,20,20,1,1,1,True,True,True,True,True,True,False,results/runs/qwen25_7b_8bit_validation200_v4_test150/results/runs/qwen25_7b_8bit_validation200_v4_test150.jsonl,243,20
Qwen2.5-7B 8-bit,Qwen/Qwen2.5-7B-Instruct,bangla,Bangla,banglamath,short_answer,short_answer,banglamath_0232,২০০ টাকা,False,200,200,200,200,1,1,1,True,True,True,True,True,True,False,results/runs/qwen25_7b_8bit_validation200_v4_dev50_v2/results/runs/qwen25_7b_8bit_validation200_v4_dev50.jsonl,136,200
Qwen2.5-7B 8-bit,Qwen/Qwen2.5-7B-Instruct,banglish_clean,Reviewed Banglish,banglamath,short_answer,short_answer,banglamath_0232,২০০ টাকা,False,1430,200,1430,1430,1,1,1,True,True,False,False,False,False,False,results/runs/qwen25_7b_8bit_validation200_v5_banglish_pinned/results/runs/qwen2_5_7b_8bit_validation200_v5_banglish_pinned.jsonl,72,1430
Qwen2.5-7B 8-bit,Qwen/Qwen2.5-7B-Instruct,english,English,banglamath,short_answer,short_answer,banglamath_0232,২০০ টাকা,True,200 Taka,200,200,200,1,1,1,True,True,True,True,False,False,False,results/runs/qwen25_7b_8bit_validation200_v4_dev50_v2/results/runs/qwen25_7b_8bit_validation200_v4_dev50.jsonl,138,200 Taka
Qwen2.5-7B 8-bit,Qwen/Qwen2.5-7B-Instruct,bangla,Bangla,banglamath,short_answer,short_answer,banglamath_0233,৭ দিন,False,14,7,14,14,1,1,1,True,True,False,False,False,False,False,results/runs/qwen25_7b_8bit_validation200_v4_test150/results/runs/qwen25_7b_8bit_validation200_v4_test150.jsonl,55,14
Qwen2.5-7B 8-bit,Qwen/Qwen2.5-7B-Instruct,banglish_clean,Reviewed Banglish,banglamath,short_answer,short_answer,banglamath_0233,৭ দিন,False,35,7,35,35,1,1,1,True,True,False,False,False,False,False,results/runs/qwen25_7b_8bit_validation200_v5_banglish_pinned/results/runs/qwen2_5_7b_8bit_validation200_v5_banglish_pinned.jsonl,127,35
Qwen2.5-7B 8-bit,Qwen/Qwen2.5-7B-Instruct,english,English,banglamath,short_answer,short_answer,banglamath_0233,৭ দিন,False,7,7,7,7,1,1,1,True,True,True,True,True,True,False,results/runs/qwen25_7b_8bit_validation200_v4_test150/results/runs/qwen25_7b_8bit_validation200_v4_test150.jsonl,57,7
Qwen2.5-7B 8-bit,Qwen/Qwen2.5-7B-Instruct,bangla,Bangla,banglamath,short_answer,short_answer,banglamath_0234,৬ দিন,False,6,6,6,6,1,1,1,True,True,True,True,True,True,False,results/runs/qwen25_7b_8bit_validation200_v4_dev50_v2/results/runs/qwen25_7b_8bit_validation200_v4_dev50.jsonl,88,6
Qwen2.5-7B 8-bit,Qwen/Qwen2.5-7B-Instruct,banglish_clean,Reviewed Banglish,banglamath,short_answer,short_answer,banglamath_0234,৬ দিন,False,25,6,25,25,1,1,1,True,True,False,False,False,False,False,results/runs/qwen25_7b_8bit_validation200_v5_banglish_pinned/results/runs/qwen2_5_7b_8bit_validation200_v5_banglish_pinned.jsonl,6,25
Qwen2.5-7B 8-bit,Qwen/Qwen2.5-7B-Instruct,english,English,banglamath,short_answer,short_answer,banglamath_0234,৬ দিন,False,6.25,6,6.25,6.25,1,1,1,True,True,False,False,False,False,False,results/runs/qwen25_7b_8bit_validation200_v4_dev50_v2/results/runs/qwen25_7b_8bit_validation200_v4_dev50.jsonl,90,6.25
Qwen2.5-7B 8-bit,Qwen/Qwen2.5-7B-Instruct,bangla,Bangla,banglamath,short_answer,short_answer,banglamath_0236,১২ টাকা,False,6 টাকা,12,6,6,1,1,1,True,True,False,False,False,False,False,results/runs/qwen25_7b_8bit_validation200_v4_test150/results/runs/qwen25_7b_8bit_validation200_v4_test150.jsonl,262,6 টাকা
Qwen2.5-7B 8-bit,Qwen/Qwen2.5-7B-Instruct,banglish_clean,Reviewed Banglish,banglamath,short_answer,short_answer,banglamath_0236,১২ টাকা,False,20,12,20,20,1,1,1,True,True,False,False,False,False,False,results/runs/qwen25_7b_8bit_validation200_v5_banglish_pinned/results/runs/qwen2_5_7b_8bit_validation200_v5_banglish_pinned.jsonl,22,20
Qwen2.5-7B 8-bit,Qwen/Qwen2.5-7B-Instruct,english,English,banglamath,short_answer,short_answer,banglamath_0236,১২ টাকা,True,12 Taka,12,12,12,1,1,1,True,True,True,True,False,False,False,results/runs/qwen25_7b_8bit_validation200_v4_test150/results/runs/qwen25_7b_8bit_validation200_v4_test150.jsonl,264,12 Taka
Qwen2.5-7B 8-bit,Qwen/Qwen2.5-7B-Instruct,bangla,Bangla,banglamath,short_answer,short_answer,banglamath_0237,৬৪ টাকা,False,12টাকা,64,12,12,1,1,1,True,True,False,False,False,False,False,results/runs/qwen25_7b_8bit_validation200_v4_test150/results/runs/qwen25_7b_8bit_validation200_v4_test150.jsonl,400,12টাকা
Qwen2.5-7B 8-bit,Qwen/Qwen2.5-7B-Instruct,banglish_clean,Reviewed Banglish,banglamath,short_answer,short_answer,banglamath_0237,৬৪ টাকা,False,3,64,3,3,1,1,1,True,True,False,False,False,False,False,results/runs/qwen25_7b_8bit_validation200_v5_banglish_pinned/results/runs/qwen2_5_7b_8bit_validation200_v5_banglish_pinned.jsonl,99,3
Qwen2.5-7B 8-bit,Qwen/Qwen2.5-7B-Instruct,english,English,banglamath,short_answer,short_answer,banglamath_0237,৬৪ টাকা,False,32 Taka,64,32,32,1,1,1,True,True,False,False,False,False,False,results/runs/qwen25_7b_8bit_validation200_v4_test150/results/runs/qwen25_7b_8bit_validation200_v4_test150.jsonl,402,32 Taka
Qwen2.5-7B 8-bit,Qwen/Qwen2.5-7B-Instruct,bangla,Bangla,banglamath,short_answer,short_answer,banglamath_0518,১৫০ মিটার,False,50Meter,150,50,50,1,1,1,True,True,False,False,False,False,False,results/runs/qwen25_7b_8bit_validation200_v4_dev50_v2/results/runs/qwen25_7b_8bit_validation200_v4_dev50.jsonl,121,50Meter
Qwen2.5-7B 8-bit,Qwen/Qwen2.5-7B-Instruct,banglish_clean,Reviewed Banglish,banglamath,short_answer,short_answer,banglamath_0518,১৫০ মিটার,False,200,150,200,200,1,1,1,True,True,False,False,False,False,False,results/runs/qwen25_7b_8bit_validation200_v5_banglish_pinned/results/runs/qwen2_5_7b_8bit_validation200_v5_banglish_pinned.jsonl,122,200
Qwen2.5-7B 8-bit,Qwen/Qwen2.5-7B-Instruct,english,English,banglamath,short_answer,short_answer,banglamath_0518,১৫০ মিটার,False,150 meters,150,150,150,1,1,1,True,True,True,True,True,True,False,results/runs/qwen25_7b_8bit_validation200_v4_dev50_v2/results/runs/qwen25_7b_8bit_validation200_v4_dev50.jsonl,123,150 meters
Qwen2.5-7B 8-bit,Qwen/Qwen2.5-7B-Instruct,bangla,Bangla,banglamath,short_answer,short_answer,banglamath_0519,৭৫০০ বর্গমিটার,False,3750 beğenimetreবন্ধু,2;7500,3750,3750,2,1,1,True,True,False,False,False,False,False,results/runs/qwen25_7b_8bit_validation200_v4_dev50_v2/results/runs/qwen25_7b_8bit_validation200_v4_dev50.jsonl,7,3750 beğenimetreবন্ধু
Qwen2.5-7B 8-bit,Qwen/Qwen2.5-7B-Instruct,banglish_clean,Reviewed Banglish,banglamath,short_answer,short_answer,banglamath_0519,৭৫০০ বর্গমিটার,False,200,2;7500,200,200,2,1,1,True,True,False,False,False,False,False,results/runs/qwen25_7b_8bit_validation200_v5_banglish_pinned/results/runs/qwen2_5_7b_8bit_validation200_v5_banglish_pinned.jsonl,97,200
Qwen2.5-7B 8-bit,Qwen/Qwen2.5-7B-Instruct,english,English,banglamath,short_answer,short_answer,banglamath_0519,৭৫০০ বর্গমিটার,False,7500,2;7500,7500,7500,2,1,1,True,True,False,False,False,False,False,results/runs/qwen25_7b_8bit_validation200_v4_dev50_v2/results/runs/qwen25_7b_8bit_validation200_v4_dev50.jsonl,9,7500
Qwen2.5-7B 8-bit,Qwen/Qwen2.5-7B-Instruct,bangla,Bangla,banglamath,short_answer,short_answer,banglamath_0521,৭০ মিটার,False,70,70,70,70,1,1,1,True,True,True,True,True,True,False,results/runs/qwen25_7b_8bit_validation200_v4_dev50_v2/results/runs/qwen25_7b_8bit_validation200_v4_dev50.jsonl,10,70
Qwen2.5-7B 8-bit,Qwen/Qwen2.5-7B-Instruct,banglish_clean,Reviewed Banglish,banglamath,short_answer,short_answer,banglamath_0521,৭০ মিটার,False,2.5,70,2.5,2.5,1,1,1,True,True,False,False,False,False,False,results/runs/qwen25_7b_8bit_validation200_v5_banglish_pinned/results/runs/qwen2_5_7b_8bit_validation200_v5_banglish_pinned.jsonl,192,2.5
Qwen2.5-7B 8-bit,Qwen/Qwen2.5-7B-Instruct,english,English,banglamath,short_answer,short_answer,banglamath_0521,৭০ মিটার,False,50 meters,70,50,50,1,1,1,True,True,False,False,False,False,False,results/runs/qwen25_7b_8bit_validation200_v4_dev50_v2/results/runs/qwen25_7b_8bit_validation200_v4_dev50.jsonl,12,50 meters
Qwen2.5-7B 8-bit,Qwen/Qwen2.5-7B-Instruct,bangla,Bangla,banglamath,short_answer,short_answer,banglamath_0522,১৭৬ বর্গমিটার,False,1600 বর্গমিটার,2;176,2;1600,2;1600,2,2,2,True,True,False,False,False,False,False,results/runs/qwen25_7b_8bit_validation200_v4_dev50_v2/results/runs/qwen25_7b_8bit_validation200_v4_dev50.jsonl,148,1600 বর্গমিটার
Qwen2.5-7B 8-bit,Qwen/Qwen2.5-7B-Instruct,banglish_clean,Reviewed Banglish,banglamath,short_answer,short_answer,banglamath_0522,১৭৬ বর্গমিটার,False,2,2;176,2,2,2,1,1,True,True,False,False,False,False,False,results/runs/qwen25_7b_8bit_validation200_v5_banglish_pinned/results/runs/qwen2_5_7b_8bit_validation200_v5_banglish_pinned.jsonl,8,2
Qwen2.5-7B 8-bit,Qwen/Qwen2.5-7B-Instruct,english,English,banglamath,short_answer,short_answer,banglamath_0522,১৭৬ বর্গমিটার,False,Cannot determine,2;176,,,2,0,0,False,False,False,False,False,False,True,results/runs/qwen25_7b_8bit_validation200_v4_dev50_v2/results/runs/qwen25_7b_8bit_validation200_v4_dev50.jsonl,150,Cannot determine
Qwen2.5-7B 8-bit,Qwen/Qwen2.5-7B-Instruct,bangla,Bangla,banglamath,short_answer,short_answer,banglamath_0526,৩০ বর্গ মিটার,True,30 বর্গমিটার,2;30,2;30,2;30,2,2,2,True,True,True,True,False,False,False,results/runs/qwen25_7b_8bit_validation200_v4_test150/results/runs/qwen25_7b_8bit_validation200_v4_test150.jsonl,184,30 বর্গমিটার
Qwen2.5-7B 8-bit,Qwen/Qwen2.5-7B-Instruct,banglish_clean,Reviewed Banglish,banglamath,short_answer,short_answer,banglamath_0526,৩০ বর্গ মিটার,False,30,2;30,30,30,2,1,1,True,True,False,False,False,False,False,results/runs/qwen25_7b_8bit_validation200_v5_banglish_pinned/results/runs/qwen2_5_7b_8bit_validation200_v5_banglish_pinned.jsonl,165,30
Qwen2.5-7B 8-bit,Qwen/Qwen2.5-7B-Instruct,english,English,banglamath,short_answer,short_answer,banglamath_0526,৩০ বর্গ মিটার,True,30 square meters,2;30,2;30,2;30,2,2,2,True,True,True,True,False,False,False,results/runs/qwen25_7b_8bit_validation200_v4_test150/results/runs/qwen25_7b_8bit_validation200_v4_test150.jsonl,186,30 square meters
Qwen2.5-7B 8-bit,Qwen/Qwen2.5-7B-Instruct,bangla,Bangla,banglamath,short_answer,short_answer,banglamath_0531,৫ মেট্রিক টন ৫০৭ কেজি ৭০০ গ্রাম,False,12100,5;507;700,12100,12100,3,1,1,True,True,False,False,False,False,False,results/runs/qwen25_7b_8bit_validation200_v4_test150/results/runs/qwen25_7b_8bit_validation200_v4_test150.jsonl,247,12100
Qwen2.5-7B 8-bit,Qwen/Qwen2.5-7B-Instruct,banglish_clean,Reviewed Banglish,banglamath,short_answer,short_answer,banglamath_0531,৫ মেট্রিক টন ৫০৭ কেজি ৭০০ গ্রাম,False,825,5;507;700,825,825,3,1,1,True,True,False,False,False,False,False,results/runs/qwen25_7b_8bit_validation200_v5_banglish_pinned/results/runs/qwen2_5_7b_8bit_validation200_v5_banglish_pinned.jsonl,161,825
Qwen2.5-7B 8-bit,Qwen/Qwen2.5-7B-Instruct,english,English,banglamath,short_answer,short_answer,banglamath_0531,৫ মেট্রিক টন ৫০৭ কেজি ৭০০ গ্রাম,False,6070 kg,5;507;700,6070,6070,3,1,1,True,True,False,False,False,False,False,results/runs/qwen25_7b_8bit_validation200_v4_test150/results/runs/qwen25_7b_8bit_validation200_v4_test150.jsonl,249,6070 kg
Qwen2.5-7B 8-bit,Qwen/Qwen2.5-7B-Instruct,bangla,Bangla,banglamath,short_answer,short_answer,banglamath_0532,১ মেট্রিক টন ৭৫০ কেজি,False,1.75 মেট্রিক টন,1;750,1.75,1.75,2,1,1,True,True,False,False,False,False,False,results/runs/qwen25_7b_8bit_validation200_v4_test150/results/runs/qwen25_7b_8bit_validation200_v4_test150.jsonl,61,1.75 মেট্রিক টন
Qwen2.5-7B 8-bit,Qwen/Qwen2.5-7B-Instruct,banglish_clean,Reviewed Banglish,banglamath,short_answer,short_answer,banglamath_0532,১ মেট্রিক টন ৭৫০ কেজি,False,1.75,1;750,1.75,1.75,2,1,1,True,True,False,False,False,False,False,results/runs/qwen25_7b_8bit_validation200_v5_banglish_pinned/results/runs/qwen2_5_7b_8bit_validation200_v5_banglish_pinned.jsonl,40,1.75
Qwen2.5-7B 8-bit,Qwen/Qwen2.5-7B-Instruct,english,English,banglamath,short_answer,short_answer,banglamath_0532,১ মেট্রিক টন ৭৫০ কেজি,False,1.75 metric tons per acre,1;750,1.75,1.75,2,1,1,True,True,False,False,False,False,False,results/runs/qwen25_7b_8bit_validation200_v4_test150/results/runs/qwen25_7b_8bit_validation200_v4_test150.jsonl,63,1.75 metric tons per acre
Qwen2.5-7B 8-bit,Qwen/Qwen2.5-7B-Instruct,bangla,Bangla,banglamath,short_answer,short_answer,banglamath_0533,৬৬৬ মেট্রিক টন ৬৬৬ কেজি ৬৬৬ গ্রাম (প্রায়),False,600 মেট্রিক টন,666,600,600,1,1,1,True,True,False,False,False,False,False,results/runs/qwen25_7b_8bit_validation200_v4_test150/results/runs/qwen25_7b_8bit_validation200_v4_test150.jsonl,220,600 মেট্রিক টন
Qwen2.5-7B 8-bit,Qwen/Qwen2.5-7B-Instruct,banglish_clean,Reviewed Banglish,banglamath,short_answer,short_answer,banglamath_0533,৬৬৬ মেট্রিক টন ৬৬৬ কেজি ৬৬৬ গ্রাম (প্রায়),False,20000 metrik ton rod toiri hole doinik ki poriman rod toiri hoy,666,20000,20000,1,1,1,True,True,False,False,False,False,False,results/runs/qwen25_7b_8bit_validation200_v5_banglish_pinned/results/runs/qwen2_5_7b_8bit_validation200_v5_banglish_pinned.jsonl,69,20000 metrik ton rod toiri hole doinik ki poriman rod toiri hoy
Qwen2.5-7B 8-bit,Qwen/Qwen2.5-7B-Instruct,english,English,banglamath,short_answer,short_answer,banglamath_0533,৬৬৬ মেট্রিক টন ৬৬৬ কেজি ৬৬৬ গ্রাম (প্রায়),False,661.1575618941514,666,661.1575618941514,661.1575618941514,1,1,1,True,True,False,False,False,False,False,results/runs/qwen25_7b_8bit_validation200_v4_test150/results/runs/qwen25_7b_8bit_validation200_v4_test150.jsonl,222,661.1575618941514
Qwen2.5-7B 8-bit,Qwen/Qwen2.5-7B-Instruct,bangla,Bangla,banglamath,short_answer,short_answer,banglamath_0538,৩৮৪ বর্গ মিটার,False,480,2;384,480,480,2,1,1,True,True,False,False,False,False,False,results/runs/qwen25_7b_8bit_validation200_v4_test150/results/runs/qwen25_7b_8bit_validation200_v4_test150.jsonl,250,480
Qwen2.5-7B 8-bit,Qwen/Qwen2.5-7B-Instruct,banglish_clean,Reviewed Banglish,banglamath,short_answer,short_answer,banglamath_0538,৩৮৪ বর্গ মিটার,False,10,2;384,10,10,2,1,1,True,True,False,False,False,False,False,results/runs/qwen25_7b_8bit_validation200_v5_banglish_pinned/results/runs/qwen2_5_7b_8bit_validation200_v5_banglish_pinned.jsonl,119,10
Qwen2.5-7B 8-bit,Qwen/Qwen2.5-7B-Instruct,english,English,banglamath,short_answer,short_answer,banglamath_0538,৩৮৪ বর্গ মিটার,False,128,2;384,128,128,2,1,1,True,True,False,False,False,False,False,results/runs/qwen25_7b_8bit_validation200_v4_test150/results/runs/qwen25_7b_8bit_validation200_v4_test150.jsonl,252,128
Qwen2.5-7B 8-bit,Qwen/Qwen2.5-7B-Instruct,bangla,Bangla,banglamath,short_answer,short_answer,banglamath_0539,১৪৭ বর্গমিটার,False,147平方米,2;147,147,147,2,1,1,True,True,False,False,False,False,False,results/runs/qwen25_7b_8bit_validation200_v4_dev50_v2/results/runs/qwen25_7b_8bit_validation200_v4_dev50.jsonl,139,147平方米
Qwen2.5-7B 8-bit,Qwen/Qwen2.5-7B-Instruct,banglish_clean,Reviewed Banglish,banglamath,short_answer,short_answer,banglamath_0539,১৪৭ বর্গমিটার,False,147,2;147,147,147,2,1,1,True,True,False,False,False,False,False,results/runs/qwen25_7b_8bit_validation200_v5_banglish_pinned/results/runs/qwen2_5_7b_8bit_validation200_v5_banglish_pinned.jsonl,134,147
Qwen2.5-7B 8-bit,Qwen/Qwen2.5-7B-Instruct,english,English,banglamath,short_answer,short_answer,banglamath_0539,১৪৭ বর্গমিটার,False,147.00,2;147,147,147,2,1,1,True,True,False,False,False,False,False,results/runs/qwen25_7b_8bit_validation200_v4_dev50_v2/results/runs/qwen25_7b_8bit_validation200_v4_dev50.jsonl,141,147.00
Qwen2.5-7B 8-bit,Qwen/Qwen2.5-7B-Instruct,bangla,Bangla,banglamath,short_answer,short_answer,banglamath_0540,২১ মিটার,False,21,21,21,21,1,1,1,True,True,True,True,True,True,False,results/runs/qwen25_7b_8bit_validation200_v4_test150/results/runs/qwen25_7b_8bit_validation200_v4_test150.jsonl,340,21
Qwen2.5-7B 8-bit,Qwen/Qwen2.5-7B-Instruct,banglish_clean,Reviewed Banglish,banglamath,short_answer,short_answer,banglamath_0540,২১ মিটার,False,21,21,21,21,1,1,1,True,True,True,True,True,True,False,results/runs/qwen25_7b_8bit_validation200_v5_banglish_pinned/results/runs/qwen2_5_7b_8bit_validation200_v5_banglish_pinned.jsonl,98,21
Qwen2.5-7B 8-bit,Qwen/Qwen2.5-7B-Instruct,english,English,banglamath,short_answer,short_answer,banglamath_0540,২১ মিটার,False,21,21,21,21,1,1,1,True,True,True,True,True,True,False,results/runs/qwen25_7b_8bit_validation200_v4_test150/results/runs/qwen25_7b_8bit_validation200_v4_test150.jsonl,342,21
Qwen2.5-7B 8-bit,Qwen/Qwen2.5-7B-Instruct,bangla,Bangla,banglamath,short_answer,short_answer,banglamath_0541,৪৪৪ বর্গমিটার,False,420,2;444,420,420,2,1,1,True,True,False,False,False,False,False,results/runs/qwen25_7b_8bit_validation200_v4_test150/results/runs/qwen25_7b_8bit_validation200_v4_test150.jsonl,331,420
Qwen2.5-7B 8-bit,Qwen/Qwen2.5-7B-Instruct,banglish_clean,Reviewed Banglish,banglamath,short_answer,short_answer,banglamath_0541,৪৪৪ বর্গমিটার,False,40,2;444,40,40,2,1,1,True,True,False,False,False,False,False,results/runs/qwen25_7b_8bit_validation200_v5_banglish_pinned/results/runs/qwen2_5_7b_8bit_validation200_v5_banglish_pinned.jsonl,16,40
Qwen2.5-7B 8-bit,Qwen/Qwen2.5-7B-Instruct,english,English,banglamath,short_answer,short_answer,banglamath_0541,৪৪৪ বর্গমিটার,False,246,2;444,246,246,2,1,1,True,True,False,False,False,False,False,results/runs/qwen25_7b_8bit_validation200_v4_test150/results/runs/qwen25_7b_8bit_validation200_v4_test150.jsonl,333,246
Qwen2.5-7B 8-bit,Qwen/Qwen2.5-7B-Instruct,bangla,Bangla,banglamath,short_answer,short_answer,banglamath_0542,৩৪০০ টাকা,False,2640,3400,2640,2640,1,1,1,True,True,False,False,False,False,False,results/runs/qwen25_7b_8bit_validation200_v4_test150/results/runs/qwen25_7b_8bit_validation200_v4_test150.jsonl,181,2640
Qwen2.5-7B 8-bit,Qwen/Qwen2.5-7B-Instruct,banglish_clean,Reviewed Banglish,banglamath,short_answer,short_answer,banglamath_0542,৩৪০০ টাকা,False,3,3400,3,3,1,1,1,True,True,False,False,False,False,False,results/runs/qwen25_7b_8bit_validation200_v5_banglish_pinned/results/runs/qwen2_5_7b_8bit_validation200_v5_banglish_pinned.jsonl,45,3
Qwen2.5-7B 8-bit,Qwen/Qwen2.5-7B-Instruct,english,English,banglamath,short_answer,short_answer,banglamath_0542,৩৪০০ টাকা,False,3800,3400,3800,3800,1,1,1,True,True,False,False,False,False,False,results/runs/qwen25_7b_8bit_validation200_v4_test150/results/runs/qwen25_7b_8bit_validation200_v4_test150.jsonl,183,3800
Qwen2.5-7B 8-bit,Qwen/Qwen2.5-7B-Instruct,bangla,Bangla,banglamath,short_answer,short_answer,banglamath_0549,৪৫০ বর্গমিটার,False,32.5,2;450,32.5,32.5,2,1,1,True,True,False,False,False,False,False,results/runs/qwen25_7b_8bit_validation200_v4_test150/results/runs/qwen25_7b_8bit_validation200_v4_test150.jsonl,352,32.5
Qwen2.5-7B 8-bit,Qwen/Qwen2.5-7B-Instruct,banglish_clean,Reviewed Banglish,banglamath,short_answer,short_answer,banglamath_0549,৪৫০ বর্গমিটার,False,45,2;450,45,45,2,1,1,True,True,False,False,False,False,False,results/runs/qwen25_7b_8bit_validation200_v5_banglish_pinned/results/runs/qwen2_5_7b_8bit_validation200_v5_banglish_pinned.jsonl,140,45
Qwen2.5-7B 8-bit,Qwen/Qwen2.5-7B-Instruct,english,English,banglamath,short_answer,short_answer,banglamath_0549,৪৫০ বর্গমিটার,False,172.5,2;450,172.5,172.5,2,1,1,True,True,False,False,False,False,False,results/runs/qwen25_7b_8bit_validation200_v4_test150/results/runs/qwen25_7b_8bit_validation200_v4_test150.jsonl,354,172.5
Qwen2.5-7B 8-bit,Qwen/Qwen2.5-7B-Instruct,bangla,Bangla,banglamath,short_answer,short_answer,banglamath_0550,২২৫৬.২৫ বর্গমিটার,False,36100 বর্গমিটার,2;2256.25,2;36100,2;36100,2,2,2,True,True,False,False,False,False,False,results/runs/qwen25_7b_8bit_validation200_v4_test150/results/runs/qwen25_7b_8bit_validation200_v4_test150.jsonl,325,36100 বর্গমিটার
Qwen2.5-7B 8-bit,Qwen/Qwen2.5-7B-Instruct,banglish_clean,Reviewed Banglish,banglamath,short_answer,short_answer,banglamath_0550,২২৫৬.২৫ বর্গমিটার,False,3,2;2256.25,3,3,2,1,1,True,True,False,False,False,False,False,results/runs/qwen25_7b_8bit_validation200_v5_banglish_pinned/results/runs/qwen2_5_7b_8bit_validation200_v5_banglish_pinned.jsonl,64,3
Qwen2.5-7B 8-bit,Qwen/Qwen2.5-7B-Instruct,english,English,banglamath,short_answer,short_answer,banglamath_0550,২২৫৬.২৫ বর্গমিটার,False,612.5,2;2256.25,612.5,612.5,2,1,1,True,True,False,False,False,False,False,results/runs/qwen25_7b_8bit_validation200_v4_test150/results/runs/qwen25_7b_8bit_validation200_v4_test150.jsonl,327,612.5
Qwen2.5-7B 8-bit,Qwen/Qwen2.5-7B-Instruct,bangla,Bangla,banglamath,short_answer,short_answer,banglamath_0552,৪৫০০ বর্গগজ,False,13500 বর্গগজ,4500,13500,13500,1,1,1,True,True,False,False,False,False,False,results/runs/qwen25_7b_8bit_validation200_v4_test150/results/runs/qwen25_7b_8bit_validation200_v4_test150.jsonl,409,13500 বর্গগজ
Qwen2.5-7B 8-bit,Qwen/Qwen2.5-7B-Instruct,banglish_clean,Reviewed Banglish,banglamath,short_answer,short_answer,banglamath_0552,৪৫০০ বর্গগজ,False,22500,4500,22500,22500,1,1,1,True,True,False,False,False,False,False,results/runs/qwen25_7b_8bit_validation200_v5_banglish_pinned/results/runs/qwen2_5_7b_8bit_validation200_v5_banglish_pinned.jsonl,131,22500
Qwen2.5-7B 8-bit,Qwen/Qwen2.5-7B-Instruct,english,English,banglamath,short_answer,short_answer,banglamath_0552,৪৫০০ বর্গগজ,False,4500,4500,4500,4500,1,1,1,True,True,True,True,True,True,False,results/runs/qwen25_7b_8bit_validation200_v4_test150/results/runs/qwen25_7b_8bit_validation200_v4_test150.jsonl,411,4500
Qwen2.5-7B 8-bit,Qwen/Qwen2.5-7B-Instruct,bangla,Bangla,banglamath,short_answer,short_answer,banglamath_0553,১১২৫টি,False,1125,1125,1125,1125,1,1,1,True,True,True,True,True,True,False,results/runs/qwen25_7b_8bit_validation200_v4_test150/results/runs/qwen25_7b_8bit_validation200_v4_test150.jsonl,283,1125
Qwen2.5-7B 8-bit,Qwen/Qwen2.5-7B-Instruct,banglish_clean,Reviewed Banglish,banglamath,short_answer,short_answer,banglamath_0553,১১২৫টি,False,2025,1125,2025,2025,1,1,1,True,True,False,False,False,False,False,results/runs/qwen25_7b_8bit_validation200_v5_banglish_pinned/results/runs/qwen2_5_7b_8bit_validation200_v5_banglish_pinned.jsonl,84,2025
Qwen2.5-7B 8-bit,Qwen/Qwen2.5-7B-Instruct,english,English,banglamath,short_answer,short_answer,banglamath_0553,১১২৫টি,False,1125,1125,1125,1125,1,1,1,True,True,True,True,True,True,False,results/runs/qwen25_7b_8bit_validation200_v4_test150/results/runs/qwen25_7b_8bit_validation200_v4_test150.jsonl,285,1125
Qwen2.5-7B 8-bit,Qwen/Qwen2.5-7B-Instruct,bangla,Bangla,banglamath,short_answer,short_answer,banglamath_0557,৯৩০ টাকা,True,120 * 31/4 = 930 টাকা,930,7.75;120;930,7.75;120;930,1,3,3,True,True,True,True,False,False,False,results/runs/qwen25_7b_8bit_validation200_v4_test150/results/runs/qwen25_7b_8bit_validation200_v4_test150.jsonl,43,120 * 31/4 = 930 টাকা
Qwen2.5-7B 8-bit,Qwen/Qwen2.5-7B-Instruct,banglish_clean,Reviewed Banglish,banglamath,short_answer,short_answer,banglamath_0557,৯৩০ টাকা,False,38,930,38,38,1,1,1,True,True,False,False,False,False,False,results/runs/qwen25_7b_8bit_validation200_v5_banglish_pinned/results/runs/qwen2_5_7b_8bit_validation200_v5_banglish_pinned.jsonl,19,38
Qwen2.5-7B 8-bit,Qwen/Qwen2.5-7B-Instruct,english,English,banglamath,short_answer,short_answer,banglamath_0557,৯৩০ টাকা,False,106.25,930,106.25,106.25,1,1,1,True,True,False,False,False,False,False,results/runs/qwen25_7b_8bit_validation200_v4_test150/results/runs/qwen25_7b_8bit_validation200_v4_test150.jsonl,45,106.25
Qwen2.5-7B 8-bit,Qwen/Qwen2.5-7B-Instruct,bangla,Bangla,banglamath,short_answer,short_answer,banglamath_0558,২০ মিটার,False,20,20,20,20,1,1,1,True,True,True,True,True,True,False,results/runs/qwen25_7b_8bit_validation200_v4_test150/results/runs/qwen25_7b_8bit_validation200_v4_test150.jsonl,421,20
Qwen2.5-7B 8-bit,Qwen/Qwen2.5-7B-Instruct,banglish_clean,Reviewed Banglish,banglamath,short_answer,short_answer,banglamath_0558,২০ মিটার,False,20,20,20,20,1,1,1,True,True,True,True,True,True,False,results/runs/qwen25_7b_8bit_validation200_v5_banglish_pinned/results/runs/qwen2_5_7b_8bit_validation200_v5_banglish_pinned.jsonl,198,20
Qwen2.5-7B 8-bit,Qwen/Qwen2.5-7B-Instruct,english,English,banglamath,short_answer,short_answer,banglamath_0558,২০ মিটার,False,20 meters,20,20,20,1,1,1,True,True,True,True,True,True,False,results/runs/qwen25_7b_8bit_validation200_v4_test150/results/runs/qwen25_7b_8bit_validation200_v4_test150.jsonl,423,20 meters
Qwen2.5-7B 8-bit,Qwen/Qwen2.5-7B-Instruct,bangla,Bangla,banglamath,short_answer,short_answer,banglamath_0559,১৬০০ বর্গমিটার,False,6400 বর্গমিটার,2;1600,2;6400,2;6400,2,2,2,True,True,False,False,False,False,False,results/runs/qwen25_7b_8bit_validation200_v4_test150/results/runs/qwen25_7b_8bit_validation200_v4_test150.jsonl,157,6400 বর্গমিটার
Qwen2.5-7B 8-bit,Qwen/Qwen2.5-7B-Instruct,banglish_clean,Reviewed Banglish,banglamath,short_answer,short_answer,banglamath_0559,১৬০০ বর্গমিটার,False,10,2;1600,10,10,2,1,1,True,True,False,False,False,False,False,results/runs/qwen25_7b_8bit_validation200_v5_banglish_pinned/results/runs/qwen2_5_7b_8bit_validation200_v5_banglish_pinned.jsonl,191,10
Qwen2.5-7B 8-bit,Qwen/Qwen2.5-7B-Instruct,english,English,banglamath,short_answer,short_answer,banglamath_0559,১৬০০ বর্গমিটার,False,800 square meters,2;1600,2;800,2;800,2,2,2,True,True,False,False,False,False,False,results/runs/qwen25_7b_8bit_validation200_v4_test150/results/runs/qwen25_7b_8bit_validation200_v4_test150.jsonl,159,800 square meters
Qwen2.5-7B 8-bit,Qwen/Qwen2.5-7B-Instruct,bangla,Bangla,banglamath,short_answer,short_answer,banglamath_1684,"১২, ১২, ৩ বছর",False,13,3;12,13,13,2,1,1,True,True,False,False,False,False,False,results/runs/qwen25_7b_8bit_validation200_v4_test150/results/runs/qwen25_7b_8bit_validation200_v4_test150.jsonl,274,13
Qwen2.5-7B 8-bit,Qwen/Qwen2.5-7B-Instruct,banglish_clean,Reviewed Banglish,banglamath,short_answer,short_answer,banglamath_1684,"১২, ১২, ৩ বছর",False,20,3;12,20,20,2,1,1,True,True,False,False,False,False,False,results/runs/qwen25_7b_8bit_validation200_v5_banglish_pinned/results/runs/qwen2_5_7b_8bit_validation200_v5_banglish_pinned.jsonl,173,20
Qwen2.5-7B 8-bit,Qwen/Qwen2.5-7B-Instruct,english,English,banglamath,short_answer,short_answer,banglamath_1684,"১২, ১২, ৩ বছর",False,"5, 5, 19",3;12,5;19,5;19,2,2,2,True,True,False,False,False,False,False,results/runs/qwen25_7b_8bit_validation200_v4_test150/results/runs/qwen25_7b_8bit_validation200_v4_test150.jsonl,276,"5, 5, 19"
Qwen2.5-7B 8-bit,Qwen/Qwen2.5-7B-Instruct,bangla,Bangla,banglamath,short_answer,short_answer,banglamath_1685,দুইজনের বয়স সমান,False,জীবনের বয়স বেশি,,,,0,0,0,False,False,False,False,False,False,True,results/runs/qwen25_7b_8bit_validation200_v4_dev50_v2/results/runs/qwen25_7b_8bit_validation200_v4_dev50.jsonl,127,জীবনের বয়স বেশি
Qwen2.5-7B 8-bit,Qwen/Qwen2.5-7B-Instruct,banglish_clean,Reviewed Banglish,banglamath,short_answer,short_answer,banglamath_1685,দুইজনের বয়স সমান,False,jibonorer,,,,0,0,0,False,False,False,False,False,False,True,results/runs/qwen25_7b_8bit_validation200_v5_banglish_pinned/results/runs/qwen2_5_7b_8bit_validation200_v5_banglish_pinned.jsonl,53,jibonorer
Qwen2.5-7B 8-bit,Qwen/Qwen2.5-7B-Instruct,english,English,banglamath,short_answer,short_answer,banglamath_1685,দুইজনের বয়স সমান,False,Jibon,,,,0,0,0,False,False,False,False,False,False,True,results/runs/qwen25_7b_8bit_validation200_v4_dev50_v2/results/runs/qwen25_7b_8bit_validation200_v4_dev50.jsonl,129,Jibon
Qwen2.5-7B 8-bit,Qwen/Qwen2.5-7B-Instruct,bangla,Bangla,banglamath,short_answer,short_answer,banglamath_1686,প্রতেকে পাবে ৫/৬ আপেল।অর্থাৎ ১টি আপেলের অর্ধেক +১টি আপেলের ১/৩ ভাগ।,False,আপেলগুলোকে দু a4 খাটি কাটে দুই টুকরা হার্মন করে ৩ টুকরা হার্মন করতে হবে। তাহলে প্রতিটি বালককে এক টুকরা আপেল দিয়ে প্রাপ্�,0.3333333333333333333333333333;0.8333333333333333333333333333;1,3,3,3,1,1,True,True,False,False,False,False,False,results/runs/qwen25_7b_8bit_validation200_v4_test150/results/runs/qwen25_7b_8bit_validation200_v4_test150.jsonl,403,আপেলগুলোকে দু a4 খাটি কাটে দুই টুকরা হার্মন করে ৩ টুকরা হার্মন করতে হবে। তাহলে প্রতিটি বালককে এক টুকরা আপেল দিয়ে প্রাপ্�
Qwen2.5-7B 8-bit,Qwen/Qwen2.5-7B-Instruct,banglish_clean,Reviewed Banglish,banglamath,short_answer,short_answer,banglamath_1686,প্রতেকে পাবে ৫/৬ আপেল।অর্থাৎ ১টি আপেলের অর্ধেক +১টি আপেলের ১/৩ ভাগ।,False,3,0.3333333333333333333333333333;0.8333333333333333333333333333;1,3,3,3,1,1,True,True,False,False,False,False,False,results/runs/qwen25_7b_8bit_validation200_v5_banglish_pinned/results/runs/qwen2_5_7b_8bit_validation200_v5_banglish_pinned.jsonl,152,3
Qwen2.5-7B 8-bit,Qwen/Qwen2.5-7B-Instruct,english,English,banglamath,short_answer,short_answer,banglamath_1686,প্রতেকে পাবে ৫/৬ আপেল।অর্থাৎ ১টি আপেলের অর্ধেক +১টি আপেলের ১/৩ ভাগ।,False,Each boy gets 2 and 1/3 pieces of apple.,0.3333333333333333333333333333;0.8333333333333333333333333333;1,0.3333333333333333333333333333;2,0.3333333333333333333333333333;2,3,2,2,True,True,False,False,False,False,False,results/runs/qwen25_7b_8bit_validation200_v4_test150/results/runs/qwen25_7b_8bit_validation200_v4_test150.jsonl,405,Each boy gets 2 and 1/3 pieces of apple.
Qwen2.5-7B 8-bit,Qwen/Qwen2.5-7B-Instruct,bangla,Bangla,banglamath,short_answer,short_answer,banglamath_1687,"কাঠালের ওজন ৩ কিলোগ্রাম , তরমুজের ওজন ৪ কিলোগ্রাম",False,3,3;4,3,3,2,1,1,True,True,False,False,False,False,False,results/runs/qwen25_7b_8bit_validation200_v4_test150/results/runs/qwen25_7b_8bit_validation200_v4_test150.jsonl,355,3
Qwen2.5-7B 8-bit,Qwen/Qwen2.5-7B-Instruct,banglish_clean,Reviewed Banglish,banglamath,short_answer,short_answer,banglamath_1687,"কাঠালের ওজন ৩ কিলোগ্রাম , তরমুজের ওজন ৪ কিলোগ্রাম",False,30.5 kilograms,3;4,30.5,30.5,2,1,1,True,True,False,False,False,False,False,results/runs/qwen25_7b_8bit_validation200_v5_banglish_pinned/results/runs/qwen2_5_7b_8bit_validation200_v5_banglish_pinned.jsonl,109,30.5 kilograms
Qwen2.5-7B 8-bit,Qwen/Qwen2.5-7B-Instruct,english,English,banglamath,short_answer,short_answer,banglamath_1687,"কাঠালের ওজন ৩ কিলোগ্রাম , তরমুজের ওজন ৪ কিলোগ্রাম",False,3 kg,3;4,3,3,2,1,1,True,True,False,False,False,False,False,results/runs/qwen25_7b_8bit_validation200_v4_test150/results/runs/qwen25_7b_8bit_validation200_v4_test150.jsonl,357,3 kg
Qwen2.5-7B 8-bit,Qwen/Qwen2.5-7B-Instruct,bangla,Bangla,banglamath,short_answer,short_answer,banglamath_1688,"বাবুর্চী কাটে ৭০ মিনিটে ২১০টি পেঁয়াজ, সহকারী কাটে ১৯০টি পেঁয়াজ ৯৫ মিনিটে",False,"বাবুর্চি 150টি পেঁয়াজ কাটেছিল, তার সহকর্মী 250টি পেঁয়াজ কাটেছিল। বাবুর্চি 75 মিনিট কাজ করেছিল, তার সহকর্মী 100 মিনিট ক",70;95;190;210,75;100;150;250,75;100;150;250,4,4,4,True,True,False,False,False,False,False,results/runs/qwen25_7b_8bit_validation200_v4_test150/results/runs/qwen25_7b_8bit_validation200_v4_test150.jsonl,163,"বাবুর্চি 150টি পেঁয়াজ কাটেছিল, তার সহকর্মী 250টি পেঁয়াজ কাটেছিল। বাবুর্চি 75 মিনিট কাজ করেছিল, তার সহকর্মী 100 মিনিট ক"
Qwen2.5-7B 8-bit,Qwen/Qwen2.5-7B-Instruct,banglish_clean,Reviewed Banglish,banglamath,short_answer,short_answer,banglamath_1688,"বাবুর্চী কাটে ৭০ মিনিটে ২১০টি পেঁয়াজ, সহকারী কাটে ১৯০টি পেঁয়াজ ৯৫ মিনিটে",False,1750,70;95;190;210,1750,1750,4,1,1,True,True,False,False,False,False,False,results/runs/qwen25_7b_8bit_validation200_v5_banglish_pinned/results/runs/qwen2_5_7b_8bit_validation200_v5_banglish_pinned.jsonl,49,1750
Qwen2.5-7B 8-bit,Qwen/Qwen2.5-7B-Instruct,english,English,banglamath,short_answer,short_answer,banglamath_1688,"বাবুর্চী কাটে ৭০ মিনিটে ২১০টি পেঁয়াজ, সহকারী কাটে ১৯০টি পেঁয়াজ ৯৫ মিনিটে",False,"Chef: 125 onions, Assistant: 275 onions, Chef worked 50 minutes, Assistant worked 75 minutes",70;95;190;210,50;75;125;275,50;75;125;275,4,4,4,True,True,False,False,False,False,False,results/runs/qwen25_7b_8bit_validation200_v4_test150/results/runs/qwen25_7b_8bit_validation200_v4_test150.jsonl,165,"Chef: 125 onions, Assistant: 275 onions, Chef worked 50 minutes, Assistant worked 75 minutes"
Qwen2.5-7B 8-bit,Qwen/Qwen2.5-7B-Instruct,bangla,Bangla,banglamath,short_answer,short_answer,banglamath_1690,"সেন্টুর ছিল ১০টি, মিন্টুর ছিল ১৪টি খেলনা গাড়ি",False,4,10;14,4,4,2,1,1,True,True,False,False,False,False,False,results/runs/qwen25_7b_8bit_validation200_v4_dev50_v2/results/runs/qwen25_7b_8bit_validation200_v4_dev50.jsonl,67,4
Qwen2.5-7B 8-bit,Qwen/Qwen2.5-7B-Instruct,banglish_clean,Reviewed Banglish,banglamath,short_answer,short_answer,banglamath_1690,"সেন্টুর ছিল ১০টি, মিন্টুর ছিল ১৪টি খেলনা গাড়ি",False,4,10;14,4,4,2,1,1,True,True,False,False,False,False,False,results/runs/qwen25_7b_8bit_validation200_v5_banglish_pinned/results/runs/qwen2_5_7b_8bit_validation200_v5_banglish_pinned.jsonl,107,4
Qwen2.5-7B 8-bit,Qwen/Qwen2.5-7B-Instruct,english,English,banglamath,short_answer,short_answer,banglamath_1690,"সেন্টুর ছিল ১০টি, মিন্টুর ছিল ১৪টি খেলনা গাড়ি",False,Mintu initially had 4 cars and Sentu initially had 3 cars.,10;14,3;4,3;4,2,2,2,True,True,False,False,False,False,False,results/runs/qwen25_7b_8bit_validation200_v4_dev50_v2/results/runs/qwen25_7b_8bit_validation200_v4_dev50.jsonl,69,Mintu initially had 4 cars and Sentu initially had 3 cars.
Qwen2.5-7B 8-bit,Qwen/Qwen2.5-7B-Instruct,bangla,Bangla,banglamath,short_answer,short_answer,banglamath_1691,প্রথমে ৩ লিটারের পাত্রে ৩ লিটার দুধ নিয়ে তা ৫ লিটারের পাত্রে ঢালতে হবে। এবারও একইভাবে আবারও ৩ লিটার দুধ নিয়ে ৫ লিটারের পাত্রে আছে আরো ঢালতে হবে যতক্ষণ না ৫ লিটারের পাত্রটি পূর্ণ হয়। পাত্রটি পূর্ণ হওয়ার পর যে অবশিষ্ট দুধ ৩ লিটারের পাত্রে থেকে যাবে তার পরিমাণ ১ লিটার।,False,2. ৩ লিটারের পাত্রে,1;3;5,1;2;3;7;10,2;3,3,5,2,True,True,False,False,False,False,False,results/runs/qwen25_7b_8bit_validation200_v4_test150/results/runs/qwen25_7b_8bit_validation200_v4_test150.jsonl,436,1. প্রথমে ৩ লিটারের পাত্রে ৩ লিটার দুধ নিয়ে আসি এবং ১০ লিটার দুধের কলসিতে বাকি ৭ লিটার দুধ থাকে। 2. ৩ লিটারের পাত্রে
Qwen2.5-7B 8-bit,Qwen/Qwen2.5-7B-Instruct,banglish_clean,Reviewed Banglish,banglamath,short_answer,short_answer,banglamath_1691,প্রথমে ৩ লিটারের পাত্রে ৩ লিটার দুধ নিয়ে তা ৫ লিটারের পাত্রে ঢালতে হবে। এবারও একইভাবে আবারও ৩ লিটার দুধ নিয়ে ৫ লিটারের পাত্রে আছে আরো ঢালতে হবে যতক্ষণ না ৫ লিটারের পাত্রটি পূর্ণ হয়। পাত্রটি পূর্ণ হওয়ার পর যে অবশিষ্ট দুধ ৩ লিটারের পাত্রে থেকে যাবে তার পরিমাণ ১ লিটার।,False,shudhu ta diye kibhabe kretake 1 litar dudh deya sombhob.,1;3;5,1,1,3,1,1,True,True,False,False,False,False,False,results/runs/qwen25_7b_8bit_validation200_v5_banglish_pinned/results/runs/qwen2_5_7b_8bit_validation200_v5_banglish_pinned.jsonl,193,shudhu ta diye kibhabe kretake 1 litar dudh deya sombhob.
Qwen2.5-7B 8-bit,Qwen/Qwen2.5-7B-Instruct,english,English,banglamath,short_answer,short_answer,banglamath_1691,প্রথমে ৩ লিটারের পাত্রে ৩ লিটার দুধ নিয়ে তা ৫ লিটারের পাত্রে ঢালতে হবে। এবারও একইভাবে আবারও ৩ লিটার দুধ নিয়ে ৫ লিটারের পাত্রে আছে আরো ঢালতে হবে যতক্ষণ না ৫ লিটারের পাত্রটি পূর্ণ হয়। পাত্রটি পূর্ণ হওয়ার পর যে অবশিষ্ট দুধ ৩ লিটারের পাত্রে থেকে যাবে তার পরিমাণ ১ লিটার।,False,"Fill the 5-liter container and pour it into the 3-liter container until full, leaving 2 liters in the 5-liter container. Empty the 3-liter container, then pour the 2 liters from the 5-liter container into the 3-liter container. Fill the 5-liter container again, then use it to fill the 3-liter container until full, which will leave exactly 1 liter in the 5-liter container.",1;3;5,1;2;3;5,1;2;3;5,3,4,4,True,True,True,True,True,True,False,results/runs/qwen25_7b_8bit_validation200_v4_test150/results/runs/qwen25_7b_8bit_validation200_v4_test150.jsonl,438,"Fill the 5-liter container and pour it into the 3-liter container until full, leaving 2 liters in the 5-liter container. Empty the 3-liter container, then pour the 2 liters from..."
Qwen2.5-7B 8-bit,Qwen/Qwen2.5-7B-Instruct,bangla,Bangla,banglamath,short_answer,short_answer,banglamath_1692,"১জন পুরুষ, ৫ জন মহিলা এবং ১৪ জন শিশু",False,"4 পুরুষ, 8 মহিলা, 8 শিশু",1;5;14,4;8,4;8,3,2,2,True,True,False,False,False,False,False,results/runs/qwen25_7b_8bit_validation200_v4_test150/results/runs/qwen25_7b_8bit_validation200_v4_test150.jsonl,361,"4 পুরুষ, 8 মহিলা, 8 শিশু"
Qwen2.5-7B 8-bit,Qwen/Qwen2.5-7B-Instruct,banglish_clean,Reviewed Banglish,banglamath,short_answer,short_answer,banglamath_1692,"১জন পুরুষ, ৫ জন মহিলা এবং ১৪ জন শিশু",False,500,1;5;14,500,500,3,1,1,True,True,False,False,False,False,False,results/runs/qwen25_7b_8bit_validation200_v5_banglish_pinned/results/runs/qwen2_5_7b_8bit_validation200_v5_banglish_pinned.jsonl,54,500
Qwen2.5-7B 8-bit,Qwen/Qwen2.5-7B-Instruct,english,English,banglamath,short_answer,short_answer,banglamath_1692,"১জন পুরুষ, ৫ জন মহিলা এবং ১৪ জন শিশু",False,"5, 4, 11",1;5;14,4;5;11,4;5;11,3,3,3,True,True,False,False,False,False,False,results/runs/qwen25_7b_8bit_validation200_v4_test150/results/runs/qwen25_7b_8bit_validation200_v4_test150.jsonl,363,"5, 4, 11"
Qwen2.5-7B 8-bit,Qwen/Qwen2.5-7B-Instruct,bangla,Bangla,banglamath,short_answer,short_answer,banglamath_1693,24,False,20,24,20,20,1,1,1,True,True,False,False,False,False,False,results/runs/qwen25_7b_8bit_validation200_v4_dev50_v2/results/runs/qwen25_7b_8bit_validation200_v4_dev50.jsonl,97,20
Qwen2.5-7B 8-bit,Qwen/Qwen2.5-7B-Instruct,banglish_clean,Reviewed Banglish,banglamath,short_answer,short_answer,banglamath_1693,24,False,28,24,28,28,1,1,1,True,True,False,False,False,False,False,results/runs/qwen25_7b_8bit_validation200_v5_banglish_pinned/results/runs/qwen2_5_7b_8bit_validation200_v5_banglish_pinned.jsonl,37,28
Qwen2.5-7B 8-bit,Qwen/Qwen2.5-7B-Instruct,english,English,banglamath,short_answer,short_answer,banglamath_1693,24,False,60,24,60,60,1,1,1,True,True,False,False,False,False,False,results/runs/qwen25_7b_8bit_validation200_v4_dev50_v2/results/runs/qwen25_7b_8bit_validation200_v4_dev50.jsonl,99,60
Qwen2.5-7B 8-bit,Qwen/Qwen2.5-7B-Instruct,bangla,Bangla,banglamath,short_answer,short_answer,banglamath_1694,১ মিনিট,False,10iseconds,1,10,10,1,1,1,True,True,False,False,False,False,False,results/runs/qwen25_7b_8bit_validation200_v4_dev50_v2/results/runs/qwen25_7b_8bit_validation200_v4_dev50.jsonl,4,10iseconds
Qwen2.5-7B 8-bit,Qwen/Qwen2.5-7B-Instruct,banglish_clean,Reviewed Banglish,banglamath,short_answer,short_answer,banglamath_1694,১ মিনিট,False,200,1,200,200,1,1,1,True,True,False,False,False,False,False,results/runs/qwen25_7b_8bit_validation200_v5_banglish_pinned/results/runs/qwen2_5_7b_8bit_validation200_v5_banglish_pinned.jsonl,81,200
Qwen2.5-7B 8-bit,Qwen/Qwen2.5-7B-Instruct,english,English,banglamath,short_answer,short_answer,banglamath_1694,১ মিনিট,False,100(seconds),1,100,100,1,1,1,True,True,False,False,False,False,False,results/runs/qwen25_7b_8bit_validation200_v4_dev50_v2/results/runs/qwen25_7b_8bit_validation200_v4_dev50.jsonl,6,100(seconds)
Qwen2.5-7B 8-bit,Qwen/Qwen2.5-7B-Instruct,bangla,Bangla,banglamath,short_answer,short_answer,banglamath_1695,"নারিকেল গাছ 60টি, আম গাছ ৪৫টি, বট গাছ ৩৬টি, ফুলের গাছ ৩৯টি",False,130,36;39;45;60,130,130,4,1,1,True,True,False,False,False,False,False,results/runs/qwen25_7b_8bit_validation200_v4_dev50_v2/results/runs/qwen25_7b_8bit_validation200_v4_dev50.jsonl,40,130
Qwen2.5-7B 8-bit,Qwen/Qwen2.5-7B-Instruct,banglish_clean,Reviewed Banglish,banglamath,short_answer,short_answer,banglamath_1695,"নারিকেল গাছ 60টি, আম গাছ ৪৫টি, বট গাছ ৩৬টি, ফুলের গাছ ৩৯টি",False,200 kototi royechhe ebong 37 mot gachh koyoti.,36;39;45;60,37;200,37;200,4,2,2,True,True,False,False,False,False,False,results/runs/qwen25_7b_8bit_validation200_v5_banglish_pinned/results/runs/qwen2_5_7b_8bit_validation200_v5_banglish_pinned.jsonl,199,200 kototi royechhe ebong 37 mot gachh koyoti.
Qwen2.5-7B 8-bit,Qwen/Qwen2.5-7B-Instruct,english,English,banglamath,short_answer,short_answer,banglamath_1695,"নারিকেল গাছ 60টি, আম গাছ ৪৫টি, বট গাছ ৩৬টি, ফুলের গাছ ৩৯টি",False,Flower trees = 39,36;39;45;60,39;49;65;195,39,4,4,1,True,True,False,False,False,False,False,results/runs/qwen25_7b_8bit_validation200_v4_dev50_v2/results/runs/qwen25_7b_8bit_validation200_v4_dev50.jsonl,42,Total trees = 195 Coconut trees = 65 Mango trees = 49 Banyan trees = 39 Flower trees = 39
Qwen2.5-7B 8-bit,Qwen/Qwen2.5-7B-Instruct,bangla,Bangla,banglamath,short_answer,short_answer,banglamath_1696,০.১৮ লিটার অথবা ১.৮ লিটার,False,0.925ltr,0.18;1.8,0.925,0.925,2,1,1,True,True,False,False,False,False,False,results/runs/qwen25_7b_8bit_validation200_v4_test150/results/runs/qwen25_7b_8bit_validation200_v4_test150.jsonl,328,0.925ltr
Qwen2.5-7B 8-bit,Qwen/Qwen2.5-7B-Instruct,banglish_clean,Reviewed Banglish,banglamath,short_answer,short_answer,banglamath_1696,০.১৮ লিটার অথবা ১.৮ লিটার,False,200 liters,0.18;1.8,200,200,2,1,1,True,True,False,False,False,False,False,results/runs/qwen25_7b_8bit_validation200_v5_banglish_pinned/results/runs/qwen2_5_7b_8bit_validation200_v5_banglish_pinned.jsonl,160,200 liters
Qwen2.5-7B 8-bit,Qwen/Qwen2.5-7B-Instruct,english,English,banglamath,short_answer,short_answer,banglamath_1696,০.১৮ লিটার অথবা ১.৮ লিটার,False,200 liters,0.18;1.8,200,200,2,1,1,True,True,False,False,False,False,False,results/runs/qwen25_7b_8bit_validation200_v4_test150/results/runs/qwen25_7b_8bit_validation200_v4_test150.jsonl,330,200 liters
Qwen2.5-7B 8-bit,Qwen/Qwen2.5-7B-Instruct,bangla,Bangla,banglamath,short_answer,short_answer,banglamath_1697,70,False,25,70,25,25,1,1,1,True,True,False,False,False,False,False,results/runs/qwen25_7b_8bit_validation200_v4_test150/results/runs/qwen25_7b_8bit_validation200_v4_test150.jsonl,367,25
Qwen2.5-7B 8-bit,Qwen/Qwen2.5-7B-Instruct,banglish_clean,Reviewed Banglish,banglamath,short_answer,short_answer,banglamath_1697,70,False,50,70,50,50,1,1,1,True,True,False,False,False,False,False,results/runs/qwen25_7b_8bit_validation200_v5_banglish_pinned/results/runs/qwen2_5_7b_8bit_validation200_v5_banglish_pinned.jsonl,185,50
Qwen2.5-7B 8-bit,Qwen/Qwen2.5-7B-Instruct,english,English,banglamath,short_answer,short_answer,banglamath_1697,70,True,70,70,70,70,1,1,1,True,True,True,True,False,False,False,results/runs/qwen25_7b_8bit_validation200_v4_test150/results/runs/qwen25_7b_8bit_validation200_v4_test150.jsonl,369,70
Qwen2.5-7B 8-bit,Qwen/Qwen2.5-7B-Instruct,bangla,Bangla,banglamath,short_answer,short_answer,banglamath_1698,১৩ টা,False,8,13,8,8,1,1,1,True,True,False,False,False,False,False,results/runs/qwen25_7b_8bit_validation200_v4_test150/results/runs/qwen25_7b_8bit_validation200_v4_test150.jsonl,106,8
Qwen2.5-7B 8-bit,Qwen/Qwen2.5-7B-Instruct,banglish_clean,Reviewed Banglish,banglamath,short_answer,short_answer,banglamath_1698,১৩ টা,False,6,13,6,6,1,1,1,True,True,False,False,False,False,False,results/runs/qwen25_7b_8bit_validation200_v5_banglish_pinned/results/runs/qwen2_5_7b_8bit_validation200_v5_banglish_pinned.jsonl,79,6
Qwen2.5-7B 8-bit,Qwen/Qwen2.5-7B-Instruct,english,English,banglamath,short_answer,short_answer,banglamath_1698,১৩ টা,False,10,13,10,10,1,1,1,True,True,False,False,False,False,False,results/runs/qwen25_7b_8bit_validation200_v4_test150/results/runs/qwen25_7b_8bit_validation200_v4_test150.jsonl,108,10
Qwen2.5-7B 8-bit,Qwen/Qwen2.5-7B-Instruct,bangla,Bangla,banglamath,short_answer,short_answer,banglamath_1699,132,False,36,132,36,36,1,1,1,True,True,False,False,False,False,False,results/runs/qwen25_7b_8bit_validation200_v4_test150/results/runs/qwen25_7b_8bit_validation200_v4_test150.jsonl,229,36
Qwen2.5-7B 8-bit,Qwen/Qwen2.5-7B-Instruct,banglish_clean,Reviewed Banglish,banglamath,short_answer,short_answer,banglamath_1699,132,False,193,132,193,193,1,1,1,True,True,False,False,False,False,False,results/runs/qwen25_7b_8bit_validation200_v5_banglish_pinned/results/runs/qwen2_5_7b_8bit_validation200_v5_banglish_pinned.jsonl,130,193
Qwen2.5-7B 8-bit,Qwen/Qwen2.5-7B-Instruct,english,English,banglamath,short_answer,short_answer,banglamath_1699,132,False,36,132,36,36,1,1,1,True,True,False,False,False,False,False,results/runs/qwen25_7b_8bit_validation200_v4_test150/results/runs/qwen25_7b_8bit_validation200_v4_test150.jsonl,231,36
Qwen2.5-7B 8-bit,Qwen/Qwen2.5-7B-Instruct,bangla,Bangla,banglamath,short_answer,short_answer,banglamath_1703,৩৬টি,False,54,36,54,54,1,1,1,True,True,False,False,False,False,False,results/runs/qwen25_7b_8bit_validation200_v4_test150/results/runs/qwen25_7b_8bit_validation200_v4_test150.jsonl,316,54
Qwen2.5-7B 8-bit,Qwen/Qwen2.5-7B-Instruct,banglish_clean,Reviewed Banglish,banglamath,short_answer,short_answer,banglamath_1703,৩৬টি,False,80,36,80,80,1,1,1,True,True,False,False,False,False,False,results/runs/qwen25_7b_8bit_validation200_v5_banglish_pinned/results/runs/qwen2_5_7b_8bit_validation200_v5_banglish_pinned.jsonl,144,80
Qwen2.5-7B 8-bit,Qwen/Qwen2.5-7B-Instruct,english,English,banglamath,short_answer,short_answer,banglamath_1703,৩৬টি,False,80,36,80,80,1,1,1,True,True,False,False,False,False,False,results/runs/qwen25_7b_8bit_validation200_v4_test150/results/runs/qwen25_7b_8bit_validation200_v4_test150.jsonl,318,80
Qwen3-4B,Qwen/Qwen3-4B-Instruct-2507,bangla,Bangla,banglamath,short_answer,short_answer,banglamath_0181,সময় কমে যায়,False,কাজের পরিমাণ অপরিবর্তিত থাকলে লোক সংখ্যা বাড়ালে সময় কমে।,,,,0,0,0,False,False,False,False,False,False,True,results/runs/qwen3_4b_validation200_v3_128/results/runs/qwen3_4b_validation200_v3_128.jsonl,304,কাজের পরিমাণ অপরিবর্তিত থাকলে লোক সংখ্যা বাড়ালে সময় কমে।
Qwen3-4B,Qwen/Qwen3-4B-Instruct-2507,banglish_clean,Reviewed Banglish,banglamath,short_answer,short_answer,banglamath_0181,সময় কমে যায়,False,{kajer poriman oporibortit thakle lok songkhya barale somoy ki hoy},,,,0,0,0,False,False,False,False,False,False,True,results/runs/qwen3_4b_validation200_v5_banglish/results/runs/qwen3_4b_validation200_v5_banglish.jsonl,102,{kajer poriman oporibortit thakle lok songkhya barale somoy ki hoy}
Qwen3-4B,Qwen/Qwen3-4B-Instruct-2507,english,English,banglamath,short_answer,short_answer,banglamath_0181,সময় কমে যায়,False,"If the amount of work remains the same, increasing the number of workers decreases the time required to complete the work.",,,,0,0,0,False,False,False,False,False,False,True,results/runs/qwen3_4b_validation200_v3_128/results/runs/qwen3_4b_validation200_v3_128.jsonl,306,"If the amount of work remains the same, increasing the number of workers decreases the time required to complete the work."
Qwen3-4B,Qwen/Qwen3-4B-Instruct-2507,bangla,Bangla,banglamath,short_answer,short_answer,banglamath_0182,৬০০ টাকা,False,600,600,1;7;15;40;280;600,600,1,6,1,True,True,True,True,True,True,False,results/runs/qwen3_4b_validation200_v3_128/results/runs/qwen3_4b_validation200_v3_128.jsonl,217,১ কেজি চালের দাম = 280 ÷ 7 = 40 টাকা ১৫ কেজি চালের দাম = 15 × 40 = 600 টাকা 600
Qwen3-4B,Qwen/Qwen3-4B-Instruct-2507,banglish_clean,Reviewed Banglish,banglamath,short_answer,short_answer,banglamath_0182,৬০০ টাকা,False,cannot be derived.,600,,,1,0,0,False,False,False,False,False,False,True,results/runs/qwen3_4b_validation200_v5_banglish/results/runs/qwen3_4b_validation200_v5_banglish.jsonl,73,"The given text appears to be in a mix of Bengali and possibly a typo or miscommunication. It seems to be trying to express a calculation or comparison involving ""keji chaler"" (p..."
Qwen3-4B,Qwen/Qwen3-4B-Instruct-2507,english,English,banglamath,short_answer,short_answer,banglamath_0182,৬০০ টাকা,False,600,600,7;15;40;280;600,600,1,5,1,True,True,True,True,True,True,False,results/runs/qwen3_4b_validation200_v3_128/results/runs/qwen3_4b_validation200_v3_128.jsonl,219,"First, find the cost per kg of rice: Cost per kg = Total cost / Weight = 280 Taka / 7 kg = 40 Taka per kg Now, find the cost of 15 kg: Cost of 15 kg = 15 × 40 = 600 Taka 600"
Qwen3-4B,Qwen/Qwen3-4B-Instruct-2507,bangla,Bangla,banglamath,short_answer,short_answer,banglamath_0183,৩০ দিন,False,দিন = 750 ÷,30,15;25;50;750,750,1,4,1,True,True,False,False,False,False,False,results/runs/qwen3_4b_validation200_v3_128/results/runs/qwen3_4b_validation200_v3_128.jsonl,307,ছাত্রাবাসে ৫০ জনের ১৫ দিনের খাদ্য আছে। খাদ্যের মোট পরিমাণ = 50 × 15 = 750 জন-দিন। এই খাদ্যটি ২৫ জনের চলবে কত দিন? দিন = 750 ÷
Qwen3-4B,Qwen/Qwen3-4B-Instruct-2507,banglish_clean,Reviewed Banglish,banglamath,short_answer,short_answer,banglamath_0183,৩০ দিন,False,15 din,30,15,15,1,1,1,True,True,False,False,False,False,False,results/runs/qwen3_4b_validation200_v5_banglish/results/runs/qwen3_4b_validation200_v5_banglish.jsonl,103,15 din
Qwen3-4B,Qwen/Qwen3-4B-Instruct-2507,english,English,banglamath,short_answer,short_answer,banglamath_0183,৩০ দিন,False,30,30,15;25;30;50;750,30,1,5,1,True,True,True,True,True,True,False,results/runs/qwen3_4b_validation200_v3_128/results/runs/qwen3_4b_validation200_v3_128.jsonl,309,"The total amount of food is enough for 50 people for 15 days. So, total food = 50 × 15 = 750 person-days. If there are now 25 people, the number of days the food will last is: 7..."
Qwen3-4B,Qwen/Qwen3-4B-Instruct-2507,bangla,Bangla,banglamath,short_answer,short_answer,banglamath_0184,১২০০০ টাকা,False,\frac{450}{9000} = 0.05 \text{ টা�,12000,0.05;450;9000,0.05,1,3,1,True,True,False,False,False,False,False,results/runs/qwen3_4b_validation200_v3_128/results/runs/qwen3_4b_validation200_v3_128.jsonl,124,"প্রতিদিন ৪৫০ টাকা লাভ হলে ৯০০০ টাকা বিনিয়োগ করা হয়। এটি মানে, প্রতি টাকা বিনিয়োগে লাভ = \[ \frac{450}{9000} = 0.05 \text{ টা�"
Qwen3-4B,Qwen/Qwen3-4B-Instruct-2507,banglish_clean,Reviewed Banglish,banglamath,short_answer,short_answer,banglamath_0184,১২০০০ টাকা,False,প্রতি টাকার লাভ = 450 টাকা প্রতি 9000 টাকা বিনিয়,12000,450;600;9000,450;9000,1,3,2,True,True,False,False,False,False,False,results/runs/qwen3_4b_validation200_v5_banglish/results/runs/qwen3_4b_validation200_v5_banglish.jsonl,42,"9000 taka biniyoge protidin 450 taka labh hole 600 taka labh korte koto biniyog korte hobe? ধরা হয়, বিনিয়োগ করা হবে x টাকা। প্রতি টাকার লাভ = 450 টাকা প্রতি 9000 টাকা বিনিয়"
Qwen3-4B,Qwen/Qwen3-4B-Instruct-2507,english,English,banglamath,short_answer,short_answer,banglamath_0184,১২০০০ টাকা,False,0.05 \times,12000,0.05;1;2;450;600;9000,0.05,1,6,1,True,True,False,False,False,False,False,results/runs/qwen3_4b_validation200_v3_128/results/runs/qwen3_4b_validation200_v3_128.jsonl,126,We are given: - An investment of 9000 Taka yields 450 Taka profit per day. - We want to find the investment that yields 600 Taka per day. ### Step 1: Find the profit per Taka Pr...
Qwen3-4B,Qwen/Qwen3-4B-Instruct-2507,bangla,Bangla,banglamath,short_answer,short_answer,banglamath_0185,২০০ কেজি,False,"আমরা চাই জানবো, ৪৫ দিন চলতে কত কেজি চাল প্রয়োজন।",200,10;27;45;120,45,1,4,1,True,True,False,False,False,False,False,results/runs/qwen3_4b_validation200_v3_128/results/runs/qwen3_4b_validation200_v3_128.jsonl,316,"প্রদত্ত তথ্য: ১২০ কেজি চালে ১০ জন লোকের ২৭ দিন চলে। আমরা চাই জানবো, ৪৫ দিন চলতে কত কেজি চাল প্রয়োজন। ধরা যাক, এক জ"
Qwen3-4B,Qwen/Qwen3-4B-Instruct-2507,banglish_clean,Reviewed Banglish,banglamath,short_answer,short_answer,banglamath_0185,২০০ কেজি,False,→ 1 jon loker 45 din chole = 45 × (4/9) =,200,0.4444444444444444444444444444;1;10;12;27;45;120,0.4444444444444444444444444444;1;45,1,7,3,True,True,False,False,False,False,False,results/runs/qwen3_4b_validation200_v5_banglish/results/runs/qwen3_4b_validation200_v5_banglish.jsonl,106,"120 keji chale 10 jon loker 27 din chole → 10 jon loker 27 din chole 120 keji → 1 jon loker 27 din chole = 120 / 10 = 12 keji → 1 jon loker 1 din chole = 12 / 27 = 4/9 keji Now,..."
Qwen3-4B,Qwen/Qwen3-4B-Instruct-2507,english,English,banglamath,short_answer,short_answer,banglamath_0185,২০০ কেজি,False,\frac{120}{27} = \frac{40}{9} \text{ kg/day},200,1;4.444444444444444444444444444;10;27;45;120,4.444444444444444444444444444,1,6,1,True,True,False,False,False,False,False,results/runs/qwen3_4b_validation200_v3_128/results/runs/qwen3_4b_validation200_v3_128.jsonl,318,We are given: - 120 kg of rice lasts 10 people for 27 days. We want to find out how much rice is needed to last 10 people for 45 days. ### Step 1: Find daily rice consumption pe...
Qwen3-4B,Qwen/Qwen3-4B-Instruct-2507,bangla,Bangla,banglamath,short_answer,short_answer,banglamath_0186,২২ ১/২ দিন,False,\frac{D_1}{D_2} = \frac{S_2}{S,0.5;22,1;2;15;20;30,1;2,2,5,2,True,True,False,False,False,False,False,results/runs/qwen3_4b_validation200_v3_128/results/runs/qwen3_4b_validation200_v3_128.jsonl,520,We are given: - 2 quintals of rice last for 15 students for 30 days. - We need to find how many days 20 students can be fed with the same amount of rice. --- **Step 1: Understan...
Qwen3-4B,Qwen/Qwen3-4B-Instruct-2507,banglish_clean,Reviewed Banglish,banglamath,short_answer,short_answer,banglamath_0186,২২ ১/২ দিন,False,40,0.5;22,1;2;15;20;30;40,40,2,6,1,True,True,False,False,False,False,False,results/runs/qwen3_4b_validation200_v5_banglish/results/runs/qwen3_4b_validation200_v5_banglish.jsonl,174,"2 kuintal chale 15 jon chhatrer 30 din chole। Tumi 20 jon chhatrer koto din cholbe? Purbo kore, 2 kuintal chale 15 jon chhatrer 30 din chole, Teha 15 jon = 30 din Teha 1 jon = 3..."
Qwen3-4B,Qwen/Qwen3-4B-Instruct-2507,english,English,banglamath,short_answer,short_answer,banglamath_0186,২২ ১/২ দিন,False,Step 2: Find how many days 20 students,0.5;22,1;2;15;20;30;450,2;20,2,6,2,True,True,False,False,False,False,False,results/runs/qwen3_4b_validation200_v3_128/results/runs/qwen3_4b_validation200_v3_128.jsonl,522,We are given: - 2 quintals of rice last 15 students for 30 days. We need to find how many days it will last for 20 students. --- **Step 1: Find the total rice consumption in stu...
Qwen3-4B,Qwen/Qwen3-4B-Instruct-2507,bangla,Bangla,banglamath,short_answer,short_answer,banglamath_0187,১৪০ জন,False,"এখন, 18 দিনে কাজটি শেষ করতে হলে,",140,18;25;360;9000,18,1,4,1,True,True,False,False,False,False,False,results/runs/qwen3_4b_validation200_v3_128/results/runs/qwen3_4b_validation200_v3_128.jsonl,568,"বাঁধ তৈরি করতে 360 জন শ্রমিকের 25 দিন লাগে। সুতরাং, মোট কাজ = 360 × 25 = 9000 শ্রম দিন। এখন, 18 দিনে কাজটি শেষ করতে হলে, প্রয়�"
Qwen3-4B,Qwen/Qwen3-4B-Instruct-2507,banglish_clean,Reviewed Banglish,banglamath,short_answer,short_answer,banglamath_0187,১৪০ জন,False,18 দ,140,18;25;360;9000,18,1,4,1,True,True,False,False,False,False,False,results/runs/qwen3_4b_validation200_v5_banglish/results/runs/qwen3_4b_validation200_v5_banglish.jsonl,190,"360 জন শ্রমিক 25 দিনে একটি বন্ধ তৈরি করে। 18 দিনে কাজ শেষ করতে কতজন শ্রমিক লাগবে? সুতরাং, মোট কাজ = 360 × 25 = 9000 শ্রম-দিন 18 দ"
Qwen3-4B,Qwen/Qwen3-4B-Instruct-2507,english,English,banglamath,short_answer,short_answer,banglamath_0187,১৪০ জন,False,### Step 2: Number of workers needed to complete the work in 18 days,140,1;2;18;25;360;9000,2;18,1,6,2,True,True,False,False,False,False,False,results/runs/qwen3_4b_validation200_v3_128/results/runs/qwen3_4b_validation200_v3_128.jsonl,570,We are given: - 360 workers can complete the dam in 25 days. - We want to know how many **extra** workers are needed to finish it in **18 days**. --- ### Step 1: Total work in w...
Qwen3-4B,Qwen/Qwen3-4B-Instruct-2507,bangla,Bangla,banglamath,short_answer,short_answer,banglamath_0188,১৫ ঘণ্টা,False,Total work = 10 × h ×,15,1;2;6;8;10;25;1200,10,1,7,1,True,True,False,False,False,False,False,results/runs/qwen3_4b_validation200_v3_128/results/runs/qwen3_4b_validation200_v3_128.jsonl,457,We are given: - 25 people work 6 hours per day and complete a job in 8 days. We need to find: How many hours per day should 10 people work to complete the same job in the same t...
Qwen3-4B,Qwen/Qwen3-4B-Instruct-2507,banglish_clean,Reviewed Banglish,banglamath,short_answer,short_answer,banglamath_0188,১৫ ঘণ্টা,False,"So, total work = 25 men × 6 hours/day",15,6;8;25,6;25,1,3,2,True,True,False,False,False,False,False,results/runs/qwen3_4b_validation200_v5_banglish/results/runs/qwen3_4b_validation200_v5_banglish.jsonl,153,"We are given: - 25 men can complete a job in 6 hours (i.e., they work 6 ghonta porishrom kore). - The job is completed in 8 days (but this seems inconsistent with ""6 ghonta""). W..."
Qwen3-4B,Qwen/Qwen3-4B-Instruct-2507,english,English,banglamath,short_answer,short_answer,banglamath_0188,১৫ ঘণ্টা,False,= 1200 man-hours,15,1;2;6;8;10;25;1200,1200,1,7,1,True,True,False,False,False,False,False,results/runs/qwen3_4b_validation200_v3_128/results/runs/qwen3_4b_validation200_v3_128.jsonl,459,We are given: - 25 people working 6 hours a day complete a job in 8 days. We need to find: How many hours per day must 10 people work to complete the **same job**? --- ### Step...
Qwen3-4B,Qwen/Qwen3-4B-Instruct-2507,bangla,Bangla,banglamath,short_answer,short_answer,banglamath_0189,৬ জন পুরুষ,False,"অর্থাৎ, ২ জন পুরুষ = ৩ জন বালক কাজের ক্ষমতা।",6,2;3,2;3,1,2,2,True,True,False,False,False,False,False,results/runs/qwen3_4b_validation200_v3_128/results/runs/qwen3_4b_validation200_v3_128.jsonl,70,"প্রদত্ত তথ্য: - ২ জন পুরুষ বা ৩ জন বালক একটি কাজ সম্পন্ন করতে পারে। অর্থাৎ, ২ জন পুরুষ = ৩ জন বালক কাজের ক্ষমতা। এখন, বাল"
Qwen3-4B,Qwen/Qwen3-4B-Instruct-2507,banglish_clean,Reviewed Banglish,banglamath,short_answer,short_answer,banglamath_0189,৬ জন পুরুষ,False,"Tehabe, 9 jon balok 3 jon",6,0.3333333333333333333333333333;1;2;3;9,3;9,1,5,2,True,True,False,False,False,False,False,results/runs/qwen3_4b_validation200_v5_banglish/results/runs/qwen3_4b_validation200_v5_banglish.jsonl,24,"Ekta kaj 2 jon purush othoba 3 jon balok somponn korte pare. Purush er kaj = 2 purush + 3 balok = 1 kaj Tehabe, 2 purush er kaj = 1 kaj 3 balok er kaj = 1 kaj Tehabe, 1 balok er..."
Qwen3-4B,Qwen/Qwen3-4B-Instruct-2507,english,English,banglamath,short_answer,short_answer,banglamath_0189,৬ জন পুরুষ,False,Step 2: Find how many men are equivalent to 9 boys.,6,1;1.5;2;3;9,2;9,1,5,2,True,True,False,False,False,False,False,results/runs/qwen3_4b_validation200_v3_128/results/runs/qwen3_4b_validation200_v3_128.jsonl,72,We are given: - 2 men can complete a task as well as 3 boys. We are to find: **How many men are equivalent to 9 boys?** --- Step 1: Find the work rate of one man and one boy. Le...
Qwen3-4B,Qwen/Qwen3-4B-Instruct-2507,bangla,Bangla,banglamath,short_answer,short_answer,banglamath_0226,২৫০ টাকা,False,250,250,0.4545454545454545454545454545;5;6;11;250;550,250,1,6,1,True,True,True,True,True,True,False,results/runs/qwen3_4b_validation200_v3_128/results/runs/qwen3_4b_validation200_v3_128.jsonl,256,550 টাকাকে 5:6 অনুপাতে ভাগ করলে মোট অংশের সংখ্যা = 5 + 6 = 11 প্রথম অংশ = (5/11) × 550 = (5 × 550) / 11 = 2750 / 11 = 250 250
Qwen3-4B,Qwen/Qwen3-4B-Instruct-2507,banglish_clean,Reviewed Banglish,banglamath,short_answer,short_answer,banglamath_0226,২৫০ টাকা,False,550,250,0;5;6;18.333;110;550,550,1,6,1,True,True,False,False,False,False,False,results/runs/qwen3_4b_validation200_v5_banglish/results/runs/qwen3_4b_validation200_v5_banglish.jsonl,86,550 takake 5:6 onupate bhag korle prothom ongsh koto hobe 550 ÷ 5 = 110 110 ÷ 6 = 18.333... Prothom ongsh (first remainder) = 550 mod 5 = 0 Then 0 mod 6 = 0 But the question is...
Qwen3-4B,Qwen/Qwen3-4B-Instruct-2507,english,English,banglamath,short_answer,short_answer,banglamath_0226,২৫০ টাকা,False,250,250,5;6;11;50;250;550,250,1,6,1,True,True,True,True,True,True,False,results/runs/qwen3_4b_validation200_v3_128/results/runs/qwen3_4b_validation200_v3_128.jsonl,258,The total ratio parts = 5 + 6 = 11 Total amount = 550 Taka Each part = 550 ÷ 11 = 50 Taka First part (5 parts) = 5 × 50 = 250 Taka 250
Qwen3-4B,Qwen/Qwen3-4B-Instruct-2507,bangla,Bangla,banglamath,short_answer,short_answer,banglamath_0227,৭.৫ কিমি,False,1 পার,7.5,1;2;3;5,1,1,4,1,True,True,False,False,False,False,False,results/runs/qwen3_4b_validation200_v3_128/results/runs/qwen3_4b_validation200_v3_128.jsonl,112,"দুই বন্ধুর বাড়ি থেকে স্কুলের দূরত্বের অনুপাত = 2:3 প্রথম বন্ধুর দূরত্ব = 5 কিমি অনুপাতের অনুসারে, 2 পার্ট = 5 কিমি 1 পার"
Qwen3-4B,Qwen/Qwen3-4B-Instruct-2507,banglish_clean,Reviewed Banglish,banglamath,short_answer,short_answer,banglamath_0227,৭.৫ কিমি,False,.,7.5,,,1,0,0,False,False,False,False,False,False,True,results/runs/qwen3_4b_validation200_v5_banglish/results/runs/qwen3_4b_validation200_v5_banglish.jsonl,38,"The question appears to be in a mix of Bengali and English, and it seems to be asking about a sequence or pattern involving ""bondhur durotto"" (likely meaning ""bondhur"" or ""pair""..."
Qwen3-4B,Qwen/Qwen3-4B-Instruct-2507,english,English,banglamath,short_answer,short_answer,banglamath_0227,৭.৫ কিমি,False,7.5,7.5,2;2.5;3;5;7.5,7.5,1,5,1,True,True,True,True,True,True,False,results/runs/qwen3_4b_validation200_v3_128/results/runs/qwen3_4b_validation200_v3_128.jsonl,114,"The ratio of the distances is 2:3. Let the distances be 2x and 3x. Given that the first friend is 5 km away: 2x = 5 x = 5 / 2 = 2.5 Then, the second friend’s distance is: 3x = 3..."
Qwen3-4B,Qwen/Qwen3-4B-Instruct-2507,bangla,Bangla,banglamath,short_answer,short_answer,banglamath_0228,২/৫,False,৪০% = \frac{40}{100} = \frac{2}{5},0.4,0.4;40,0.4;40,1,2,2,True,True,True,True,True,True,False,results/runs/qwen3_4b_validation200_v3_128/results/runs/qwen3_4b_validation200_v3_128.jsonl,166,৪০% = \frac{40}{100} = \frac{2}{5}
Qwen3-4B,Qwen/Qwen3-4B-Instruct-2507,banglish_clean,Reviewed Banglish,banglamath,short_answer,short_answer,banglamath_0228,২/৫,False,40% ke sadharon bhognangshe prokash korole ki hoy,0.4,0.4;40,0.4;40,1,2,2,True,True,True,True,True,True,False,results/runs/qwen3_4b_validation200_v5_banglish/results/runs/qwen3_4b_validation200_v5_banglish.jsonl,56,"40% ke sadharon bhognangshe prokash korole ki hoy → 40% ke sadharon bhognangshe prokash korole ki hoy, ta holo 40% ke sadharon bhognangshe prokash korole ki hoy, jekhane ""sadhar..."
Qwen3-4B,Qwen/Qwen3-4B-Instruct-2507,english,English,banglamath,short_answer,short_answer,banglamath_0228,২/৫,False,\frac{2}{5},0.4,0.4,0.4,1,1,1,True,True,True,True,True,True,False,results/runs/qwen3_4b_validation200_v3_128/results/runs/qwen3_4b_validation200_v3_128.jsonl,168,\frac{2}{5}
Qwen3-4B,Qwen/Qwen3-4B-Instruct-2507,bangla,Bangla,banglamath,short_answer,short_answer,banglamath_0229,1.5,True,1.5,1.5,1.5,1.5,1,1,1,True,True,True,True,False,False,False,results/runs/qwen3_4b_validation200_v3_128/results/runs/qwen3_4b_validation200_v3_128.jsonl,586,1.5
Qwen3-4B,Qwen/Qwen3-4B-Instruct-2507,banglish_clean,Reviewed Banglish,banglamath,short_answer,short_answer,banglamath_0229,1.5,False,150,1.5,1.5;100;150,150,1,3,1,True,True,True,False,True,False,False,results/runs/qwen3_4b_validation200_v5_banglish/results/runs/qwen3_4b_validation200_v5_banglish.jsonl,196,"150% ke doshomik bhognangshe prokash korole ki hoy, tai 150% = 150/100 = 1.5 Doshomik bhognangshe prokash korle, 1.5 = 1.5 × 100 = 150 Teh, 150% ke doshomik bhognangshe prokash..."
Qwen3-4B,Qwen/Qwen3-4B-Instruct-2507,english,English,banglamath,short_answer,short_answer,banglamath_0229,1.5,True,1.5,1.5,1.5,1.5,1,1,1,True,True,True,True,False,False,False,results/runs/qwen3_4b_validation200_v3_128/results/runs/qwen3_4b_validation200_v3_128.jsonl,588,1.5
Qwen3-4B,Qwen/Qwen3-4B-Instruct-2507,bangla,Bangla,banglamath,short_answer,short_answer,banglamath_0230,20%,True,25 টাকা 125 টাকার শতকরা = (25 / 125) × 100 = 20%,0.2;20,0.2;20;25;100;125,0.2;20;25;100;125,2,5,5,True,True,True,True,False,False,False,results/runs/qwen3_4b_validation200_v3_128/results/runs/qwen3_4b_validation200_v3_128.jsonl,154,25 টাকা 125 টাকার শতকরা = (25 / 125) × 100 = 20%
Qwen3-4B,Qwen/Qwen3-4B-Instruct-2507,banglish_clean,Reviewed Banglish,banglamath,short_answer,short_answer,banglamath_0230,20%,False,.,0.2;20,25;125,,2,2,0,True,False,False,False,False,False,False,results/runs/qwen3_4b_validation200_v5_banglish/results/runs/qwen3_4b_validation200_v5_banglish.jsonl,52,"The question ""25 taka 125 takar shotkora koto"" appears to be in a mix of Bengali and possibly a typo or misphrasing. ""Taka"" is the currency unit in Bangladesh, and ""takar"" might..."
Qwen3-4B,Qwen/Qwen3-4B-Instruct-2507,english,English,banglamath,short_answer,short_answer,banglamath_0230,20%,True,20%,0.2;20,0.2;20;25;100;125,0.2;20,2,5,2,True,True,True,True,False,False,False,results/runs/qwen3_4b_validation200_v3_128/results/runs/qwen3_4b_validation200_v3_128.jsonl,156,"To find what percent 25 Taka is of 125 Taka, use the formula: $$ \text{Percent} = \left( \frac{25}{125} \right) \times 100 = 0.2 \times 100 = 20\% $$ 20%"
Qwen3-4B,Qwen/Qwen3-4B-Instruct-2507,bangla,Bangla,banglamath,short_answer,short_answer,banglamath_0231,২০ টাকা,False,1.2x = 24,20,0.2;1.2;20;24,1.2;24,1,4,2,True,True,True,False,True,False,False,results/runs/qwen3_4b_validation200_v3_128/results/runs/qwen3_4b_validation200_v3_128.jsonl,523,"লাভ 20% এবং বিক্রয়মূল্য = 24 টাকা ধরি, ক্রয়মূল্য = \( x \) টাকা 20% লাভ হলে, বিক্রয়মূল্য = \( x + \frac{20}{100}x = 1.2x \) \[ 1.2x = 24 \]"
Qwen3-4B,Qwen/Qwen3-4B-Instruct-2507,banglish_clean,Reviewed Banglish,banglamath,short_answer,short_answer,banglamath_0231,২০ টাকা,False,19.2,20,0.2;4.8;19.2;20;24,19.2,1,5,1,True,True,True,False,True,False,False,results/runs/qwen3_4b_validation200_v5_banglish/results/runs/qwen3_4b_validation200_v5_banglish.jsonl,175,20% labhe 24 takay bikroy korle kroyomullo koto 24 er 20% = (20/100) × 24 = 4.8 Tehabe kroyomullo = 24 - 4.8 = 19.2 Final answer: 19.2
Qwen3-4B,Qwen/Qwen3-4B-Instruct-2507,english,English,banglamath,short_answer,short_answer,banglamath_0231,২০ টাকা,True,The cost price is **20 Taka**.,20,0.2;1.2;20;24,20,1,4,1,True,True,True,True,False,False,False,results/runs/qwen3_4b_validation200_v3_128/results/runs/qwen3_4b_validation200_v3_128.jsonl,525,Let the cost price be $ x $. Given that the selling price is 24 Taka with a 20% profit: $$ \text{Selling Price} = x + 20\% \text{ of } x = x + 0.2x = 1.2x $$ $$ 1.2x = 24 $$ $$...
Qwen3-4B,Qwen/Qwen3-4B-Instruct-2507,bangla,Bangla,banglamath,short_answer,short_answer,banglamath_0232,২০০ টাকা,False,"অর্থাৎ, বিক্রয়মূল্য = প্রকৃত মূল্যের 85% (কারণ 100% - 15% = 85%)",200,0.15;0.85;1;15;85;100;170,0.15;0.85;1;15;85;100,1,7,6,True,True,False,False,False,False,False,results/runs/qwen3_4b_validation200_v3_128/results/runs/qwen3_4b_validation200_v3_128.jsonl,214,"বইটি 15% কমিশনে 170 টাকায় বিক্রয় করা হয়। অর্থাৎ, বিক্রয়মূল্য = প্রকৃত মূল্যের 85% (কারণ 100% - 15% = 85%) ধরি, প্রকৃত মূল"
Qwen3-4B,Qwen/Qwen3-4B-Instruct-2507,banglish_clean,Reviewed Banglish,banglamath,short_answer,short_answer,banglamath_0232,২০০ টাকা,False,25.5,200,0.15;15;25.5;170,25.5,1,4,1,True,True,False,False,False,False,False,results/runs/qwen3_4b_validation200_v5_banglish/results/runs/qwen3_4b_validation200_v5_banglish.jsonl,72,170 takay bikroy korle 15% komishon er prokrit mullo koto: 15% komishon = 15/100 × 170 = 0.15 × 170 = 25.5 Prokrit mullo = 25.5 takay Final answer: 25.5
Qwen3-4B,Qwen/Qwen3-4B-Instruct-2507,english,English,banglamath,short_answer,short_answer,banglamath_0232,২০০ টাকা,False,147.83,200,0.15;1;1.15;15;100;115;147.8260869565217391304347826;147.83;170,147.83,1,9,1,True,True,False,False,False,False,False,results/runs/qwen3_4b_validation200_v3_128/results/runs/qwen3_4b_validation200_v3_128.jsonl,216,"Let the actual price of the book be $ x $ Taka. The book is sold at 15% commission, meaning the selling price is 115% of the actual price (since 100% + 15% = 115%). So: $$ 1.15x..."
Qwen3-4B,Qwen/Qwen3-4B-Instruct-2507,bangla,Bangla,banglamath,short_answer,short_answer,banglamath_0233,৭ দিন,False,24 জন লোকের দক্ষতা = 24 × (1/168) = 24/168 = 1/,7,0.005952380952380952380952380952;0.03571428571428571428571428571;0.1428571428571428571428571429;0.1666666666666666666666666667;1;6;24;28,0.005952380952380952380952380952;0.1428571428571428571428571429;1;24,1,8,4,True,True,False,False,False,False,False,results/runs/qwen3_4b_validation200_v3_128/results/runs/qwen3_4b_validation200_v3_128.jsonl,379,"28 দিনে 6 জন লোক কাজ করে, তাহলে 1 জন লোকের দক্ষতা = 1/6 × 1/28 = 1/168 কাজ প্রতি দিন। 24 জন লোকের দক্ষতা = 24 × (1/168) = 24/168 = 1/"
Qwen3-4B,Qwen/Qwen3-4B-Instruct-2507,banglish_clean,Reviewed Banglish,banglamath,short_answer,short_answer,banglamath_0233,৭ দিন,False,168 কাজ করা হয় 24 জনের মধ্যে → প্রতি জনের কাজ = 168 / 24 = 7,7,1;2;6;7;24;28;168,7;24;168,1,7,3,True,True,True,True,True,True,False,results/runs/qwen3_4b_validation200_v5_banglish/results/runs/qwen3_4b_validation200_v5_banglish.jsonl,127,"6 jon lok 28 dine kaj kore, 24 jon lok koto dine kore? 1. 6 jon lok 28 dine kaj kore → 6 × 28 = 168 কাজ 2. 24 jon lok er kaj kore? 168 কাজ করা হয় 24 জনের মধ্যে → প্রতি জনের কাজ..."
Qwen3-4B,Qwen/Qwen3-4B-Instruct-2507,english,English,banglamath,short_answer,short_answer,banglamath_0233,৭ দিন,False,168 = 2,7,1;2;6;24;28;168,2;168,1,6,2,True,True,False,False,False,False,False,results/runs/qwen3_4b_validation200_v3_128/results/runs/qwen3_4b_validation200_v3_128.jsonl,381,We are given that 6 people complete a task in 28 days. We want to find how many days it will take for 24 people to complete the same task. ### Step 1: Understand the relationshi...
Qwen3-4B,Qwen/Qwen3-4B-Instruct-2507,bangla,Bangla,banglamath,short_answer,short_answer,banglamath_0234,৬ দিন,False,একত্রে একদিনে করে কাজ = \( \frac{1,6,0.06666666666666666666666666667;0.1;1;10;15,1,1,5,1,True,True,False,False,False,False,False,results/runs/qwen3_4b_validation200_v3_128/results/runs/qwen3_4b_validation200_v3_128.jsonl,16,"ক 10 দিনে কাজ করে, তাহলে কে একদিনে করে = \( \frac{1}{10} \) খ 15 দিনে কাজ করে, তাহলে খ একদিনে করে = \( \frac{1}{15} \) একত্রে একদিনে করে কাজ = \( \frac{1"
Qwen3-4B,Qwen/Qwen3-4B-Instruct-2507,banglish_clean,Reviewed Banglish,banglamath,short_answer,short_answer,banglamath_0234,৬ দিন,False,10 + 15 = 25 dine korbe.,6,10;15;25,10;15;25,1,3,3,True,True,False,False,False,False,False,results/runs/qwen3_4b_validation200_v5_banglish/results/runs/qwen3_4b_validation200_v5_banglish.jsonl,6,10 + 15 = 25 dine korbe.
Qwen3-4B,Qwen/Qwen3-4B-Instruct-2507,english,English,banglamath,short_answer,short_answer,banglamath_0234,৬ দিন,False,\frac{1}{10} + \frac{1}{15} = \frac{3}{30} + \frac{2}{30} = \frac{5}{30} = \frac{1,6,0.06666666666666666666666666667;0.1;0.1666666666666666666666666667;1;10;15,0.06666666666666666666666666667;0.1;0.1666666666666666666666666667;1,1,6,4,True,True,False,False,False,False,False,results/runs/qwen3_4b_validation200_v3_128/results/runs/qwen3_4b_validation200_v3_128.jsonl,18,"A can do the job in 10 days, so A's work rate is $ \frac{1}{10} $ of the job per day. B can do the job in 15 days, so B's work rate is $ \frac{1}{15} $ of the job per day. Toget..."
Qwen3-4B,Qwen/Qwen3-4B-Instruct-2507,bangla,Bangla,banglamath,short_answer,short_answer,banglamath_0236,১২ টাকা,False,১২,12,1;2;6;10;12;60,12,1,6,1,True,True,True,True,True,True,False,results/runs/qwen3_4b_validation200_v3_128/results/runs/qwen3_4b_validation200_v3_128.jsonl,64,"১০টি বলপেনের দাম ৬০ টাকা হলে, ১টি বলপেনের দাম = ৬০ ÷ ১০ = ৬ টাকা তাহলে ২টি বলপেনের দাম = ২ × ৬ = ১২ টাকা ১২"
Qwen3-4B,Qwen/Qwen3-4B-Instruct-2507,banglish_clean,Reviewed Banglish,banglamath,short_answer,short_answer,banglamath_0236,১২ টাকা,False,Unable to evaluate due to unclear or malformed input.,12,,,1,0,0,False,False,False,False,False,False,True,results/runs/qwen3_4b_validation200_v5_banglish/results/runs/qwen3_4b_validation200_v5_banglish.jsonl,22,"The given text appears to be in a mix of Bengali and possibly a typo or miscommunication. It seems to describe a product (bolopener dam) with pricing and quantity details, but t..."
Qwen3-4B,Qwen/Qwen3-4B-Instruct-2507,english,English,banglamath,short_answer,short_answer,banglamath_0236,১২ টাকা,False,12,12,1;2;6;10;12;60,12,1,6,1,True,True,True,True,True,True,False,results/runs/qwen3_4b_validation200_v3_128/results/runs/qwen3_4b_validation200_v3_128.jsonl,66,Cost of 10 pens = 60 Taka Cost of 1 pen = 60 ÷ 10 = 6 Taka Cost of 2 pens = 2 × 6 = 12 Taka 12
Qwen3-4B,Qwen/Qwen3-4B-Instruct-2507,bangla,Bangla,banglamath,short_answer,short_answer,banglamath_0237,৬৪ টাকা,False,64,64,1;4;12;16;48;64,64,1,6,1,True,True,True,True,True,True,False,results/runs/qwen3_4b_validation200_v3_128/results/runs/qwen3_4b_validation200_v3_128.jsonl,295,১ ডজন = ১২টি ডিম ১২টি ডিমের দাম = ৪৮ টাকা ১টি ডিমের দাম = 48 ÷ 12 = ৪ টাকা ১৬টি ডিমের দাম = 16 × 4 = ৬৪ টাকা 64
Qwen3-4B,Qwen/Qwen3-4B-Instruct-2507,banglish_clean,Reviewed Banglish,banglamath,short_answer,short_answer,banglamath_0237,৬৪ টাকা,False,no valid evaluation possible,64,1;16;48,,1,3,0,True,False,False,False,False,False,False,results/runs/qwen3_4b_validation200_v5_banglish/results/runs/qwen3_4b_validation200_v5_banglish.jsonl,99,"The given input ""1 dojon dimer dam 48 taka hole 16ti dimer dam koto"" appears to be a mix of words that do not form a coherent sentence or meaningful phrase in any standard langu..."
Qwen3-4B,Qwen/Qwen3-4B-Instruct-2507,english,English,banglamath,short_answer,short_answer,banglamath_0237,৬৪ টাকা,False,64,64,1;4;12;16;48;64,64,1,6,1,True,True,True,True,True,True,False,results/runs/qwen3_4b_validation200_v3_128/results/runs/qwen3_4b_validation200_v3_128.jsonl,297,1 dozen = 12 eggs Cost of 12 eggs = 48 Taka Cost of 1 egg = 48 ÷ 12 = 4 Taka Cost of 16 eggs = 16 × 4 = 64 Taka 64
Qwen3-4B,Qwen/Qwen3-4B-Instruct-2507,bangla,Bangla,banglamath,short_answer,short_answer,banglamath_0518,১৫০ মিটার,False,$ 2(3x + x) = 400 $,150,2;3;400,2;3;400,1,3,3,True,True,False,False,False,False,False,results/runs/qwen3_4b_validation200_v3_128/results/runs/qwen3_4b_validation200_v3_128.jsonl,364,"ধরি, বাগানের প্রস্থ = $ x $ মিটার তবে দৈর্ঘ্য = $ 3x $ মিটার আয়তাকার বাগানের পরিসীমা = $ 2(\text{দৈর্ঘ্য} + \text{প্রস্থ}) $ $ 2(3x + x) = 400 $ $"
Qwen3-4B,Qwen/Qwen3-4B-Instruct-2507,banglish_clean,Reviewed Banglish,banglamath,short_answer,short_answer,banglamath_0518,১৫০ মিটার,False,Unable to evaluate due to nonsensical or corrupted input.,150,,,1,0,0,False,False,False,False,False,False,True,results/runs/qwen3_4b_validation200_v5_banglish/results/runs/qwen3_4b_validation200_v5_banglish.jsonl,122,"The given text appears to be in a corrupted or nonsensical form, possibly due to a language or encoding issue. It does not form a coherent sentence in any known language, and th..."
Qwen3-4B,Qwen/Qwen3-4B-Instruct-2507,english,English,banglamath,short_answer,short_answer,banglamath_0518,১৫০ মিটার,False,w = \frac{400}{8} = 50,150,2;3;4;8;50;400,50,1,6,1,True,True,False,False,False,False,False,results/runs/qwen3_4b_validation200_v3_128/results/runs/qwen3_4b_validation200_v3_128.jsonl,366,Let the width of the garden be $ w $ meters. Then the length is $ 3w $ meters. The perimeter of a rectangle is given by: $$ P = 2(\text{length} + \text{width}) = 2(3w + w) = 2(4...
Qwen3-4B,Qwen/Qwen3-4B-Instruct-2507,bangla,Bangla,banglamath,short_answer,short_answer,banglamath_0519,৭৫০০ বর্গমিটার,False,7500,2;7500,2;50;150;7500,7500,2,4,1,True,True,True,False,True,False,False,results/runs/qwen3_4b_validation200_v3_128/results/runs/qwen3_4b_validation200_v3_128.jsonl,289,আয়তাকার বাগানের ক্ষেত্রফল = দৈর্ঘ্য × প্রস্থ = 150 মিটার × 50 মিটার = 7500 বর্গমিটার 7500
Qwen3-4B,Qwen/Qwen3-4B-Instruct-2507,banglish_clean,Reviewed Banglish,banglamath,short_answer,short_answer,banglamath_0519,৭৫০০ বর্গমিটার,False,75,2;7500,2;50;75;150;7500,75,2,5,1,True,True,True,False,True,False,False,results/runs/qwen3_4b_validation200_v5_banglish/results/runs/qwen3_4b_validation200_v5_banglish.jsonl,97,"The question appears to be in a mix of Bengali and possibly a typo or miscommunication. However, interpreting it in a logical context: ""ekti ayotokar baganer doirgho 150 mitar o..."
Qwen3-4B,Qwen/Qwen3-4B-Instruct-2507,english,English,banglamath,short_answer,short_answer,banglamath_0519,৭৫০০ বর্গমিটার,False,7500,2;7500,2;50;150;7500,7500,2,4,1,True,True,True,False,True,False,False,results/runs/qwen3_4b_validation200_v3_128/results/runs/qwen3_4b_validation200_v3_128.jsonl,291,The area of a rectangle is calculated using the formula: Area = length × width Given: Length = 150 meters Width = 50 meters Area = 150 × 50 = 7500 square meters 7500
Qwen3-4B,Qwen/Qwen3-4B-Instruct-2507,bangla,Bangla,banglamath,short_answer,short_answer,banglamath_0521,৭০ মিটার,False,70,70,2;15;20;35;70,70,1,5,1,True,True,True,True,True,True,False,results/runs/qwen3_4b_validation200_v3_128/results/runs/qwen3_4b_validation200_v3_128.jsonl,574,জমির দৈর্ঘ্য = 20 মিটার প্রস্থ = 15 মিটার পরিসীমা = 2 × (দৈর্ঘ্য + প্রস্থ) = 2 × (20 + 15) = 2 × 35 = 70 মিটার 70
Qwen3-4B,Qwen/Qwen3-4B-Instruct-2507,banglish_clean,Reviewed Banglish,banglamath,short_answer,short_answer,banglamath_0521,৭০ মিটার,False,35.,70,15;20;35,35,1,3,1,True,True,False,False,False,False,False,results/runs/qwen3_4b_validation200_v5_banglish/results/runs/qwen3_4b_validation200_v5_banglish.jsonl,192,20 + 15 = 35 The answer is 35.
Qwen3-4B,Qwen/Qwen3-4B-Instruct-2507,english,English,banglamath,short_answer,short_answer,banglamath_0521,৭০ মিটার,False,70,70,2;15;20;35;70,70,1,5,1,True,True,True,True,True,True,False,results/runs/qwen3_4b_validation200_v3_128/results/runs/qwen3_4b_validation200_v3_128.jsonl,576,The perimeter of a rectangle is calculated using the formula: $$ P = 2 \times (length + width) $$ Given: Length = 20 meters Width = 15 meters $$ P = 2 \times (20 + 15) = 2 \time...
Qwen3-4B,Qwen/Qwen3-4B-Instruct-2507,bangla,Bangla,banglamath,short_answer,short_answer,banglamath_0522,১৭৬ বর্গমিটার,False,জমির ভিতরে ২ মিটার চওড়া রাস্তা থাকলে রাস্তাবাদে জমির ক্ষেত্রফল হবে জমির মোট ক্ষেত্রফল থেকে রাস্তার ক্ষেত্রফল বিয়োগ করে।,2;176,2,2,2,1,1,True,True,False,False,False,False,False,results/runs/qwen3_4b_validation200_v3_128/results/runs/qwen3_4b_validation200_v3_128.jsonl,22,জমির ভিতরে ২ মিটার চওড়া রাস্তা থাকলে রাস্তাবাদে জমির ক্ষেত্রফল হবে জমির মোট ক্ষেত্রফল থেকে রাস্তার ক্ষেত্রফল বিয়োগ করে। য
Qwen3-4B,Qwen/Qwen3-4B-Instruct-2507,banglish_clean,Reviewed Banglish,banglamath,short_answer,short_answer,banglamath_0522,১৭৬ বর্গমিটার,False,cannot be provided based on the given input.,2;176,,,2,0,0,False,False,False,False,False,False,True,results/runs/qwen3_4b_validation200_v5_banglish/results/runs/qwen3_4b_validation200_v5_banglish.jsonl,8,"The question appears to be in a mix of Bengali and English and is unclear or possibly malformed. It seems to ask about Jomir Bhitore's land area in a specific route, but the phr..."
Qwen3-4B,Qwen/Qwen3-4B-Instruct-2507,english,English,banglamath,short_answer,short_answer,banglamath_0522,১৭৬ বর্গমিটার,False,Cannot be determined.,2;176,,,2,0,0,False,False,False,False,False,False,True,results/runs/qwen3_4b_validation200_v3_128/results/runs/qwen3_4b_validation200_v3_128.jsonl,24,"The question does not provide sufficient information to determine the area of the land including the path. Specifically, the dimensions of the land (such as length and width) ar..."
Qwen3-4B,Qwen/Qwen3-4B-Instruct-2507,bangla,Bangla,banglamath,short_answer,short_answer,banglamath_0526,৩০ বর্গ মিটার,False,30,2;30,2;6;10;30,30,2,4,1,True,True,True,False,True,False,False,results/runs/qwen3_4b_validation200_v3_128/results/runs/qwen3_4b_validation200_v3_128.jsonl,493,ত্রিভুজের ক্ষেত্রফল = (ভূমি × উচ্চতা) / 2 = (10 × 6) / 2 = 60 / 2 = 30 বর্গমিটার 30
Qwen3-4B,Qwen/Qwen3-4B-Instruct-2507,banglish_clean,Reviewed Banglish,banglamath,short_answer,short_answer,banglamath_0526,৩০ বর্গ মিটার,False,60 mitar²,2;30,2;6;10;60,2;60,2,4,2,True,True,False,False,False,False,False,results/runs/qwen3_4b_validation200_v5_banglish/results/runs/qwen3_4b_validation200_v5_banglish.jsonl,165,10 × 6 = 60 60 mitar²
Qwen3-4B,Qwen/Qwen3-4B-Instruct-2507,english,English,banglamath,short_answer,short_answer,banglamath_0526,৩০ বর্গ মিটার,True,30 square meters,2;30,2;30,2;30,2,2,2,True,True,True,True,False,False,False,results/runs/qwen3_4b_validation200_v3_128/results/runs/qwen3_4b_validation200_v3_128.jsonl,495,30 square meters
Qwen3-4B,Qwen/Qwen3-4B-Instruct-2507,bangla,Bangla,banglamath,short_answer,short_answer,banglamath_0531,৫ মেট্রিক টন ৫০৭ কেজি ৭০০ গ্রাম,False,"সুতরাং, 11 খন্ড জমিতে হব",5;507;700,0.7;11;500;500.7;700;5507.7,11,3,6,1,True,True,False,False,False,False,False,results/runs/qwen3_4b_validation200_v3_128/results/runs/qwen3_4b_validation200_v3_128.jsonl,481,"প্রতি খন্ডে আলু = 500 কেজি 700 গ্রাম = 500 + 700/1000 = 500.7 কেজি 11 খন্ডে আলু = 11 × 500.7 = 5507.7 কেজি সুতরাং, 11 খন্ড জমিতে হব"
Qwen3-4B,Qwen/Qwen3-4B-Instruct-2507,banglish_clean,Reviewed Banglish,banglamath,short_answer,short_answer,banglamath_0531,৫ মেট্রিক টন ৫০৭ কেজি ৭০০ গ্রাম,False,তাহলে 11 খন্দ জমি মাত্র আলু = 11 × 1.4 = 1,5;507;700,1;1.4;11;500;700,1;1.4;11,3,5,3,True,True,False,False,False,False,False,results/runs/qwen3_4b_validation200_v5_banglish/results/runs/qwen3_4b_validation200_v5_banglish.jsonl,161,"500 গ্রাম খন্দ জমি মাত্র 700 গ্রাম আলু হলে, 1 খন্দ জমি মাত্র আলু = 700 / 500 = 1.4 গ্রাম তাহলে 11 খন্দ জমি মাত্র আলু = 11 × 1.4 = 1"
Qwen3-4B,Qwen/Qwen3-4B-Instruct-2507,english,English,banglamath,short_answer,short_answer,banglamath_0531,৫ মেট্রিক টন ৫০৭ কেজি ৭০০ গ্রাম,False,55,5;507;700,11;55;500;700;5507;500000;500700;5507700,55,3,8,1,True,True,False,False,False,False,False,results/runs/qwen3_4b_validation200_v3_128/results/runs/qwen3_4b_validation200_v3_128.jsonl,483,"First, convert 500 kg 700 g to grams: 500 kg = 500,000 g 500,000 g + 700 g = 500,700 g Now, multiply by 11: 500,700 × 11 = 5,507,700 g Convert back to kilograms and grams: 5,507..."
Qwen3-4B,Qwen/Qwen3-4B-Instruct-2507,bangla,Bangla,banglamath,short_answer,short_answer,banglamath_0532,১ মেট্রিক টন ৭৫০ কেজি,False,1.75,1;750,1.75;16;28,1.75,2,3,1,True,True,False,False,False,False,False,results/runs/qwen3_4b_validation200_v3_128/results/runs/qwen3_4b_validation200_v3_128.jsonl,118,প্রতি একর জমিতে ধানের পরিমাণ = 28 মেট্রিক টন ÷ 16 = 1.75 মেট্রিক টন 1.75
Qwen3-4B,Qwen/Qwen3-4B-Instruct-2507,banglish_clean,Reviewed Banglish,banglamath,short_answer,short_answer,banglamath_0532,১ মেট্রিক টন ৭৫০ কেজি,False,1.75,1;750,1.75;16;28,1.75,2,3,1,True,True,False,False,False,False,False,results/runs/qwen3_4b_validation200_v5_banglish/results/runs/qwen3_4b_validation200_v5_banglish.jsonl,40,28 metrik ton ÷ 16 ekor = 1.75 metrik ton per ekor Final answer: 1.75
Qwen3-4B,Qwen/Qwen3-4B-Instruct-2507,english,English,banglamath,short_answer,short_answer,banglamath_0532,১ মেট্রিক টন ৭৫০ কেজি,False,1.75,1;750,1.75;16;28,1.75,2,3,1,True,True,False,False,False,False,False,results/runs/qwen3_4b_validation200_v3_128/results/runs/qwen3_4b_validation200_v3_128.jsonl,120,28 metric tons ÷ 16 acres = 1.75 metric tons per acre 1.75
Qwen3-4B,Qwen/Qwen3-4B-Instruct-2507,bangla,Bangla,banglamath,short_answer,short_answer,banglamath_0533,৬৬৬ মেট্রিক টন ৬৬৬ কেজি ৬৬৬ গ্রাম (প্রায়),False,66,666,1;30;66;666.67;20000,66,1,5,1,True,True,False,False,False,False,False,results/runs/qwen3_4b_validation200_v3_128/results/runs/qwen3_4b_validation200_v3_128.jsonl,205,এক মাসে ২০০০০ মেট্রিক টন রড তৈরি হলে দৈনিক রড তৈরির পরিমাণ হবে: 1 মাস = 30 দিন দৈনিক রড = 20000 ÷ 30 = 666.67 মেট্রিক টন 66
Qwen3-4B,Qwen/Qwen3-4B-Instruct-2507,banglish_clean,Reviewed Banglish,banglamath,short_answer,short_answer,banglamath_0533,৬৬৬ মেট্রিক টন ৬৬৬ কেজি ৬৬৬ গ্রাম (প্রায়),False,20000 metrik ton rod toiri hole doinik ki poriman rod toiri hoy 20000 metrik ton।,666,20000,20000,1,1,1,True,True,False,False,False,False,False,results/runs/qwen3_4b_validation200_v5_banglish/results/runs/qwen3_4b_validation200_v5_banglish.jsonl,69,20000 metrik ton rod toiri hole doinik ki poriman rod toiri hoy 20000 metrik ton।
Qwen3-4B,Qwen/Qwen3-4B-Instruct-2507,english,English,banglamath,short_answer,short_answer,banglamath_0533,৬৬৬ মেট্রিক টন ৬৬৬ কেজি ৬৬৬ গ্রাম (প্রায়),False,666.67,666,30;666.67;20000,666.67,1,3,1,True,True,False,False,False,False,False,results/runs/qwen3_4b_validation200_v3_128/results/runs/qwen3_4b_validation200_v3_128.jsonl,207,"20,000 metric tons per month ÷ 30 days = 666.67 metric tons per day 666.67"
Qwen3-4B,Qwen/Qwen3-4B-Instruct-2507,bangla,Bangla,banglamath,short_answer,short_answer,banglamath_0538,৩৮৪ বর্গ মিটার,False,"রাস্তা 2 মিটার চওড়া, যা আয়তাকার বাগানের ভিতরে থাকছে। এই রাস্তার ক্ষেত্�",2;384,2;40;60,2,2,3,1,True,True,False,False,False,False,False,results/runs/qwen3_4b_validation200_v3_128/results/runs/qwen3_4b_validation200_v3_128.jsonl,355,"আয়তাকার বাগানের দৈর্ঘ্য = 60 মিটার প্রস্থ = 40 মিটার রাস্তা 2 মিটার চওড়া, যা আয়তাকার বাগানের ভিতরে থাকছে। এই রাস্তার ক্ষেত্�"
Qwen3-4B,Qwen/Qwen3-4B-Instruct-2507,banglish_clean,Reviewed Banglish,banglamath,short_answer,short_answer,banglamath_0538,৩৮৪ বর্গ মিটার,False,Total area = 60 × 40 = 2400 square,2;384,2;40;60;2400,40;60;2400,2,4,3,True,True,False,False,False,False,False,results/runs/qwen3_4b_validation200_v5_banglish/results/runs/qwen3_4b_validation200_v5_banglish.jsonl,119,"The question is in Bengali and translates to: ""A road has a length of 60 meters and a width of 40 meters. If 2 meters of the road is blocked, how much area is left?"" We are to f..."
Qwen3-4B,Qwen/Qwen3-4B-Instruct-2507,english,English,banglamath,short_answer,short_answer,banglamath_0538,৩৮৪ বর্গ মিটার,False,60 × 40 = 2400 m²,2;384,2;36;40;56;60;2400,2;40;60;2400,2,6,4,True,True,False,False,False,False,False,results/runs/qwen3_4b_validation200_v3_128/results/runs/qwen3_4b_validation200_v3_128.jsonl,357,"The garden is 60m by 40m. There is a 2m wide path inside, so we assume the path goes around the inside, reducing both the length and width by 2m on each side. So, the inner dime..."
Qwen3-4B,Qwen/Qwen3-4B-Instruct-2507,bangla,Bangla,banglamath,short_answer,short_answer,banglamath_0539,১৪৭ বর্গমিটার,False,= 14,2;147,2;7.5;14;1102.5,14,2,4,1,True,True,False,False,False,False,False,results/runs/qwen3_4b_validation200_v3_128/results/runs/qwen3_4b_validation200_v3_128.jsonl,400,মোট খরচ = ১১০২.৫০ টাকা প্রতি বর্গমিটারে খরচ = ৭.৫০ টাকা ক্ষেত্রফল = মোট খরচ ÷ প্রতি বর্গমিটারে খরচ = 1102.50 ÷ 7.50 = 14
Qwen3-4B,Qwen/Qwen3-4B-Instruct-2507,banglish_clean,Reviewed Banglish,banglamath,short_answer,short_answer,banglamath_0539,১৪৭ বর্গমিটার,False,147.,2;147,7.5;147;1102.5,147,2,3,1,True,True,False,False,False,False,False,results/runs/qwen3_4b_validation200_v5_banglish/results/runs/qwen3_4b_validation200_v5_banglish.jsonl,134,1102.50 ÷ 7.50 = 147 The answer is 147.
Qwen3-4B,Qwen/Qwen3-4B-Instruct-2507,english,English,banglamath,short_answer,short_answer,banglamath_0539,১৪৭ বর্গমিটার,False,147,2;147,2;147,147,2,2,1,True,True,True,False,True,False,False,results/runs/qwen3_4b_validation200_v3_128/results/runs/qwen3_4b_validation200_v3_128.jsonl,402,"To find the area of the floor, divide the total cost by the cost per square meter: Area = Total cost / Cost per sq. meter Area = 1102.50 / 7.50 Area = 147 sq. meters 147"
Qwen3-4B,Qwen/Qwen3-4B-Instruct-2507,bangla,Bangla,banglamath,short_answer,short_answer,banglamath_0540,২১ মিটার,False,$ x = 7 $,21,2;3;7;49;147,7,1,5,1,True,True,False,False,False,False,False,results/runs/qwen3_4b_validation200_v3_128/results/runs/qwen3_4b_validation200_v3_128.jsonl,292,"ধরি, ঘরের প্রস্থ = $ x $ মিটার তবে দৈর্ঘ্য = $ 3x $ মিটার ক্ষেত্রফল = দৈর্ঘ্য × প্রস্থ $ 3x \times x = 147 $ $ 3x^2 = 147 $ $ x^2 = 49 $ $ x = 7 $ তাহল"
Qwen3-4B,Qwen/Qwen3-4B-Instruct-2507,banglish_clean,Reviewed Banglish,banglamath,short_answer,short_answer,banglamath_0540,২১ মিটার,False,ed meaningfully.,21,,,1,0,0,False,False,False,False,False,False,True,results/runs/qwen3_4b_validation200_v5_banglish/results/runs/qwen3_4b_validation200_v5_banglish.jsonl,98,The given text appears to be in a mix of Bengali and possibly corrupted or nonsensical characters. It does not form a coherent question or statement in any standard language. Th...
Qwen3-4B,Qwen/Qwen3-4B-Instruct-2507,english,English,banglamath,short_answer,short_answer,banglamath_0540,২১ মিটার,False,w = \sqrt{49} = 7,21,2;3;7;49;147,7;49,1,5,2,True,True,False,False,False,False,False,results/runs/qwen3_4b_validation200_v3_128/results/runs/qwen3_4b_validation200_v3_128.jsonl,294,Let the width of the room be $ w $ meters. Then the length is $ 3w $ meters. The area of a rectangle is given by: $$ \text{Area} = \text{length} \times \text{width} $$ $$ 147 =...
Qwen3-4B,Qwen/Qwen3-4B-Instruct-2507,bangla,Bangla,banglamath,short_answer,short_answer,banglamath_0541,৪৪৪ বর্গমিটার,False,রাস্তা 3 মিটার চওড়া এবং বাগানের ভিতরে থাকে। অর্থাৎ রাস্তা দৈর্ঘ্য ও প্রস্থের,2;444,3;30;50,3,2,3,1,True,True,False,False,False,False,False,results/runs/qwen3_4b_validation200_v3_128/results/runs/qwen3_4b_validation200_v3_128.jsonl,46,আয়তাকার বাগানের দৈর্ঘ্য = 50 মি প্রস্থ = 30 মি রাস্তা 3 মিটার চওড়া এবং বাগানের ভিতরে থাকে। অর্থাৎ রাস্তা দৈর্ঘ্য ও প্রস্থের
Qwen3-4B,Qwen/Qwen3-4B-Instruct-2507,banglish_clean,Reviewed Banglish,banglamath,short_answer,short_answer,banglamath_0541,৪৪৪ বর্গমিটার,False,"→ ""Inside it, there is a 3-mile wide road.""",2;444,3;30;50,3,2,3,1,True,True,False,False,False,False,False,results/runs/qwen3_4b_validation200_v5_banglish/results/runs/qwen3_4b_validation200_v5_banglish.jsonl,16,"The question appears to be in a mix of Bengali and English, and it seems to be asking about the distance between two points given certain conditions. Let's interpret it carefull..."
Qwen3-4B,Qwen/Qwen3-4B-Instruct-2507,english,English,banglamath,short_answer,short_answer,banglamath_0541,৪৪৪ বর্গমিটার,False,44 × 2,2;444,2;3;24;30;44;50,2;44,2,6,2,True,True,False,False,False,False,False,results/runs/qwen3_4b_validation200_v3_128/results/runs/qwen3_4b_validation200_v3_128.jsonl,48,"The garden is 50m by 30m. A 3m wide path is inside, so we need to find the area of the path. Assuming the path goes all the way around the inside (like a border), we subtract 3m..."
Qwen3-4B,Qwen/Qwen3-4B-Instruct-2507,bangla,Bangla,banglamath,short_answer,short_answer,banglamath_0542,৩৪০০ টাকা,False,3400,3400,2;24;25;44;68;136;3400,3400,1,7,1,True,True,True,True,True,True,False,results/runs/qwen3_4b_validation200_v3_128/results/runs/qwen3_4b_validation200_v3_128.jsonl,133,বাগানের পরিসীমা = 2 × (দৈর্ঘ্য + প্রস্থ) = 2 × (44 + 24) = 2 × 68 = 136 মিটার প্রতি মিটারে 25 টাকা হিসেবে খরচ: 136 × 25 = 3400 টাকা 3400
Qwen3-4B,Qwen/Qwen3-4B-Instruct-2507,banglish_clean,Reviewed Banglish,banglamath,short_answer,short_answer,banglamath_0542,৩৪০০ টাকা,False,2. Cost per square mile = 25 taka,3400,1;2;24;25;44;1056,2;25,1,6,2,True,True,False,False,False,False,False,results/runs/qwen3_4b_validation200_v5_banglish/results/runs/qwen3_4b_validation200_v5_banglish.jsonl,45,"The question appears to be in a mix of Bengali and English, and it seems to be asking for the cost of a certain area (likely a rectangular plot) at a rate of 25 taka per square..."
Qwen3-4B,Qwen/Qwen3-4B-Instruct-2507,english,English,banglamath,short_answer,short_answer,banglamath_0542,৩৪০০ টাকা,False,3400,3400,2;24;25;44;68;136;3400,3400,1,7,1,True,True,True,True,True,True,False,results/runs/qwen3_4b_validation200_v3_128/results/runs/qwen3_4b_validation200_v3_128.jsonl,135,"The garden including the path is 44m by 24m. To find the total cost of fencing, we first calculate the perimeter of the garden (since fencing goes around the outside). Perimeter..."
Qwen3-4B,Qwen/Qwen3-4B-Instruct-2507,bangla,Bangla,banglamath,short_answer,short_answer,banglamath_0549,৪৫০ বর্গমিটার,False,"রাস্তা বাগানের বাইরে 2.5 মিটার চওড়া, তাই রাস্তার ক্ষেত্রফল হবে বাগানের পরি�",2;450,2.5;35;50,2.5,2,3,1,True,True,False,False,False,False,False,results/runs/qwen3_4b_validation200_v3_128/results/runs/qwen3_4b_validation200_v3_128.jsonl,418,"বাগানের দৈর্ঘ্য = 50 মিটার বাগানের প্রস্থ = 35 মিটার রাস্তা বাগানের বাইরে 2.5 মিটার চওড়া, তাই রাস্তার ক্ষেত্রফল হবে বাগানের পরি�"
Qwen3-4B,Qwen/Qwen3-4B-Instruct-2507,banglish_clean,Reviewed Banglish,banglamath,short_answer,short_answer,banglamath_0549,৪৫০ বর্গমিটার,False,1750,2;450,35;50;1750,1750,2,3,1,True,True,False,False,False,False,False,results/runs/qwen3_4b_validation200_v5_banglish/results/runs/qwen3_4b_validation200_v5_banglish.jsonl,140,The question seems to be asking for the area of a rectangular path (rasta) given that the length of the garden (baganer doirgho) is 50 miles and the width (prostho) is 35 miles....
Qwen3-4B,Qwen/Qwen3-4B-Instruct-2507,english,English,banglamath,short_answer,short_answer,banglamath_0549,৪৫০ বর্গমিটার,False,"Since the path is 2.5 m wide on **all sides**, we",2;450,1;2;2.5;35;50;1750,2.5,2,6,1,True,True,False,False,False,False,False,results/runs/qwen3_4b_validation200_v3_128/results/runs/qwen3_4b_validation200_v3_128.jsonl,420,We are given: - The garden is 50 m by 35 m. - A 2.5 m wide path surrounds the garden on all sides. We are to find the **area of the path**. --- ### Step 1: Find the area of the...
Qwen3-4B,Qwen/Qwen3-4B-Instruct-2507,bangla,Bangla,banglamath,short_answer,short_answer,banglamath_0550,২২৫৬.২৫ বর্গমিটার,False,"বাগান বর্গাকার হলে, প্রতিটি বাহুর দৈর্ঘ্য = 190 ÷ 4 = 47.5 মিট",2;2256.25,4;47.5;190,4;47.5;190,2,3,3,True,True,False,False,False,False,False,results/runs/qwen3_4b_validation200_v3_128/results/runs/qwen3_4b_validation200_v3_128.jsonl,190,"রাস্তাসহ বাগানের পরিসীমা 190 মিটার। বাগানের পরিসীমা = 190 মিটার। বাগান বর্গাকার হলে, প্রতিটি বাহুর দৈর্ঘ্য = 190 ÷ 4 = 47.5 মিট"
Qwen3-4B,Qwen/Qwen3-4B-Instruct-2507,banglish_clean,Reviewed Banglish,banglamath,short_answer,short_answer,banglamath_0550,২২৫৬.২৫ বর্গমিটার,False,no meaningful evaluation possible,2;2256.25,,,2,0,0,False,False,False,False,False,False,True,results/runs/qwen3_4b_validation200_v5_banglish/results/runs/qwen3_4b_validation200_v5_banglish.jsonl,64,"The given text appears to be a mix of nonsensical or garbled words, possibly in a constructed or fictional language, and does not form a coherent sentence in any known language...."
Qwen3-4B,Qwen/Qwen3-4B-Instruct-2507,english,English,banglamath,short_answer,short_answer,banglamath_0550,২২৫৬.২৫ বর্গমিটার,False,4. Calculate:,2;2256.25,1;2;3;4;47.5;190,4,2,6,1,True,True,False,False,False,False,False,results/runs/qwen3_4b_validation200_v3_128/results/runs/qwen3_4b_validation200_v3_128.jsonl,192,"To find the area of a square field with the same perimeter as the garden, follow these steps: 1. The perimeter of a square is given by: $ P = 4 \times \text{side length} $ 2. Gi..."
Qwen3-4B,Qwen/Qwen3-4B-Instruct-2507,bangla,Bangla,banglamath,short_answer,short_answer,banglamath_0552,৪৫০০ বর্গগজ,False,4500,4500,2;50;90;4500,4500,1,4,1,True,True,True,True,True,True,False,results/runs/qwen3_4b_validation200_v3_128/results/runs/qwen3_4b_validation200_v3_128.jsonl,391,সামান্তরিকের ক্ষেত্রফল = ভূমি × উচ্চতা = 90 গজ × 50 গজ = 4500 গজ² 4500
Qwen3-4B,Qwen/Qwen3-4B-Instruct-2507,banglish_clean,Reviewed Banglish,banglamath,short_answer,short_answer,banglamath_0552,৪৫০০ বর্গগজ,False,{90 + 50 = 140},4500,50;90;140,50;90;140,1,3,3,True,True,False,False,False,False,False,results/runs/qwen3_4b_validation200_v5_banglish/results/runs/qwen3_4b_validation200_v5_banglish.jsonl,131,{90 + 50 = 140}
Qwen3-4B,Qwen/Qwen3-4B-Instruct-2507,english,English,banglamath,short_answer,short_answer,banglamath_0552,৪৫০০ বর্গগজ,False,4500,4500,50;90;4500,4500,1,3,1,True,True,True,True,True,True,False,results/runs/qwen3_4b_validation200_v3_128/results/runs/qwen3_4b_validation200_v3_128.jsonl,393,The area of a parallelogram is calculated using the formula: $$ \text{Area} = \text{base} \times \text{height} $$ Given: - Base = 90 yards - Height = 50 yards $$ \text{Area} = 9...
Qwen3-4B,Qwen/Qwen3-4B-Instruct-2507,bangla,Bangla,banglamath,short_answer,short_answer,banglamath_0553,১১২৫টি,False,1125,1125,4;1125;4500,1125,1,3,1,True,True,True,True,True,True,False,results/runs/qwen3_4b_validation200_v3_128/results/runs/qwen3_4b_validation200_v3_128.jsonl,250,মেঝের ক্ষেত্রফল = 4500 বর্গগজ পাথরের ক্ষেত্রফল = 4 বর্গগজ পাথর লাগবে = মেঝের ক্ষেত্রফল ÷ পাথরের ক্ষেত্রফল = 4500 ÷ 4 = 1125 1125
Qwen3-4B,Qwen/Qwen3-4B-Instruct-2507,banglish_clean,Reviewed Banglish,banglamath,short_answer,short_answer,banglamath_0553,১১২৫টি,False,"The given statement is in Bengali and appears to be a question or statement about agricultural land and the number of ploughs (pathor) required. However, the sentence is grammatically and logically unclear or possibly mistranslated.",1125,4;4500,,1,2,0,True,False,False,False,False,False,False,results/runs/qwen3_4b_validation200_v5_banglish/results/runs/qwen3_4b_validation200_v5_banglish.jsonl,84,"The given statement is in Bengali and appears to be a question or statement about agricultural land and the number of ploughs (pathor) required. However, the sentence is grammat..."
Qwen3-4B,Qwen/Qwen3-4B-Instruct-2507,english,English,banglamath,short_answer,short_answer,banglamath_0553,১১২৫টি,False,1125,1125,4;1125;4500,1125,1,3,1,True,True,True,True,True,True,False,results/runs/qwen3_4b_validation200_v3_128/results/runs/qwen3_4b_validation200_v3_128.jsonl,252,4500 ÷ 4 = 1125 1125
Qwen3-4B,Qwen/Qwen3-4B-Instruct-2507,bangla,Bangla,banglamath,short_answer,short_answer,banglamath_0557,৯৩০ টাকা,False,= (120 ×,930,0.25;1;3;3.25;120,120,1,5,1,True,True,False,False,False,False,False,results/runs/qwen3_4b_validation200_v3_128/results/runs/qwen3_4b_validation200_v3_128.jsonl,55,বাগানের পরিসীমা = 120 মিটার প্রতি মিটারে খরচ = 3¹⁄₄ টাকা = 3 + 1/4 = 13/4 টাকা খরচ = পরিসীমা × প্রতি মিটারে খরচ = 120 × (13/4) = (120 ×
Qwen3-4B,Qwen/Qwen3-4B-Instruct-2507,banglish_clean,Reviewed Banglish,banglamath,short_answer,short_answer,banglamath_0557,৯৩০ টাকা,False,"সুতরাং, মোট খরচ হবে **930",930,7.75;30;31;120;930,930,1,5,1,True,True,True,True,True,True,False,results/runs/qwen3_4b_validation200_v5_banglish/results/runs/qwen3_4b_validation200_v5_banglish.jsonl,19,"120 মিটার প্রতি মিটারে 31/4 টাকা করে দেওয়া হলে, মোট খরচ হবে: \[ 120 \times \frac{31}{4} = 30 \times 31 = 930 \text{ টাকা} \] সুতরাং, মোট খরচ হবে **930"
Qwen3-4B,Qwen/Qwen3-4B-Instruct-2507,english,English,banglamath,short_answer,short_answer,banglamath_0557,৯৩০ টাকা,False,390,930,0.25;3;3.25;4;13;30;120;390,390,1,8,1,True,True,False,False,False,False,False,results/runs/qwen3_4b_validation200_v3_128/results/runs/qwen3_4b_validation200_v3_128.jsonl,57,"First, convert the cost per meter to an improper fraction: 3¼ Taka = 3 + 1/4 = 13/4 Taka per meter. The perimeter of the garden is 120 meters. Total cost = perimeter × cost per..."
Qwen3-4B,Qwen/Qwen3-4B-Instruct-2507,bangla,Bangla,banglamath,short_answer,short_answer,banglamath_0558,২০ মিটার,False,তাই প্রস্থ = **20 ম,20,3;20;60,20,1,3,1,True,True,True,True,True,True,False,results/runs/qwen3_4b_validation200_v3_128/results/runs/qwen3_4b_validation200_v3_128.jsonl,592,"ধরি, বাগানের প্রস্থ = $ x $ মিটার তবে দৈর্ঘ্য = $ 3x $ মিটার বাগানের দৈর্ঘ্য 60 মিটার হলে, $ 3x = 60 $ $ x = \frac{60}{3} = 20 $ তাই প্রস্থ = **20 ম"
Qwen3-4B,Qwen/Qwen3-4B-Instruct-2507,banglish_clean,Reviewed Banglish,banglamath,short_answer,short_answer,banglamath_0558,২০ মিটার,False,can be derived from it.,20,,,1,0,0,False,False,False,False,False,False,True,results/runs/qwen3_4b_validation200_v5_banglish/results/runs/qwen3_4b_validation200_v5_banglish.jsonl,198,"The given text appears to be a garbled or nonsensical combination of words, possibly in a corrupted or fictional language. There is no clear meaning or grammatical structure tha..."
Qwen3-4B,Qwen/Qwen3-4B-Instruct-2507,english,English,banglamath,short_answer,short_answer,banglamath_0558,২০ মিটার,False,The width is **20 meters**.,20,3;20;60,20,1,3,1,True,True,True,True,True,True,False,results/runs/qwen3_4b_validation200_v3_128/results/runs/qwen3_4b_validation200_v3_128.jsonl,594,We are given: - The length of the rectangular garden is 60 meters. - The length is 3 times the width. Let the width be $ w $. According to the problem: $$ \text{Length} = 3 \tim...
Qwen3-4B,Qwen/Qwen3-4B-Instruct-2507,bangla,Bangla,banglamath,short_answer,short_answer,banglamath_0559,১৬০০ বর্গমিটার,False,"সুতরাং, বাহুর দৈর্ঘ্য = 160 ÷ 4 = 40 মিটার",2;1600,4;40;160,4;40;160,2,3,3,True,True,False,False,False,False,False,results/runs/qwen3_4b_validation200_v3_128/results/runs/qwen3_4b_validation200_v3_128.jsonl,571,"বর্গক্ষেত্রের পরিসীমা = 160 মিটার বর্গক্ষেত্রের পরিসীমা = 4 × বাহুর দৈর্ঘ্য সুতরাং, বাহুর দৈর্ঘ্য = 160 ÷ 4 = 40 মিটার ক্ষেত্র"
Qwen3-4B,Qwen/Qwen3-4B-Instruct-2507,banglish_clean,Reviewed Banglish,banglamath,short_answer,short_answer,banglamath_0559,১৬০০ বর্গমিটার,False,160,2;1600,2;160,160,2,2,1,True,True,False,False,False,False,False,results/runs/qwen3_4b_validation200_v5_banglish/results/runs/qwen3_4b_validation200_v5_banglish.jsonl,191,"160 মিটার হলে ক্ষেত্রফল হবে 160 বর্গমিটার। সুতরাং, ক্ষেত্রফল = 160 বর্গমিটার। Final answer: 160"
Qwen3-4B,Qwen/Qwen3-4B-Instruct-2507,english,English,banglamath,short_answer,short_answer,banglamath_0559,১৬০০ বর্গমিটার,False,1600,2;1600,2;40;160;1600,1600,2,4,1,True,True,True,False,True,False,False,results/runs/qwen3_4b_validation200_v3_128/results/runs/qwen3_4b_validation200_v3_128.jsonl,573,"A square has four equal sides. Given the perimeter is 160 meters, each side is: $$ \frac{160}{4} = 40 \text{ meters} $$ The area of a square is side squared: $$ 40^2 = 1600 \tex..."
Qwen3-4B,Qwen/Qwen3-4B-Instruct-2507,bangla,Bangla,banglamath,short_answer,short_answer,banglamath_1684,"১২, ১২, ৩ বছর",False,প্রশ্ন: কারিম সাহেবের ৩ পুত্রের বর্তমান বয়সের সমষ্টি ২৯ বছর। ৬ বছর পূর্বে তাদের বয়সের সমষ্টি ১২ বছর ছিল। পুত্রদের ব,3;12,3;6;12;29,3;6;12;29,2,4,4,True,True,True,True,True,True,False,results/runs/qwen3_4b_validation200_v3_128/results/runs/qwen3_4b_validation200_v3_128.jsonl,517,প্রশ্ন: কারিম সাহেবের ৩ পুত্রের বর্তমান বয়সের সমষ্টি ২৯ বছর। ৬ বছর পূর্বে তাদের বয়সের সমষ্টি ১২ বছর ছিল। পুত্রদের ব
Qwen3-4B,Qwen/Qwen3-4B-Instruct-2507,banglish_clean,Reviewed Banglish,banglamath,short_answer,short_answer,banglamath_1684,"১২, ১২, ৩ বছর",False,"""3 putr ebong prothom 2 jon jomoj"" →",3;12,2;3;6;12;29,2;3,2,5,2,True,True,True,False,True,False,False,results/runs/qwen3_4b_validation200_v5_banglish/results/runs/qwen3_4b_validation200_v5_banglish.jsonl,173,"Putroder bortoman boyos koto? We are given: - Karim Sahib has 3 sons and 2 daughters. - 3 daughters are born in the same year (29 months). - 6 months before that, the sons were..."
Qwen3-4B,Qwen/Qwen3-4B-Instruct-2507,english,English,banglamath,short_answer,short_answer,banglamath_1684,"১২, ১২, ৩ বছর",False,x + x + y = 29 \Rightarrow 2x + y = 29 \quad \text{(,3;12,2;3;12;29,2;29,2,4,2,True,True,True,False,True,False,False,results/runs/qwen3_4b_validation200_v3_128/results/runs/qwen3_4b_validation200_v3_128.jsonl,519,Let's solve the problem step by step. We are told: - Mr. Karim has 3 sons. - The first two are twins (so they are the same age). - The total age of the sons now is 29 years. - S...
Qwen3-4B,Qwen/Qwen3-4B-Instruct-2507,bangla,Bangla,banglamath,short_answer,short_answer,banglamath_1685,দুইজনের বয়স সমান,False,জুলির বয়স বেশি।,,,,0,0,0,False,False,False,False,False,False,True,results/runs/qwen3_4b_validation200_v3_128/results/runs/qwen3_4b_validation200_v3_128.jsonl,157,জুলির বয়স বেশি।
Qwen3-4B,Qwen/Qwen3-4B-Instruct-2507,banglish_clean,Reviewed Banglish,banglamath,short_answer,short_answer,banglamath_1685,দুইজনের বয়স সমান,False,"""3 bochhor por jiboner boyos jodi 3 bochhor purbe jiboner",,2;3,3,0,2,1,True,True,False,False,False,False,False,results/runs/qwen3_4b_validation200_v5_banglish/results/runs/qwen3_4b_validation200_v5_banglish.jsonl,53,"The question appears to be in a mix of Bengali and possibly a riddle or logical puzzle. Let's interpret and solve it step by step. Given: - ""2 bochhor por jiboner boyos hobe"" →..."
Qwen3-4B,Qwen/Qwen3-4B-Instruct-2507,english,English,banglamath,short_answer,short_answer,banglamath_1685,দুইজনের বয়স সমান,False,2 + 4 = 2x - x,,2;4,2;4,0,2,2,True,True,False,False,False,False,False,results/runs/qwen3_4b_validation200_v3_128/results/runs/qwen3_4b_validation200_v3_128.jsonl,159,"Let's solve the problem step by step. Let Jibon's current age be $ x $. **First statement:** In 2 years, Jibon’s age will be twice what it was 2 years ago. - In 2 years: $ x + 2..."
Qwen3-4B,Qwen/Qwen3-4B-Instruct-2507,bangla,Bangla,banglamath,short_answer,short_answer,banglamath_1686,প্রতেকে পাবে ৫/৬ আপেল।অর্থাৎ ১টি আপেলের অর্ধেক +১টি আপেলের ১/৩ ভাগ।,False,প্রত্যেক আপেলকে ৩ টুকর,0.3333333333333333333333333333;0.8333333333333333333333333333;1,1;3;5;6,3,3,4,1,True,True,False,False,False,False,False,results/runs/qwen3_4b_validation200_v3_128/results/runs/qwen3_4b_validation200_v3_128.jsonl,454,প্রত্যেক বালকের জন্য ১ টুকরা আপেল দেওয়া হবে। ৫টি আপেলকে ৬ জন বালকের মাঝে সমানভাবে ভাগ করার জন্য: - প্রত্যেক আপেলকে ৩ টুকর
Qwen3-4B,Qwen/Qwen3-4B-Instruct-2507,banglish_clean,Reviewed Banglish,banglamath,short_answer,short_answer,banglamath_1686,প্রতেকে পাবে ৫/৬ আপেল।অর্থাৎ ১টি আপেলের অর্ধেক +১টি আপেলের ১/৩ ভাগ।,False,3 tukorate,0.3333333333333333333333333333;0.8333333333333333333333333333;1,3,3,3,1,1,True,True,False,False,False,False,False,results/runs/qwen3_4b_validation200_v5_banglish/results/runs/qwen3_4b_validation200_v5_banglish.jsonl,152,3 tukorate
Qwen3-4B,Qwen/Qwen3-4B-Instruct-2507,english,English,banglamath,short_answer,short_answer,banglamath_1686,প্রতেকে পাবে ৫/৬ আপেল।অর্থাৎ ১টি আপেলের অর্ধেক +১টি আপেলের ১/৩ ভাগ।,False,Since 2.5 pieces = $ \frac{5}{2} $ pieces,0.3333333333333333333333333333;0.8333333333333333333333333333;1,0.8333333333333333333333333333;2;2.5;3;5;6;15,2.5,3,7,1,True,True,False,False,False,False,False,results/runs/qwen3_4b_validation200_v3_128/results/runs/qwen3_4b_validation200_v3_128.jsonl,456,"Each boy gets $ \frac{5}{6} $ of an apple. Since each apple can be cut into up to 3 equal pieces, we can cut each apple into 3 pieces, giving 15 pieces total (5 apples × 3 piece..."
Qwen3-4B,Qwen/Qwen3-4B-Instruct-2507,bangla,Bangla,banglamath,short_answer,short_answer,banglamath_1687,"কাঠালের ওজন ৩ কিলোগ্রাম , তরমুজের ওজন ৪ কিলোগ্রাম",False,2. $ 5x + 4y = 31 $,3;4,1;2;4;5;31;32,2;4;5;31,2,6,4,True,True,False,False,False,False,False,results/runs/qwen3_4b_validation200_v3_128/results/runs/qwen3_4b_validation200_v3_128.jsonl,325,"মনে করি, ১ কাঠালের ওজন = $ x $ কিলোগ্রাম এবং ১ তরমুজের ওজন = $ y $ কিলোগ্রাম দেওয়া হলো: 1. $ 4x + 5y = 32 $ 2. $ 5x + 4y = 31 $ এই দুটি �"
Qwen3-4B,Qwen/Qwen3-4B-Instruct-2507,banglish_clean,Reviewed Banglish,banglamath,short_answer,short_answer,banglamath_1687,"কাঠালের ওজন ৩ কিলোগ্রাম , তরমুজের ওজন ৪ কিলোগ্রাম",False,$ x $ = weight of 1 kathal (,3;4,1;2;4;5;31;32,1,2,6,1,True,True,False,False,False,False,False,results/runs/qwen3_4b_validation200_v5_banglish/results/runs/qwen3_4b_validation200_v5_banglish.jsonl,109,Let's solve the problem step by step. We are given: 1. 4 ti kathal ebong 5 ti toromujer ojoner somoshti 32 kilogram. → 4 kathals and 5 toromujers weigh 32 kg. 2. 5 ti kathal ebo...
Qwen3-4B,Qwen/Qwen3-4B-Instruct-2507,english,English,banglamath,short_answer,short_answer,banglamath_1687,"কাঠালের ওজন ৩ কিলোগ্রাম , তরমুজের ওজন ৪ কিলোগ্রাম",False,$ 20j +,3;4,1;2;3;4;5;20;25;31;32;160,20,2,10,1,True,True,True,False,True,False,False,results/runs/qwen3_4b_validation200_v3_128/results/runs/qwen3_4b_validation200_v3_128.jsonl,327,Let the weight of one jackfruit be $ j $ kg and the weight of one watermelon be $ w $ kg. We are given two equations: 1. $ 4j + 5w = 32 $ 2. $ 5j + 4w = 31 $ We will solve this...
Qwen3-4B,Qwen/Qwen3-4B-Instruct-2507,bangla,Bangla,banglamath,short_answer,short_answer,banglamath_1688,"বাবুর্চী কাটে ৭০ মিনিটে ২১০টি পেঁয়াজ, সহকারী কাটে ১৯০টি পেঁয়াজ ৯৫ মিনিটে",False,তার সহকর্মী পেঁয়াজ কাটার সময় হলো \( x + 25 \) মিনিট (কারণ বাবুর্চি 25,70;95;190;210,25,25,4,1,1,True,True,False,False,False,False,False,results/runs/qwen3_4b_validation200_v3_128/results/runs/qwen3_4b_validation200_v3_128.jsonl,145,"ধরা যাক, বাবুর্চি পেঁয়াজ কাটার সময় হলো \( x \) মিনিট। তার সহকর্মী পেঁয়াজ কাটার সময় হলো \( x + 25 \) মিনিট (কারণ বাবুর্চি 25"
Qwen3-4B,Qwen/Qwen3-4B-Instruct-2507,banglish_clean,Reviewed Banglish,banglamath,short_answer,short_answer,banglamath_1688,"বাবুর্চী কাটে ৭০ মিনিটে ২১০টি পেঁয়াজ, সহকারী কাটে ১৯০টি পেঁয়াজ ৯৫ মিনিটে",False,Sohokormi 25 minit e 2 ti peyaj minite = 25 × 2 =,70;95;190;210,2;3;25;75,2;25,4,4,2,True,True,False,False,False,False,False,results/runs/qwen3_4b_validation200_v5_banglish/results/runs/qwen3_4b_validation200_v5_banglish.jsonl,49,"Baburchi proti minite 3 ti peyaj, tar sohokormi proti minite 2 ti peyaj katte pare. Jodi baburchi tar sohokormir cheye 25 minit age peyaj kata bondho kore, ta means: - Baburchi..."
Qwen3-4B,Qwen/Qwen3-4B-Instruct-2507,english,English,banglamath,short_answer,short_answer,banglamath_1688,"বাবুর্চী কাটে ৭০ মিনিটে ২১০টি পেঁয়াজ, সহকারী কাটে ১৯০টি পেঁয়াজ ৯৫ মিনিটে",False,\text{Chef's onions} + \text{Assistant's onions} = 3(t,70;95;190;210,2;3;25;400,3,4,4,1,True,True,False,False,False,False,False,results/runs/qwen3_4b_validation200_v3_128/results/runs/qwen3_4b_validation200_v3_128.jsonl,147,Let’s define variables: - Let $ t $ be the time (in minutes) that the **assistant** worked. - Then the **chef** worked $ t - 25 $ minutes (since the chef stops 25 minutes before...
Qwen3-4B,Qwen/Qwen3-4B-Instruct-2507,bangla,Bangla,banglamath,short_answer,short_answer,banglamath_1690,"সেন্টুর ছিল ১০টি, মিন্টুর ছিল ১৪টি খেলনা গাড়ি",False,"2. যদি সেন্টু 2টি গাড়ি দেয় মিন্টুর কাছে, তবে গাড",10;14,1;2,2,2,2,1,True,True,False,False,False,False,False,results/runs/qwen3_4b_validation200_v3_128/results/runs/qwen3_4b_validation200_v3_128.jsonl,319,"মিন্টুর গাড়ির সংখ্যা = x সেন্টুর গাড়ির সংখ্যা = y দেওয়া হলো: 1. y > x 2. যদি সেন্টু 2টি গাড়ি দেয় মিন্টুর কাছে, তবে গাড"
Qwen3-4B,Qwen/Qwen3-4B-Instruct-2507,banglish_clean,Reviewed Banglish,banglamath,short_answer,short_answer,banglamath_1690,"সেন্টুর ছিল ১০টি, মিন্টুর ছিল ১৪টি খেলনা গাড়ি",False,Let's solve the problem step by step.,10;14,,,2,0,0,False,False,False,False,False,False,True,results/runs/qwen3_4b_validation200_v5_banglish/results/runs/qwen3_4b_validation200_v5_banglish.jsonl,107,"Let's solve the problem step by step. We are given a riddle-like scenario in Bengali, which we will translate and analyze logically. --- **Translation and understanding:** > ""Kh..."
Qwen3-4B,Qwen/Qwen3-4B-Instruct-2507,english,English,banglamath,short_answer,short_answer,banglamath_1690,"সেন্টুর ছিল ১০টি, মিন্টুর ছিল ১৪টি খেলনা গাড়ি",False,M + 2 = S - 2,10;14,2,2,2,1,1,True,True,False,False,False,False,False,results/runs/qwen3_4b_validation200_v3_128/results/runs/qwen3_4b_validation200_v3_128.jsonl,321,"Let’s solve the problem step by step. Let: - $ M $ = number of toy cars Mintu had initially - $ S $ = number of toy cars Sentu had initially **First statement:** Mintu says, “Gi..."
Qwen3-4B,Qwen/Qwen3-4B-Instruct-2507,bangla,Bangla,banglamath,short_answer,short_answer,banglamath_1691,প্রথমে ৩ লিটারের পাত্রে ৩ লিটার দুধ নিয়ে তা ৫ লিটারের পাত্রে ঢালতে হবে। এবারও একইভাবে আবারও ৩ লিটার দুধ নিয়ে ৫ লিটারের পাত্রে আছে আরো ঢালতে হবে যতক্ষণ না ৫ লিটারের পাত্রটি পূর্ণ হয়। পাত্রটি পূর্ণ হওয়ার পর যে অবশিষ্ট দুধ ৩ লিটারের পাত্রে থেকে যাবে তার পরিমাণ ১ লিটার।,False,"গোয়ালার কাছে 10 লিটার দুধ আছে, যা একটি 5 লিটারের এবং একটি 3 লিটারের খালি পাত্রে ভরে যায়। ক্রেতাকে 1 লিটার দুধ দেয়ার জন",1;3;5,1;3;5;10,1;3;5;10,3,4,4,True,True,True,True,True,True,False,results/runs/qwen3_4b_validation200_v3_128/results/runs/qwen3_4b_validation200_v3_128.jsonl,577,"গোয়ালার কাছে 10 লিটার দুধ আছে, যা একটি 5 লিটারের এবং একটি 3 লিটারের খালি পাত্রে ভরে যায়। ক্রেতাকে 1 লিটার দুধ দেয়ার জন"
Qwen3-4B,Qwen/Qwen3-4B-Instruct-2507,banglish_clean,Reviewed Banglish,banglamath,short_answer,short_answer,banglamath_1691,প্রথমে ৩ লিটারের পাত্রে ৩ লিটার দুধ নিয়ে তা ৫ লিটারের পাত্রে ঢালতে হবে। এবারও একইভাবে আবারও ৩ লিটার দুধ নিয়ে ৫ লিটারের পাত্রে আছে আরো ঢালতে হবে যতক্ষণ না ৫ লিটারের পাত্রটি পূর্ণ হয়। পাত্রটি পূর্ণ হওয়ার পর যে অবশিষ্ট দুধ ৩ লিটারের পাত্রে থেকে যাবে তার পরিমাণ ১ লিটার।,False,"Jekhane 5 litarer patro ache,",1;3;5,1;3;5,5,3,3,1,True,True,True,False,True,False,False,results/runs/qwen3_4b_validation200_v5_banglish/results/runs/qwen3_4b_validation200_v5_banglish.jsonl,193,Goyalar kachhe jesob patro ache shudhu ta diye kibhabe kretake 1 litar dudh deya sombhob? Dudh mapar duti khali patro: - Ekti 5 litarer - Oporoti 3 litarer Kritake 1 litar dudh...
Qwen3-4B,Qwen/Qwen3-4B-Instruct-2507,english,English,banglamath,short_answer,short_answer,banglamath_1691,প্রথমে ৩ লিটারের পাত্রে ৩ লিটার দুধ নিয়ে তা ৫ লিটারের পাত্রে ঢালতে হবে। এবারও একইভাবে আবারও ৩ লিটার দুধ নিয়ে ৫ লিটারের পাত্রে আছে আরো ঢালতে হবে যতক্ষণ না ৫ লিটারের পাত্রটি পূর্ণ হয়। পাত্রটি পূর্ণ হওয়ার পর যে অবশিষ্ট দুধ ৩ লিটারের পাত্রে থেকে যাবে তার পরিমাণ ১ লিটার।,False,"This will add 1 liter to the 3-liter container, leaving exactly",1;3;5,1;2;3;5;10,1;3,3,5,2,True,True,True,False,True,False,False,results/runs/qwen3_4b_validation200_v3_128/results/runs/qwen3_4b_validation200_v3_128.jsonl,579,Fill the 5-liter container from the 10-liter jar. Pour from the 5-liter container into the 3-liter container until full. This leaves 2 liters in the 5-liter container. Empty the...
Qwen3-4B,Qwen/Qwen3-4B-Instruct-2507,bangla,Bangla,banglamath,short_answer,short_answer,banglamath_1692,"১জন পুরুষ, ৫ জন মহিলা এবং ১৪ জন শিশু",False,প্রত্যেক পুরুষ 3,1;5;14,1;3;20,3,3,3,1,True,True,False,False,False,False,False,results/runs/qwen3_4b_validation200_v3_128/results/runs/qwen3_4b_validation200_v3_128.jsonl,160,"ধরি, পরিবারে পুরুষ = x জন, মহিলা = y জন, শিশু = z জন। দেওয়া হলো: x + y + z = 20 — (1) আবার, ধানের মোট পরিমাণ = 20 মণ। প্রত্যেক পুরুষ 3"
Qwen3-4B,Qwen/Qwen3-4B-Instruct-2507,banglish_clean,Reviewed Banglish,banglamath,short_answer,short_answer,banglamath_1692,"১জন পুরুষ, ৫ জন মহিলা এবং ১৪ জন শিশু",False,"{20, 20, 0}",1;5;14,0;20,0;20,3,2,2,True,True,False,False,False,False,False,results/runs/qwen3_4b_validation200_v5_banglish/results/runs/qwen3_4b_validation200_v5_banglish.jsonl,54,"{20, 20, 0}"
Qwen3-4B,Qwen/Qwen3-4B-Instruct-2507,english,English,banglamath,short_answer,short_answer,banglamath_1692,"১জন পুরুষ, ৫ জন মহিলা এবং ১৪ জন শিশু",False,2m + w = 0,1;5;14,0;1;2;3;20,0;2,3,5,2,True,True,False,False,False,False,False,results/runs/qwen3_4b_validation200_v3_128/results/runs/qwen3_4b_validation200_v3_128.jsonl,162,"Let the number of men be $ m $, women be $ w $, and children be $ c $. We are given two equations: 1. Total number of family members: $$ m + w + c = 20 $$ 2. Total rice consumpt..."
Qwen3-4B,Qwen/Qwen3-4B-Instruct-2507,bangla,Bangla,banglamath,short_answer,short_answer,banglamath_1693,24,False,এবং চার ভাগের এক ভাগ হল $ \frac{1}{4,24,0.3333333333333333333333333333;1;4,1;4,1,3,2,True,True,False,False,False,False,False,results/runs/qwen3_4b_validation200_v3_128/results/runs/qwen3_4b_validation200_v3_128.jsonl,109,"মনে করি, দুই অঙ্কের সংখ্যাটি হল $ x $। প্রশ্ন অনুসারে, সংখ্যাটির তিন ভাগের এক ভাগ হল $ \frac{1}{3}x $, এবং চার ভাগের এক ভাগ হল $ \frac{1}{4"
Qwen3-4B,Qwen/Qwen3-4B-Instruct-2507,banglish_clean,Reviewed Banglish,banglamath,short_answer,short_answer,banglamath_1693,24,False,14,24,14,14,1,1,1,True,True,False,False,False,False,False,results/runs/qwen3_4b_validation200_v5_banglish/results/runs/qwen3_4b_validation200_v5_banglish.jsonl,37,14
Qwen3-4B,Qwen/Qwen3-4B-Instruct-2507,english,English,banglamath,short_answer,short_answer,banglamath_1693,24,False,x = 2,24,0.25;0.3333333333333333333333333333;0.5833333333333333333333333333;2;7;12;14;168,2,1,8,1,True,True,False,False,False,False,False,results/runs/qwen3_4b_validation200_v3_128/results/runs/qwen3_4b_validation200_v3_128.jsonl,111,Let the two-digit number be $ x $. We are told that: $$ \frac{1}{3}x + \frac{1}{4}x = 14 $$ Find a common denominator: $$ \left( \frac{4}{12} + \frac{3}{12} \right)x = 14 $$ $$...
Qwen3-4B,Qwen/Qwen3-4B-Instruct-2507,bangla,Bangla,banglamath,short_answer,short_answer,banglamath_1694,১ মিনিট,False,60 কিমি/ঘন্টা = \( \frac{60 \times 1000}{3600} = \frac{60000}{3600} = 16.\overline{6} \) ম,1,6;16;16.66666666666666666666666667;60;1000;3600,6;16;16.66666666666666666666666667;60;1000;3600,1,6,6,True,True,False,False,False,False,False,results/runs/qwen3_4b_validation200_v3_128/results/runs/qwen3_4b_validation200_v3_128.jsonl,241,ট্রেনের গতি = 60 কিমি/ঘন্টা গতি মিটার/সেকেন্ডে পরিবর্তন করা হবে: 60 কিমি/ঘন্টা = \( \frac{60 \times 1000}{3600} = \frac{60000}{3600} = 16.\overline{6} \) ম
Qwen3-4B,Qwen/Qwen3-4B-Instruct-2507,banglish_clean,Reviewed Banglish,banglamath,short_answer,short_answer,banglamath_1694,১ মিনিট,False,220 somoy lagbe.,1,2;60;220;500,220,1,4,1,True,True,False,False,False,False,False,results/runs/qwen3_4b_validation200_v5_banglish/results/runs/qwen3_4b_validation200_v5_banglish.jsonl,81,{500 - 60} ÷ 2 = 220 220 somoy lagbe.
Qwen3-4B,Qwen/Qwen3-4B-Instruct-2507,english,English,banglamath,short_answer,short_answer,banglamath_1694,১ মিনিট,False,60 km/h = (6,1,6;60;500;1000,6;60,1,4,2,True,True,False,False,False,False,False,results/runs/qwen3_4b_validation200_v3_128/results/runs/qwen3_4b_validation200_v3_128.jsonl,243,"To find how long it takes for a train to cross a bridge, we need to consider the total distance the train must travel. - The train is 500 meters long. - The bridge is 500 meters..."
Qwen3-4B,Qwen/Qwen3-4B-Instruct-2507,bangla,Bangla,banglamath,short_answer,short_answer,banglamath_1695,"নারিকেল গাছ 60টি, আম গাছ ৪৫টি, বট গাছ ৩৬টি, ফুলের গাছ ৩৯টি",False,ফুলের গাছ = ৩৯টি,36;39;45;60,0.2;0.25;0.3333333333333333333333333333;39,39,4,4,1,True,True,False,False,False,False,False,results/runs/qwen3_4b_validation200_v3_128/results/runs/qwen3_4b_validation200_v3_128.jsonl,595,পার্কে গাছগুলির ভাগ দেওয়া হয়েছে: - নারকেলগাছ = ১/৩ - আমগাছ = ১/৪ - বটগাছ = ১/৫ - ফুলের গাছ = ৩৯টি মোট গাছ হল এই সব গাছ
Qwen3-4B,Qwen/Qwen3-4B-Instruct-2507,banglish_clean,Reviewed Banglish,banglamath,short_answer,short_answer,banglamath_1695,"নারিকেল গাছ 60টি, আম গাছ ৪৫টি, বট গাছ ৩৬টি, ফুলের গাছ ৩৯টি",False,### Step 1: Understand the problem,36;39;45;60,0.2;0.25;0.3333333333333333333333333333;1;39,1,4,5,1,True,True,False,False,False,False,False,results/runs/qwen3_4b_validation200_v5_banglish/results/runs/qwen3_4b_validation200_v5_banglish.jsonl,199,"We are given a problem in Bengali, which translates to: ""1ti parke 1/3 bhag narokelogachh, 1/4 gachhoam gachh, 1/5 bhag bot gachh ebong 39ti fuler gachh. Bagane kon gachh kototi..."
Qwen3-4B,Qwen/Qwen3-4B-Instruct-2507,english,English,banglamath,short_answer,short_answer,banglamath_1695,"নারিকেল গাছ 60টি, আম গাছ ৪৫টি, বট গাছ ৩৬টি, ফুলের গাছ ৩৯টি",False,\frac{1}{3}T + \frac{1}{4}T + \frac{1}{5}T + 39 = T,36;39;45;60,0.2;0.25;0.3333333333333333333333333333;39,0.2;0.25;0.3333333333333333333333333333;39,4,4,4,True,True,False,False,False,False,False,results/runs/qwen3_4b_validation200_v3_128/results/runs/qwen3_4b_validation200_v3_128.jsonl,597,Let the total number of trees be $ T $. Given: - Coconut trees: $ \frac{1}{3}T $ - Mango trees: $ \frac{1}{4}T $ - Banyan trees: $ \frac{1}{5}T $ - Flower trees: 39 The sum of a...
Qwen3-4B,Qwen/Qwen3-4B-Instruct-2507,bangla,Bangla,banglamath,short_answer,short_answer,banglamath_1696,০.১৮ লিটার অথবা ১.৮ লিটার,False,মিশ্রণের মোট পরিমাণ = (20 / 10) ×,0.18;1.8,0.1;2;10;20;100,2,2,5,1,True,True,False,False,False,False,False,results/runs/qwen3_4b_validation200_v3_128/results/runs/qwen3_4b_validation200_v3_128.jsonl,478,"10% লবণমিশ্রিত শরবত বানাতে হলে, 10 গ্রাম লবণ 100 গ্রাম মিশ্রণে থাকে। এখানে লবণের পরিমাণ = 20 গ্রাম মিশ্রণের মোট পরিমাণ = (20 / 10) ×"
Qwen3-4B,Qwen/Qwen3-4B-Instruct-2507,banglish_clean,Reviewed Banglish,banglamath,short_answer,short_answer,banglamath_1696,০.১৮ লিটার অথবা ১.৮ লিটার,False,200,0.18;1.8,0.1;10;20;200,200,2,4,1,True,True,False,False,False,False,False,results/runs/qwen3_4b_validation200_v5_banglish/results/runs/qwen3_4b_validation200_v5_banglish.jsonl,160,10% lobonomishrit shorobot banate 20 gram lobon diye 200 ml panir dorokar। Final Answer: 200
Qwen3-4B,Qwen/Qwen3-4B-Instruct-2507,english,English,banglamath,short_answer,short_answer,banglamath_1696,০.১৮ লিটার অথবা ১.৮ লিটার,False,Since the solution is mostly water (salt is 20,0.18;1.8,0.1;10;20;100;200,20,2,5,1,True,True,False,False,False,False,False,results/runs/qwen3_4b_validation200_v3_128/results/runs/qwen3_4b_validation200_v3_128.jsonl,480,"To make a 10% salt solution with 20 grams of salt, we need to determine the total volume of the solution such that salt makes up 10% of it. A 10% salt solution means that 10 gra..."
Qwen3-4B,Qwen/Qwen3-4B-Instruct-2507,bangla,Bangla,banglamath,short_answer,short_answer,banglamath_1697,70,True,70,70,0.5;2;10;30;60;70,70,1,6,1,True,True,True,True,False,False,False,results/runs/qwen3_4b_validation200_v3_128/results/runs/qwen3_4b_validation200_v3_128.jsonl,553,30 কে 1/2 দিয়ে ভাগ করলে: 30 ÷ (1/2) = 30 × 2 = 60 এরপর 10 যোগ করলে: 60 + 10 = 70 70
Qwen3-4B,Qwen/Qwen3-4B-Instruct-2507,banglish_clean,Reviewed Banglish,banglamath,short_answer,short_answer,banglamath_1697,70,True,70,70,0.5;2;10;30;60;70,70,1,6,1,True,True,True,True,False,False,False,results/runs/qwen3_4b_validation200_v5_banglish/results/runs/qwen3_4b_validation200_v5_banglish.jsonl,185,30 ke 1/2 diye bhag kore: 30 ÷ (1/2) = 30 × 2 = 60 60 e 10 jog kore: 60 + 10 = 70 Final answer: 70
Qwen3-4B,Qwen/Qwen3-4B-Instruct-2507,english,English,banglamath,short_answer,short_answer,banglamath_1697,70,True,70,70,2;10;30;60;70,70,1,5,1,True,True,True,True,False,False,False,results/runs/qwen3_4b_validation200_v3_128/results/runs/qwen3_4b_validation200_v3_128.jsonl,555,"30 divided by ½ is the same as 30 multiplied by 2, which is 60. Then add 10: 60 + 10 = 70. 70"
Qwen3-4B,Qwen/Qwen3-4B-Instruct-2507,bangla,Bangla,banglamath,short_answer,short_answer,banglamath_1698,১৩ টা,False,সকাল ৬টা থেকে দুপুর ১২টা পর্যন্ত স,13,1;6;12,6;12,1,3,2,True,True,False,False,False,False,False,results/runs/qwen3_4b_validation200_v3_128/results/runs/qwen3_4b_validation200_v3_128.jsonl,235,ডাক্তার বলেছেন সকাল ৬টা থেকে দুপুর ১২টা পর্যন্ত আধ ঘন্টা পরপর ১টি টেবলেট খেতে হবে। সকাল ৬টা থেকে দুপুর ১২টা পর্যন্ত স
Qwen3-4B,Qwen/Qwen3-4B-Instruct-2507,banglish_clean,Reviewed Banglish,banglamath,short_answer,short_answer,banglamath_1698,১৩ টা,False,120,13,120,120,1,1,1,True,True,False,False,False,False,False,results/runs/qwen3_4b_validation200_v5_banglish/results/runs/qwen3_4b_validation200_v5_banglish.jsonl,79,120
Qwen3-4B,Qwen/Qwen3-4B-Instruct-2507,english,English,banglamath,short_answer,short_answer,banglamath_1698,১৩ টা,False,8:30 AM,13,0;6;7;8;12;30;60;360,8;30,1,8,2,True,True,False,False,False,False,False,results/runs/qwen3_4b_validation200_v3_128/results/runs/qwen3_4b_validation200_v3_128.jsonl,237,"From 6 AM to 12 PM is 6 hours. 6 hours = 6 × 60 = 360 minutes. One tablet every 30 minutes: 360 ÷ 30 = 12 intervals. But the first tablet is taken at 6 AM, and then every 30 min..."
Qwen3-4B,Qwen/Qwen3-4B-Instruct-2507,bangla,Bangla,banglamath,short_answer,short_answer,banglamath_1699,132,True,132,132,2;10;16;32;100;132,132,1,6,1,True,True,True,True,False,False,False,results/runs/qwen3_4b_validation200_v3_128/results/runs/qwen3_4b_validation200_v3_128.jsonl,388,We are given: - $ A - B = 10 $ - $ AB = 16 $ We need to find $ A^2 + B^2 $. We use the identity: $$ A^2 + B^2 = (A - B)^2 + 2AB $$ Substitute the given values: $$ A^2 + B^2 = (1...
Qwen3-4B,Qwen/Qwen3-4B-Instruct-2507,banglish_clean,Reviewed Banglish,banglamath,short_answer,short_answer,banglamath_1699,132,True,132,132,2;10;16;32;100;132,132,1,6,1,True,True,True,True,False,False,False,results/runs/qwen3_4b_validation200_v5_banglish/results/runs/qwen3_4b_validation200_v5_banglish.jsonl,130,We are given: - $ A - B = 10 $ - $ AB = 16 $ - We are to find $ A^2 + B^2 $ We use the identity: $$ A^2 + B^2 = (A - B)^2 + 2AB $$ Substitute the given values: $$ A^2 + B^2 = (1...
Qwen3-4B,Qwen/Qwen3-4B-Instruct-2507,english,English,banglamath,short_answer,short_answer,banglamath_1699,132,True,132,132,2;10;16;32;100;132,132,1,6,1,True,True,True,True,False,False,False,results/runs/qwen3_4b_validation200_v3_128/results/runs/qwen3_4b_validation200_v3_128.jsonl,390,We are given: - $ A - B = 10 $ - $ AB = 16 $ We are to find $ A^2 + B^2 $. We use the identity: $$ A^2 + B^2 = (A - B)^2 + 2AB $$ Substitute the given values: $$ A^2 + B^2 = (10...
Qwen3-4B,Qwen/Qwen3-4B-Instruct-2507,bangla,Bangla,banglamath,short_answer,short_answer,banglamath_1703,৩৬টি,False,90 × 1.2,36,1;1.2;90;120;144,1.2;90,1,5,2,True,True,False,False,False,False,False,results/runs/qwen3_4b_validation200_v3_128/results/runs/qwen3_4b_validation200_v3_128.jsonl,430,"ধারণক্ষমতা 120টি আনারস = 144টি আম 1 টি আনারসের সমমান আম = 144 / 120 = 1.2 টি আম 90টি আনারস রাখা হলে, ধারণক্ষমতা ব্যবহার হয়: 90 × 1.2"
Qwen3-4B,Qwen/Qwen3-4B-Instruct-2507,banglish_clean,Reviewed Banglish,banglamath,short_answer,short_answer,banglamath_1703,৩৬টি,False,"But the question says ""120ti anaros othoba 144ti amer"" — meaning ""either 120 or 14",36,14;30;54;90;120;144,14;120;144,1,6,3,True,True,False,False,False,False,False,results/runs/qwen3_4b_validation200_v5_banglish/results/runs/qwen3_4b_validation200_v5_banglish.jsonl,144,"The question is in Bengali and translates to: ""Out of 120 or 144, if 90 are taken away, how many are left?"" We need to find the remainder when 90 is subtracted from either 120 o..."
Qwen3-4B,Qwen/Qwen3-4B-Instruct-2507,english,English,banglamath,short_answer,short_answer,banglamath_1703,৩৬টি,False,Let’s assume the basket’s total capacity is 1,36,1;90;120;144,1,1,4,1,True,True,False,False,False,False,False,results/runs/qwen3_4b_validation200_v3_128/results/runs/qwen3_4b_validation200_v3_128.jsonl,432,We are given: - A basket can hold 120 pineapples **or** 144 mangoes. - This means the basket has a capacity that is equivalent in volume to either 120 pineapples or 144 mangoes....
