id,dataset,domain,subject,grade,task_type,quality_status,review_label,content_token_count,token_coverage,unique_token_coverage,frequent_token_coverage,coverage_quartile_all,coverage_quartile_dataset,model,bangla_correct,banglish_correct,english_correct,banglish_fragile,strict_bangla_english_fragile,all_script_hard
benqa_12th-Biology-I_0265,benqa,biology-i,Biology-I,12th,mcq,human_reviewed_banglish_v5,minor_edit,44,0.3409,0.2821,0.2273,q3,q3,Qwen2.5-3B,False,False,True,True,False,False
benqa_12th-Biology-I_0265,benqa,biology-i,Biology-I,12th,mcq,human_reviewed_banglish_v5,minor_edit,44,0.3409,0.2821,0.2273,q3,q3,Qwen2.5-7B,False,False,True,True,False,False
benqa_12th-Biology-I_0265,benqa,biology-i,Biology-I,12th,mcq,human_reviewed_banglish_v5,minor_edit,44,0.3409,0.2821,0.2273,q3,q3,Qwen3-4B,True,False,True,True,True,False
benqa_12th-Chemistry-II_0240,benqa,chemistry-ii,Chemistry-II,12th,mcq,auto_romanized_unverified_v4,unreviewed,14,0.2857,0.3077,0.2143,q2,q2,Qwen2.5-3B,False,True,False,False,False,False
benqa_12th-Chemistry-II_0240,benqa,chemistry-ii,Chemistry-II,12th,mcq,auto_romanized_unverified_v4,unreviewed,14,0.2857,0.3077,0.2143,q2,q2,Qwen2.5-7B,False,True,True,False,False,False
benqa_12th-Chemistry-II_0240,benqa,chemistry-ii,Chemistry-II,12th,mcq,auto_romanized_unverified_v4,unreviewed,14,0.2857,0.3077,0.2143,q2,q2,Qwen3-4B,True,False,True,True,True,False
benqa_10th-Chemistry_0111,benqa,chemistry,Chemistry,10th,mcq,auto_romanized_unverified_v4,unreviewed,8,0.25,0.25,0.125,q2,q2,Qwen2.5-3B,False,False,False,False,False,True
benqa_10th-Chemistry_0111,benqa,chemistry,Chemistry,10th,mcq,auto_romanized_unverified_v4,unreviewed,8,0.25,0.25,0.125,q2,q2,Qwen2.5-7B,False,False,False,False,False,True
benqa_10th-Chemistry_0111,benqa,chemistry,Chemistry,10th,mcq,auto_romanized_unverified_v4,unreviewed,8,0.25,0.25,0.125,q2,q2,Qwen3-4B,True,True,True,False,False,False
benqa_10th-Math_0186,benqa,math,Math,10th,mcq,auto_romanized_unverified_v4,unreviewed,6,0.3333,0.3333,0.3333,q2,q3,Qwen2.5-3B,False,False,False,False,False,True
benqa_10th-Math_0186,benqa,math,Math,10th,mcq,auto_romanized_unverified_v4,unreviewed,6,0.3333,0.3333,0.3333,q2,q3,Qwen2.5-7B,False,False,False,False,False,True
benqa_10th-Math_0186,benqa,math,Math,10th,mcq,auto_romanized_unverified_v4,unreviewed,6,0.3333,0.3333,0.3333,q2,q3,Qwen3-4B,False,False,False,False,False,True
benqa_12th-Chemistry-II_0194,benqa,chemistry-ii,Chemistry-II,12th,mcq,auto_romanized_unverified_v4,unreviewed,4,0.5,0.5,0.5,q4,q4,Qwen2.5-3B,False,False,True,True,False,False
benqa_12th-Chemistry-II_0194,benqa,chemistry-ii,Chemistry-II,12th,mcq,auto_romanized_unverified_v4,unreviewed,4,0.5,0.5,0.5,q4,q4,Qwen2.5-7B,True,True,True,False,False,False
benqa_12th-Chemistry-II_0194,benqa,chemistry-ii,Chemistry-II,12th,mcq,auto_romanized_unverified_v4,unreviewed,4,0.5,0.5,0.5,q4,q4,Qwen3-4B,True,False,True,True,True,False
banglamath_0234,banglamath,math,,six,short_answer,human_reviewed_banglish_v5,minor_edit,11,0.8182,0.7778,0.5455,q4,q4,Qwen2.5-3B,False,False,False,False,False,True
banglamath_0234,banglamath,math,,six,short_answer,human_reviewed_banglish_v5,minor_edit,11,0.8182,0.7778,0.5455,q4,q4,Qwen2.5-7B,False,False,False,False,False,True
banglamath_0234,banglamath,math,,six,short_answer,human_reviewed_banglish_v5,minor_edit,11,0.8182,0.7778,0.5455,q4,q4,Qwen3-4B,False,False,False,False,False,True
benqa_12th-Chemistry-II_0054,benqa,chemistry-ii,Chemistry-II,12th,mcq,auto_romanized_unverified_v4,unreviewed,4,0.25,0.25,0.25,q2,q2,Qwen2.5-3B,False,True,True,False,False,False
benqa_12th-Chemistry-II_0054,benqa,chemistry-ii,Chemistry-II,12th,mcq,auto_romanized_unverified_v4,unreviewed,4,0.25,0.25,0.25,q2,q2,Qwen2.5-7B,True,True,True,False,False,False
benqa_12th-Chemistry-II_0054,benqa,chemistry-ii,Chemistry-II,12th,mcq,auto_romanized_unverified_v4,unreviewed,4,0.25,0.25,0.25,q2,q2,Qwen3-4B,True,False,True,True,True,False
banglamath_0522,banglamath,math,,seven,short_answer,human_reviewed_banglish_v5,minor_edit,10,0.2,0.2222,0.2,q1,q1,Qwen2.5-3B,False,False,False,False,False,True
banglamath_0522,banglamath,math,,seven,short_answer,human_reviewed_banglish_v5,minor_edit,10,0.2,0.2222,0.2,q1,q1,Qwen2.5-7B,False,False,False,False,False,True
banglamath_0522,banglamath,math,,seven,short_answer,human_reviewed_banglish_v5,minor_edit,10,0.2,0.2222,0.2,q1,q1,Qwen3-4B,False,False,False,False,False,True
benqa_12th-Math-II_0234,benqa,math-ii,Math-II,12th,mcq,auto_romanized_unverified_v4,unreviewed,14,0.5714,0.6364,0.4286,q4,q4,Qwen2.5-3B,True,True,True,False,False,False
benqa_12th-Math-II_0234,benqa,math-ii,Math-II,12th,mcq,auto_romanized_unverified_v4,unreviewed,14,0.5714,0.6364,0.4286,q4,q4,Qwen2.5-7B,True,False,True,True,True,False
benqa_12th-Math-II_0234,benqa,math-ii,Math-II,12th,mcq,auto_romanized_unverified_v4,unreviewed,14,0.5714,0.6364,0.4286,q4,q4,Qwen3-4B,False,False,False,False,False,True
benqa_10th-Math_0271,benqa,math,Math,10th,mcq,human_reviewed_banglish_v5,minor_edit,12,0.4167,0.4167,0.3333,q3,q4,Qwen2.5-3B,False,False,False,False,False,True
benqa_10th-Math_0271,benqa,math,Math,10th,mcq,human_reviewed_banglish_v5,minor_edit,12,0.4167,0.4167,0.3333,q3,q4,Qwen2.5-7B,False,False,True,True,False,False
benqa_10th-Math_0271,benqa,math,Math,10th,mcq,human_reviewed_banglish_v5,minor_edit,12,0.4167,0.4167,0.3333,q3,q4,Qwen3-4B,True,False,True,True,True,False
benqa_10th-Physics_0045,benqa,physics,Physics,10th,mcq,human_reviewed_banglish_v5,minor_edit,12,0.4167,0.4167,0.4167,q3,q4,Qwen2.5-3B,False,False,True,True,False,False
benqa_10th-Physics_0045,benqa,physics,Physics,10th,mcq,human_reviewed_banglish_v5,minor_edit,12,0.4167,0.4167,0.4167,q3,q4,Qwen2.5-7B,True,True,True,False,False,False
benqa_10th-Physics_0045,benqa,physics,Physics,10th,mcq,human_reviewed_banglish_v5,minor_edit,12,0.4167,0.4167,0.4167,q3,q4,Qwen3-4B,True,True,True,False,False,False
benqa_8th-Science_0086,benqa,science,Science,8th,mcq,auto_romanized_unverified_v4,unreviewed,5,0.2,0.2,0.2,q1,q2,Qwen2.5-3B,False,False,False,False,False,True
benqa_8th-Science_0086,benqa,science,Science,8th,mcq,auto_romanized_unverified_v4,unreviewed,5,0.2,0.2,0.2,q1,q2,Qwen2.5-7B,True,True,True,False,False,False
benqa_8th-Science_0086,benqa,science,Science,8th,mcq,auto_romanized_unverified_v4,unreviewed,5,0.2,0.2,0.2,q1,q2,Qwen3-4B,False,False,True,True,False,False
benqa_10th-Math-II_0139,benqa,math-ii,Math-II,10th,mcq,human_reviewed_banglish_v5,minor_edit,7,0.1429,0.2,0.1429,q1,q1,Qwen2.5-3B,False,False,False,False,False,True
benqa_10th-Math-II_0139,benqa,math-ii,Math-II,10th,mcq,human_reviewed_banglish_v5,minor_edit,7,0.1429,0.2,0.1429,q1,q1,Qwen2.5-7B,False,False,False,False,False,True
benqa_10th-Math-II_0139,benqa,math-ii,Math-II,10th,mcq,human_reviewed_banglish_v5,minor_edit,7,0.1429,0.2,0.1429,q1,q1,Qwen3-4B,False,False,False,False,False,True
benqa_12th-Biology-II_0325,benqa,biology-ii,Biology-II,12th,mcq,auto_romanized_unverified_v4,unreviewed,10,0.3,0.3,0.2,q2,q2,Qwen2.5-3B,False,False,True,True,False,False
benqa_12th-Biology-II_0325,benqa,biology-ii,Biology-II,12th,mcq,auto_romanized_unverified_v4,unreviewed,10,0.3,0.3,0.2,q2,q2,Qwen2.5-7B,False,False,True,True,False,False
benqa_12th-Biology-II_0325,benqa,biology-ii,Biology-II,12th,mcq,auto_romanized_unverified_v4,unreviewed,10,0.3,0.3,0.2,q2,q2,Qwen3-4B,False,False,True,True,False,False
benqa_12th-Physics-I_0289,benqa,physics-i,Physics-I,12th,mcq,human_reviewed_banglish_v5,minor_edit,15,0.3333,0.3333,0.3333,q2,q3,Qwen2.5-3B,False,False,False,False,False,True
benqa_12th-Physics-I_0289,benqa,physics-i,Physics-I,12th,mcq,human_reviewed_banglish_v5,minor_edit,15,0.3333,0.3333,0.3333,q2,q3,Qwen2.5-7B,False,True,False,False,False,False
benqa_12th-Physics-I_0289,benqa,physics-i,Physics-I,12th,mcq,human_reviewed_banglish_v5,minor_edit,15,0.3333,0.3333,0.3333,q2,q3,Qwen3-4B,True,True,True,False,False,False
banglamath_0541,banglamath,math,,seven,short_answer,human_reviewed_banglish_v5,major_edit,16,0.25,0.2667,0.25,q2,q1,Qwen2.5-3B,False,False,False,False,False,True
banglamath_0541,banglamath,math,,seven,short_answer,human_reviewed_banglish_v5,major_edit,16,0.25,0.2667,0.25,q2,q1,Qwen2.5-7B,False,False,False,False,False,True
banglamath_0541,banglamath,math,,seven,short_answer,human_reviewed_banglish_v5,major_edit,16,0.25,0.2667,0.25,q2,q1,Qwen3-4B,False,False,False,False,False,True
benqa_8th-Math_0190,benqa,math,Math,8th,mcq,human_reviewed_banglish_v5,major_edit,19,0.3158,0.3125,0.2105,q2,q3,Qwen2.5-3B,True,True,True,False,False,False
benqa_8th-Math_0190,benqa,math,Math,8th,mcq,human_reviewed_banglish_v5,major_edit,19,0.3158,0.3125,0.2105,q2,q3,Qwen2.5-7B,True,True,True,False,False,False
benqa_8th-Math_0190,benqa,math,Math,8th,mcq,human_reviewed_banglish_v5,major_edit,19,0.3158,0.3125,0.2105,q2,q3,Qwen3-4B,False,False,False,False,False,True
benqa_12th-Biology-I_0042,benqa,biology-i,Biology-I,12th,mcq,human_reviewed_banglish_v5,minor_edit,25,0.28,0.2273,0.16,q2,q2,Qwen2.5-3B,True,True,False,False,False,False
benqa_12th-Biology-I_0042,benqa,biology-i,Biology-I,12th,mcq,human_reviewed_banglish_v5,minor_edit,25,0.28,0.2273,0.16,q2,q2,Qwen2.5-7B,False,True,False,False,False,False
benqa_12th-Biology-I_0042,benqa,biology-i,Biology-I,12th,mcq,human_reviewed_banglish_v5,minor_edit,25,0.28,0.2273,0.16,q2,q2,Qwen3-4B,True,True,False,False,False,False
banglamath_0557,banglamath,math,,seven,short_answer,human_reviewed_banglish_v5,minor_edit,17,0.6471,0.625,0.4706,q4,q3,Qwen2.5-3B,False,False,False,False,False,True
banglamath_0557,banglamath,math,,seven,short_answer,human_reviewed_banglish_v5,minor_edit,17,0.6471,0.625,0.4706,q4,q3,Qwen2.5-7B,True,False,False,True,False,False
banglamath_0557,banglamath,math,,seven,short_answer,human_reviewed_banglish_v5,minor_edit,17,0.6471,0.625,0.4706,q4,q3,Qwen3-4B,False,False,False,False,False,True
benqa_12th-Biology-I_0218,benqa,biology-i,Biology-I,12th,mcq,auto_romanized_unverified_v4,unreviewed,4,0.5,0.5,0.5,q4,q4,Qwen2.5-3B,False,False,True,True,False,False
benqa_12th-Biology-I_0218,benqa,biology-i,Biology-I,12th,mcq,auto_romanized_unverified_v4,unreviewed,4,0.5,0.5,0.5,q4,q4,Qwen2.5-7B,False,False,True,True,False,False
benqa_12th-Biology-I_0218,benqa,biology-i,Biology-I,12th,mcq,auto_romanized_unverified_v4,unreviewed,4,0.5,0.5,0.5,q4,q4,Qwen3-4B,False,False,True,True,False,False
benqa_12th-Math-I_0342,benqa,math-i,Math-I,12th,mcq,auto_romanized_unverified_v4,unreviewed,7,0.1429,0.1429,0.1429,q1,q1,Qwen2.5-3B,False,False,False,False,False,True
benqa_12th-Math-I_0342,benqa,math-i,Math-I,12th,mcq,auto_romanized_unverified_v4,unreviewed,7,0.1429,0.1429,0.1429,q1,q1,Qwen2.5-7B,True,False,False,True,False,False
benqa_12th-Math-I_0342,benqa,math-i,Math-I,12th,mcq,auto_romanized_unverified_v4,unreviewed,7,0.1429,0.1429,0.1429,q1,q1,Qwen3-4B,False,False,False,False,False,True
banglamath_0236,banglamath,math,,six,short_answer,human_reviewed_banglish_v5,minor_edit,9,0.7778,0.8333,0.7778,q4,q4,Qwen2.5-3B,False,False,False,False,False,True
banglamath_0236,banglamath,math,,six,short_answer,human_reviewed_banglish_v5,minor_edit,9,0.7778,0.8333,0.7778,q4,q4,Qwen2.5-7B,False,False,True,True,False,False
banglamath_0236,banglamath,math,,six,short_answer,human_reviewed_banglish_v5,minor_edit,9,0.7778,0.8333,0.7778,q4,q4,Qwen3-4B,False,False,False,False,False,True
benqa_12th-Biology-II_0122,benqa,biology-ii,Biology-II,12th,mcq,human_reviewed_banglish_v5,minor_edit,6,0.1667,0.1667,0.1667,q1,q1,Qwen2.5-3B,True,False,False,True,False,False
benqa_12th-Biology-II_0122,benqa,biology-ii,Biology-II,12th,mcq,human_reviewed_banglish_v5,minor_edit,6,0.1667,0.1667,0.1667,q1,q1,Qwen2.5-7B,True,True,False,False,False,False
benqa_12th-Biology-II_0122,benqa,biology-ii,Biology-II,12th,mcq,human_reviewed_banglish_v5,minor_edit,6,0.1667,0.1667,0.1667,q1,q1,Qwen3-4B,False,False,False,False,False,True
banglamath_0189,banglamath,math,,six,short_answer,human_reviewed_banglish_v5,minor_edit,18,0.6111,0.5385,0.6111,q4,q3,Qwen2.5-3B,False,False,False,False,False,True
banglamath_0189,banglamath,math,,six,short_answer,human_reviewed_banglish_v5,minor_edit,18,0.6111,0.5385,0.6111,q4,q3,Qwen2.5-7B,False,False,False,False,False,True
banglamath_0189,banglamath,math,,six,short_answer,human_reviewed_banglish_v5,minor_edit,18,0.6111,0.5385,0.6111,q4,q3,Qwen3-4B,False,False,False,False,False,True
benqa_12th-Biology-II_0119,benqa,biology-ii,Biology-II,12th,mcq,auto_romanized_unverified_v4,unreviewed,7,0.4286,0.4286,0.2857,q3,q4,Qwen2.5-3B,False,False,False,False,False,True
benqa_12th-Biology-II_0119,benqa,biology-ii,Biology-II,12th,mcq,auto_romanized_unverified_v4,unreviewed,7,0.4286,0.4286,0.2857,q3,q4,Qwen2.5-7B,False,False,False,False,False,True
benqa_12th-Biology-II_0119,benqa,biology-ii,Biology-II,12th,mcq,auto_romanized_unverified_v4,unreviewed,7,0.4286,0.4286,0.2857,q3,q4,Qwen3-4B,True,False,False,True,False,False
benqa_10th-Math-II_0367,benqa,math-ii,Math-II,10th,mcq,human_reviewed_banglish_v5,minor_edit,12,0.4167,0.4167,0.3333,q3,q4,Qwen2.5-3B,True,False,False,True,False,False
benqa_10th-Math-II_0367,benqa,math-ii,Math-II,10th,mcq,human_reviewed_banglish_v5,minor_edit,12,0.4167,0.4167,0.3333,q3,q4,Qwen2.5-7B,False,False,False,False,False,True
benqa_10th-Math-II_0367,benqa,math-ii,Math-II,10th,mcq,human_reviewed_banglish_v5,minor_edit,12,0.4167,0.4167,0.3333,q3,q4,Qwen3-4B,False,True,True,False,False,False
benqa_12th-Physics-I_0256,benqa,physics-i,Physics-I,12th,mcq,auto_romanized_unverified_v4,unreviewed,15,0.4,0.4,0.3333,q3,q4,Qwen2.5-3B,False,False,False,False,False,True
benqa_12th-Physics-I_0256,benqa,physics-i,Physics-I,12th,mcq,auto_romanized_unverified_v4,unreviewed,15,0.4,0.4,0.3333,q3,q4,Qwen2.5-7B,True,False,True,True,True,False
benqa_12th-Physics-I_0256,benqa,physics-i,Physics-I,12th,mcq,auto_romanized_unverified_v4,unreviewed,15,0.4,0.4,0.3333,q3,q4,Qwen3-4B,False,False,False,False,False,True
benqa_12th-Physics-I_0253,benqa,physics-i,Physics-I,12th,mcq,human_reviewed_banglish_v5,minor_edit,26,0.3077,0.3333,0.1538,q2,q2,Qwen2.5-3B,False,False,False,False,False,True
benqa_12th-Physics-I_0253,benqa,physics-i,Physics-I,12th,mcq,human_reviewed_banglish_v5,minor_edit,26,0.3077,0.3333,0.1538,q2,q2,Qwen2.5-7B,False,False,False,False,False,True
benqa_12th-Physics-I_0253,benqa,physics-i,Physics-I,12th,mcq,human_reviewed_banglish_v5,minor_edit,26,0.3077,0.3333,0.1538,q2,q2,Qwen3-4B,False,False,False,False,False,True
benqa_10th-Chemistry_0191,benqa,chemistry,Chemistry,10th,mcq,human_reviewed_banglish_v5,minor_edit,25,0.24,0.2857,0.12,q1,q2,Qwen2.5-3B,False,False,False,False,False,True
benqa_10th-Chemistry_0191,benqa,chemistry,Chemistry,10th,mcq,human_reviewed_banglish_v5,minor_edit,25,0.24,0.2857,0.12,q1,q2,Qwen2.5-7B,False,False,False,False,False,True
benqa_10th-Chemistry_0191,benqa,chemistry,Chemistry,10th,mcq,human_reviewed_banglish_v5,minor_edit,25,0.24,0.2857,0.12,q1,q2,Qwen3-4B,False,False,False,False,False,True
benqa_12th-Chemistry-I_0174,benqa,chemistry-i,Chemistry-I,12th,mcq,human_reviewed_banglish_v5,minor_edit,17,0.2941,0.2941,0.1176,q2,q2,Qwen2.5-3B,False,False,True,True,False,False
benqa_12th-Chemistry-I_0174,benqa,chemistry-i,Chemistry-I,12th,mcq,human_reviewed_banglish_v5,minor_edit,17,0.2941,0.2941,0.1176,q2,q2,Qwen2.5-7B,True,False,True,True,True,False
benqa_12th-Chemistry-I_0174,benqa,chemistry-i,Chemistry-I,12th,mcq,human_reviewed_banglish_v5,minor_edit,17,0.2941,0.2941,0.1176,q2,q2,Qwen3-4B,True,False,True,True,True,False
benqa_10th-Biology_0339,benqa,biology,Biology,10th,mcq,auto_romanized_unverified_v4,unreviewed,6,0.5,0.5,0.3333,q3,q4,Qwen2.5-3B,False,False,True,True,False,False
benqa_10th-Biology_0339,benqa,biology,Biology,10th,mcq,auto_romanized_unverified_v4,unreviewed,6,0.5,0.5,0.3333,q3,q4,Qwen2.5-7B,False,False,True,True,False,False
benqa_10th-Biology_0339,benqa,biology,Biology,10th,mcq,auto_romanized_unverified_v4,unreviewed,6,0.5,0.5,0.3333,q3,q4,Qwen3-4B,True,True,True,False,False,False
benqa_10th-Math-II_0062,benqa,math-ii,Math-II,10th,mcq,human_reviewed_banglish_v5,minor_edit,10,0.2,0.2222,0.0,q1,q1,Qwen2.5-3B,True,True,False,False,False,False
benqa_10th-Math-II_0062,benqa,math-ii,Math-II,10th,mcq,human_reviewed_banglish_v5,minor_edit,10,0.2,0.2222,0.0,q1,q1,Qwen2.5-7B,False,False,False,False,False,True
benqa_10th-Math-II_0062,benqa,math-ii,Math-II,10th,mcq,human_reviewed_banglish_v5,minor_edit,10,0.2,0.2222,0.0,q1,q1,Qwen3-4B,False,False,False,False,False,True
benqa_12th-Chemistry-I_0260,benqa,chemistry-i,Chemistry-I,12th,mcq,human_reviewed_banglish_v5,minor_edit,5,0.2,0.2,0.2,q1,q1,Qwen2.5-3B,False,False,True,True,False,False
benqa_12th-Chemistry-I_0260,benqa,chemistry-i,Chemistry-I,12th,mcq,human_reviewed_banglish_v5,minor_edit,5,0.2,0.2,0.2,q1,q1,Qwen2.5-7B,True,False,True,True,True,False
benqa_12th-Chemistry-I_0260,benqa,chemistry-i,Chemistry-I,12th,mcq,human_reviewed_banglish_v5,minor_edit,5,0.2,0.2,0.2,q1,q1,Qwen3-4B,True,True,True,False,False,False
benqa_12th-Biology-I_0077,benqa,biology-i,Biology-I,12th,mcq,auto_romanized_unverified_v4,unreviewed,8,0.5,0.5,0.25,q3,q4,Qwen2.5-3B,False,False,True,True,False,False
benqa_12th-Biology-I_0077,benqa,biology-i,Biology-I,12th,mcq,auto_romanized_unverified_v4,unreviewed,8,0.5,0.5,0.25,q3,q4,Qwen2.5-7B,True,False,True,True,True,False
benqa_12th-Biology-I_0077,benqa,biology-i,Biology-I,12th,mcq,auto_romanized_unverified_v4,unreviewed,8,0.5,0.5,0.25,q3,q4,Qwen3-4B,True,True,True,False,False,False
benqa_10th-Physics_0084,benqa,physics,Physics,10th,mcq,auto_romanized_unverified_v4,unreviewed,11,0.1818,0.2,0.1818,q1,q1,Qwen2.5-3B,True,False,False,True,False,False
benqa_10th-Physics_0084,benqa,physics,Physics,10th,mcq,auto_romanized_unverified_v4,unreviewed,11,0.1818,0.2,0.1818,q1,q1,Qwen2.5-7B,False,False,False,False,False,True
benqa_10th-Physics_0084,benqa,physics,Physics,10th,mcq,auto_romanized_unverified_v4,unreviewed,11,0.1818,0.2,0.1818,q1,q1,Qwen3-4B,False,False,True,True,False,False
benqa_12th-Physics-II_0267,benqa,physics-ii,Physics-II,12th,mcq,human_reviewed_banglish_v5,minor_edit,17,0.2353,0.4,0.0,q1,q2,Qwen2.5-3B,False,False,False,False,False,True
benqa_12th-Physics-II_0267,benqa,physics-ii,Physics-II,12th,mcq,human_reviewed_banglish_v5,minor_edit,17,0.2353,0.4,0.0,q1,q2,Qwen2.5-7B,False,False,False,False,False,True
benqa_12th-Physics-II_0267,benqa,physics-ii,Physics-II,12th,mcq,human_reviewed_banglish_v5,minor_edit,17,0.2353,0.4,0.0,q1,q2,Qwen3-4B,False,False,False,False,False,True
banglamath_1693,banglamath,math,,Eight,short_answer,human_reviewed_banglish_v5,major_edit,17,0.4118,0.4286,0.3529,q3,q2,Qwen2.5-3B,False,False,False,False,False,True
banglamath_1693,banglamath,math,,Eight,short_answer,human_reviewed_banglish_v5,major_edit,17,0.4118,0.4286,0.3529,q3,q2,Qwen2.5-7B,False,False,False,False,False,True
banglamath_1693,banglamath,math,,Eight,short_answer,human_reviewed_banglish_v5,major_edit,17,0.4118,0.4286,0.3529,q3,q2,Qwen3-4B,False,False,False,False,False,True
banglamath_0227,banglamath,math,,six,short_answer,human_reviewed_banglish_v5,minor_edit,17,0.4118,0.5,0.2941,q3,q2,Qwen2.5-3B,False,False,False,False,False,True
banglamath_0227,banglamath,math,,six,short_answer,human_reviewed_banglish_v5,minor_edit,17,0.4118,0.5,0.2941,q3,q2,Qwen2.5-7B,False,False,False,False,False,True
banglamath_0227,banglamath,math,,six,short_answer,human_reviewed_banglish_v5,minor_edit,17,0.4118,0.5,0.2941,q3,q2,Qwen3-4B,False,False,False,False,False,True
benqa_12th-Chemistry-II_0354,benqa,chemistry-ii,Chemistry-II,12th,mcq,auto_romanized_unverified_v4,unreviewed,11,0.1818,0.1818,0.0909,q1,q1,Qwen2.5-3B,True,False,True,True,True,False
benqa_12th-Chemistry-II_0354,benqa,chemistry-ii,Chemistry-II,12th,mcq,auto_romanized_unverified_v4,unreviewed,11,0.1818,0.1818,0.0909,q1,q1,Qwen2.5-7B,False,False,True,True,False,False
benqa_12th-Chemistry-II_0354,benqa,chemistry-ii,Chemistry-II,12th,mcq,auto_romanized_unverified_v4,unreviewed,11,0.1818,0.1818,0.0909,q1,q1,Qwen3-4B,False,False,True,True,False,False
banglamath_0532,banglamath,math,,seven,short_answer,auto_romanized_unverified_v4,unreviewed,13,0.4615,0.5,0.1538,q3,q2,Qwen2.5-3B,False,False,False,False,False,True
banglamath_0532,banglamath,math,,seven,short_answer,auto_romanized_unverified_v4,unreviewed,13,0.4615,0.5,0.1538,q3,q2,Qwen2.5-7B,False,False,False,False,False,True
banglamath_0532,banglamath,math,,seven,short_answer,auto_romanized_unverified_v4,unreviewed,13,0.4615,0.5,0.1538,q3,q2,Qwen3-4B,False,False,False,False,False,True
benqa_10th-Biology_0277,benqa,biology,Biology,10th,mcq,human_reviewed_banglish_v5,minor_edit,21,0.2381,0.2381,0.0476,q1,q2,Qwen2.5-3B,False,False,False,False,False,True
benqa_10th-Biology_0277,benqa,biology,Biology,10th,mcq,human_reviewed_banglish_v5,minor_edit,21,0.2381,0.2381,0.0476,q1,q2,Qwen2.5-7B,False,False,False,False,False,True
benqa_10th-Biology_0277,benqa,biology,Biology,10th,mcq,human_reviewed_banglish_v5,minor_edit,21,0.2381,0.2381,0.0476,q1,q2,Qwen3-4B,False,False,False,False,False,True
banglamath_0184,banglamath,math,,six,short_answer,human_reviewed_banglish_v5,minor_edit,13,0.6923,0.6667,0.6154,q4,q4,Qwen2.5-3B,False,False,False,False,False,True
banglamath_0184,banglamath,math,,six,short_answer,human_reviewed_banglish_v5,minor_edit,13,0.6923,0.6667,0.6154,q4,q4,Qwen2.5-7B,False,False,True,True,False,False
banglamath_0184,banglamath,math,,six,short_answer,human_reviewed_banglish_v5,minor_edit,13,0.6923,0.6667,0.6154,q4,q4,Qwen3-4B,False,False,False,False,False,True
benqa_10th-Math_0324,benqa,math,Math,10th,mcq,human_reviewed_banglish_v5,minor_edit,8,0.375,0.4286,0.125,q3,q3,Qwen2.5-3B,False,False,True,True,False,False
benqa_10th-Math_0324,benqa,math,Math,10th,mcq,human_reviewed_banglish_v5,minor_edit,8,0.375,0.4286,0.125,q3,q3,Qwen2.5-7B,True,False,True,True,True,False
benqa_10th-Math_0324,benqa,math,Math,10th,mcq,human_reviewed_banglish_v5,minor_edit,8,0.375,0.4286,0.125,q3,q3,Qwen3-4B,False,False,False,False,False,True
benqa_10th-Chemistry_0388,benqa,chemistry,Chemistry,10th,mcq,human_reviewed_banglish_v5,minor_edit,7,0.1429,0.1429,0.0,q1,q1,Qwen2.5-3B,False,False,False,False,False,True
benqa_10th-Chemistry_0388,benqa,chemistry,Chemistry,10th,mcq,human_reviewed_banglish_v5,minor_edit,7,0.1429,0.1429,0.0,q1,q1,Qwen2.5-7B,False,False,False,False,False,True
benqa_10th-Chemistry_0388,benqa,chemistry,Chemistry,10th,mcq,human_reviewed_banglish_v5,minor_edit,7,0.1429,0.1429,0.0,q1,q1,Qwen3-4B,True,True,True,False,False,False
banglamath_0542,banglamath,math,,seven,short_answer,human_reviewed_banglish_v5,minor_edit,21,0.4286,0.5,0.3333,q3,q2,Qwen2.5-3B,False,False,False,False,False,True
banglamath_0542,banglamath,math,,seven,short_answer,human_reviewed_banglish_v5,minor_edit,21,0.4286,0.5,0.3333,q3,q2,Qwen2.5-7B,False,False,False,False,False,True
banglamath_0542,banglamath,math,,seven,short_answer,human_reviewed_banglish_v5,minor_edit,21,0.4286,0.5,0.3333,q3,q2,Qwen3-4B,False,False,False,False,False,True
benqa_12th-Physics-II_0292,benqa,physics-ii,Physics-II,12th,mcq,auto_romanized_unverified_v4,unreviewed,4,0.0,0.0,0.0,q1,q1,Qwen2.5-3B,False,True,False,False,False,False
benqa_12th-Physics-II_0292,benqa,physics-ii,Physics-II,12th,mcq,auto_romanized_unverified_v4,unreviewed,4,0.0,0.0,0.0,q1,q1,Qwen2.5-7B,True,True,True,False,False,False
benqa_12th-Physics-II_0292,benqa,physics-ii,Physics-II,12th,mcq,auto_romanized_unverified_v4,unreviewed,4,0.0,0.0,0.0,q1,q1,Qwen3-4B,False,False,True,True,False,False
benqa_12th-Chemistry-II_0294,benqa,chemistry-ii,Chemistry-II,12th,mcq,human_reviewed_banglish_v5,minor_edit,19,0.4737,0.4,0.1053,q3,q4,Qwen2.5-3B,False,True,False,False,False,False
benqa_12th-Chemistry-II_0294,benqa,chemistry-ii,Chemistry-II,12th,mcq,human_reviewed_banglish_v5,minor_edit,19,0.4737,0.4,0.1053,q3,q4,Qwen2.5-7B,False,False,False,False,False,True
benqa_12th-Chemistry-II_0294,benqa,chemistry-ii,Chemistry-II,12th,mcq,human_reviewed_banglish_v5,minor_edit,19,0.4737,0.4,0.1053,q3,q4,Qwen3-4B,True,True,False,False,False,False
benqa_8th-Science_0014,benqa,science,Science,8th,mcq,human_reviewed_banglish_v5,minor_edit,15,0.2667,0.2667,0.0667,q2,q2,Qwen2.5-3B,True,True,False,False,False,False
benqa_8th-Science_0014,benqa,science,Science,8th,mcq,human_reviewed_banglish_v5,minor_edit,15,0.2667,0.2667,0.0667,q2,q2,Qwen2.5-7B,True,True,False,False,False,False
benqa_8th-Science_0014,benqa,science,Science,8th,mcq,human_reviewed_banglish_v5,minor_edit,15,0.2667,0.2667,0.0667,q2,q2,Qwen3-4B,True,True,False,False,False,False
banglamath_1688,banglamath,math,,Eight,short_answer,human_reviewed_banglish_v5,major_edit,50,0.58,0.6389,0.44,q4,q3,Qwen2.5-3B,False,False,False,False,False,True
banglamath_1688,banglamath,math,,Eight,short_answer,human_reviewed_banglish_v5,major_edit,50,0.58,0.6389,0.44,q4,q3,Qwen2.5-7B,False,False,False,False,False,True
banglamath_1688,banglamath,math,,Eight,short_answer,human_reviewed_banglish_v5,major_edit,50,0.58,0.6389,0.44,q4,q3,Qwen3-4B,False,False,False,False,False,True
benqa_12th-Math-I_0120,benqa,math-i,Math-I,12th,mcq,human_reviewed_banglish_v5,minor_edit,7,0.1429,0.1429,0.0,q1,q1,Qwen2.5-3B,False,False,False,False,False,True
benqa_12th-Math-I_0120,benqa,math-i,Math-I,12th,mcq,human_reviewed_banglish_v5,minor_edit,7,0.1429,0.1429,0.0,q1,q1,Qwen2.5-7B,False,False,False,False,False,True
benqa_12th-Math-I_0120,benqa,math-i,Math-I,12th,mcq,human_reviewed_banglish_v5,minor_edit,7,0.1429,0.1429,0.0,q1,q1,Qwen3-4B,True,True,False,False,False,False
benqa_12th-Biology-I_0160,benqa,biology-i,Biology-I,12th,mcq,auto_romanized_unverified_v4,unreviewed,15,0.3333,0.4167,0.2,q2,q3,Qwen2.5-3B,True,True,True,False,False,False
benqa_12th-Biology-I_0160,benqa,biology-i,Biology-I,12th,mcq,auto_romanized_unverified_v4,unreviewed,15,0.3333,0.4167,0.2,q2,q3,Qwen2.5-7B,False,True,True,False,False,False
benqa_12th-Biology-I_0160,benqa,biology-i,Biology-I,12th,mcq,auto_romanized_unverified_v4,unreviewed,15,0.3333,0.4167,0.2,q2,q3,Qwen3-4B,True,False,True,True,True,False
banglamath_0230,banglamath,math,,six,short_answer,human_reviewed_banglish_v5,minor_edit,4,0.75,0.75,0.5,q4,q4,Qwen2.5-3B,True,False,True,True,True,False
banglamath_0230,banglamath,math,,six,short_answer,human_reviewed_banglish_v5,minor_edit,4,0.75,0.75,0.5,q4,q4,Qwen2.5-7B,True,False,True,True,True,False
banglamath_0230,banglamath,math,,six,short_answer,human_reviewed_banglish_v5,minor_edit,4,0.75,0.75,0.5,q4,q4,Qwen3-4B,True,False,True,True,True,False
banglamath_1685,banglamath,math,,Eight,short_answer,auto_romanized_unverified_v4,unreviewed,31,0.5484,0.6316,0.3548,q4,q3,Qwen2.5-3B,False,False,False,False,False,True
banglamath_1685,banglamath,math,,Eight,short_answer,auto_romanized_unverified_v4,unreviewed,31,0.5484,0.6316,0.3548,q4,q3,Qwen2.5-7B,False,False,False,False,False,True
banglamath_1685,banglamath,math,,Eight,short_answer,auto_romanized_unverified_v4,unreviewed,31,0.5484,0.6316,0.3548,q4,q3,Qwen3-4B,False,False,False,False,False,True
banglamath_1692,banglamath,math,,Eight,short_answer,human_reviewed_banglish_v5,minor_edit,52,0.4423,0.4,0.3077,q3,q2,Qwen2.5-3B,False,False,False,False,False,True
banglamath_1692,banglamath,math,,Eight,short_answer,human_reviewed_banglish_v5,minor_edit,52,0.4423,0.4,0.3077,q3,q2,Qwen2.5-7B,False,False,False,False,False,True
banglamath_1692,banglamath,math,,Eight,short_answer,human_reviewed_banglish_v5,minor_edit,52,0.4423,0.4,0.3077,q3,q2,Qwen3-4B,False,False,False,False,False,True
benqa_8th-Science_0153,benqa,science,Science,8th,mcq,human_reviewed_banglish_v5,minor_edit,5,0.0,0.0,0.0,q1,q1,Qwen2.5-3B,True,False,True,True,True,False
benqa_8th-Science_0153,benqa,science,Science,8th,mcq,human_reviewed_banglish_v5,minor_edit,5,0.0,0.0,0.0,q1,q1,Qwen2.5-7B,True,True,True,False,False,False
benqa_8th-Science_0153,benqa,science,Science,8th,mcq,human_reviewed_banglish_v5,minor_edit,5,0.0,0.0,0.0,q1,q1,Qwen3-4B,True,False,True,True,True,False
banglamath_0228,banglamath,math,,six,short_answer,auto_romanized_unverified_v4,unreviewed,7,0.7143,0.7143,0.4286,q4,q4,Qwen2.5-3B,False,False,True,True,False,False
banglamath_0228,banglamath,math,,six,short_answer,auto_romanized_unverified_v4,unreviewed,7,0.7143,0.7143,0.4286,q4,q4,Qwen2.5-7B,False,False,True,True,False,False
banglamath_0228,banglamath,math,,six,short_answer,auto_romanized_unverified_v4,unreviewed,7,0.7143,0.7143,0.4286,q4,q4,Qwen3-4B,False,False,False,False,False,True
benqa_12th-Physics-I_0109,benqa,physics-i,Physics-I,12th,mcq,auto_romanized_unverified_v4,unreviewed,4,0.75,0.75,0.5,q4,q4,Qwen2.5-3B,False,False,True,True,False,False
benqa_12th-Physics-I_0109,benqa,physics-i,Physics-I,12th,mcq,auto_romanized_unverified_v4,unreviewed,4,0.75,0.75,0.5,q4,q4,Qwen2.5-7B,True,True,True,False,False,False
benqa_12th-Physics-I_0109,benqa,physics-i,Physics-I,12th,mcq,auto_romanized_unverified_v4,unreviewed,4,0.75,0.75,0.5,q4,q4,Qwen3-4B,True,False,True,True,True,False
benqa_12th-Biology-I_0181,benqa,biology-i,Biology-I,12th,mcq,auto_romanized_unverified_v4,unreviewed,9,0.2222,0.2222,0.2222,q1,q2,Qwen2.5-3B,False,False,False,False,False,True
benqa_12th-Biology-I_0181,benqa,biology-i,Biology-I,12th,mcq,auto_romanized_unverified_v4,unreviewed,9,0.2222,0.2222,0.2222,q1,q2,Qwen2.5-7B,True,False,False,True,False,False
benqa_12th-Biology-I_0181,benqa,biology-i,Biology-I,12th,mcq,auto_romanized_unverified_v4,unreviewed,9,0.2222,0.2222,0.2222,q1,q2,Qwen3-4B,False,False,False,False,False,True
benqa_12th-Biology-I_0222,benqa,biology-i,Biology-I,12th,mcq,human_reviewed_banglish_v5,minor_edit,5,0.4,0.4,0.4,q3,q3,Qwen2.5-3B,True,False,True,True,True,False
benqa_12th-Biology-I_0222,benqa,biology-i,Biology-I,12th,mcq,human_reviewed_banglish_v5,minor_edit,5,0.4,0.4,0.4,q3,q3,Qwen2.5-7B,True,False,True,True,True,False
benqa_12th-Biology-I_0222,benqa,biology-i,Biology-I,12th,mcq,human_reviewed_banglish_v5,minor_edit,5,0.4,0.4,0.4,q3,q3,Qwen3-4B,False,False,False,False,False,True
benqa_8th-Math_0167,benqa,math,Math,8th,mcq,human_reviewed_banglish_v5,major_edit,13,0.3077,0.3333,0.3077,q2,q3,Qwen2.5-3B,True,False,True,True,True,False
benqa_8th-Math_0167,benqa,math,Math,8th,mcq,human_reviewed_banglish_v5,major_edit,13,0.3077,0.3333,0.3077,q2,q3,Qwen2.5-7B,False,False,True,True,False,False
benqa_8th-Math_0167,benqa,math,Math,8th,mcq,human_reviewed_banglish_v5,major_edit,13,0.3077,0.3333,0.3077,q2,q3,Qwen3-4B,False,False,True,True,False,False
benqa_12th-Math-I_0218,benqa,math-i,Math-I,12th,mcq,human_reviewed_banglish_v5,minor_edit,8,0.625,0.625,0.25,q4,q4,Qwen2.5-3B,False,True,False,False,False,False
benqa_12th-Math-I_0218,benqa,math-i,Math-I,12th,mcq,human_reviewed_banglish_v5,minor_edit,8,0.625,0.625,0.25,q4,q4,Qwen2.5-7B,True,True,True,False,False,False
benqa_12th-Math-I_0218,benqa,math-i,Math-I,12th,mcq,human_reviewed_banglish_v5,minor_edit,8,0.625,0.625,0.25,q4,q4,Qwen3-4B,True,False,True,True,True,False
benqa_12th-Math-I_0088,benqa,math-i,Math-I,12th,mcq,auto_romanized_unverified_v4,unreviewed,6,0.5,0.4,0.3333,q4,q4,Qwen2.5-3B,False,False,False,False,False,True
benqa_12th-Math-I_0088,benqa,math-i,Math-I,12th,mcq,auto_romanized_unverified_v4,unreviewed,6,0.5,0.4,0.3333,q4,q4,Qwen2.5-7B,False,False,False,False,False,True
benqa_12th-Math-I_0088,benqa,math-i,Math-I,12th,mcq,auto_romanized_unverified_v4,unreviewed,6,0.5,0.4,0.3333,q4,q4,Qwen3-4B,False,False,True,True,False,False
benqa_12th-Math-II_0043,benqa,math-ii,Math-II,12th,mcq,auto_romanized_unverified_v4,unreviewed,5,0.4,0.4,0.4,q3,q3,Qwen2.5-3B,False,False,True,True,False,False
benqa_12th-Math-II_0043,benqa,math-ii,Math-II,12th,mcq,auto_romanized_unverified_v4,unreviewed,5,0.4,0.4,0.4,q3,q3,Qwen2.5-7B,False,False,False,False,False,True
benqa_12th-Math-II_0043,benqa,math-ii,Math-II,12th,mcq,auto_romanized_unverified_v4,unreviewed,5,0.4,0.4,0.4,q3,q3,Qwen3-4B,True,True,True,False,False,False
banglamath_0550,banglamath,math,,seven,short_answer,human_reviewed_banglish_v5,minor_edit,12,0.1667,0.1818,0.1667,q1,q1,Qwen2.5-3B,False,False,False,False,False,True
banglamath_0550,banglamath,math,,seven,short_answer,human_reviewed_banglish_v5,minor_edit,12,0.1667,0.1818,0.1667,q1,q1,Qwen2.5-7B,False,False,False,False,False,True
banglamath_0550,banglamath,math,,seven,short_answer,human_reviewed_banglish_v5,minor_edit,12,0.1667,0.1818,0.1667,q1,q1,Qwen3-4B,False,False,False,False,False,True
benqa_12th-Chemistry-I_0227,benqa,chemistry-i,Chemistry-I,12th,mcq,human_reviewed_banglish_v5,minor_edit,6,0.6667,0.6667,0.3333,q4,q4,Qwen2.5-3B,False,False,False,False,False,True
benqa_12th-Chemistry-I_0227,benqa,chemistry-i,Chemistry-I,12th,mcq,human_reviewed_banglish_v5,minor_edit,6,0.6667,0.6667,0.3333,q4,q4,Qwen2.5-7B,False,False,False,False,False,True
benqa_12th-Chemistry-I_0227,benqa,chemistry-i,Chemistry-I,12th,mcq,human_reviewed_banglish_v5,minor_edit,6,0.6667,0.6667,0.3333,q4,q4,Qwen3-4B,False,True,True,False,False,False
benqa_12th-Physics-II_0085,benqa,physics-ii,Physics-II,12th,mcq,human_reviewed_banglish_v5,minor_edit,15,0.3333,0.3333,0.0,q2,q3,Qwen2.5-3B,True,True,False,False,False,False
benqa_12th-Physics-II_0085,benqa,physics-ii,Physics-II,12th,mcq,human_reviewed_banglish_v5,minor_edit,15,0.3333,0.3333,0.0,q2,q3,Qwen2.5-7B,False,False,True,True,False,False
benqa_12th-Physics-II_0085,benqa,physics-ii,Physics-II,12th,mcq,human_reviewed_banglish_v5,minor_edit,15,0.3333,0.3333,0.0,q2,q3,Qwen3-4B,True,True,True,False,False,False
benqa_10th-Biology_0197,benqa,biology,Biology,10th,mcq,human_reviewed_banglish_v5,minor_edit,7,0.2857,0.2857,0.1429,q2,q2,Qwen2.5-3B,True,False,False,True,False,False
benqa_10th-Biology_0197,benqa,biology,Biology,10th,mcq,human_reviewed_banglish_v5,minor_edit,7,0.2857,0.2857,0.1429,q2,q2,Qwen2.5-7B,False,False,False,False,False,True
benqa_10th-Biology_0197,benqa,biology,Biology,10th,mcq,human_reviewed_banglish_v5,minor_edit,7,0.2857,0.2857,0.1429,q2,q2,Qwen3-4B,False,True,False,False,False,False
benqa_12th-Physics-II_0037,benqa,physics-ii,Physics-II,12th,mcq,human_reviewed_banglish_v5,minor_edit,4,0.25,0.25,0.0,q2,q2,Qwen2.5-3B,False,False,True,True,False,False
benqa_12th-Physics-II_0037,benqa,physics-ii,Physics-II,12th,mcq,human_reviewed_banglish_v5,minor_edit,4,0.25,0.25,0.0,q2,q2,Qwen2.5-7B,False,True,False,False,False,False
benqa_12th-Physics-II_0037,benqa,physics-ii,Physics-II,12th,mcq,human_reviewed_banglish_v5,minor_edit,4,0.25,0.25,0.0,q2,q2,Qwen3-4B,False,False,False,False,False,True
banglamath_0533,banglamath,math,,seven,short_answer,auto_romanized_unverified_v4,unreviewed,13,0.6154,0.6364,0.4615,q4,q3,Qwen2.5-3B,False,False,False,False,False,True
banglamath_0533,banglamath,math,,seven,short_answer,auto_romanized_unverified_v4,unreviewed,13,0.6154,0.6364,0.4615,q4,q3,Qwen2.5-7B,False,False,False,False,False,True
banglamath_0533,banglamath,math,,seven,short_answer,auto_romanized_unverified_v4,unreviewed,13,0.6154,0.6364,0.4615,q4,q3,Qwen3-4B,False,False,False,False,False,True
benqa_12th-Math-II_0230,benqa,math-ii,Math-II,12th,mcq,human_reviewed_banglish_v5,minor_edit,33,0.3333,0.3333,0.0909,q2,q3,Qwen2.5-3B,True,True,False,False,False,False
benqa_12th-Math-II_0230,benqa,math-ii,Math-II,12th,mcq,human_reviewed_banglish_v5,minor_edit,33,0.3333,0.3333,0.0909,q2,q3,Qwen2.5-7B,False,True,False,False,False,False
benqa_12th-Math-II_0230,benqa,math-ii,Math-II,12th,mcq,human_reviewed_banglish_v5,minor_edit,33,0.3333,0.3333,0.0909,q2,q3,Qwen3-4B,True,True,False,False,False,False
benqa_12th-Physics-I_0214,benqa,physics-i,Physics-I,12th,mcq,auto_romanized_unverified_v4,unreviewed,13,0.3077,0.3077,0.2308,q2,q2,Qwen2.5-3B,False,True,False,False,False,False
benqa_12th-Physics-I_0214,benqa,physics-i,Physics-I,12th,mcq,auto_romanized_unverified_v4,unreviewed,13,0.3077,0.3077,0.2308,q2,q2,Qwen2.5-7B,False,True,False,False,False,False
benqa_12th-Physics-I_0214,benqa,physics-i,Physics-I,12th,mcq,auto_romanized_unverified_v4,unreviewed,13,0.3077,0.3077,0.2308,q2,q2,Qwen3-4B,False,False,False,False,False,True
banglamath_0232,banglamath,math,,six,short_answer,human_reviewed_banglish_v5,minor_edit,9,0.6667,0.6667,0.5556,q4,q3,Qwen2.5-3B,False,False,False,False,False,True
banglamath_0232,banglamath,math,,six,short_answer,human_reviewed_banglish_v5,minor_edit,9,0.6667,0.6667,0.5556,q4,q3,Qwen2.5-7B,False,False,True,True,False,False
banglamath_0232,banglamath,math,,six,short_answer,human_reviewed_banglish_v5,minor_edit,9,0.6667,0.6667,0.5556,q4,q3,Qwen3-4B,False,False,False,False,False,True
banglamath_0182,banglamath,math,,six,short_answer,human_reviewed_banglish_v5,minor_edit,9,0.5556,0.6667,0.5556,q4,q3,Qwen2.5-3B,False,False,False,False,False,True
banglamath_0182,banglamath,math,,six,short_answer,human_reviewed_banglish_v5,minor_edit,9,0.5556,0.6667,0.5556,q4,q3,Qwen2.5-7B,True,False,False,True,False,False
banglamath_0182,banglamath,math,,six,short_answer,human_reviewed_banglish_v5,minor_edit,9,0.5556,0.6667,0.5556,q4,q3,Qwen3-4B,False,False,False,False,False,True
benqa_10th-Physics_0198,benqa,physics,Physics,10th,mcq,auto_romanized_unverified_v4,unreviewed,5,0.4,0.4,0.2,q3,q3,Qwen2.5-3B,False,False,False,False,False,True
benqa_10th-Physics_0198,benqa,physics,Physics,10th,mcq,auto_romanized_unverified_v4,unreviewed,5,0.4,0.4,0.2,q3,q3,Qwen2.5-7B,False,False,True,True,False,False
benqa_10th-Physics_0198,benqa,physics,Physics,10th,mcq,auto_romanized_unverified_v4,unreviewed,5,0.4,0.4,0.2,q3,q3,Qwen3-4B,True,False,True,True,True,False
benqa_12th-Biology-II_0049,benqa,biology-ii,Biology-II,12th,mcq,auto_romanized_unverified_v4,unreviewed,5,0.2,0.2,0.2,q1,q1,Qwen2.5-3B,False,False,False,False,False,True
benqa_12th-Biology-II_0049,benqa,biology-ii,Biology-II,12th,mcq,auto_romanized_unverified_v4,unreviewed,5,0.2,0.2,0.2,q1,q1,Qwen2.5-7B,True,False,False,True,False,False
benqa_12th-Biology-II_0049,benqa,biology-ii,Biology-II,12th,mcq,auto_romanized_unverified_v4,unreviewed,5,0.2,0.2,0.2,q1,q1,Qwen3-4B,True,False,False,True,False,False
benqa_10th-Chemistry_0280,benqa,chemistry,Chemistry,10th,mcq,human_reviewed_banglish_v5,minor_edit,4,0.25,0.25,0.25,q2,q2,Qwen2.5-3B,False,False,False,False,False,True
benqa_10th-Chemistry_0280,benqa,chemistry,Chemistry,10th,mcq,human_reviewed_banglish_v5,minor_edit,4,0.25,0.25,0.25,q2,q2,Qwen2.5-7B,False,False,False,False,False,True
benqa_10th-Chemistry_0280,benqa,chemistry,Chemistry,10th,mcq,human_reviewed_banglish_v5,minor_edit,4,0.25,0.25,0.25,q2,q2,Qwen3-4B,False,False,False,False,False,True
benqa_12th-Biology-II_0128,benqa,biology-ii,Biology-II,12th,mcq,human_reviewed_banglish_v5,minor_edit,14,0.3571,0.3571,0.1429,q3,q3,Qwen2.5-3B,False,True,True,False,False,False
benqa_12th-Biology-II_0128,benqa,biology-ii,Biology-II,12th,mcq,human_reviewed_banglish_v5,minor_edit,14,0.3571,0.3571,0.1429,q3,q3,Qwen2.5-7B,False,True,True,False,False,False
benqa_12th-Biology-II_0128,benqa,biology-ii,Biology-II,12th,mcq,human_reviewed_banglish_v5,minor_edit,14,0.3571,0.3571,0.1429,q3,q3,Qwen3-4B,False,False,False,False,False,True
benqa_8th-Math_0031,benqa,math,Math,8th,mcq,human_reviewed_banglish_v5,minor_edit,9,0.3333,0.3333,0.3333,q3,q3,Qwen2.5-3B,False,False,True,True,False,False
benqa_8th-Math_0031,benqa,math,Math,8th,mcq,human_reviewed_banglish_v5,minor_edit,9,0.3333,0.3333,0.3333,q3,q3,Qwen2.5-7B,False,False,True,True,False,False
benqa_8th-Math_0031,benqa,math,Math,8th,mcq,human_reviewed_banglish_v5,minor_edit,9,0.3333,0.3333,0.3333,q3,q3,Qwen3-4B,True,True,True,False,False,False
banglamath_1698,banglamath,math,,Eight,short_answer,auto_romanized_unverified_v4,unreviewed,21,0.381,0.3684,0.2381,q3,q2,Qwen2.5-3B,False,False,False,False,False,True
banglamath_1698,banglamath,math,,Eight,short_answer,auto_romanized_unverified_v4,unreviewed,21,0.381,0.3684,0.2381,q3,q2,Qwen2.5-7B,False,False,False,False,False,True
banglamath_1698,banglamath,math,,Eight,short_answer,auto_romanized_unverified_v4,unreviewed,21,0.381,0.3684,0.2381,q3,q2,Qwen3-4B,False,False,False,False,False,True
benqa_12th-Chemistry-I_0328,benqa,chemistry-i,Chemistry-I,12th,mcq,auto_romanized_unverified_v4,unreviewed,4,0.25,0.25,0.25,q2,q2,Qwen2.5-3B,True,False,False,True,False,False
benqa_12th-Chemistry-I_0328,benqa,chemistry-i,Chemistry-I,12th,mcq,auto_romanized_unverified_v4,unreviewed,4,0.25,0.25,0.25,q2,q2,Qwen2.5-7B,True,True,True,False,False,False
benqa_12th-Chemistry-I_0328,benqa,chemistry-i,Chemistry-I,12th,mcq,auto_romanized_unverified_v4,unreviewed,4,0.25,0.25,0.25,q2,q2,Qwen3-4B,True,False,True,True,True,False
banglamath_1694,banglamath,math,,Eight,short_answer,human_reviewed_banglish_v5,minor_edit,17,0.4118,0.4,0.4118,q3,q2,Qwen2.5-3B,False,False,False,False,False,True
banglamath_1694,banglamath,math,,Eight,short_answer,human_reviewed_banglish_v5,minor_edit,17,0.4118,0.4,0.4118,q3,q2,Qwen2.5-7B,False,False,False,False,False,True
banglamath_1694,banglamath,math,,Eight,short_answer,human_reviewed_banglish_v5,minor_edit,17,0.4118,0.4,0.4118,q3,q2,Qwen3-4B,False,False,False,False,False,True
benqa_12th-Physics-II_0046,benqa,physics-ii,Physics-II,12th,mcq,human_reviewed_banglish_v5,minor_edit,17,0.4118,0.4118,0.1176,q3,q4,Qwen2.5-3B,True,False,True,True,True,False
benqa_12th-Physics-II_0046,benqa,physics-ii,Physics-II,12th,mcq,human_reviewed_banglish_v5,minor_edit,17,0.4118,0.4118,0.1176,q3,q4,Qwen2.5-7B,False,False,False,False,False,True
benqa_12th-Physics-II_0046,benqa,physics-ii,Physics-II,12th,mcq,human_reviewed_banglish_v5,minor_edit,17,0.4118,0.4118,0.1176,q3,q4,Qwen3-4B,False,False,True,True,False,False
benqa_12th-Math-I_0186,benqa,math-i,Math-I,12th,mcq,human_reviewed_banglish_v5,minor_edit,10,0.2,0.2,0.1,q1,q1,Qwen2.5-3B,False,False,False,False,False,True
benqa_12th-Math-I_0186,benqa,math-i,Math-I,12th,mcq,human_reviewed_banglish_v5,minor_edit,10,0.2,0.2,0.1,q1,q1,Qwen2.5-7B,False,True,True,False,False,False
benqa_12th-Math-I_0186,benqa,math-i,Math-I,12th,mcq,human_reviewed_banglish_v5,minor_edit,10,0.2,0.2,0.1,q1,q1,Qwen3-4B,False,False,False,False,False,True
banglamath_0553,banglamath,math,,seven,short_answer,human_reviewed_banglish_v5,minor_edit,16,0.1875,0.2308,0.1875,q1,q1,Qwen2.5-3B,False,False,False,False,False,True
banglamath_0553,banglamath,math,,seven,short_answer,human_reviewed_banglish_v5,minor_edit,16,0.1875,0.2308,0.1875,q1,q1,Qwen2.5-7B,False,False,False,False,False,True
banglamath_0553,banglamath,math,,seven,short_answer,human_reviewed_banglish_v5,minor_edit,16,0.1875,0.2308,0.1875,q1,q1,Qwen3-4B,False,False,False,False,False,True
benqa_8th-Science_0127,benqa,science,Science,8th,mcq,human_reviewed_banglish_v5,minor_edit,6,0.5,0.5,0.5,q4,q4,Qwen2.5-3B,False,False,False,False,False,True
benqa_8th-Science_0127,benqa,science,Science,8th,mcq,human_reviewed_banglish_v5,minor_edit,6,0.5,0.5,0.5,q4,q4,Qwen2.5-7B,False,True,True,False,False,False
benqa_8th-Science_0127,benqa,science,Science,8th,mcq,human_reviewed_banglish_v5,minor_edit,6,0.5,0.5,0.5,q4,q4,Qwen3-4B,True,False,True,True,True,False
banglamath_0226,banglamath,math,,six,short_answer,human_reviewed_banglish_v5,minor_edit,8,0.5,0.5,0.5,q3,q2,Qwen2.5-3B,False,False,False,False,False,True
banglamath_0226,banglamath,math,,six,short_answer,human_reviewed_banglish_v5,minor_edit,8,0.5,0.5,0.5,q3,q2,Qwen2.5-7B,False,False,False,False,False,True
banglamath_0226,banglamath,math,,six,short_answer,human_reviewed_banglish_v5,minor_edit,8,0.5,0.5,0.5,q3,q2,Qwen3-4B,False,False,False,False,False,True
benqa_8th-Math_0085,benqa,math,Math,8th,mcq,human_reviewed_banglish_v5,minor_edit,6,0.1667,0.1667,0.1667,q1,q1,Qwen2.5-3B,False,False,True,True,False,False
benqa_8th-Math_0085,benqa,math,Math,8th,mcq,human_reviewed_banglish_v5,minor_edit,6,0.1667,0.1667,0.1667,q1,q1,Qwen2.5-7B,False,False,True,True,False,False
benqa_8th-Math_0085,benqa,math,Math,8th,mcq,human_reviewed_banglish_v5,minor_edit,6,0.1667,0.1667,0.1667,q1,q1,Qwen3-4B,True,False,True,True,True,False
benqa_12th-Math-I_0310,benqa,math-i,Math-I,12th,mcq,human_reviewed_banglish_v5,minor_edit,6,0.5,0.5,0.3333,q4,q4,Qwen2.5-3B,True,True,True,False,False,False
benqa_12th-Math-I_0310,benqa,math-i,Math-I,12th,mcq,human_reviewed_banglish_v5,minor_edit,6,0.5,0.5,0.3333,q4,q4,Qwen2.5-7B,True,True,True,False,False,False
benqa_12th-Math-I_0310,benqa,math-i,Math-I,12th,mcq,human_reviewed_banglish_v5,minor_edit,6,0.5,0.5,0.3333,q4,q4,Qwen3-4B,True,True,True,False,False,False
benqa_8th-Science_0062,benqa,science,Science,8th,mcq,auto_romanized_unverified_v4,unreviewed,9,0.4444,0.4444,0.3333,q3,q4,Qwen2.5-3B,False,False,True,True,False,False
benqa_8th-Science_0062,benqa,science,Science,8th,mcq,auto_romanized_unverified_v4,unreviewed,9,0.4444,0.4444,0.3333,q3,q4,Qwen2.5-7B,False,False,True,True,False,False
benqa_8th-Science_0062,benqa,science,Science,8th,mcq,auto_romanized_unverified_v4,unreviewed,9,0.4444,0.4444,0.3333,q3,q4,Qwen3-4B,True,True,True,False,False,False
benqa_8th-Science_0098,benqa,science,Science,8th,mcq,human_reviewed_banglish_v5,minor_edit,26,0.3462,0.3043,0.2692,q3,q3,Qwen2.5-3B,False,False,False,False,False,True
benqa_8th-Science_0098,benqa,science,Science,8th,mcq,human_reviewed_banglish_v5,minor_edit,26,0.3462,0.3043,0.2692,q3,q3,Qwen2.5-7B,False,True,False,False,False,False
benqa_8th-Science_0098,benqa,science,Science,8th,mcq,human_reviewed_banglish_v5,minor_edit,26,0.3462,0.3043,0.2692,q3,q3,Qwen3-4B,False,False,False,False,False,True
benqa_12th-Physics-I_0008,benqa,physics-i,Physics-I,12th,mcq,auto_romanized_unverified_v4,unreviewed,12,0.3333,0.3636,0.25,q2,q3,Qwen2.5-3B,True,True,True,False,False,False
benqa_12th-Physics-I_0008,benqa,physics-i,Physics-I,12th,mcq,auto_romanized_unverified_v4,unreviewed,12,0.3333,0.3636,0.25,q2,q3,Qwen2.5-7B,False,False,False,False,False,True
benqa_12th-Physics-I_0008,benqa,physics-i,Physics-I,12th,mcq,auto_romanized_unverified_v4,unreviewed,12,0.3333,0.3636,0.25,q2,q3,Qwen3-4B,True,True,True,False,False,False
benqa_12th-Physics-I_0106,benqa,physics-i,Physics-I,12th,mcq,human_reviewed_banglish_v5,minor_edit,5,0.2,0.2,0.0,q1,q2,Qwen2.5-3B,False,True,True,False,False,False
benqa_12th-Physics-I_0106,benqa,physics-i,Physics-I,12th,mcq,human_reviewed_banglish_v5,minor_edit,5,0.2,0.2,0.0,q1,q2,Qwen2.5-7B,False,False,True,True,False,False
benqa_12th-Physics-I_0106,benqa,physics-i,Physics-I,12th,mcq,human_reviewed_banglish_v5,minor_edit,5,0.2,0.2,0.0,q1,q2,Qwen3-4B,True,True,True,False,False,False
benqa_12th-Physics-II_0219,benqa,physics-ii,Physics-II,12th,mcq,auto_romanized_unverified_v4,unreviewed,7,0.1429,0.1429,0.0,q1,q1,Qwen2.5-3B,False,False,False,False,False,True
benqa_12th-Physics-II_0219,benqa,physics-ii,Physics-II,12th,mcq,auto_romanized_unverified_v4,unreviewed,7,0.1429,0.1429,0.0,q1,q1,Qwen2.5-7B,False,False,False,False,False,True
benqa_12th-Physics-II_0219,benqa,physics-ii,Physics-II,12th,mcq,auto_romanized_unverified_v4,unreviewed,7,0.1429,0.1429,0.0,q1,q1,Qwen3-4B,True,True,True,False,False,False
benqa_10th-Biology_0143,benqa,biology,Biology,10th,mcq,auto_romanized_unverified_v4,unreviewed,7,0.5714,0.5714,0.5714,q4,q4,Qwen2.5-3B,False,False,False,False,False,True
benqa_10th-Biology_0143,benqa,biology,Biology,10th,mcq,auto_romanized_unverified_v4,unreviewed,7,0.5714,0.5714,0.5714,q4,q4,Qwen2.5-7B,True,True,False,False,False,False
benqa_10th-Biology_0143,benqa,biology,Biology,10th,mcq,auto_romanized_unverified_v4,unreviewed,7,0.5714,0.5714,0.5714,q4,q4,Qwen3-4B,False,True,False,False,False,False
benqa_12th-Chemistry-II_0067,benqa,chemistry-ii,Chemistry-II,12th,mcq,human_reviewed_banglish_v5,minor_edit,16,0.3125,0.3125,0.125,q2,q3,Qwen2.5-3B,False,False,False,False,False,True
benqa_12th-Chemistry-II_0067,benqa,chemistry-ii,Chemistry-II,12th,mcq,human_reviewed_banglish_v5,minor_edit,16,0.3125,0.3125,0.125,q2,q3,Qwen2.5-7B,True,False,True,True,True,False
benqa_12th-Chemistry-II_0067,benqa,chemistry-ii,Chemistry-II,12th,mcq,human_reviewed_banglish_v5,minor_edit,16,0.3125,0.3125,0.125,q2,q3,Qwen3-4B,False,False,False,False,False,True
benqa_12th-Chemistry-I_0037,benqa,chemistry-i,Chemistry-I,12th,mcq,human_reviewed_banglish_v5,minor_edit,24,0.375,0.3478,0.25,q3,q3,Qwen2.5-3B,True,False,False,True,False,False
benqa_12th-Chemistry-I_0037,benqa,chemistry-i,Chemistry-I,12th,mcq,human_reviewed_banglish_v5,minor_edit,24,0.375,0.3478,0.25,q3,q3,Qwen2.5-7B,False,False,True,True,False,False
benqa_12th-Chemistry-I_0037,benqa,chemistry-i,Chemistry-I,12th,mcq,human_reviewed_banglish_v5,minor_edit,24,0.375,0.3478,0.25,q3,q3,Qwen3-4B,True,False,True,True,True,False
banglamath_0519,banglamath,math,,seven,short_answer,human_reviewed_banglish_v5,major_edit,10,0.3,0.3333,0.3,q2,q1,Qwen2.5-3B,False,False,False,False,False,True
banglamath_0519,banglamath,math,,seven,short_answer,human_reviewed_banglish_v5,major_edit,10,0.3,0.3333,0.3,q2,q1,Qwen2.5-7B,False,False,False,False,False,True
banglamath_0519,banglamath,math,,seven,short_answer,human_reviewed_banglish_v5,major_edit,10,0.3,0.3333,0.3,q2,q1,Qwen3-4B,False,False,False,False,False,True
banglamath_0540,banglamath,math,,seven,short_answer,human_reviewed_banglish_v5,major_edit,12,0.3333,0.3636,0.25,q2,q1,Qwen2.5-3B,False,False,False,False,False,True
banglamath_0540,banglamath,math,,seven,short_answer,human_reviewed_banglish_v5,major_edit,12,0.3333,0.3636,0.25,q2,q1,Qwen2.5-7B,False,False,False,False,False,True
banglamath_0540,banglamath,math,,seven,short_answer,human_reviewed_banglish_v5,major_edit,12,0.3333,0.3636,0.25,q2,q1,Qwen3-4B,False,False,False,False,False,True
banglamath_0237,banglamath,math,,six,short_answer,human_reviewed_banglish_v5,minor_edit,9,0.6667,0.7143,0.6667,q4,q4,Qwen2.5-3B,False,False,False,False,False,True
banglamath_0237,banglamath,math,,six,short_answer,human_reviewed_banglish_v5,minor_edit,9,0.6667,0.7143,0.6667,q4,q4,Qwen2.5-7B,False,False,False,False,False,True
banglamath_0237,banglamath,math,,six,short_answer,human_reviewed_banglish_v5,minor_edit,9,0.6667,0.7143,0.6667,q4,q4,Qwen3-4B,False,False,False,False,False,True
benqa_10th-Math-II_0347,benqa,math-ii,Math-II,10th,mcq,human_reviewed_banglish_v5,minor_edit,8,0.625,0.625,0.25,q4,q4,Qwen2.5-3B,False,False,False,False,False,True
benqa_10th-Math-II_0347,benqa,math-ii,Math-II,10th,mcq,human_reviewed_banglish_v5,minor_edit,8,0.625,0.625,0.25,q4,q4,Qwen2.5-7B,False,False,False,False,False,True
benqa_10th-Math-II_0347,benqa,math-ii,Math-II,10th,mcq,human_reviewed_banglish_v5,minor_edit,8,0.625,0.625,0.25,q4,q4,Qwen3-4B,True,True,True,False,False,False
benqa_12th-Math-II_0214,benqa,math-ii,Math-II,12th,mcq,auto_romanized_unverified_v4,unreviewed,7,0.2857,0.4,0.1429,q2,q2,Qwen2.5-3B,True,True,False,False,False,False
benqa_12th-Math-II_0214,benqa,math-ii,Math-II,12th,mcq,auto_romanized_unverified_v4,unreviewed,7,0.2857,0.4,0.1429,q2,q2,Qwen2.5-7B,False,False,False,False,False,True
benqa_12th-Math-II_0214,benqa,math-ii,Math-II,12th,mcq,auto_romanized_unverified_v4,unreviewed,7,0.2857,0.4,0.1429,q2,q2,Qwen3-4B,True,True,True,False,False,False
banglamath_0181,banglamath,math,,six,short_answer,human_reviewed_banglish_v5,minor_edit,10,0.7,0.7,0.6,q4,q4,Qwen2.5-3B,False,False,False,False,False,True
banglamath_0181,banglamath,math,,six,short_answer,human_reviewed_banglish_v5,minor_edit,10,0.7,0.7,0.6,q4,q4,Qwen2.5-7B,False,False,False,False,False,True
banglamath_0181,banglamath,math,,six,short_answer,human_reviewed_banglish_v5,minor_edit,10,0.7,0.7,0.6,q4,q4,Qwen3-4B,False,False,False,False,False,True
banglamath_0183,banglamath,math,,six,short_answer,human_reviewed_banglish_v5,minor_edit,13,0.6923,0.6667,0.5385,q4,q4,Qwen2.5-3B,False,False,False,False,False,True
banglamath_0183,banglamath,math,,six,short_answer,human_reviewed_banglish_v5,minor_edit,13,0.6923,0.6667,0.5385,q4,q4,Qwen2.5-7B,False,False,False,False,False,True
banglamath_0183,banglamath,math,,six,short_answer,human_reviewed_banglish_v5,minor_edit,13,0.6923,0.6667,0.5385,q4,q4,Qwen3-4B,False,False,False,False,False,True
benqa_10th-Biology_0215,benqa,biology,Biology,10th,mcq,human_reviewed_banglish_v5,minor_edit,24,0.2917,0.2917,0.125,q2,q2,Qwen2.5-3B,False,False,True,True,False,False
benqa_10th-Biology_0215,benqa,biology,Biology,10th,mcq,human_reviewed_banglish_v5,minor_edit,24,0.2917,0.2917,0.125,q2,q2,Qwen2.5-7B,False,False,True,True,False,False
benqa_10th-Biology_0215,benqa,biology,Biology,10th,mcq,human_reviewed_banglish_v5,minor_edit,24,0.2917,0.2917,0.125,q2,q2,Qwen3-4B,False,False,False,False,False,True
benqa_10th-Chemistry_0336,benqa,chemistry,Chemistry,10th,mcq,human_reviewed_banglish_v5,minor_edit,22,0.3182,0.3333,0.0455,q2,q3,Qwen2.5-3B,True,True,True,False,False,False
benqa_10th-Chemistry_0336,benqa,chemistry,Chemistry,10th,mcq,human_reviewed_banglish_v5,minor_edit,22,0.3182,0.3333,0.0455,q2,q3,Qwen2.5-7B,False,False,False,False,False,True
benqa_10th-Chemistry_0336,benqa,chemistry,Chemistry,10th,mcq,human_reviewed_banglish_v5,minor_edit,22,0.3182,0.3333,0.0455,q2,q3,Qwen3-4B,True,True,False,False,False,False
banglamath_0185,banglamath,math,,six,short_answer,human_reviewed_banglish_v5,minor_edit,13,0.5385,0.5455,0.4615,q4,q3,Qwen2.5-3B,True,False,False,True,False,False
banglamath_0185,banglamath,math,,six,short_answer,human_reviewed_banglish_v5,minor_edit,13,0.5385,0.5455,0.4615,q4,q3,Qwen2.5-7B,False,False,False,False,False,True
banglamath_0185,banglamath,math,,six,short_answer,human_reviewed_banglish_v5,minor_edit,13,0.5385,0.5455,0.4615,q4,q3,Qwen3-4B,False,False,False,False,False,True
banglamath_1690,banglamath,math,,Eight,short_answer,auto_romanized_unverified_v4,unreviewed,51,0.4902,0.5641,0.3922,q3,q2,Qwen2.5-3B,False,False,False,False,False,True
banglamath_1690,banglamath,math,,Eight,short_answer,auto_romanized_unverified_v4,unreviewed,51,0.4902,0.5641,0.3922,q3,q2,Qwen2.5-7B,False,False,False,False,False,True
banglamath_1690,banglamath,math,,Eight,short_answer,auto_romanized_unverified_v4,unreviewed,51,0.4902,0.5641,0.3922,q3,q2,Qwen3-4B,False,False,False,False,False,True
benqa_10th-Chemistry_0041,benqa,chemistry,Chemistry,10th,mcq,human_reviewed_banglish_v5,minor_edit,4,0.75,0.75,0.25,q4,q4,Qwen2.5-3B,False,True,True,False,False,False
benqa_10th-Chemistry_0041,benqa,chemistry,Chemistry,10th,mcq,human_reviewed_banglish_v5,minor_edit,4,0.75,0.75,0.25,q4,q4,Qwen2.5-7B,False,False,True,True,False,False
benqa_10th-Chemistry_0041,benqa,chemistry,Chemistry,10th,mcq,human_reviewed_banglish_v5,minor_edit,4,0.75,0.75,0.25,q4,q4,Qwen3-4B,False,False,True,True,False,False
banglamath_1687,banglamath,math,,Eight,short_answer,human_reviewed_banglish_v5,minor_edit,30,0.3667,0.3571,0.2333,q3,q2,Qwen2.5-3B,False,False,False,False,False,True
banglamath_1687,banglamath,math,,Eight,short_answer,human_reviewed_banglish_v5,minor_edit,30,0.3667,0.3571,0.2333,q3,q2,Qwen2.5-7B,False,False,False,False,False,True
banglamath_1687,banglamath,math,,Eight,short_answer,human_reviewed_banglish_v5,minor_edit,30,0.3667,0.3571,0.2333,q3,q2,Qwen3-4B,False,False,False,False,False,True
benqa_10th-Physics_0021,benqa,physics,Physics,10th,mcq,human_reviewed_banglish_v5,minor_edit,3,0.0,0.0,0.0,q1,q1,Qwen2.5-3B,True,False,True,True,True,False
benqa_10th-Physics_0021,benqa,physics,Physics,10th,mcq,human_reviewed_banglish_v5,minor_edit,3,0.0,0.0,0.0,q1,q1,Qwen2.5-7B,True,False,True,True,True,False
benqa_10th-Physics_0021,benqa,physics,Physics,10th,mcq,human_reviewed_banglish_v5,minor_edit,3,0.0,0.0,0.0,q1,q1,Qwen3-4B,True,False,True,True,True,False
benqa_10th-Math_0032,benqa,math,Math,10th,mcq,human_reviewed_banglish_v5,minor_edit,5,0.8,0.8,0.6,q4,q4,Qwen2.5-3B,True,False,True,True,True,False
benqa_10th-Math_0032,benqa,math,Math,10th,mcq,human_reviewed_banglish_v5,minor_edit,5,0.8,0.8,0.6,q4,q4,Qwen2.5-7B,True,True,False,False,False,False
benqa_10th-Math_0032,benqa,math,Math,10th,mcq,human_reviewed_banglish_v5,minor_edit,5,0.8,0.8,0.6,q4,q4,Qwen3-4B,False,False,False,False,False,True
benqa_12th-Math-I_0326,benqa,math-i,Math-I,12th,mcq,auto_romanized_unverified_v4,unreviewed,8,0.125,0.1667,0.125,q1,q1,Qwen2.5-3B,False,False,False,False,False,True
benqa_12th-Math-I_0326,benqa,math-i,Math-I,12th,mcq,auto_romanized_unverified_v4,unreviewed,8,0.125,0.1667,0.125,q1,q1,Qwen2.5-7B,False,False,False,False,False,True
benqa_12th-Math-I_0326,benqa,math-i,Math-I,12th,mcq,auto_romanized_unverified_v4,unreviewed,8,0.125,0.1667,0.125,q1,q1,Qwen3-4B,False,False,False,False,False,True
benqa_12th-Biology-I_0283,benqa,biology-i,Biology-I,12th,mcq,human_reviewed_banglish_v5,minor_edit,27,0.3704,0.3846,0.1852,q3,q3,Qwen2.5-3B,False,False,True,True,False,False
benqa_12th-Biology-I_0283,benqa,biology-i,Biology-I,12th,mcq,human_reviewed_banglish_v5,minor_edit,27,0.3704,0.3846,0.1852,q3,q3,Qwen2.5-7B,True,False,True,True,True,False
benqa_12th-Biology-I_0283,benqa,biology-i,Biology-I,12th,mcq,human_reviewed_banglish_v5,minor_edit,27,0.3704,0.3846,0.1852,q3,q3,Qwen3-4B,True,False,True,True,True,False
benqa_10th-Physics_0055,benqa,physics,Physics,10th,mcq,human_reviewed_banglish_v5,minor_edit,9,0.5556,0.5556,0.4444,q4,q4,Qwen2.5-3B,True,True,True,False,False,False
benqa_10th-Physics_0055,benqa,physics,Physics,10th,mcq,human_reviewed_banglish_v5,minor_edit,9,0.5556,0.5556,0.4444,q4,q4,Qwen2.5-7B,False,False,True,True,False,False
benqa_10th-Physics_0055,benqa,physics,Physics,10th,mcq,human_reviewed_banglish_v5,minor_edit,9,0.5556,0.5556,0.4444,q4,q4,Qwen3-4B,True,True,True,False,False,False
benqa_12th-Chemistry-I_0028,benqa,chemistry-i,Chemistry-I,12th,mcq,human_reviewed_banglish_v5,minor_edit,4,0.5,0.5,0.25,q4,q4,Qwen2.5-3B,True,True,True,False,False,False
benqa_12th-Chemistry-I_0028,benqa,chemistry-i,Chemistry-I,12th,mcq,human_reviewed_banglish_v5,minor_edit,4,0.5,0.5,0.25,q4,q4,Qwen2.5-7B,True,False,True,True,True,False
benqa_12th-Chemistry-I_0028,benqa,chemistry-i,Chemistry-I,12th,mcq,human_reviewed_banglish_v5,minor_edit,4,0.5,0.5,0.25,q4,q4,Qwen3-4B,False,False,False,False,False,True
benqa_10th-Chemistry_0374,benqa,chemistry,Chemistry,10th,mcq,auto_romanized_unverified_v4,unreviewed,5,0.4,0.4,0.2,q3,q3,Qwen2.5-3B,True,True,True,False,False,False
benqa_10th-Chemistry_0374,benqa,chemistry,Chemistry,10th,mcq,auto_romanized_unverified_v4,unreviewed,5,0.4,0.4,0.2,q3,q3,Qwen2.5-7B,False,True,True,False,False,False
benqa_10th-Chemistry_0374,benqa,chemistry,Chemistry,10th,mcq,auto_romanized_unverified_v4,unreviewed,5,0.4,0.4,0.2,q3,q3,Qwen3-4B,True,False,True,True,True,False
benqa_10th-Biology_0156,benqa,biology,Biology,10th,mcq,human_reviewed_banglish_v5,minor_edit,6,0.1667,0.1667,0.1667,q1,q1,Qwen2.5-3B,False,False,False,False,False,True
benqa_10th-Biology_0156,benqa,biology,Biology,10th,mcq,human_reviewed_banglish_v5,minor_edit,6,0.1667,0.1667,0.1667,q1,q1,Qwen2.5-7B,False,True,True,False,False,False
benqa_10th-Biology_0156,benqa,biology,Biology,10th,mcq,human_reviewed_banglish_v5,minor_edit,6,0.1667,0.1667,0.1667,q1,q1,Qwen3-4B,True,False,True,True,True,False
benqa_12th-Math-I_0383,benqa,math-i,Math-I,12th,mcq,human_reviewed_banglish_v5,minor_edit,4,0.5,0.5,0.5,q4,q4,Qwen2.5-3B,True,True,True,False,False,False
benqa_12th-Math-I_0383,benqa,math-i,Math-I,12th,mcq,human_reviewed_banglish_v5,minor_edit,4,0.5,0.5,0.5,q4,q4,Qwen2.5-7B,True,True,True,False,False,False
benqa_12th-Math-I_0383,benqa,math-i,Math-I,12th,mcq,human_reviewed_banglish_v5,minor_edit,4,0.5,0.5,0.5,q4,q4,Qwen3-4B,True,True,True,False,False,False
banglamath_0538,banglamath,math,,seven,short_answer,human_reviewed_banglish_v5,major_edit,16,0.25,0.2857,0.25,q2,q1,Qwen2.5-3B,False,False,False,False,False,True
banglamath_0538,banglamath,math,,seven,short_answer,human_reviewed_banglish_v5,major_edit,16,0.25,0.2857,0.25,q2,q1,Qwen2.5-7B,False,False,False,False,False,True
banglamath_0538,banglamath,math,,seven,short_answer,human_reviewed_banglish_v5,major_edit,16,0.25,0.2857,0.25,q2,q1,Qwen3-4B,False,False,False,False,False,True
benqa_10th-Biology_0213,benqa,biology,Biology,10th,mcq,auto_romanized_unverified_v4,unreviewed,7,0.4286,0.4286,0.1429,q3,q4,Qwen2.5-3B,True,False,False,True,False,False
benqa_10th-Biology_0213,benqa,biology,Biology,10th,mcq,auto_romanized_unverified_v4,unreviewed,7,0.4286,0.4286,0.1429,q3,q4,Qwen2.5-7B,True,True,True,False,False,False
benqa_10th-Biology_0213,benqa,biology,Biology,10th,mcq,auto_romanized_unverified_v4,unreviewed,7,0.4286,0.4286,0.1429,q3,q4,Qwen3-4B,True,False,False,True,False,False
benqa_10th-Math-II_0326,benqa,math-ii,Math-II,10th,mcq,human_reviewed_banglish_v5,minor_edit,5,0.4,0.4,0.4,q3,q3,Qwen2.5-3B,True,True,True,False,False,False
benqa_10th-Math-II_0326,benqa,math-ii,Math-II,10th,mcq,human_reviewed_banglish_v5,minor_edit,5,0.4,0.4,0.4,q3,q3,Qwen2.5-7B,True,True,True,False,False,False
benqa_10th-Math-II_0326,benqa,math-ii,Math-II,10th,mcq,human_reviewed_banglish_v5,minor_edit,5,0.4,0.4,0.4,q3,q3,Qwen3-4B,False,True,False,False,False,False
banglamath_0518,banglamath,math,,seven,short_answer,human_reviewed_banglish_v5,major_edit,13,0.3077,0.3636,0.2308,q2,q1,Qwen2.5-3B,False,False,False,False,False,True
banglamath_0518,banglamath,math,,seven,short_answer,human_reviewed_banglish_v5,major_edit,13,0.3077,0.3636,0.2308,q2,q1,Qwen2.5-7B,False,False,False,False,False,True
banglamath_0518,banglamath,math,,seven,short_answer,human_reviewed_banglish_v5,major_edit,13,0.3077,0.3636,0.2308,q2,q1,Qwen3-4B,False,False,False,False,False,True
benqa_12th-Biology-II_0321,benqa,biology-ii,Biology-II,12th,mcq,human_reviewed_banglish_v5,minor_edit,5,0.0,0.0,0.0,q1,q1,Qwen2.5-3B,False,False,False,False,False,True
benqa_12th-Biology-II_0321,benqa,biology-ii,Biology-II,12th,mcq,human_reviewed_banglish_v5,minor_edit,5,0.0,0.0,0.0,q1,q1,Qwen2.5-7B,False,False,True,True,False,False
benqa_12th-Biology-II_0321,benqa,biology-ii,Biology-II,12th,mcq,human_reviewed_banglish_v5,minor_edit,5,0.0,0.0,0.0,q1,q1,Qwen3-4B,False,False,False,False,False,True
benqa_12th-Biology-II_0287,benqa,biology-ii,Biology-II,12th,mcq,human_reviewed_banglish_v5,minor_edit,13,0.3077,0.3333,0.0769,q2,q2,Qwen2.5-3B,False,True,True,False,False,False
benqa_12th-Biology-II_0287,benqa,biology-ii,Biology-II,12th,mcq,human_reviewed_banglish_v5,minor_edit,13,0.3077,0.3333,0.0769,q2,q2,Qwen2.5-7B,True,False,True,True,True,False
benqa_12th-Biology-II_0287,benqa,biology-ii,Biology-II,12th,mcq,human_reviewed_banglish_v5,minor_edit,13,0.3077,0.3333,0.0769,q2,q2,Qwen3-4B,True,False,True,True,True,False
benqa_12th-Physics-I_0079,benqa,physics-i,Physics-I,12th,mcq,human_reviewed_banglish_v5,minor_edit,4,0.0,0.0,0.0,q1,q1,Qwen2.5-3B,True,True,True,False,False,False
benqa_12th-Physics-I_0079,benqa,physics-i,Physics-I,12th,mcq,human_reviewed_banglish_v5,minor_edit,4,0.0,0.0,0.0,q1,q1,Qwen2.5-7B,True,True,True,False,False,False
benqa_12th-Physics-I_0079,benqa,physics-i,Physics-I,12th,mcq,human_reviewed_banglish_v5,minor_edit,4,0.0,0.0,0.0,q1,q1,Qwen3-4B,True,True,True,False,False,False
benqa_12th-Chemistry-I_0140,benqa,chemistry-i,Chemistry-I,12th,mcq,human_reviewed_banglish_v5,minor_edit,16,0.375,0.3571,0.3125,q3,q3,Qwen2.5-3B,False,False,True,True,False,False
benqa_12th-Chemistry-I_0140,benqa,chemistry-i,Chemistry-I,12th,mcq,human_reviewed_banglish_v5,minor_edit,16,0.375,0.3571,0.3125,q3,q3,Qwen2.5-7B,False,False,False,False,False,True
benqa_12th-Chemistry-I_0140,benqa,chemistry-i,Chemistry-I,12th,mcq,human_reviewed_banglish_v5,minor_edit,16,0.375,0.3571,0.3125,q3,q3,Qwen3-4B,True,True,True,False,False,False
banglamath_0233,banglamath,math,,six,short_answer,human_reviewed_banglish_v5,minor_edit,11,1.0,1.0,0.8182,q4,q4,Qwen2.5-3B,False,False,False,False,False,True
banglamath_0233,banglamath,math,,six,short_answer,human_reviewed_banglish_v5,minor_edit,11,1.0,1.0,0.8182,q4,q4,Qwen2.5-7B,False,False,False,False,False,True
banglamath_0233,banglamath,math,,six,short_answer,human_reviewed_banglish_v5,minor_edit,11,1.0,1.0,0.8182,q4,q4,Qwen3-4B,False,False,False,False,False,True
benqa_8th-Science_0042,benqa,science,Science,8th,mcq,auto_romanized_unverified_v4,unreviewed,4,0.0,0.0,0.0,q1,q1,Qwen2.5-3B,True,False,True,True,True,False
benqa_8th-Science_0042,benqa,science,Science,8th,mcq,auto_romanized_unverified_v4,unreviewed,4,0.0,0.0,0.0,q1,q1,Qwen2.5-7B,False,False,True,True,False,False
benqa_8th-Science_0042,benqa,science,Science,8th,mcq,auto_romanized_unverified_v4,unreviewed,4,0.0,0.0,0.0,q1,q1,Qwen3-4B,False,False,True,True,False,False
benqa_12th-Chemistry-I_0303,benqa,chemistry-i,Chemistry-I,12th,mcq,auto_romanized_unverified_v4,unreviewed,5,0.4,0.4,0.2,q3,q3,Qwen2.5-3B,True,True,True,False,False,False
benqa_12th-Chemistry-I_0303,benqa,chemistry-i,Chemistry-I,12th,mcq,auto_romanized_unverified_v4,unreviewed,5,0.4,0.4,0.2,q3,q3,Qwen2.5-7B,True,True,True,False,False,False
benqa_12th-Chemistry-I_0303,benqa,chemistry-i,Chemistry-I,12th,mcq,auto_romanized_unverified_v4,unreviewed,5,0.4,0.4,0.2,q3,q3,Qwen3-4B,True,True,True,False,False,False
banglamath_1699,banglamath,math,,Eight,short_answer,human_reviewed_banglish_v5,minor_edit,3,0.6667,0.6667,0.6667,q4,q4,Qwen2.5-3B,False,False,False,False,False,True
banglamath_1699,banglamath,math,,Eight,short_answer,human_reviewed_banglish_v5,minor_edit,3,0.6667,0.6667,0.6667,q4,q4,Qwen2.5-7B,False,False,False,False,False,True
banglamath_1699,banglamath,math,,Eight,short_answer,human_reviewed_banglish_v5,minor_edit,3,0.6667,0.6667,0.6667,q4,q4,Qwen3-4B,True,True,True,False,False,False
banglamath_0552,banglamath,math,,seven,short_answer,human_reviewed_banglish_v5,minor_edit,10,0.4,0.4444,0.4,q3,q2,Qwen2.5-3B,True,False,False,True,False,False
banglamath_0552,banglamath,math,,seven,short_answer,human_reviewed_banglish_v5,minor_edit,10,0.4,0.4444,0.4,q3,q2,Qwen2.5-7B,False,False,False,False,False,True
banglamath_0552,banglamath,math,,seven,short_answer,human_reviewed_banglish_v5,minor_edit,10,0.4,0.4444,0.4,q3,q2,Qwen3-4B,False,False,False,False,False,True
benqa_12th-Physics-II_0290,benqa,physics-ii,Physics-II,12th,mcq,human_reviewed_banglish_v5,minor_edit,20,0.25,0.25,0.25,q2,q2,Qwen2.5-3B,False,False,False,False,False,True
benqa_12th-Physics-II_0290,benqa,physics-ii,Physics-II,12th,mcq,human_reviewed_banglish_v5,minor_edit,20,0.25,0.25,0.25,q2,q2,Qwen2.5-7B,True,False,True,True,True,False
benqa_12th-Physics-II_0290,benqa,physics-ii,Physics-II,12th,mcq,human_reviewed_banglish_v5,minor_edit,20,0.25,0.25,0.25,q2,q2,Qwen3-4B,True,False,False,True,False,False
benqa_8th-Math_0072,benqa,math,Math,8th,mcq,auto_romanized_unverified_v4,unreviewed,6,0.1667,0.1667,0.1667,q1,q1,Qwen2.5-3B,False,True,False,False,False,False
benqa_8th-Math_0072,benqa,math,Math,8th,mcq,auto_romanized_unverified_v4,unreviewed,6,0.1667,0.1667,0.1667,q1,q1,Qwen2.5-7B,False,False,True,True,False,False
benqa_8th-Math_0072,benqa,math,Math,8th,mcq,auto_romanized_unverified_v4,unreviewed,6,0.1667,0.1667,0.1667,q1,q1,Qwen3-4B,False,False,False,False,False,True
banglamath_0539,banglamath,math,,seven,short_answer,human_reviewed_banglish_v5,minor_edit,16,0.5625,0.5714,0.375,q4,q3,Qwen2.5-3B,False,False,False,False,False,True
banglamath_0539,banglamath,math,,seven,short_answer,human_reviewed_banglish_v5,minor_edit,16,0.5625,0.5714,0.375,q4,q3,Qwen2.5-7B,False,False,False,False,False,True
banglamath_0539,banglamath,math,,seven,short_answer,human_reviewed_banglish_v5,minor_edit,16,0.5625,0.5714,0.375,q4,q3,Qwen3-4B,False,False,False,False,False,True
benqa_12th-Physics-I_0133,benqa,physics-i,Physics-I,12th,mcq,human_reviewed_banglish_v5,minor_edit,9,0.2222,0.2222,0.1111,q1,q2,Qwen2.5-3B,True,True,True,False,False,False
benqa_12th-Physics-I_0133,benqa,physics-i,Physics-I,12th,mcq,human_reviewed_banglish_v5,minor_edit,9,0.2222,0.2222,0.1111,q1,q2,Qwen2.5-7B,True,False,True,True,True,False
benqa_12th-Physics-I_0133,benqa,physics-i,Physics-I,12th,mcq,human_reviewed_banglish_v5,minor_edit,9,0.2222,0.2222,0.1111,q1,q2,Qwen3-4B,True,False,True,True,True,False
benqa_10th-Biology_0128,benqa,biology,Biology,10th,mcq,human_reviewed_banglish_v5,minor_edit,6,0.1667,0.1667,0.1667,q1,q1,Qwen2.5-3B,True,False,True,True,True,False
benqa_10th-Biology_0128,benqa,biology,Biology,10th,mcq,human_reviewed_banglish_v5,minor_edit,6,0.1667,0.1667,0.1667,q1,q1,Qwen2.5-7B,False,False,True,True,False,False
benqa_10th-Biology_0128,benqa,biology,Biology,10th,mcq,human_reviewed_banglish_v5,minor_edit,6,0.1667,0.1667,0.1667,q1,q1,Qwen3-4B,True,False,False,True,False,False
benqa_12th-Physics-II_0195,benqa,physics-ii,Physics-II,12th,mcq,human_reviewed_banglish_v5,minor_edit,6,0.6667,0.6667,0.3333,q4,q4,Qwen2.5-3B,False,False,True,True,False,False
benqa_12th-Physics-II_0195,benqa,physics-ii,Physics-II,12th,mcq,human_reviewed_banglish_v5,minor_edit,6,0.6667,0.6667,0.3333,q4,q4,Qwen2.5-7B,True,False,True,True,True,False
benqa_12th-Physics-II_0195,benqa,physics-ii,Physics-II,12th,mcq,human_reviewed_banglish_v5,minor_edit,6,0.6667,0.6667,0.3333,q4,q4,Qwen3-4B,False,False,False,False,False,True
benqa_12th-Chemistry-I_0190,benqa,chemistry-i,Chemistry-I,12th,mcq,auto_romanized_unverified_v4,unreviewed,6,0.5,0.5,0.1667,q4,q4,Qwen2.5-3B,False,False,False,False,False,True
benqa_12th-Chemistry-I_0190,benqa,chemistry-i,Chemistry-I,12th,mcq,auto_romanized_unverified_v4,unreviewed,6,0.5,0.5,0.1667,q4,q4,Qwen2.5-7B,False,False,True,True,False,False
benqa_12th-Chemistry-I_0190,benqa,chemistry-i,Chemistry-I,12th,mcq,auto_romanized_unverified_v4,unreviewed,6,0.5,0.5,0.1667,q4,q4,Qwen3-4B,False,False,True,True,False,False
benqa_8th-Math_0062,benqa,math,Math,8th,mcq,auto_romanized_unverified_v4,unreviewed,6,0.5,0.5,0.1667,q4,q4,Qwen2.5-3B,True,True,True,False,False,False
benqa_8th-Math_0062,benqa,math,Math,8th,mcq,auto_romanized_unverified_v4,unreviewed,6,0.5,0.5,0.1667,q4,q4,Qwen2.5-7B,True,False,True,True,True,False
benqa_8th-Math_0062,benqa,math,Math,8th,mcq,auto_romanized_unverified_v4,unreviewed,6,0.5,0.5,0.1667,q4,q4,Qwen3-4B,True,True,True,False,False,False
banglamath_0549,banglamath,math,,seven,short_answer,human_reviewed_banglish_v5,major_edit,17,0.3529,0.4,0.2941,q3,q1,Qwen2.5-3B,False,False,False,False,False,True
banglamath_0549,banglamath,math,,seven,short_answer,human_reviewed_banglish_v5,major_edit,17,0.3529,0.4,0.2941,q3,q1,Qwen2.5-7B,False,False,False,False,False,True
banglamath_0549,banglamath,math,,seven,short_answer,human_reviewed_banglish_v5,major_edit,17,0.3529,0.4,0.2941,q3,q1,Qwen3-4B,False,False,False,False,False,True
benqa_12th-Math-I_0029,benqa,math-i,Math-I,12th,mcq,auto_romanized_unverified_v4,unreviewed,13,0.2308,0.2308,0.2308,q1,q2,Qwen2.5-3B,False,False,False,False,False,True
benqa_12th-Math-I_0029,benqa,math-i,Math-I,12th,mcq,auto_romanized_unverified_v4,unreviewed,13,0.2308,0.2308,0.2308,q1,q2,Qwen2.5-7B,False,False,True,True,False,False
benqa_12th-Math-I_0029,benqa,math-i,Math-I,12th,mcq,auto_romanized_unverified_v4,unreviewed,13,0.2308,0.2308,0.2308,q1,q2,Qwen3-4B,False,False,False,False,False,True
benqa_10th-Chemistry_0322,benqa,chemistry,Chemistry,10th,mcq,auto_romanized_unverified_v4,unreviewed,5,0.0,0.0,0.0,q1,q1,Qwen2.5-3B,True,True,True,False,False,False
benqa_10th-Chemistry_0322,benqa,chemistry,Chemistry,10th,mcq,auto_romanized_unverified_v4,unreviewed,5,0.0,0.0,0.0,q1,q1,Qwen2.5-7B,True,False,True,True,True,False
benqa_10th-Chemistry_0322,benqa,chemistry,Chemistry,10th,mcq,auto_romanized_unverified_v4,unreviewed,5,0.0,0.0,0.0,q1,q1,Qwen3-4B,True,False,True,True,True,False
benqa_12th-Biology-II_0203,benqa,biology-ii,Biology-II,12th,mcq,human_reviewed_banglish_v5,minor_edit,23,0.3043,0.2727,0.1739,q2,q2,Qwen2.5-3B,True,True,True,False,False,False
benqa_12th-Biology-II_0203,benqa,biology-ii,Biology-II,12th,mcq,human_reviewed_banglish_v5,minor_edit,23,0.3043,0.2727,0.1739,q2,q2,Qwen2.5-7B,True,True,True,False,False,False
benqa_12th-Biology-II_0203,benqa,biology-ii,Biology-II,12th,mcq,human_reviewed_banglish_v5,minor_edit,23,0.3043,0.2727,0.1739,q2,q2,Qwen3-4B,True,True,False,False,False,False
banglamath_1703,banglamath,math,,Eight,short_answer,human_reviewed_banglish_v5,minor_edit,18,0.6667,0.7143,0.5556,q4,q4,Qwen2.5-3B,False,False,False,False,False,True
banglamath_1703,banglamath,math,,Eight,short_answer,human_reviewed_banglish_v5,minor_edit,18,0.6667,0.7143,0.5556,q4,q4,Qwen2.5-7B,False,False,False,False,False,True
banglamath_1703,banglamath,math,,Eight,short_answer,human_reviewed_banglish_v5,minor_edit,18,0.6667,0.7143,0.5556,q4,q4,Qwen3-4B,False,False,False,False,False,True
benqa_10th-Physics_0106,benqa,physics,Physics,10th,mcq,human_reviewed_banglish_v5,minor_edit,17,0.2941,0.3571,0.2941,q2,q2,Qwen2.5-3B,False,False,False,False,False,True
benqa_10th-Physics_0106,benqa,physics,Physics,10th,mcq,human_reviewed_banglish_v5,minor_edit,17,0.2941,0.3571,0.2941,q2,q2,Qwen2.5-7B,False,False,False,False,False,True
benqa_10th-Physics_0106,benqa,physics,Physics,10th,mcq,human_reviewed_banglish_v5,minor_edit,17,0.2941,0.3571,0.2941,q2,q2,Qwen3-4B,False,False,False,False,False,True
benqa_12th-Math-I_0187,benqa,math-i,Math-I,12th,mcq,human_reviewed_banglish_v5,minor_edit,10,0.1,0.1,0.1,q1,q1,Qwen2.5-3B,False,False,False,False,False,True
benqa_12th-Math-I_0187,benqa,math-i,Math-I,12th,mcq,human_reviewed_banglish_v5,minor_edit,10,0.1,0.1,0.1,q1,q1,Qwen2.5-7B,False,True,False,False,False,False
benqa_12th-Math-I_0187,benqa,math-i,Math-I,12th,mcq,human_reviewed_banglish_v5,minor_edit,10,0.1,0.1,0.1,q1,q1,Qwen3-4B,False,False,False,False,False,True
benqa_10th-Biology_0149,benqa,biology,Biology,10th,mcq,auto_romanized_unverified_v4,unreviewed,7,0.1429,0.1429,0.1429,q1,q1,Qwen2.5-3B,True,False,False,True,False,False
benqa_10th-Biology_0149,benqa,biology,Biology,10th,mcq,auto_romanized_unverified_v4,unreviewed,7,0.1429,0.1429,0.1429,q1,q1,Qwen2.5-7B,True,False,True,True,True,False
benqa_10th-Biology_0149,benqa,biology,Biology,10th,mcq,auto_romanized_unverified_v4,unreviewed,7,0.1429,0.1429,0.1429,q1,q1,Qwen3-4B,False,False,True,True,False,False
benqa_10th-Physics_0130,benqa,physics,Physics,10th,mcq,human_review_bad_banglish,bad,22,0.3636,0.3333,0.1818,q3,q3,Qwen2.5-3B,True,True,False,False,False,False
benqa_10th-Physics_0130,benqa,physics,Physics,10th,mcq,human_review_bad_banglish,bad,22,0.3636,0.3333,0.1818,q3,q3,Qwen2.5-7B,False,True,True,False,False,False
benqa_10th-Physics_0130,benqa,physics,Physics,10th,mcq,human_review_bad_banglish,bad,22,0.3636,0.3333,0.1818,q3,q3,Qwen3-4B,True,True,True,False,False,False
benqa_12th-Chemistry-I_0286,benqa,chemistry-i,Chemistry-I,12th,mcq,human_review_bad_banglish,bad,6,0.3333,0.3333,0.0,q2,q3,Qwen2.5-3B,False,False,False,False,False,True
benqa_12th-Chemistry-I_0286,benqa,chemistry-i,Chemistry-I,12th,mcq,human_review_bad_banglish,bad,6,0.3333,0.3333,0.0,q2,q3,Qwen2.5-7B,False,False,False,False,False,True
benqa_12th-Chemistry-I_0286,benqa,chemistry-i,Chemistry-I,12th,mcq,human_review_bad_banglish,bad,6,0.3333,0.3333,0.0,q2,q3,Qwen3-4B,False,False,False,False,False,True
benqa_12th-Physics-II_0131,benqa,physics-ii,Physics-II,12th,mcq,human_review_bad_banglish,bad,5,0.2,0.2,0.0,q1,q1,Qwen2.5-3B,False,True,False,False,False,False
benqa_12th-Physics-II_0131,benqa,physics-ii,Physics-II,12th,mcq,human_review_bad_banglish,bad,5,0.2,0.2,0.0,q1,q1,Qwen2.5-7B,False,False,False,False,False,True
benqa_12th-Physics-II_0131,benqa,physics-ii,Physics-II,12th,mcq,human_review_bad_banglish,bad,5,0.2,0.2,0.0,q1,q1,Qwen3-4B,False,False,False,False,False,True
benqa_10th-Biology_0188,benqa,biology,Biology,10th,mcq,auto_romanized_unverified_v4,unreviewed,5,0.2,0.2,0.2,q1,q1,Qwen2.5-3B,False,False,False,False,False,True
benqa_10th-Biology_0188,benqa,biology,Biology,10th,mcq,auto_romanized_unverified_v4,unreviewed,5,0.2,0.2,0.2,q1,q1,Qwen2.5-7B,False,True,True,False,False,False
benqa_10th-Biology_0188,benqa,biology,Biology,10th,mcq,auto_romanized_unverified_v4,unreviewed,5,0.2,0.2,0.2,q1,q1,Qwen3-4B,True,False,False,True,False,False
banglamath_1686,banglamath,math,,Eight,short_answer,auto_romanized_unverified_v4,unreviewed,21,0.5714,0.6,0.381,q4,q3,Qwen2.5-3B,False,False,False,False,False,True
banglamath_1686,banglamath,math,,Eight,short_answer,auto_romanized_unverified_v4,unreviewed,21,0.5714,0.6,0.381,q4,q3,Qwen2.5-7B,False,False,False,False,False,True
banglamath_1686,banglamath,math,,Eight,short_answer,auto_romanized_unverified_v4,unreviewed,21,0.5714,0.6,0.381,q4,q3,Qwen3-4B,False,False,False,False,False,True
banglamath_0188,banglamath,math,,six,short_answer,human_reviewed_banglish_v5,minor_edit,22,0.7727,0.7857,0.5455,q4,q4,Qwen2.5-3B,False,False,False,False,False,True
banglamath_0188,banglamath,math,,six,short_answer,human_reviewed_banglish_v5,minor_edit,22,0.7727,0.7857,0.5455,q4,q4,Qwen2.5-7B,False,False,False,False,False,True
banglamath_0188,banglamath,math,,six,short_answer,human_reviewed_banglish_v5,minor_edit,22,0.7727,0.7857,0.5455,q4,q4,Qwen3-4B,False,False,False,False,False,True
benqa_10th-Physics_0036,benqa,physics,Physics,10th,mcq,human_reviewed_banglish_v5,minor_edit,13,0.3846,0.3846,0.1538,q3,q3,Qwen2.5-3B,True,True,True,False,False,False
benqa_10th-Physics_0036,benqa,physics,Physics,10th,mcq,human_reviewed_banglish_v5,minor_edit,13,0.3846,0.3846,0.1538,q3,q3,Qwen2.5-7B,True,True,True,False,False,False
benqa_10th-Physics_0036,benqa,physics,Physics,10th,mcq,human_reviewed_banglish_v5,minor_edit,13,0.3846,0.3846,0.1538,q3,q3,Qwen3-4B,True,True,True,False,False,False
benqa_12th-Chemistry-I_0218,benqa,chemistry-i,Chemistry-I,12th,mcq,human_reviewed_banglish_v5,minor_edit,7,0.4286,0.4286,0.2857,q3,q4,Qwen2.5-3B,False,False,False,False,False,True
benqa_12th-Chemistry-I_0218,benqa,chemistry-i,Chemistry-I,12th,mcq,human_reviewed_banglish_v5,minor_edit,7,0.4286,0.4286,0.2857,q3,q4,Qwen2.5-7B,False,False,False,False,False,True
benqa_12th-Chemistry-I_0218,benqa,chemistry-i,Chemistry-I,12th,mcq,human_reviewed_banglish_v5,minor_edit,7,0.4286,0.4286,0.2857,q3,q4,Qwen3-4B,True,True,True,False,False,False
benqa_10th-Biology_0090,benqa,biology,Biology,10th,mcq,human_reviewed_banglish_v5,minor_edit,3,0.3333,0.3333,0.0,q2,q3,Qwen2.5-3B,False,False,False,False,False,True
benqa_10th-Biology_0090,benqa,biology,Biology,10th,mcq,human_reviewed_banglish_v5,minor_edit,3,0.3333,0.3333,0.0,q2,q3,Qwen2.5-7B,True,True,True,False,False,False
benqa_10th-Biology_0090,benqa,biology,Biology,10th,mcq,human_reviewed_banglish_v5,minor_edit,3,0.3333,0.3333,0.0,q2,q3,Qwen3-4B,False,False,True,True,False,False
benqa_12th-Chemistry-II_0117,benqa,chemistry-ii,Chemistry-II,12th,mcq,human_reviewed_banglish_v5,minor_edit,18,0.2222,0.2353,0.0,q1,q2,Qwen2.5-3B,False,False,False,False,False,True
benqa_12th-Chemistry-II_0117,benqa,chemistry-ii,Chemistry-II,12th,mcq,human_reviewed_banglish_v5,minor_edit,18,0.2222,0.2353,0.0,q1,q2,Qwen2.5-7B,True,False,True,True,True,False
benqa_12th-Chemistry-II_0117,benqa,chemistry-ii,Chemistry-II,12th,mcq,human_reviewed_banglish_v5,minor_edit,18,0.2222,0.2353,0.0,q1,q2,Qwen3-4B,False,False,True,True,False,False
benqa_12th-Biology-II_0034,benqa,biology-ii,Biology-II,12th,mcq,human_reviewed_banglish_v5,minor_edit,4,0.0,0.0,0.0,q1,q1,Qwen2.5-3B,False,False,True,True,False,False
benqa_12th-Biology-II_0034,benqa,biology-ii,Biology-II,12th,mcq,human_reviewed_banglish_v5,minor_edit,4,0.0,0.0,0.0,q1,q1,Qwen2.5-7B,True,True,False,False,False,False
benqa_12th-Biology-II_0034,benqa,biology-ii,Biology-II,12th,mcq,human_reviewed_banglish_v5,minor_edit,4,0.0,0.0,0.0,q1,q1,Qwen3-4B,False,False,True,True,False,False
benqa_12th-Physics-II_0088,benqa,physics-ii,Physics-II,12th,mcq,human_reviewed_banglish_v5,minor_edit,15,0.4,0.4,0.2,q3,q3,Qwen2.5-3B,False,False,False,False,False,True
benqa_12th-Physics-II_0088,benqa,physics-ii,Physics-II,12th,mcq,human_reviewed_banglish_v5,minor_edit,15,0.4,0.4,0.2,q3,q3,Qwen2.5-7B,False,False,False,False,False,True
benqa_12th-Physics-II_0088,benqa,physics-ii,Physics-II,12th,mcq,human_reviewed_banglish_v5,minor_edit,15,0.4,0.4,0.2,q3,q3,Qwen3-4B,False,False,False,False,False,True
banglamath_1696,banglamath,math,,Eight,short_answer,human_reviewed_banglish_v5,minor_edit,10,0.3,0.3,0.2,q2,q1,Qwen2.5-3B,False,False,False,False,False,True
banglamath_1696,banglamath,math,,Eight,short_answer,human_reviewed_banglish_v5,minor_edit,10,0.3,0.3,0.2,q2,q1,Qwen2.5-7B,False,False,False,False,False,True
banglamath_1696,banglamath,math,,Eight,short_answer,human_reviewed_banglish_v5,minor_edit,10,0.3,0.3,0.2,q2,q1,Qwen3-4B,False,False,False,False,False,True
banglamath_0531,banglamath,math,,seven,short_answer,human_reviewed_banglish_v5,minor_edit,12,0.3333,0.4444,0.3333,q2,q1,Qwen2.5-3B,False,False,False,False,False,True
banglamath_0531,banglamath,math,,seven,short_answer,human_reviewed_banglish_v5,minor_edit,12,0.3333,0.4444,0.3333,q2,q1,Qwen2.5-7B,False,False,False,False,False,True
banglamath_0531,banglamath,math,,seven,short_answer,human_reviewed_banglish_v5,minor_edit,12,0.3333,0.4444,0.3333,q2,q1,Qwen3-4B,False,False,False,False,False,True
benqa_12th-Chemistry-II_0305,benqa,chemistry-ii,Chemistry-II,12th,mcq,human_reviewed_banglish_v5,minor_edit,6,0.5,0.5,0.3333,q4,q4,Qwen2.5-3B,False,False,False,False,False,True
benqa_12th-Chemistry-II_0305,benqa,chemistry-ii,Chemistry-II,12th,mcq,human_reviewed_banglish_v5,minor_edit,6,0.5,0.5,0.3333,q4,q4,Qwen2.5-7B,False,False,False,False,False,True
benqa_12th-Chemistry-II_0305,benqa,chemistry-ii,Chemistry-II,12th,mcq,human_reviewed_banglish_v5,minor_edit,6,0.5,0.5,0.3333,q4,q4,Qwen3-4B,False,True,False,False,False,False
benqa_10th-Physics_0296,benqa,physics,Physics,10th,mcq,auto_romanized_unverified_v4,unreviewed,9,0.1111,0.1111,0.1111,q1,q1,Qwen2.5-3B,False,False,True,True,False,False
benqa_10th-Physics_0296,benqa,physics,Physics,10th,mcq,auto_romanized_unverified_v4,unreviewed,9,0.1111,0.1111,0.1111,q1,q1,Qwen2.5-7B,False,False,False,False,False,True
benqa_10th-Physics_0296,benqa,physics,Physics,10th,mcq,auto_romanized_unverified_v4,unreviewed,9,0.1111,0.1111,0.1111,q1,q1,Qwen3-4B,False,True,False,False,False,False
benqa_10th-Physics_0150,benqa,physics,Physics,10th,mcq,human_reviewed_banglish_v5,minor_edit,3,0.0,0.0,0.0,q1,q1,Qwen2.5-3B,False,True,True,False,False,False
benqa_10th-Physics_0150,benqa,physics,Physics,10th,mcq,human_reviewed_banglish_v5,minor_edit,3,0.0,0.0,0.0,q1,q1,Qwen2.5-7B,False,True,True,False,False,False
benqa_10th-Physics_0150,benqa,physics,Physics,10th,mcq,human_reviewed_banglish_v5,minor_edit,3,0.0,0.0,0.0,q1,q1,Qwen3-4B,True,False,True,True,True,False
banglamath_0526,banglamath,math,,seven,short_answer,human_reviewed_banglish_v5,minor_edit,9,0.3333,0.375,0.3333,q2,q1,Qwen2.5-3B,True,False,True,True,True,False
banglamath_0526,banglamath,math,,seven,short_answer,human_reviewed_banglish_v5,minor_edit,9,0.3333,0.375,0.3333,q2,q1,Qwen2.5-7B,True,False,True,True,True,False
banglamath_0526,banglamath,math,,seven,short_answer,human_reviewed_banglish_v5,minor_edit,9,0.3333,0.375,0.3333,q2,q1,Qwen3-4B,False,False,True,True,False,False
benqa_10th-Chemistry_0110,benqa,chemistry,Chemistry,10th,mcq,human_reviewed_banglish_v5,minor_edit,4,0.0,0.0,0.0,q1,q1,Qwen2.5-3B,False,False,True,True,False,False
benqa_10th-Chemistry_0110,benqa,chemistry,Chemistry,10th,mcq,human_reviewed_banglish_v5,minor_edit,4,0.0,0.0,0.0,q1,q1,Qwen2.5-7B,True,False,True,True,True,False
benqa_10th-Chemistry_0110,benqa,chemistry,Chemistry,10th,mcq,human_reviewed_banglish_v5,minor_edit,4,0.0,0.0,0.0,q1,q1,Qwen3-4B,False,False,True,True,False,False
benqa_10th-Math-II_0357,benqa,math-ii,Math-II,10th,mcq,human_reviewed_banglish_v5,minor_edit,11,0.5455,0.5,0.1818,q4,q4,Qwen2.5-3B,False,False,False,False,False,True
benqa_10th-Math-II_0357,benqa,math-ii,Math-II,10th,mcq,human_reviewed_banglish_v5,minor_edit,11,0.5455,0.5,0.1818,q4,q4,Qwen2.5-7B,False,False,False,False,False,True
benqa_10th-Math-II_0357,benqa,math-ii,Math-II,10th,mcq,human_reviewed_banglish_v5,minor_edit,11,0.5455,0.5,0.1818,q4,q4,Qwen3-4B,True,True,False,False,False,False
benqa_12th-Chemistry-II_0013,benqa,chemistry-ii,Chemistry-II,12th,mcq,human_reviewed_banglish_v5,minor_edit,6,0.3333,0.3333,0.3333,q2,q3,Qwen2.5-3B,False,True,True,False,False,False
benqa_12th-Chemistry-II_0013,benqa,chemistry-ii,Chemistry-II,12th,mcq,human_reviewed_banglish_v5,minor_edit,6,0.3333,0.3333,0.3333,q2,q3,Qwen2.5-7B,False,False,True,True,False,False
benqa_12th-Chemistry-II_0013,benqa,chemistry-ii,Chemistry-II,12th,mcq,human_reviewed_banglish_v5,minor_edit,6,0.3333,0.3333,0.3333,q2,q3,Qwen3-4B,True,False,True,True,True,False
benqa_8th-Science_0202,benqa,science,Science,8th,mcq,human_reviewed_banglish_v5,minor_edit,4,0.25,0.25,0.0,q2,q2,Qwen2.5-3B,True,False,True,True,True,False
benqa_8th-Science_0202,benqa,science,Science,8th,mcq,human_reviewed_banglish_v5,minor_edit,4,0.25,0.25,0.0,q2,q2,Qwen2.5-7B,True,False,True,True,True,False
benqa_8th-Science_0202,benqa,science,Science,8th,mcq,human_reviewed_banglish_v5,minor_edit,4,0.25,0.25,0.0,q2,q2,Qwen3-4B,True,False,True,True,True,False
benqa_8th-Science_0078,benqa,science,Science,8th,mcq,human_reviewed_banglish_v5,minor_edit,22,0.3636,0.3636,0.2727,q3,q3,Qwen2.5-3B,False,False,False,False,False,True
benqa_8th-Science_0078,benqa,science,Science,8th,mcq,human_reviewed_banglish_v5,minor_edit,22,0.3636,0.3636,0.2727,q3,q3,Qwen2.5-7B,False,False,False,False,False,True
benqa_8th-Science_0078,benqa,science,Science,8th,mcq,human_reviewed_banglish_v5,minor_edit,22,0.3636,0.3636,0.2727,q3,q3,Qwen3-4B,False,True,True,False,False,False
benqa_12th-Math-I_0202,benqa,math-i,Math-I,12th,mcq,human_reviewed_banglish_v5,minor_edit,7,0.1429,0.1429,0.1429,q1,q1,Qwen2.5-3B,True,False,False,True,False,False
benqa_12th-Math-I_0202,benqa,math-i,Math-I,12th,mcq,human_reviewed_banglish_v5,minor_edit,7,0.1429,0.1429,0.1429,q1,q1,Qwen2.5-7B,True,True,True,False,False,False
benqa_12th-Math-I_0202,benqa,math-i,Math-I,12th,mcq,human_reviewed_banglish_v5,minor_edit,7,0.1429,0.1429,0.1429,q1,q1,Qwen3-4B,True,True,True,False,False,False
benqa_12th-Physics-II_0213,benqa,physics-ii,Physics-II,12th,mcq,human_reviewed_banglish_v5,minor_edit,9,0.2222,0.2222,0.1111,q1,q2,Qwen2.5-3B,False,False,False,False,False,True
benqa_12th-Physics-II_0213,benqa,physics-ii,Physics-II,12th,mcq,human_reviewed_banglish_v5,minor_edit,9,0.2222,0.2222,0.1111,q1,q2,Qwen2.5-7B,False,False,False,False,False,True
benqa_12th-Physics-II_0213,benqa,physics-ii,Physics-II,12th,mcq,human_reviewed_banglish_v5,minor_edit,9,0.2222,0.2222,0.1111,q1,q2,Qwen3-4B,False,False,False,False,False,True
banglamath_1684,banglamath,math,,Eight,short_answer,human_reviewed_banglish_v5,minor_edit,23,0.3913,0.4444,0.1739,q3,q2,Qwen2.5-3B,False,False,False,False,False,True
banglamath_1684,banglamath,math,,Eight,short_answer,human_reviewed_banglish_v5,minor_edit,23,0.3913,0.4444,0.1739,q3,q2,Qwen2.5-7B,False,False,False,False,False,True
banglamath_1684,banglamath,math,,Eight,short_answer,human_reviewed_banglish_v5,minor_edit,23,0.3913,0.4444,0.1739,q3,q2,Qwen3-4B,False,False,False,False,False,True
banglamath_0186,banglamath,math,,six,short_answer,human_reviewed_banglish_v5,minor_edit,13,0.6154,0.6667,0.6154,q4,q3,Qwen2.5-3B,False,False,False,False,False,True
banglamath_0186,banglamath,math,,six,short_answer,human_reviewed_banglish_v5,minor_edit,13,0.6154,0.6667,0.6154,q4,q3,Qwen2.5-7B,False,False,False,False,False,True
banglamath_0186,banglamath,math,,six,short_answer,human_reviewed_banglish_v5,minor_edit,13,0.6154,0.6667,0.6154,q4,q3,Qwen3-4B,False,False,False,False,False,True
banglamath_0231,banglamath,math,,six,short_answer,human_reviewed_banglish_v5,minor_edit,8,0.75,0.75,0.5,q4,q4,Qwen2.5-3B,False,False,True,True,False,False
banglamath_0231,banglamath,math,,six,short_answer,human_reviewed_banglish_v5,minor_edit,8,0.75,0.75,0.5,q4,q4,Qwen2.5-7B,False,False,False,False,False,True
banglamath_0231,banglamath,math,,six,short_answer,human_reviewed_banglish_v5,minor_edit,8,0.75,0.75,0.5,q4,q4,Qwen3-4B,False,False,True,True,False,False
benqa_8th-Science_0159,benqa,science,Science,8th,mcq,human_reviewed_banglish_v5,minor_edit,4,0.5,0.5,0.0,q4,q4,Qwen2.5-3B,False,False,False,False,False,True
benqa_8th-Science_0159,benqa,science,Science,8th,mcq,human_reviewed_banglish_v5,minor_edit,4,0.5,0.5,0.0,q4,q4,Qwen2.5-7B,False,False,False,False,False,True
benqa_8th-Science_0159,benqa,science,Science,8th,mcq,human_reviewed_banglish_v5,minor_edit,4,0.5,0.5,0.0,q4,q4,Qwen3-4B,False,False,True,True,False,False
benqa_10th-Physics_0280,benqa,physics,Physics,10th,mcq,human_reviewed_banglish_v5,minor_edit,3,0.3333,0.3333,0.0,q2,q3,Qwen2.5-3B,False,False,True,True,False,False
benqa_10th-Physics_0280,benqa,physics,Physics,10th,mcq,human_reviewed_banglish_v5,minor_edit,3,0.3333,0.3333,0.0,q2,q3,Qwen2.5-7B,True,True,True,False,False,False
benqa_10th-Physics_0280,benqa,physics,Physics,10th,mcq,human_reviewed_banglish_v5,minor_edit,3,0.3333,0.3333,0.0,q2,q3,Qwen3-4B,True,True,True,False,False,False
benqa_10th-Chemistry_0132,benqa,chemistry,Chemistry,10th,mcq,human_reviewed_banglish_v5,minor_edit,3,0.0,0.0,0.0,q1,q1,Qwen2.5-3B,False,False,True,True,False,False
benqa_10th-Chemistry_0132,benqa,chemistry,Chemistry,10th,mcq,human_reviewed_banglish_v5,minor_edit,3,0.0,0.0,0.0,q1,q1,Qwen2.5-7B,True,False,True,True,True,False
benqa_10th-Chemistry_0132,benqa,chemistry,Chemistry,10th,mcq,human_reviewed_banglish_v5,minor_edit,3,0.0,0.0,0.0,q1,q1,Qwen3-4B,True,False,True,True,True,False
benqa_12th-Chemistry-II_0228,benqa,chemistry-ii,Chemistry-II,12th,mcq,human_reviewed_banglish_v5,minor_edit,23,0.3913,0.375,0.2609,q3,q3,Qwen2.5-3B,True,False,True,True,True,False
benqa_12th-Chemistry-II_0228,benqa,chemistry-ii,Chemistry-II,12th,mcq,human_reviewed_banglish_v5,minor_edit,23,0.3913,0.375,0.2609,q3,q3,Qwen2.5-7B,False,True,True,False,False,False
benqa_12th-Chemistry-II_0228,benqa,chemistry-ii,Chemistry-II,12th,mcq,human_reviewed_banglish_v5,minor_edit,23,0.3913,0.375,0.2609,q3,q3,Qwen3-4B,True,False,True,True,True,False
benqa_12th-Physics-I_0254,benqa,physics-i,Physics-I,12th,mcq,human_reviewed_banglish_v5,minor_edit,7,0.2857,0.2857,0.0,q2,q2,Qwen2.5-3B,False,False,False,False,False,True
benqa_12th-Physics-I_0254,benqa,physics-i,Physics-I,12th,mcq,human_reviewed_banglish_v5,minor_edit,7,0.2857,0.2857,0.0,q2,q2,Qwen2.5-7B,True,True,True,False,False,False
benqa_12th-Physics-I_0254,benqa,physics-i,Physics-I,12th,mcq,human_reviewed_banglish_v5,minor_edit,7,0.2857,0.2857,0.0,q2,q2,Qwen3-4B,False,False,False,False,False,True
benqa_10th-Biology_0057,benqa,biology,Biology,10th,mcq,human_reviewed_banglish_v5,minor_edit,28,0.2857,0.32,0.1429,q2,q2,Qwen2.5-3B,True,False,False,True,False,False
benqa_10th-Biology_0057,benqa,biology,Biology,10th,mcq,human_reviewed_banglish_v5,minor_edit,28,0.2857,0.32,0.1429,q2,q2,Qwen2.5-7B,True,True,True,False,False,False
benqa_10th-Biology_0057,benqa,biology,Biology,10th,mcq,human_reviewed_banglish_v5,minor_edit,28,0.2857,0.32,0.1429,q2,q2,Qwen3-4B,False,False,False,False,False,True
benqa_12th-Biology-II_0247,benqa,biology-ii,Biology-II,12th,mcq,human_reviewed_banglish_v5,minor_edit,14,0.1429,0.1538,0.1429,q1,q1,Qwen2.5-3B,True,True,False,False,False,False
benqa_12th-Biology-II_0247,benqa,biology-ii,Biology-II,12th,mcq,human_reviewed_banglish_v5,minor_edit,14,0.1429,0.1538,0.1429,q1,q1,Qwen2.5-7B,False,True,False,False,False,False
benqa_12th-Biology-II_0247,benqa,biology-ii,Biology-II,12th,mcq,human_reviewed_banglish_v5,minor_edit,14,0.1429,0.1538,0.1429,q1,q1,Qwen3-4B,True,False,False,True,False,False
benqa_12th-Biology-I_0039,benqa,biology-i,Biology-I,12th,mcq,auto_romanized_unverified_v4,unreviewed,4,0.0,0.0,0.0,q1,q1,Qwen2.5-3B,False,False,False,False,False,True
benqa_12th-Biology-I_0039,benqa,biology-i,Biology-I,12th,mcq,auto_romanized_unverified_v4,unreviewed,4,0.0,0.0,0.0,q1,q1,Qwen2.5-7B,True,False,False,True,False,False
benqa_12th-Biology-I_0039,benqa,biology-i,Biology-I,12th,mcq,auto_romanized_unverified_v4,unreviewed,4,0.0,0.0,0.0,q1,q1,Qwen3-4B,False,False,False,False,False,True
benqa_12th-Chemistry-II_0235,benqa,chemistry-ii,Chemistry-II,12th,mcq,human_reviewed_banglish_v5,minor_edit,4,0.25,0.25,0.0,q2,q2,Qwen2.5-3B,False,True,True,False,False,False
benqa_12th-Chemistry-II_0235,benqa,chemistry-ii,Chemistry-II,12th,mcq,human_reviewed_banglish_v5,minor_edit,4,0.25,0.25,0.0,q2,q2,Qwen2.5-7B,True,False,True,True,True,False
benqa_12th-Chemistry-II_0235,benqa,chemistry-ii,Chemistry-II,12th,mcq,human_reviewed_banglish_v5,minor_edit,4,0.25,0.25,0.0,q2,q2,Qwen3-4B,True,False,True,True,True,False
banglamath_1697,banglamath,math,,Eight,short_answer,human_reviewed_banglish_v5,minor_edit,8,0.875,0.875,0.75,q4,q4,Qwen2.5-3B,False,False,False,False,False,True
banglamath_1697,banglamath,math,,Eight,short_answer,human_reviewed_banglish_v5,minor_edit,8,0.875,0.875,0.75,q4,q4,Qwen2.5-7B,False,False,True,True,False,False
banglamath_1697,banglamath,math,,Eight,short_answer,human_reviewed_banglish_v5,minor_edit,8,0.875,0.875,0.75,q4,q4,Qwen3-4B,True,True,True,False,False,False
benqa_8th-Science_0024,benqa,science,Science,8th,mcq,auto_romanized_unverified_v4,unreviewed,8,0.25,0.25,0.25,q2,q2,Qwen2.5-3B,False,False,False,False,False,True
benqa_8th-Science_0024,benqa,science,Science,8th,mcq,auto_romanized_unverified_v4,unreviewed,8,0.25,0.25,0.25,q2,q2,Qwen2.5-7B,True,False,False,True,False,False
benqa_8th-Science_0024,benqa,science,Science,8th,mcq,auto_romanized_unverified_v4,unreviewed,8,0.25,0.25,0.25,q2,q2,Qwen3-4B,False,False,False,False,False,True
benqa_12th-Biology-II_0179,benqa,biology-ii,Biology-II,12th,mcq,auto_romanized_unverified_v4,unreviewed,8,0.25,0.25,0.25,q2,q2,Qwen2.5-3B,False,False,True,True,False,False
benqa_12th-Biology-II_0179,benqa,biology-ii,Biology-II,12th,mcq,auto_romanized_unverified_v4,unreviewed,8,0.25,0.25,0.25,q2,q2,Qwen2.5-7B,True,False,True,True,True,False
benqa_12th-Biology-II_0179,benqa,biology-ii,Biology-II,12th,mcq,auto_romanized_unverified_v4,unreviewed,8,0.25,0.25,0.25,q2,q2,Qwen3-4B,True,False,True,True,True,False
benqa_12th-Biology-I_0277,benqa,biology-i,Biology-I,12th,mcq,auto_romanized_unverified_v4,unreviewed,5,0.4,0.4,0.4,q3,q3,Qwen2.5-3B,False,False,True,True,False,False
benqa_12th-Biology-I_0277,benqa,biology-i,Biology-I,12th,mcq,auto_romanized_unverified_v4,unreviewed,5,0.4,0.4,0.4,q3,q3,Qwen2.5-7B,False,False,True,True,False,False
benqa_12th-Biology-I_0277,benqa,biology-i,Biology-I,12th,mcq,auto_romanized_unverified_v4,unreviewed,5,0.4,0.4,0.4,q3,q3,Qwen3-4B,True,True,True,False,False,False
benqa_10th-Chemistry_0194,benqa,chemistry,Chemistry,10th,mcq,auto_romanized_unverified_v4,unreviewed,5,0.4,0.4,0.2,q3,q3,Qwen2.5-3B,False,False,True,True,False,False
benqa_10th-Chemistry_0194,benqa,chemistry,Chemistry,10th,mcq,auto_romanized_unverified_v4,unreviewed,5,0.4,0.4,0.2,q3,q3,Qwen2.5-7B,False,False,True,True,False,False
benqa_10th-Chemistry_0194,benqa,chemistry,Chemistry,10th,mcq,auto_romanized_unverified_v4,unreviewed,5,0.4,0.4,0.2,q3,q3,Qwen3-4B,True,True,True,False,False,False
banglamath_0187,banglamath,math,,six,short_answer,human_reviewed_banglish_v5,minor_edit,16,0.625,0.6,0.5,q4,q3,Qwen2.5-3B,False,False,False,False,False,True
banglamath_0187,banglamath,math,,six,short_answer,human_reviewed_banglish_v5,minor_edit,16,0.625,0.6,0.5,q4,q3,Qwen2.5-7B,False,False,False,False,False,True
banglamath_0187,banglamath,math,,six,short_answer,human_reviewed_banglish_v5,minor_edit,16,0.625,0.6,0.5,q4,q3,Qwen3-4B,False,False,False,False,False,True
banglamath_0559,banglamath,math,,seven,short_answer,human_reviewed_banglish_v5,minor_edit,8,0.5,0.5,0.5,q3,q3,Qwen2.5-3B,False,False,False,False,False,True
banglamath_0559,banglamath,math,,seven,short_answer,human_reviewed_banglish_v5,minor_edit,8,0.5,0.5,0.5,q3,q3,Qwen2.5-7B,False,False,False,False,False,True
banglamath_0559,banglamath,math,,seven,short_answer,human_reviewed_banglish_v5,minor_edit,8,0.5,0.5,0.5,q3,q3,Qwen3-4B,False,False,False,False,False,True
banglamath_0521,banglamath,math,,seven,short_answer,human_reviewed_banglish_v5,minor_edit,10,0.4,0.4444,0.4,q3,q2,Qwen2.5-3B,False,False,False,False,False,True
banglamath_0521,banglamath,math,,seven,short_answer,human_reviewed_banglish_v5,minor_edit,10,0.4,0.4444,0.4,q3,q2,Qwen2.5-7B,False,False,False,False,False,True
banglamath_0521,banglamath,math,,seven,short_answer,human_reviewed_banglish_v5,minor_edit,10,0.4,0.4444,0.4,q3,q2,Qwen3-4B,False,False,False,False,False,True
banglamath_1691,banglamath,math,,Eight,short_answer,human_reviewed_banglish_v5,major_edit,38,0.4211,0.5556,0.2895,q3,q2,Qwen2.5-3B,False,False,False,False,False,True
banglamath_1691,banglamath,math,,Eight,short_answer,human_reviewed_banglish_v5,major_edit,38,0.4211,0.5556,0.2895,q3,q2,Qwen2.5-7B,False,False,False,False,False,True
banglamath_1691,banglamath,math,,Eight,short_answer,human_reviewed_banglish_v5,major_edit,38,0.4211,0.5556,0.2895,q3,q2,Qwen3-4B,False,False,False,False,False,True
benqa_12th-Physics-I_0157,benqa,physics-i,Physics-I,12th,mcq,auto_romanized_unverified_v4,unreviewed,15,0.4,0.4,0.2667,q3,q4,Qwen2.5-3B,True,False,False,True,False,False
benqa_12th-Physics-I_0157,benqa,physics-i,Physics-I,12th,mcq,auto_romanized_unverified_v4,unreviewed,15,0.4,0.4,0.2667,q3,q4,Qwen2.5-7B,True,False,False,True,False,False
benqa_12th-Physics-I_0157,benqa,physics-i,Physics-I,12th,mcq,auto_romanized_unverified_v4,unreviewed,15,0.4,0.4,0.2667,q3,q4,Qwen3-4B,False,False,False,False,False,True
benqa_12th-Biology-I_0056,benqa,biology-i,Biology-I,12th,mcq,auto_romanized_unverified_v4,unreviewed,4,0.25,0.25,0.25,q2,q2,Qwen2.5-3B,False,False,False,False,False,True
benqa_12th-Biology-I_0056,benqa,biology-i,Biology-I,12th,mcq,auto_romanized_unverified_v4,unreviewed,4,0.25,0.25,0.25,q2,q2,Qwen2.5-7B,True,False,True,True,True,False
benqa_12th-Biology-I_0056,benqa,biology-i,Biology-I,12th,mcq,auto_romanized_unverified_v4,unreviewed,4,0.25,0.25,0.25,q2,q2,Qwen3-4B,False,False,False,False,False,True
banglamath_0229,banglamath,math,,six,short_answer,auto_romanized_unverified_v4,unreviewed,7,0.5714,0.5714,0.4286,q4,q3,Qwen2.5-3B,True,False,True,True,True,False
banglamath_0229,banglamath,math,,six,short_answer,auto_romanized_unverified_v4,unreviewed,7,0.5714,0.5714,0.4286,q4,q3,Qwen2.5-7B,True,False,True,True,True,False
banglamath_0229,banglamath,math,,six,short_answer,auto_romanized_unverified_v4,unreviewed,7,0.5714,0.5714,0.4286,q4,q3,Qwen3-4B,True,False,True,True,True,False
benqa_10th-Math-II_0102,benqa,math-ii,Math-II,10th,mcq,human_reviewed_banglish_v5,minor_edit,8,0.625,0.625,0.375,q4,q4,Qwen2.5-3B,False,False,False,False,False,True
benqa_10th-Math-II_0102,benqa,math-ii,Math-II,10th,mcq,human_reviewed_banglish_v5,minor_edit,8,0.625,0.625,0.375,q4,q4,Qwen2.5-7B,False,False,False,False,False,True
benqa_10th-Math-II_0102,benqa,math-ii,Math-II,10th,mcq,human_reviewed_banglish_v5,minor_edit,8,0.625,0.625,0.375,q4,q4,Qwen3-4B,True,True,True,False,False,False
banglamath_0558,banglamath,math,,seven,short_answer,human_reviewed_banglish_v5,minor_edit,10,0.2,0.2,0.2,q1,q1,Qwen2.5-3B,False,False,False,False,False,True
banglamath_0558,banglamath,math,,seven,short_answer,human_reviewed_banglish_v5,minor_edit,10,0.2,0.2,0.2,q1,q1,Qwen2.5-7B,False,False,False,False,False,True
banglamath_0558,banglamath,math,,seven,short_answer,human_reviewed_banglish_v5,minor_edit,10,0.2,0.2,0.2,q1,q1,Qwen3-4B,False,False,False,False,False,True
banglamath_1695,banglamath,math,,Eight,short_answer,auto_romanized_unverified_v4,unreviewed,22,0.2727,0.2667,0.1818,q2,q1,Qwen2.5-3B,False,False,False,False,False,True
banglamath_1695,banglamath,math,,Eight,short_answer,auto_romanized_unverified_v4,unreviewed,22,0.2727,0.2667,0.1818,q2,q1,Qwen2.5-7B,False,False,False,False,False,True
banglamath_1695,banglamath,math,,Eight,short_answer,auto_romanized_unverified_v4,unreviewed,22,0.2727,0.2667,0.1818,q2,q1,Qwen3-4B,False,False,False,False,False,True
benqa_10th-Math_0044,benqa,math,Math,10th,mcq,human_reviewed_banglish_v5,minor_edit,6,0.3333,0.3333,0.3333,q2,q3,Qwen2.5-3B,True,False,True,True,True,False
benqa_10th-Math_0044,benqa,math,Math,10th,mcq,human_reviewed_banglish_v5,minor_edit,6,0.3333,0.3333,0.3333,q2,q3,Qwen2.5-7B,True,False,True,True,True,False
benqa_10th-Math_0044,benqa,math,Math,10th,mcq,human_reviewed_banglish_v5,minor_edit,6,0.3333,0.3333,0.3333,q2,q3,Qwen3-4B,True,False,True,True,True,False
