id,dataset,domain,subject,grade,task_type,quality_status,review_label,content_token_count,variation_seen_token_count,high_variation_token_count,variation_seen_share,high_variation_share,spelling_variation_exposure,mean_repeated_variants_seen,variation_exposure_quartile_all,variation_exposure_quartile_dataset,model,bangla_correct,banglish_correct,english_correct,banglish_fragile,strict_bangla_english_fragile,all_script_hard
benqa_12th-Biology-I_0265,benqa,biology-i,Biology-I,12th,mcq,human_reviewed_banglish_v5,minor_edit,44,13,7,0.2955,0.1591,0.75,3.5385,q4,q4,Qwen2.5-3B,False,False,True,True,False,False
benqa_12th-Biology-I_0265,benqa,biology-i,Biology-I,12th,mcq,human_reviewed_banglish_v5,minor_edit,44,13,7,0.2955,0.1591,0.75,3.5385,q4,q4,Qwen2.5-7B,False,False,True,True,False,False
benqa_12th-Biology-I_0265,benqa,biology-i,Biology-I,12th,mcq,human_reviewed_banglish_v5,minor_edit,44,13,7,0.2955,0.1591,0.75,3.5385,q4,q4,Qwen3-4B,True,False,True,True,True,False
benqa_12th-Chemistry-II_0240,benqa,chemistry-ii,Chemistry-II,12th,mcq,auto_romanized_unverified_v4,unreviewed,14,3,1,0.2143,0.0714,0.5,3.3333,q3,q3,Qwen2.5-3B,False,True,False,False,False,False
benqa_12th-Chemistry-II_0240,benqa,chemistry-ii,Chemistry-II,12th,mcq,auto_romanized_unverified_v4,unreviewed,14,3,1,0.2143,0.0714,0.5,3.3333,q3,q3,Qwen2.5-7B,False,True,True,False,False,False
benqa_12th-Chemistry-II_0240,benqa,chemistry-ii,Chemistry-II,12th,mcq,auto_romanized_unverified_v4,unreviewed,14,3,1,0.2143,0.0714,0.5,3.3333,q3,q3,Qwen3-4B,True,False,True,True,True,False
benqa_10th-Chemistry_0111,benqa,chemistry,Chemistry,10th,mcq,auto_romanized_unverified_v4,unreviewed,8,1,1,0.125,0.125,0.75,7.0,q4,q4,Qwen2.5-3B,False,False,False,False,False,True
benqa_10th-Chemistry_0111,benqa,chemistry,Chemistry,10th,mcq,auto_romanized_unverified_v4,unreviewed,8,1,1,0.125,0.125,0.75,7.0,q4,q4,Qwen2.5-7B,False,False,False,False,False,True
benqa_10th-Chemistry_0111,benqa,chemistry,Chemistry,10th,mcq,auto_romanized_unverified_v4,unreviewed,8,1,1,0.125,0.125,0.75,7.0,q4,q4,Qwen3-4B,True,True,True,False,False,False
benqa_10th-Math_0186,benqa,math,Math,10th,mcq,auto_romanized_unverified_v4,unreviewed,6,2,1,0.3333,0.1667,1.1667,4.5,q4,q4,Qwen2.5-3B,False,False,False,False,False,True
benqa_10th-Math_0186,benqa,math,Math,10th,mcq,auto_romanized_unverified_v4,unreviewed,6,2,1,0.3333,0.1667,1.1667,4.5,q4,q4,Qwen2.5-7B,False,False,False,False,False,True
benqa_10th-Math_0186,benqa,math,Math,10th,mcq,auto_romanized_unverified_v4,unreviewed,6,2,1,0.3333,0.1667,1.1667,4.5,q4,q4,Qwen3-4B,False,False,False,False,False,True
benqa_12th-Chemistry-II_0194,benqa,chemistry-ii,Chemistry-II,12th,mcq,auto_romanized_unverified_v4,unreviewed,4,2,0,0.5,0.0,0.5,2.0,q3,q3,Qwen2.5-3B,False,False,True,True,False,False
benqa_12th-Chemistry-II_0194,benqa,chemistry-ii,Chemistry-II,12th,mcq,auto_romanized_unverified_v4,unreviewed,4,2,0,0.5,0.0,0.5,2.0,q3,q3,Qwen2.5-7B,True,True,True,False,False,False
benqa_12th-Chemistry-II_0194,benqa,chemistry-ii,Chemistry-II,12th,mcq,auto_romanized_unverified_v4,unreviewed,4,2,0,0.5,0.0,0.5,2.0,q3,q3,Qwen3-4B,True,False,True,True,True,False
banglamath_0234,banglamath,math,,six,short_answer,human_reviewed_banglish_v5,minor_edit,11,6,0,0.5455,0.0,0.8182,2.5,q4,q4,Qwen2.5-3B,False,False,False,False,False,True
banglamath_0234,banglamath,math,,six,short_answer,human_reviewed_banglish_v5,minor_edit,11,6,0,0.5455,0.0,0.8182,2.5,q4,q4,Qwen2.5-7B,False,False,False,False,False,True
banglamath_0234,banglamath,math,,six,short_answer,human_reviewed_banglish_v5,minor_edit,11,6,0,0.5455,0.0,0.8182,2.5,q4,q4,Qwen3-4B,False,False,False,False,False,True
benqa_12th-Chemistry-II_0054,benqa,chemistry-ii,Chemistry-II,12th,mcq,auto_romanized_unverified_v4,unreviewed,4,1,0,0.25,0.0,0.25,2.0,q2,q2,Qwen2.5-3B,False,True,True,False,False,False
benqa_12th-Chemistry-II_0054,benqa,chemistry-ii,Chemistry-II,12th,mcq,auto_romanized_unverified_v4,unreviewed,4,1,0,0.25,0.0,0.25,2.0,q2,q2,Qwen2.5-7B,True,True,True,False,False,False
benqa_12th-Chemistry-II_0054,benqa,chemistry-ii,Chemistry-II,12th,mcq,auto_romanized_unverified_v4,unreviewed,4,1,0,0.25,0.0,0.25,2.0,q2,q2,Qwen3-4B,True,False,True,True,True,False
banglamath_0522,banglamath,math,,seven,short_answer,human_reviewed_banglish_v5,minor_edit,10,2,0,0.2,0.0,0.2,2.0,q2,q1,Qwen2.5-3B,False,False,False,False,False,True
banglamath_0522,banglamath,math,,seven,short_answer,human_reviewed_banglish_v5,minor_edit,10,2,0,0.2,0.0,0.2,2.0,q2,q1,Qwen2.5-7B,False,False,False,False,False,True
banglamath_0522,banglamath,math,,seven,short_answer,human_reviewed_banglish_v5,minor_edit,10,2,0,0.2,0.0,0.2,2.0,q2,q1,Qwen3-4B,False,False,False,False,False,True
benqa_12th-Math-II_0234,benqa,math-ii,Math-II,12th,mcq,auto_romanized_unverified_v4,unreviewed,14,5,0,0.3571,0.0,0.4286,2.2,q3,q3,Qwen2.5-3B,True,True,True,False,False,False
benqa_12th-Math-II_0234,benqa,math-ii,Math-II,12th,mcq,auto_romanized_unverified_v4,unreviewed,14,5,0,0.3571,0.0,0.4286,2.2,q3,q3,Qwen2.5-7B,True,False,True,True,True,False
benqa_12th-Math-II_0234,benqa,math-ii,Math-II,12th,mcq,auto_romanized_unverified_v4,unreviewed,14,5,0,0.3571,0.0,0.4286,2.2,q3,q3,Qwen3-4B,False,False,False,False,False,True
benqa_10th-Math_0271,benqa,math,Math,10th,mcq,human_reviewed_banglish_v5,minor_edit,12,3,1,0.25,0.0833,0.6667,3.6667,q4,q4,Qwen2.5-3B,False,False,False,False,False,True
benqa_10th-Math_0271,benqa,math,Math,10th,mcq,human_reviewed_banglish_v5,minor_edit,12,3,1,0.25,0.0833,0.6667,3.6667,q4,q4,Qwen2.5-7B,False,False,True,True,False,False
benqa_10th-Math_0271,benqa,math,Math,10th,mcq,human_reviewed_banglish_v5,minor_edit,12,3,1,0.25,0.0833,0.6667,3.6667,q4,q4,Qwen3-4B,True,False,True,True,True,False
benqa_10th-Physics_0045,benqa,physics,Physics,10th,mcq,human_reviewed_banglish_v5,minor_edit,12,5,2,0.4167,0.1667,1.4167,4.4,q4,q4,Qwen2.5-3B,False,False,True,True,False,False
benqa_10th-Physics_0045,benqa,physics,Physics,10th,mcq,human_reviewed_banglish_v5,minor_edit,12,5,2,0.4167,0.1667,1.4167,4.4,q4,q4,Qwen2.5-7B,True,True,True,False,False,False
benqa_10th-Physics_0045,benqa,physics,Physics,10th,mcq,human_reviewed_banglish_v5,minor_edit,12,5,2,0.4167,0.1667,1.4167,4.4,q4,q4,Qwen3-4B,True,True,True,False,False,False
benqa_8th-Science_0086,benqa,science,Science,8th,mcq,auto_romanized_unverified_v4,unreviewed,5,1,0,0.2,0.0,0.4,3.0,q3,q3,Qwen2.5-3B,False,False,False,False,False,True
benqa_8th-Science_0086,benqa,science,Science,8th,mcq,auto_romanized_unverified_v4,unreviewed,5,1,0,0.2,0.0,0.4,3.0,q3,q3,Qwen2.5-7B,True,True,True,False,False,False
benqa_8th-Science_0086,benqa,science,Science,8th,mcq,auto_romanized_unverified_v4,unreviewed,5,1,0,0.2,0.0,0.4,3.0,q3,q3,Qwen3-4B,False,False,True,True,False,False
benqa_10th-Math-II_0139,benqa,math-ii,Math-II,10th,mcq,human_reviewed_banglish_v5,minor_edit,7,1,0,0.1429,0.0,0.1429,2.0,q1,q2,Qwen2.5-3B,False,False,False,False,False,True
benqa_10th-Math-II_0139,benqa,math-ii,Math-II,10th,mcq,human_reviewed_banglish_v5,minor_edit,7,1,0,0.1429,0.0,0.1429,2.0,q1,q2,Qwen2.5-7B,False,False,False,False,False,True
benqa_10th-Math-II_0139,benqa,math-ii,Math-II,10th,mcq,human_reviewed_banglish_v5,minor_edit,7,1,0,0.1429,0.0,0.1429,2.0,q1,q2,Qwen3-4B,False,False,False,False,False,True
benqa_12th-Biology-II_0325,benqa,biology-ii,Biology-II,12th,mcq,auto_romanized_unverified_v4,unreviewed,10,2,2,0.2,0.2,1.0,6.0,q4,q4,Qwen2.5-3B,False,False,True,True,False,False
benqa_12th-Biology-II_0325,benqa,biology-ii,Biology-II,12th,mcq,auto_romanized_unverified_v4,unreviewed,10,2,2,0.2,0.2,1.0,6.0,q4,q4,Qwen2.5-7B,False,False,True,True,False,False
benqa_12th-Biology-II_0325,benqa,biology-ii,Biology-II,12th,mcq,auto_romanized_unverified_v4,unreviewed,10,2,2,0.2,0.2,1.0,6.0,q4,q4,Qwen3-4B,False,False,True,True,False,False
benqa_12th-Physics-I_0289,benqa,physics-i,Physics-I,12th,mcq,human_reviewed_banglish_v5,minor_edit,15,5,2,0.3333,0.1333,0.7333,3.2,q4,q4,Qwen2.5-3B,False,False,False,False,False,True
benqa_12th-Physics-I_0289,benqa,physics-i,Physics-I,12th,mcq,human_reviewed_banglish_v5,minor_edit,15,5,2,0.3333,0.1333,0.7333,3.2,q4,q4,Qwen2.5-7B,False,True,False,False,False,False
benqa_12th-Physics-I_0289,benqa,physics-i,Physics-I,12th,mcq,human_reviewed_banglish_v5,minor_edit,15,5,2,0.3333,0.1333,0.7333,3.2,q4,q4,Qwen3-4B,True,True,True,False,False,False
banglamath_0541,banglamath,math,,seven,short_answer,human_reviewed_banglish_v5,major_edit,16,4,0,0.25,0.0,0.3125,2.25,q2,q2,Qwen2.5-3B,False,False,False,False,False,True
banglamath_0541,banglamath,math,,seven,short_answer,human_reviewed_banglish_v5,major_edit,16,4,0,0.25,0.0,0.3125,2.25,q2,q2,Qwen2.5-7B,False,False,False,False,False,True
banglamath_0541,banglamath,math,,seven,short_answer,human_reviewed_banglish_v5,major_edit,16,4,0,0.25,0.0,0.3125,2.25,q2,q2,Qwen3-4B,False,False,False,False,False,True
benqa_8th-Math_0190,benqa,math,Math,8th,mcq,human_reviewed_banglish_v5,major_edit,19,5,1,0.2632,0.0526,0.4211,2.6,q3,q3,Qwen2.5-3B,True,True,True,False,False,False
benqa_8th-Math_0190,benqa,math,Math,8th,mcq,human_reviewed_banglish_v5,major_edit,19,5,1,0.2632,0.0526,0.4211,2.6,q3,q3,Qwen2.5-7B,True,True,True,False,False,False
benqa_8th-Math_0190,benqa,math,Math,8th,mcq,human_reviewed_banglish_v5,major_edit,19,5,1,0.2632,0.0526,0.4211,2.6,q3,q3,Qwen3-4B,False,False,False,False,False,True
benqa_12th-Biology-I_0042,benqa,biology-i,Biology-I,12th,mcq,human_reviewed_banglish_v5,minor_edit,25,5,0,0.2,0.0,0.32,2.6,q2,q2,Qwen2.5-3B,True,True,False,False,False,False
benqa_12th-Biology-I_0042,benqa,biology-i,Biology-I,12th,mcq,human_reviewed_banglish_v5,minor_edit,25,5,0,0.2,0.0,0.32,2.6,q2,q2,Qwen2.5-7B,False,True,False,False,False,False
benqa_12th-Biology-I_0042,benqa,biology-i,Biology-I,12th,mcq,human_reviewed_banglish_v5,minor_edit,25,5,0,0.2,0.0,0.32,2.6,q2,q2,Qwen3-4B,True,True,False,False,False,False
banglamath_0557,banglamath,math,,seven,short_answer,human_reviewed_banglish_v5,minor_edit,17,8,0,0.4706,0.0,0.5294,2.125,q3,q3,Qwen2.5-3B,False,False,False,False,False,True
banglamath_0557,banglamath,math,,seven,short_answer,human_reviewed_banglish_v5,minor_edit,17,8,0,0.4706,0.0,0.5294,2.125,q3,q3,Qwen2.5-7B,True,False,False,True,False,False
banglamath_0557,banglamath,math,,seven,short_answer,human_reviewed_banglish_v5,minor_edit,17,8,0,0.4706,0.0,0.5294,2.125,q3,q3,Qwen3-4B,False,False,False,False,False,True
benqa_12th-Biology-I_0218,benqa,biology-i,Biology-I,12th,mcq,auto_romanized_unverified_v4,unreviewed,4,2,0,0.5,0.0,0.5,2.0,q3,q3,Qwen2.5-3B,False,False,True,True,False,False
benqa_12th-Biology-I_0218,benqa,biology-i,Biology-I,12th,mcq,auto_romanized_unverified_v4,unreviewed,4,2,0,0.5,0.0,0.5,2.0,q3,q3,Qwen2.5-7B,False,False,True,True,False,False
benqa_12th-Biology-I_0218,benqa,biology-i,Biology-I,12th,mcq,auto_romanized_unverified_v4,unreviewed,4,2,0,0.5,0.0,0.5,2.0,q3,q3,Qwen3-4B,False,False,True,True,False,False
benqa_12th-Math-I_0342,benqa,math-i,Math-I,12th,mcq,auto_romanized_unverified_v4,unreviewed,7,1,1,0.1429,0.1429,0.8571,7.0,q4,q4,Qwen2.5-3B,False,False,False,False,False,True
benqa_12th-Math-I_0342,benqa,math-i,Math-I,12th,mcq,auto_romanized_unverified_v4,unreviewed,7,1,1,0.1429,0.1429,0.8571,7.0,q4,q4,Qwen2.5-7B,True,False,False,True,False,False
benqa_12th-Math-I_0342,benqa,math-i,Math-I,12th,mcq,auto_romanized_unverified_v4,unreviewed,7,1,1,0.1429,0.1429,0.8571,7.0,q4,q4,Qwen3-4B,False,False,False,False,False,True
banglamath_0236,banglamath,math,,six,short_answer,human_reviewed_banglish_v5,minor_edit,9,7,0,0.7778,0.0,0.3333,1.4286,q2,q2,Qwen2.5-3B,False,False,False,False,False,True
banglamath_0236,banglamath,math,,six,short_answer,human_reviewed_banglish_v5,minor_edit,9,7,0,0.7778,0.0,0.3333,1.4286,q2,q2,Qwen2.5-7B,False,False,True,True,False,False
banglamath_0236,banglamath,math,,six,short_answer,human_reviewed_banglish_v5,minor_edit,9,7,0,0.7778,0.0,0.3333,1.4286,q2,q2,Qwen3-4B,False,False,False,False,False,True
benqa_12th-Biology-II_0122,benqa,biology-ii,Biology-II,12th,mcq,human_reviewed_banglish_v5,minor_edit,6,1,0,0.1667,0.0,0.1667,2.0,q2,q2,Qwen2.5-3B,True,False,False,True,False,False
benqa_12th-Biology-II_0122,benqa,biology-ii,Biology-II,12th,mcq,human_reviewed_banglish_v5,minor_edit,6,1,0,0.1667,0.0,0.1667,2.0,q2,q2,Qwen2.5-7B,True,True,False,False,False,False
benqa_12th-Biology-II_0122,benqa,biology-ii,Biology-II,12th,mcq,human_reviewed_banglish_v5,minor_edit,6,1,0,0.1667,0.0,0.1667,2.0,q2,q2,Qwen3-4B,False,False,False,False,False,True
banglamath_0189,banglamath,math,,six,short_answer,human_reviewed_banglish_v5,minor_edit,18,11,0,0.6111,0.0,0.5556,1.9091,q3,q3,Qwen2.5-3B,False,False,False,False,False,True
banglamath_0189,banglamath,math,,six,short_answer,human_reviewed_banglish_v5,minor_edit,18,11,0,0.6111,0.0,0.5556,1.9091,q3,q3,Qwen2.5-7B,False,False,False,False,False,True
banglamath_0189,banglamath,math,,six,short_answer,human_reviewed_banglish_v5,minor_edit,18,11,0,0.6111,0.0,0.5556,1.9091,q3,q3,Qwen3-4B,False,False,False,False,False,True
benqa_12th-Biology-II_0119,benqa,biology-ii,Biology-II,12th,mcq,auto_romanized_unverified_v4,unreviewed,7,3,1,0.4286,0.1429,1.0,3.3333,q4,q4,Qwen2.5-3B,False,False,False,False,False,True
benqa_12th-Biology-II_0119,benqa,biology-ii,Biology-II,12th,mcq,auto_romanized_unverified_v4,unreviewed,7,3,1,0.4286,0.1429,1.0,3.3333,q4,q4,Qwen2.5-7B,False,False,False,False,False,True
benqa_12th-Biology-II_0119,benqa,biology-ii,Biology-II,12th,mcq,auto_romanized_unverified_v4,unreviewed,7,3,1,0.4286,0.1429,1.0,3.3333,q4,q4,Qwen3-4B,True,False,False,True,False,False
benqa_10th-Math-II_0367,benqa,math-ii,Math-II,10th,mcq,human_reviewed_banglish_v5,minor_edit,12,4,1,0.3333,0.0833,0.5833,2.75,q3,q3,Qwen2.5-3B,True,False,False,True,False,False
benqa_10th-Math-II_0367,benqa,math-ii,Math-II,10th,mcq,human_reviewed_banglish_v5,minor_edit,12,4,1,0.3333,0.0833,0.5833,2.75,q3,q3,Qwen2.5-7B,False,False,False,False,False,True
benqa_10th-Math-II_0367,benqa,math-ii,Math-II,10th,mcq,human_reviewed_banglish_v5,minor_edit,12,4,1,0.3333,0.0833,0.5833,2.75,q3,q3,Qwen3-4B,False,True,True,False,False,False
benqa_12th-Physics-I_0256,benqa,physics-i,Physics-I,12th,mcq,auto_romanized_unverified_v4,unreviewed,15,5,2,0.3333,0.1333,1.0,4.0,q4,q4,Qwen2.5-3B,False,False,False,False,False,True
benqa_12th-Physics-I_0256,benqa,physics-i,Physics-I,12th,mcq,auto_romanized_unverified_v4,unreviewed,15,5,2,0.3333,0.1333,1.0,4.0,q4,q4,Qwen2.5-7B,True,False,True,True,True,False
benqa_12th-Physics-I_0256,benqa,physics-i,Physics-I,12th,mcq,auto_romanized_unverified_v4,unreviewed,15,5,2,0.3333,0.1333,1.0,4.0,q4,q4,Qwen3-4B,False,False,False,False,False,True
benqa_12th-Physics-I_0253,benqa,physics-i,Physics-I,12th,mcq,human_reviewed_banglish_v5,minor_edit,26,5,2,0.1923,0.0769,0.4615,3.4,q3,q3,Qwen2.5-3B,False,False,False,False,False,True
benqa_12th-Physics-I_0253,benqa,physics-i,Physics-I,12th,mcq,human_reviewed_banglish_v5,minor_edit,26,5,2,0.1923,0.0769,0.4615,3.4,q3,q3,Qwen2.5-7B,False,False,False,False,False,True
benqa_12th-Physics-I_0253,benqa,physics-i,Physics-I,12th,mcq,human_reviewed_banglish_v5,minor_edit,26,5,2,0.1923,0.0769,0.4615,3.4,q3,q3,Qwen3-4B,False,False,False,False,False,True
benqa_10th-Chemistry_0191,benqa,chemistry,Chemistry,10th,mcq,human_reviewed_banglish_v5,minor_edit,25,4,0,0.16,0.0,0.2,2.25,q2,q2,Qwen2.5-3B,False,False,False,False,False,True
benqa_10th-Chemistry_0191,benqa,chemistry,Chemistry,10th,mcq,human_reviewed_banglish_v5,minor_edit,25,4,0,0.16,0.0,0.2,2.25,q2,q2,Qwen2.5-7B,False,False,False,False,False,True
benqa_10th-Chemistry_0191,benqa,chemistry,Chemistry,10th,mcq,human_reviewed_banglish_v5,minor_edit,25,4,0,0.16,0.0,0.2,2.25,q2,q2,Qwen3-4B,False,False,False,False,False,True
benqa_12th-Chemistry-I_0174,benqa,chemistry-i,Chemistry-I,12th,mcq,human_reviewed_banglish_v5,minor_edit,17,3,2,0.1765,0.1176,0.4706,3.6667,q3,q3,Qwen2.5-3B,False,False,True,True,False,False
benqa_12th-Chemistry-I_0174,benqa,chemistry-i,Chemistry-I,12th,mcq,human_reviewed_banglish_v5,minor_edit,17,3,2,0.1765,0.1176,0.4706,3.6667,q3,q3,Qwen2.5-7B,True,False,True,True,True,False
benqa_12th-Chemistry-I_0174,benqa,chemistry-i,Chemistry-I,12th,mcq,human_reviewed_banglish_v5,minor_edit,17,3,2,0.1765,0.1176,0.4706,3.6667,q3,q3,Qwen3-4B,True,False,True,True,True,False
benqa_10th-Biology_0339,benqa,biology,Biology,10th,mcq,auto_romanized_unverified_v4,unreviewed,6,2,1,0.3333,0.1667,1.3333,5.0,q4,q4,Qwen2.5-3B,False,False,True,True,False,False
benqa_10th-Biology_0339,benqa,biology,Biology,10th,mcq,auto_romanized_unverified_v4,unreviewed,6,2,1,0.3333,0.1667,1.3333,5.0,q4,q4,Qwen2.5-7B,False,False,True,True,False,False
benqa_10th-Biology_0339,benqa,biology,Biology,10th,mcq,auto_romanized_unverified_v4,unreviewed,6,2,1,0.3333,0.1667,1.3333,5.0,q4,q4,Qwen3-4B,True,True,True,False,False,False
benqa_10th-Math-II_0062,benqa,math-ii,Math-II,10th,mcq,human_reviewed_banglish_v5,minor_edit,10,1,0,0.1,0.0,0.0,1.0,q1,q1,Qwen2.5-3B,True,True,False,False,False,False
benqa_10th-Math-II_0062,benqa,math-ii,Math-II,10th,mcq,human_reviewed_banglish_v5,minor_edit,10,1,0,0.1,0.0,0.0,1.0,q1,q1,Qwen2.5-7B,False,False,False,False,False,True
benqa_10th-Math-II_0062,benqa,math-ii,Math-II,10th,mcq,human_reviewed_banglish_v5,minor_edit,10,1,0,0.1,0.0,0.0,1.0,q1,q1,Qwen3-4B,False,False,False,False,False,True
benqa_12th-Chemistry-I_0260,benqa,chemistry-i,Chemistry-I,12th,mcq,human_reviewed_banglish_v5,minor_edit,5,1,0,0.2,0.0,0.2,2.0,q2,q2,Qwen2.5-3B,False,False,True,True,False,False
benqa_12th-Chemistry-I_0260,benqa,chemistry-i,Chemistry-I,12th,mcq,human_reviewed_banglish_v5,minor_edit,5,1,0,0.2,0.0,0.2,2.0,q2,q2,Qwen2.5-7B,True,False,True,True,True,False
benqa_12th-Chemistry-I_0260,benqa,chemistry-i,Chemistry-I,12th,mcq,human_reviewed_banglish_v5,minor_edit,5,1,0,0.2,0.0,0.2,2.0,q2,q2,Qwen3-4B,True,True,True,False,False,False
benqa_12th-Biology-I_0077,benqa,biology-i,Biology-I,12th,mcq,auto_romanized_unverified_v4,unreviewed,8,2,2,0.25,0.25,1.25,6.0,q4,q4,Qwen2.5-3B,False,False,True,True,False,False
benqa_12th-Biology-I_0077,benqa,biology-i,Biology-I,12th,mcq,auto_romanized_unverified_v4,unreviewed,8,2,2,0.25,0.25,1.25,6.0,q4,q4,Qwen2.5-7B,True,False,True,True,True,False
benqa_12th-Biology-I_0077,benqa,biology-i,Biology-I,12th,mcq,auto_romanized_unverified_v4,unreviewed,8,2,2,0.25,0.25,1.25,6.0,q4,q4,Qwen3-4B,True,True,True,False,False,False
benqa_10th-Physics_0084,benqa,physics,Physics,10th,mcq,auto_romanized_unverified_v4,unreviewed,11,1,1,0.0909,0.0909,0.5455,7.0,q3,q3,Qwen2.5-3B,True,False,False,True,False,False
benqa_10th-Physics_0084,benqa,physics,Physics,10th,mcq,auto_romanized_unverified_v4,unreviewed,11,1,1,0.0909,0.0909,0.5455,7.0,q3,q3,Qwen2.5-7B,False,False,False,False,False,True
benqa_10th-Physics_0084,benqa,physics,Physics,10th,mcq,auto_romanized_unverified_v4,unreviewed,11,1,1,0.0909,0.0909,0.5455,7.0,q3,q3,Qwen3-4B,False,False,True,True,False,False
benqa_12th-Physics-II_0267,benqa,physics-ii,Physics-II,12th,mcq,human_reviewed_banglish_v5,minor_edit,17,1,0,0.0588,0.0,0.0,1.0,q1,q1,Qwen2.5-3B,False,False,False,False,False,True
benqa_12th-Physics-II_0267,benqa,physics-ii,Physics-II,12th,mcq,human_reviewed_banglish_v5,minor_edit,17,1,0,0.0588,0.0,0.0,1.0,q1,q1,Qwen2.5-7B,False,False,False,False,False,True
benqa_12th-Physics-II_0267,benqa,physics-ii,Physics-II,12th,mcq,human_reviewed_banglish_v5,minor_edit,17,1,0,0.0588,0.0,0.0,1.0,q1,q1,Qwen3-4B,False,False,False,False,False,True
banglamath_1693,banglamath,math,,Eight,short_answer,human_reviewed_banglish_v5,major_edit,17,5,0,0.2941,0.0,0.2941,2.0,q2,q1,Qwen2.5-3B,False,False,False,False,False,True
banglamath_1693,banglamath,math,,Eight,short_answer,human_reviewed_banglish_v5,major_edit,17,5,0,0.2941,0.0,0.2941,2.0,q2,q1,Qwen2.5-7B,False,False,False,False,False,True
banglamath_1693,banglamath,math,,Eight,short_answer,human_reviewed_banglish_v5,major_edit,17,5,0,0.2941,0.0,0.2941,2.0,q2,q1,Qwen3-4B,False,False,False,False,False,True
banglamath_0227,banglamath,math,,six,short_answer,human_reviewed_banglish_v5,minor_edit,17,6,1,0.3529,0.0588,0.4706,2.3333,q3,q3,Qwen2.5-3B,False,False,False,False,False,True
banglamath_0227,banglamath,math,,six,short_answer,human_reviewed_banglish_v5,minor_edit,17,6,1,0.3529,0.0588,0.4706,2.3333,q3,q3,Qwen2.5-7B,False,False,False,False,False,True
banglamath_0227,banglamath,math,,six,short_answer,human_reviewed_banglish_v5,minor_edit,17,6,1,0.3529,0.0588,0.4706,2.3333,q3,q3,Qwen3-4B,False,False,False,False,False,True
benqa_12th-Chemistry-II_0354,benqa,chemistry-ii,Chemistry-II,12th,mcq,auto_romanized_unverified_v4,unreviewed,11,2,1,0.1818,0.0909,0.5455,4.0,q3,q3,Qwen2.5-3B,True,False,True,True,True,False
benqa_12th-Chemistry-II_0354,benqa,chemistry-ii,Chemistry-II,12th,mcq,auto_romanized_unverified_v4,unreviewed,11,2,1,0.1818,0.0909,0.5455,4.0,q3,q3,Qwen2.5-7B,False,False,True,True,False,False
benqa_12th-Chemistry-II_0354,benqa,chemistry-ii,Chemistry-II,12th,mcq,auto_romanized_unverified_v4,unreviewed,11,2,1,0.1818,0.0909,0.5455,4.0,q3,q3,Qwen3-4B,False,False,True,True,False,False
banglamath_0532,banglamath,math,,seven,short_answer,auto_romanized_unverified_v4,unreviewed,13,2,0,0.1538,0.0,0.2308,2.5,q2,q1,Qwen2.5-3B,False,False,False,False,False,True
banglamath_0532,banglamath,math,,seven,short_answer,auto_romanized_unverified_v4,unreviewed,13,2,0,0.1538,0.0,0.2308,2.5,q2,q1,Qwen2.5-7B,False,False,False,False,False,True
banglamath_0532,banglamath,math,,seven,short_answer,auto_romanized_unverified_v4,unreviewed,13,2,0,0.1538,0.0,0.2308,2.5,q2,q1,Qwen3-4B,False,False,False,False,False,True
benqa_10th-Biology_0277,benqa,biology,Biology,10th,mcq,human_reviewed_banglish_v5,minor_edit,21,3,0,0.1429,0.0,0.0476,1.3333,q1,q1,Qwen2.5-3B,False,False,False,False,False,True
benqa_10th-Biology_0277,benqa,biology,Biology,10th,mcq,human_reviewed_banglish_v5,minor_edit,21,3,0,0.1429,0.0,0.0476,1.3333,q1,q1,Qwen2.5-7B,False,False,False,False,False,True
benqa_10th-Biology_0277,benqa,biology,Biology,10th,mcq,human_reviewed_banglish_v5,minor_edit,21,3,0,0.1429,0.0,0.0476,1.3333,q1,q1,Qwen3-4B,False,False,False,False,False,True
banglamath_0184,banglamath,math,,six,short_answer,human_reviewed_banglish_v5,minor_edit,13,9,0,0.6923,0.0,0.8462,2.2222,q4,q4,Qwen2.5-3B,False,False,False,False,False,True
banglamath_0184,banglamath,math,,six,short_answer,human_reviewed_banglish_v5,minor_edit,13,9,0,0.6923,0.0,0.8462,2.2222,q4,q4,Qwen2.5-7B,False,False,True,True,False,False
banglamath_0184,banglamath,math,,six,short_answer,human_reviewed_banglish_v5,minor_edit,13,9,0,0.6923,0.0,0.8462,2.2222,q4,q4,Qwen3-4B,False,False,False,False,False,True
benqa_10th-Math_0324,benqa,math,Math,10th,mcq,human_reviewed_banglish_v5,minor_edit,8,2,0,0.25,0.0,0.125,1.5,q1,q2,Qwen2.5-3B,False,False,True,True,False,False
benqa_10th-Math_0324,benqa,math,Math,10th,mcq,human_reviewed_banglish_v5,minor_edit,8,2,0,0.25,0.0,0.125,1.5,q1,q2,Qwen2.5-7B,True,False,True,True,True,False
benqa_10th-Math_0324,benqa,math,Math,10th,mcq,human_reviewed_banglish_v5,minor_edit,8,2,0,0.25,0.0,0.125,1.5,q1,q2,Qwen3-4B,False,False,False,False,False,True
benqa_10th-Chemistry_0388,benqa,chemistry,Chemistry,10th,mcq,human_reviewed_banglish_v5,minor_edit,7,1,0,0.1429,0.0,0.0,1.0,q1,q1,Qwen2.5-3B,False,False,False,False,False,True
benqa_10th-Chemistry_0388,benqa,chemistry,Chemistry,10th,mcq,human_reviewed_banglish_v5,minor_edit,7,1,0,0.1429,0.0,0.0,1.0,q1,q1,Qwen2.5-7B,False,False,False,False,False,True
benqa_10th-Chemistry_0388,benqa,chemistry,Chemistry,10th,mcq,human_reviewed_banglish_v5,minor_edit,7,1,0,0.1429,0.0,0.0,1.0,q1,q1,Qwen3-4B,True,True,True,False,False,False
banglamath_0542,banglamath,math,,seven,short_answer,human_reviewed_banglish_v5,minor_edit,21,7,0,0.3333,0.0,0.3333,2.0,q2,q2,Qwen2.5-3B,False,False,False,False,False,True
banglamath_0542,banglamath,math,,seven,short_answer,human_reviewed_banglish_v5,minor_edit,21,7,0,0.3333,0.0,0.3333,2.0,q2,q2,Qwen2.5-7B,False,False,False,False,False,True
banglamath_0542,banglamath,math,,seven,short_answer,human_reviewed_banglish_v5,minor_edit,21,7,0,0.3333,0.0,0.3333,2.0,q2,q2,Qwen3-4B,False,False,False,False,False,True
benqa_12th-Physics-II_0292,benqa,physics-ii,Physics-II,12th,mcq,auto_romanized_unverified_v4,unreviewed,4,0,0,0.0,0.0,0.0,0.0,q1,q1,Qwen2.5-3B,False,True,False,False,False,False
benqa_12th-Physics-II_0292,benqa,physics-ii,Physics-II,12th,mcq,auto_romanized_unverified_v4,unreviewed,4,0,0,0.0,0.0,0.0,0.0,q1,q1,Qwen2.5-7B,True,True,True,False,False,False
benqa_12th-Physics-II_0292,benqa,physics-ii,Physics-II,12th,mcq,auto_romanized_unverified_v4,unreviewed,4,0,0,0.0,0.0,0.0,0.0,q1,q1,Qwen3-4B,False,False,True,True,False,False
benqa_12th-Chemistry-II_0294,benqa,chemistry-ii,Chemistry-II,12th,mcq,human_reviewed_banglish_v5,minor_edit,19,3,1,0.1579,0.0526,0.4211,3.6667,q3,q3,Qwen2.5-3B,False,True,False,False,False,False
benqa_12th-Chemistry-II_0294,benqa,chemistry-ii,Chemistry-II,12th,mcq,human_reviewed_banglish_v5,minor_edit,19,3,1,0.1579,0.0526,0.4211,3.6667,q3,q3,Qwen2.5-7B,False,False,False,False,False,True
benqa_12th-Chemistry-II_0294,benqa,chemistry-ii,Chemistry-II,12th,mcq,human_reviewed_banglish_v5,minor_edit,19,3,1,0.1579,0.0526,0.4211,3.6667,q3,q3,Qwen3-4B,True,True,False,False,False,False
benqa_8th-Science_0014,benqa,science,Science,8th,mcq,human_reviewed_banglish_v5,minor_edit,15,2,0,0.1333,0.0,0.0,1.0,q1,q1,Qwen2.5-3B,True,True,False,False,False,False
benqa_8th-Science_0014,benqa,science,Science,8th,mcq,human_reviewed_banglish_v5,minor_edit,15,2,0,0.1333,0.0,0.0,1.0,q1,q1,Qwen2.5-7B,True,True,False,False,False,False
benqa_8th-Science_0014,benqa,science,Science,8th,mcq,human_reviewed_banglish_v5,minor_edit,15,2,0,0.1333,0.0,0.0,1.0,q1,q1,Qwen3-4B,True,True,False,False,False,False
banglamath_1688,banglamath,math,,Eight,short_answer,human_reviewed_banglish_v5,major_edit,50,23,3,0.46,0.06,0.52,2.1304,q3,q3,Qwen2.5-3B,False,False,False,False,False,True
banglamath_1688,banglamath,math,,Eight,short_answer,human_reviewed_banglish_v5,major_edit,50,23,3,0.46,0.06,0.52,2.1304,q3,q3,Qwen2.5-7B,False,False,False,False,False,True
banglamath_1688,banglamath,math,,Eight,short_answer,human_reviewed_banglish_v5,major_edit,50,23,3,0.46,0.06,0.52,2.1304,q3,q3,Qwen3-4B,False,False,False,False,False,True
benqa_12th-Math-I_0120,benqa,math-i,Math-I,12th,mcq,human_reviewed_banglish_v5,minor_edit,7,1,0,0.1429,0.0,0.0,1.0,q1,q1,Qwen2.5-3B,False,False,False,False,False,True
benqa_12th-Math-I_0120,benqa,math-i,Math-I,12th,mcq,human_reviewed_banglish_v5,minor_edit,7,1,0,0.1429,0.0,0.0,1.0,q1,q1,Qwen2.5-7B,False,False,False,False,False,True
benqa_12th-Math-I_0120,benqa,math-i,Math-I,12th,mcq,human_reviewed_banglish_v5,minor_edit,7,1,0,0.1429,0.0,0.0,1.0,q1,q1,Qwen3-4B,True,True,False,False,False,False
benqa_12th-Biology-I_0160,benqa,biology-i,Biology-I,12th,mcq,auto_romanized_unverified_v4,unreviewed,15,3,1,0.2,0.0667,0.5333,3.6667,q3,q3,Qwen2.5-3B,True,True,True,False,False,False
benqa_12th-Biology-I_0160,benqa,biology-i,Biology-I,12th,mcq,auto_romanized_unverified_v4,unreviewed,15,3,1,0.2,0.0667,0.5333,3.6667,q3,q3,Qwen2.5-7B,False,True,True,False,False,False
benqa_12th-Biology-I_0160,benqa,biology-i,Biology-I,12th,mcq,auto_romanized_unverified_v4,unreviewed,15,3,1,0.2,0.0667,0.5333,3.6667,q3,q3,Qwen3-4B,True,False,True,True,True,False
banglamath_0230,banglamath,math,,six,short_answer,human_reviewed_banglish_v5,minor_edit,4,3,0,0.75,0.0,0.5,1.6667,q3,q3,Qwen2.5-3B,True,False,True,True,True,False
banglamath_0230,banglamath,math,,six,short_answer,human_reviewed_banglish_v5,minor_edit,4,3,0,0.75,0.0,0.5,1.6667,q3,q3,Qwen2.5-7B,True,False,True,True,True,False
banglamath_0230,banglamath,math,,six,short_answer,human_reviewed_banglish_v5,minor_edit,4,3,0,0.75,0.0,0.5,1.6667,q3,q3,Qwen3-4B,True,False,True,True,True,False
banglamath_1685,banglamath,math,,Eight,short_answer,auto_romanized_unverified_v4,unreviewed,31,11,0,0.3548,0.0,0.3548,2.0,q2,q2,Qwen2.5-3B,False,False,False,False,False,True
banglamath_1685,banglamath,math,,Eight,short_answer,auto_romanized_unverified_v4,unreviewed,31,11,0,0.3548,0.0,0.3548,2.0,q2,q2,Qwen2.5-7B,False,False,False,False,False,True
banglamath_1685,banglamath,math,,Eight,short_answer,auto_romanized_unverified_v4,unreviewed,31,11,0,0.3548,0.0,0.3548,2.0,q2,q2,Qwen3-4B,False,False,False,False,False,True
banglamath_1692,banglamath,math,,Eight,short_answer,human_reviewed_banglish_v5,minor_edit,52,13,2,0.25,0.0385,0.2692,2.0769,q2,q1,Qwen2.5-3B,False,False,False,False,False,True
banglamath_1692,banglamath,math,,Eight,short_answer,human_reviewed_banglish_v5,minor_edit,52,13,2,0.25,0.0385,0.2692,2.0769,q2,q1,Qwen2.5-7B,False,False,False,False,False,True
banglamath_1692,banglamath,math,,Eight,short_answer,human_reviewed_banglish_v5,minor_edit,52,13,2,0.25,0.0385,0.2692,2.0769,q2,q1,Qwen3-4B,False,False,False,False,False,True
benqa_8th-Science_0153,benqa,science,Science,8th,mcq,human_reviewed_banglish_v5,minor_edit,5,0,0,0.0,0.0,0.0,0.0,q1,q1,Qwen2.5-3B,True,False,True,True,True,False
benqa_8th-Science_0153,benqa,science,Science,8th,mcq,human_reviewed_banglish_v5,minor_edit,5,0,0,0.0,0.0,0.0,0.0,q1,q1,Qwen2.5-7B,True,True,True,False,False,False
benqa_8th-Science_0153,benqa,science,Science,8th,mcq,human_reviewed_banglish_v5,minor_edit,5,0,0,0.0,0.0,0.0,0.0,q1,q1,Qwen3-4B,True,False,True,True,True,False
banglamath_0228,banglamath,math,,six,short_answer,auto_romanized_unverified_v4,unreviewed,7,3,0,0.4286,0.0,0.8571,3.0,q4,q4,Qwen2.5-3B,False,False,True,True,False,False
banglamath_0228,banglamath,math,,six,short_answer,auto_romanized_unverified_v4,unreviewed,7,3,0,0.4286,0.0,0.8571,3.0,q4,q4,Qwen2.5-7B,False,False,True,True,False,False
banglamath_0228,banglamath,math,,six,short_answer,auto_romanized_unverified_v4,unreviewed,7,3,0,0.4286,0.0,0.8571,3.0,q4,q4,Qwen3-4B,False,False,False,False,False,True
benqa_12th-Physics-I_0109,benqa,physics-i,Physics-I,12th,mcq,auto_romanized_unverified_v4,unreviewed,4,2,0,0.5,0.0,0.5,2.0,q3,q3,Qwen2.5-3B,False,False,True,True,False,False
benqa_12th-Physics-I_0109,benqa,physics-i,Physics-I,12th,mcq,auto_romanized_unverified_v4,unreviewed,4,2,0,0.5,0.0,0.5,2.0,q3,q3,Qwen2.5-7B,True,True,True,False,False,False
benqa_12th-Physics-I_0109,benqa,physics-i,Physics-I,12th,mcq,auto_romanized_unverified_v4,unreviewed,4,2,0,0.5,0.0,0.5,2.0,q3,q3,Qwen3-4B,True,False,True,True,True,False
benqa_12th-Biology-I_0181,benqa,biology-i,Biology-I,12th,mcq,auto_romanized_unverified_v4,unreviewed,9,2,0,0.2222,0.0,0.2222,2.0,q2,q2,Qwen2.5-3B,False,False,False,False,False,True
benqa_12th-Biology-I_0181,benqa,biology-i,Biology-I,12th,mcq,auto_romanized_unverified_v4,unreviewed,9,2,0,0.2222,0.0,0.2222,2.0,q2,q2,Qwen2.5-7B,True,False,False,True,False,False
benqa_12th-Biology-I_0181,benqa,biology-i,Biology-I,12th,mcq,auto_romanized_unverified_v4,unreviewed,9,2,0,0.2222,0.0,0.2222,2.0,q2,q2,Qwen3-4B,False,False,False,False,False,True
benqa_12th-Biology-I_0222,benqa,biology-i,Biology-I,12th,mcq,human_reviewed_banglish_v5,minor_edit,5,2,0,0.4,0.0,0.4,2.0,q3,q3,Qwen2.5-3B,True,False,True,True,True,False
benqa_12th-Biology-I_0222,benqa,biology-i,Biology-I,12th,mcq,human_reviewed_banglish_v5,minor_edit,5,2,0,0.4,0.0,0.4,2.0,q3,q3,Qwen2.5-7B,True,False,True,True,True,False
benqa_12th-Biology-I_0222,benqa,biology-i,Biology-I,12th,mcq,human_reviewed_banglish_v5,minor_edit,5,2,0,0.4,0.0,0.4,2.0,q3,q3,Qwen3-4B,False,False,False,False,False,True
benqa_8th-Math_0167,benqa,math,Math,8th,mcq,human_reviewed_banglish_v5,major_edit,13,4,0,0.3077,0.0,0.3846,2.25,q2,q2,Qwen2.5-3B,True,False,True,True,True,False
benqa_8th-Math_0167,benqa,math,Math,8th,mcq,human_reviewed_banglish_v5,major_edit,13,4,0,0.3077,0.0,0.3846,2.25,q2,q2,Qwen2.5-7B,False,False,True,True,False,False
benqa_8th-Math_0167,benqa,math,Math,8th,mcq,human_reviewed_banglish_v5,major_edit,13,4,0,0.3077,0.0,0.3846,2.25,q2,q2,Qwen3-4B,False,False,True,True,False,False
benqa_12th-Math-I_0218,benqa,math-i,Math-I,12th,mcq,human_reviewed_banglish_v5,minor_edit,8,2,0,0.25,0.0,0.25,2.0,q2,q2,Qwen2.5-3B,False,True,False,False,False,False
benqa_12th-Math-I_0218,benqa,math-i,Math-I,12th,mcq,human_reviewed_banglish_v5,minor_edit,8,2,0,0.25,0.0,0.25,2.0,q2,q2,Qwen2.5-7B,True,True,True,False,False,False
benqa_12th-Math-I_0218,benqa,math-i,Math-I,12th,mcq,human_reviewed_banglish_v5,minor_edit,8,2,0,0.25,0.0,0.25,2.0,q2,q2,Qwen3-4B,True,False,True,True,True,False
benqa_12th-Math-I_0088,benqa,math-i,Math-I,12th,mcq,auto_romanized_unverified_v4,unreviewed,6,2,0,0.3333,0.0,0.6667,3.0,q4,q4,Qwen2.5-3B,False,False,False,False,False,True
benqa_12th-Math-I_0088,benqa,math-i,Math-I,12th,mcq,auto_romanized_unverified_v4,unreviewed,6,2,0,0.3333,0.0,0.6667,3.0,q4,q4,Qwen2.5-7B,False,False,False,False,False,True
benqa_12th-Math-I_0088,benqa,math-i,Math-I,12th,mcq,auto_romanized_unverified_v4,unreviewed,6,2,0,0.3333,0.0,0.6667,3.0,q4,q4,Qwen3-4B,False,False,True,True,False,False
benqa_12th-Math-II_0043,benqa,math-ii,Math-II,12th,mcq,auto_romanized_unverified_v4,unreviewed,5,2,1,0.4,0.2,1.2,4.0,q4,q4,Qwen2.5-3B,False,False,True,True,False,False
benqa_12th-Math-II_0043,benqa,math-ii,Math-II,12th,mcq,auto_romanized_unverified_v4,unreviewed,5,2,1,0.4,0.2,1.2,4.0,q4,q4,Qwen2.5-7B,False,False,False,False,False,True
benqa_12th-Math-II_0043,benqa,math-ii,Math-II,12th,mcq,auto_romanized_unverified_v4,unreviewed,5,2,1,0.4,0.2,1.2,4.0,q4,q4,Qwen3-4B,True,True,True,False,False,False
banglamath_0550,banglamath,math,,seven,short_answer,human_reviewed_banglish_v5,minor_edit,12,2,0,0.1667,0.0,0.1667,2.0,q1,q1,Qwen2.5-3B,False,False,False,False,False,True
banglamath_0550,banglamath,math,,seven,short_answer,human_reviewed_banglish_v5,minor_edit,12,2,0,0.1667,0.0,0.1667,2.0,q1,q1,Qwen2.5-7B,False,False,False,False,False,True
banglamath_0550,banglamath,math,,seven,short_answer,human_reviewed_banglish_v5,minor_edit,12,2,0,0.1667,0.0,0.1667,2.0,q1,q1,Qwen3-4B,False,False,False,False,False,True
benqa_12th-Chemistry-I_0227,benqa,chemistry-i,Chemistry-I,12th,mcq,human_reviewed_banglish_v5,minor_edit,6,2,0,0.3333,0.0,0.5,2.5,q3,q3,Qwen2.5-3B,False,False,False,False,False,True
benqa_12th-Chemistry-I_0227,benqa,chemistry-i,Chemistry-I,12th,mcq,human_reviewed_banglish_v5,minor_edit,6,2,0,0.3333,0.0,0.5,2.5,q3,q3,Qwen2.5-7B,False,False,False,False,False,True
benqa_12th-Chemistry-I_0227,benqa,chemistry-i,Chemistry-I,12th,mcq,human_reviewed_banglish_v5,minor_edit,6,2,0,0.3333,0.0,0.5,2.5,q3,q3,Qwen3-4B,False,True,True,False,False,False
benqa_12th-Physics-II_0085,benqa,physics-ii,Physics-II,12th,mcq,human_reviewed_banglish_v5,minor_edit,15,1,0,0.0667,0.0,0.0,1.0,q1,q1,Qwen2.5-3B,True,True,False,False,False,False
benqa_12th-Physics-II_0085,benqa,physics-ii,Physics-II,12th,mcq,human_reviewed_banglish_v5,minor_edit,15,1,0,0.0667,0.0,0.0,1.0,q1,q1,Qwen2.5-7B,False,False,True,True,False,False
benqa_12th-Physics-II_0085,benqa,physics-ii,Physics-II,12th,mcq,human_reviewed_banglish_v5,minor_edit,15,1,0,0.0667,0.0,0.0,1.0,q1,q1,Qwen3-4B,True,True,True,False,False,False
benqa_10th-Biology_0197,benqa,biology,Biology,10th,mcq,human_reviewed_banglish_v5,minor_edit,7,1,1,0.1429,0.1429,0.5714,5.0,q3,q3,Qwen2.5-3B,True,False,False,True,False,False
benqa_10th-Biology_0197,benqa,biology,Biology,10th,mcq,human_reviewed_banglish_v5,minor_edit,7,1,1,0.1429,0.1429,0.5714,5.0,q3,q3,Qwen2.5-7B,False,False,False,False,False,True
benqa_10th-Biology_0197,benqa,biology,Biology,10th,mcq,human_reviewed_banglish_v5,minor_edit,7,1,1,0.1429,0.1429,0.5714,5.0,q3,q3,Qwen3-4B,False,True,False,False,False,False
benqa_12th-Physics-II_0037,benqa,physics-ii,Physics-II,12th,mcq,human_reviewed_banglish_v5,minor_edit,4,0,0,0.0,0.0,0.0,0.0,q1,q1,Qwen2.5-3B,False,False,True,True,False,False
benqa_12th-Physics-II_0037,benqa,physics-ii,Physics-II,12th,mcq,human_reviewed_banglish_v5,minor_edit,4,0,0,0.0,0.0,0.0,0.0,q1,q1,Qwen2.5-7B,False,True,False,False,False,False
benqa_12th-Physics-II_0037,benqa,physics-ii,Physics-II,12th,mcq,human_reviewed_banglish_v5,minor_edit,4,0,0,0.0,0.0,0.0,0.0,q1,q1,Qwen3-4B,False,False,False,False,False,True
banglamath_0533,banglamath,math,,seven,short_answer,auto_romanized_unverified_v4,unreviewed,13,6,0,0.4615,0.0,0.4615,2.0,q3,q3,Qwen2.5-3B,False,False,False,False,False,True
banglamath_0533,banglamath,math,,seven,short_answer,auto_romanized_unverified_v4,unreviewed,13,6,0,0.4615,0.0,0.4615,2.0,q3,q3,Qwen2.5-7B,False,False,False,False,False,True
banglamath_0533,banglamath,math,,seven,short_answer,auto_romanized_unverified_v4,unreviewed,13,6,0,0.4615,0.0,0.4615,2.0,q3,q3,Qwen3-4B,False,False,False,False,False,True
benqa_12th-Math-II_0230,benqa,math-ii,Math-II,12th,mcq,human_reviewed_banglish_v5,minor_edit,33,6,0,0.1818,0.0,0.0909,1.5,q1,q2,Qwen2.5-3B,True,True,False,False,False,False
benqa_12th-Math-II_0230,benqa,math-ii,Math-II,12th,mcq,human_reviewed_banglish_v5,minor_edit,33,6,0,0.1818,0.0,0.0909,1.5,q1,q2,Qwen2.5-7B,False,True,False,False,False,False
benqa_12th-Math-II_0230,benqa,math-ii,Math-II,12th,mcq,human_reviewed_banglish_v5,minor_edit,33,6,0,0.1818,0.0,0.0909,1.5,q1,q2,Qwen3-4B,True,True,False,False,False,False
benqa_12th-Physics-I_0214,benqa,physics-i,Physics-I,12th,mcq,auto_romanized_unverified_v4,unreviewed,13,3,1,0.2308,0.0769,0.7692,4.3333,q4,q4,Qwen2.5-3B,False,True,False,False,False,False
benqa_12th-Physics-I_0214,benqa,physics-i,Physics-I,12th,mcq,auto_romanized_unverified_v4,unreviewed,13,3,1,0.2308,0.0769,0.7692,4.3333,q4,q4,Qwen2.5-7B,False,True,False,False,False,False
benqa_12th-Physics-I_0214,benqa,physics-i,Physics-I,12th,mcq,auto_romanized_unverified_v4,unreviewed,13,3,1,0.2308,0.0769,0.7692,4.3333,q4,q4,Qwen3-4B,False,False,False,False,False,True
banglamath_0232,banglamath,math,,six,short_answer,human_reviewed_banglish_v5,minor_edit,9,5,0,0.5556,0.0,0.4444,1.8,q3,q3,Qwen2.5-3B,False,False,False,False,False,True
banglamath_0232,banglamath,math,,six,short_answer,human_reviewed_banglish_v5,minor_edit,9,5,0,0.5556,0.0,0.4444,1.8,q3,q3,Qwen2.5-7B,False,False,True,True,False,False
banglamath_0232,banglamath,math,,six,short_answer,human_reviewed_banglish_v5,minor_edit,9,5,0,0.5556,0.0,0.4444,1.8,q3,q3,Qwen3-4B,False,False,False,False,False,True
banglamath_0182,banglamath,math,,six,short_answer,human_reviewed_banglish_v5,minor_edit,9,5,0,0.5556,0.0,0.3333,1.6,q2,q2,Qwen2.5-3B,False,False,False,False,False,True
banglamath_0182,banglamath,math,,six,short_answer,human_reviewed_banglish_v5,minor_edit,9,5,0,0.5556,0.0,0.3333,1.6,q2,q2,Qwen2.5-7B,True,False,False,True,False,False
banglamath_0182,banglamath,math,,six,short_answer,human_reviewed_banglish_v5,minor_edit,9,5,0,0.5556,0.0,0.3333,1.6,q2,q2,Qwen3-4B,False,False,False,False,False,True
benqa_10th-Physics_0198,benqa,physics,Physics,10th,mcq,auto_romanized_unverified_v4,unreviewed,5,1,1,0.2,0.2,1.2,7.0,q4,q4,Qwen2.5-3B,False,False,False,False,False,True
benqa_10th-Physics_0198,benqa,physics,Physics,10th,mcq,auto_romanized_unverified_v4,unreviewed,5,1,1,0.2,0.2,1.2,7.0,q4,q4,Qwen2.5-7B,False,False,True,True,False,False
benqa_10th-Physics_0198,benqa,physics,Physics,10th,mcq,auto_romanized_unverified_v4,unreviewed,5,1,1,0.2,0.2,1.2,7.0,q4,q4,Qwen3-4B,True,False,True,True,True,False
benqa_12th-Biology-II_0049,benqa,biology-ii,Biology-II,12th,mcq,auto_romanized_unverified_v4,unreviewed,5,1,1,0.2,0.2,1.2,7.0,q4,q4,Qwen2.5-3B,False,False,False,False,False,True
benqa_12th-Biology-II_0049,benqa,biology-ii,Biology-II,12th,mcq,auto_romanized_unverified_v4,unreviewed,5,1,1,0.2,0.2,1.2,7.0,q4,q4,Qwen2.5-7B,True,False,False,True,False,False
benqa_12th-Biology-II_0049,benqa,biology-ii,Biology-II,12th,mcq,auto_romanized_unverified_v4,unreviewed,5,1,1,0.2,0.2,1.2,7.0,q4,q4,Qwen3-4B,True,False,False,True,False,False
benqa_10th-Chemistry_0280,benqa,chemistry,Chemistry,10th,mcq,human_reviewed_banglish_v5,minor_edit,4,1,0,0.25,0.0,0.0,1.0,q1,q1,Qwen2.5-3B,False,False,False,False,False,True
benqa_10th-Chemistry_0280,benqa,chemistry,Chemistry,10th,mcq,human_reviewed_banglish_v5,minor_edit,4,1,0,0.25,0.0,0.0,1.0,q1,q1,Qwen2.5-7B,False,False,False,False,False,True
benqa_10th-Chemistry_0280,benqa,chemistry,Chemistry,10th,mcq,human_reviewed_banglish_v5,minor_edit,4,1,0,0.25,0.0,0.0,1.0,q1,q1,Qwen3-4B,False,False,False,False,False,True
benqa_12th-Biology-II_0128,benqa,biology-ii,Biology-II,12th,mcq,human_reviewed_banglish_v5,minor_edit,14,3,1,0.2143,0.0714,0.5714,3.6667,q3,q3,Qwen2.5-3B,False,True,True,False,False,False
benqa_12th-Biology-II_0128,benqa,biology-ii,Biology-II,12th,mcq,human_reviewed_banglish_v5,minor_edit,14,3,1,0.2143,0.0714,0.5714,3.6667,q3,q3,Qwen2.5-7B,False,True,True,False,False,False
benqa_12th-Biology-II_0128,benqa,biology-ii,Biology-II,12th,mcq,human_reviewed_banglish_v5,minor_edit,14,3,1,0.2143,0.0714,0.5714,3.6667,q3,q3,Qwen3-4B,False,False,False,False,False,True
benqa_8th-Math_0031,benqa,math,Math,8th,mcq,human_reviewed_banglish_v5,minor_edit,9,3,0,0.3333,0.0,0.3333,2.0,q2,q2,Qwen2.5-3B,False,False,True,True,False,False
benqa_8th-Math_0031,benqa,math,Math,8th,mcq,human_reviewed_banglish_v5,minor_edit,9,3,0,0.3333,0.0,0.3333,2.0,q2,q2,Qwen2.5-7B,False,False,True,True,False,False
benqa_8th-Math_0031,benqa,math,Math,8th,mcq,human_reviewed_banglish_v5,minor_edit,9,3,0,0.3333,0.0,0.3333,2.0,q2,q2,Qwen3-4B,True,True,True,False,False,False
banglamath_1698,banglamath,math,,Eight,short_answer,auto_romanized_unverified_v4,unreviewed,21,5,1,0.2381,0.0476,0.5238,3.2,q3,q3,Qwen2.5-3B,False,False,False,False,False,True
banglamath_1698,banglamath,math,,Eight,short_answer,auto_romanized_unverified_v4,unreviewed,21,5,1,0.2381,0.0476,0.5238,3.2,q3,q3,Qwen2.5-7B,False,False,False,False,False,True
banglamath_1698,banglamath,math,,Eight,short_answer,auto_romanized_unverified_v4,unreviewed,21,5,1,0.2381,0.0476,0.5238,3.2,q3,q3,Qwen3-4B,False,False,False,False,False,True
benqa_12th-Chemistry-I_0328,benqa,chemistry-i,Chemistry-I,12th,mcq,auto_romanized_unverified_v4,unreviewed,4,1,1,0.25,0.25,1.5,7.0,q4,q4,Qwen2.5-3B,True,False,False,True,False,False
benqa_12th-Chemistry-I_0328,benqa,chemistry-i,Chemistry-I,12th,mcq,auto_romanized_unverified_v4,unreviewed,4,1,1,0.25,0.25,1.5,7.0,q4,q4,Qwen2.5-7B,True,True,True,False,False,False
benqa_12th-Chemistry-I_0328,benqa,chemistry-i,Chemistry-I,12th,mcq,auto_romanized_unverified_v4,unreviewed,4,1,1,0.25,0.25,1.5,7.0,q4,q4,Qwen3-4B,True,False,True,True,True,False
banglamath_1694,banglamath,math,,Eight,short_answer,human_reviewed_banglish_v5,minor_edit,17,7,0,0.4118,0.0,0.2941,1.7143,q2,q1,Qwen2.5-3B,False,False,False,False,False,True
banglamath_1694,banglamath,math,,Eight,short_answer,human_reviewed_banglish_v5,minor_edit,17,7,0,0.4118,0.0,0.2941,1.7143,q2,q1,Qwen2.5-7B,False,False,False,False,False,True
banglamath_1694,banglamath,math,,Eight,short_answer,human_reviewed_banglish_v5,minor_edit,17,7,0,0.4118,0.0,0.2941,1.7143,q2,q1,Qwen3-4B,False,False,False,False,False,True
benqa_12th-Physics-II_0046,benqa,physics-ii,Physics-II,12th,mcq,human_reviewed_banglish_v5,minor_edit,17,3,1,0.1765,0.0588,0.4706,3.6667,q3,q3,Qwen2.5-3B,True,False,True,True,True,False
benqa_12th-Physics-II_0046,benqa,physics-ii,Physics-II,12th,mcq,human_reviewed_banglish_v5,minor_edit,17,3,1,0.1765,0.0588,0.4706,3.6667,q3,q3,Qwen2.5-7B,False,False,False,False,False,True
benqa_12th-Physics-II_0046,benqa,physics-ii,Physics-II,12th,mcq,human_reviewed_banglish_v5,minor_edit,17,3,1,0.1765,0.0588,0.4706,3.6667,q3,q3,Qwen3-4B,False,False,True,True,False,False
benqa_12th-Math-I_0186,benqa,math-i,Math-I,12th,mcq,human_reviewed_banglish_v5,minor_edit,10,2,1,0.2,0.1,0.4,3.0,q3,q3,Qwen2.5-3B,False,False,False,False,False,True
benqa_12th-Math-I_0186,benqa,math-i,Math-I,12th,mcq,human_reviewed_banglish_v5,minor_edit,10,2,1,0.2,0.1,0.4,3.0,q3,q3,Qwen2.5-7B,False,True,True,False,False,False
benqa_12th-Math-I_0186,benqa,math-i,Math-I,12th,mcq,human_reviewed_banglish_v5,minor_edit,10,2,1,0.2,0.1,0.4,3.0,q3,q3,Qwen3-4B,False,False,False,False,False,True
banglamath_0553,banglamath,math,,seven,short_answer,human_reviewed_banglish_v5,minor_edit,16,3,0,0.1875,0.0,0.25,2.3333,q2,q1,Qwen2.5-3B,False,False,False,False,False,True
banglamath_0553,banglamath,math,,seven,short_answer,human_reviewed_banglish_v5,minor_edit,16,3,0,0.1875,0.0,0.25,2.3333,q2,q1,Qwen2.5-7B,False,False,False,False,False,True
banglamath_0553,banglamath,math,,seven,short_answer,human_reviewed_banglish_v5,minor_edit,16,3,0,0.1875,0.0,0.25,2.3333,q2,q1,Qwen3-4B,False,False,False,False,False,True
benqa_8th-Science_0127,benqa,science,Science,8th,mcq,human_reviewed_banglish_v5,minor_edit,6,3,2,0.5,0.3333,2.1667,5.3333,q4,q4,Qwen2.5-3B,False,False,False,False,False,True
benqa_8th-Science_0127,benqa,science,Science,8th,mcq,human_reviewed_banglish_v5,minor_edit,6,3,2,0.5,0.3333,2.1667,5.3333,q4,q4,Qwen2.5-7B,False,True,True,False,False,False
benqa_8th-Science_0127,benqa,science,Science,8th,mcq,human_reviewed_banglish_v5,minor_edit,6,3,2,0.5,0.3333,2.1667,5.3333,q4,q4,Qwen3-4B,True,False,True,True,True,False
banglamath_0226,banglamath,math,,six,short_answer,human_reviewed_banglish_v5,minor_edit,8,4,0,0.5,0.0,0.625,2.25,q3,q3,Qwen2.5-3B,False,False,False,False,False,True
banglamath_0226,banglamath,math,,six,short_answer,human_reviewed_banglish_v5,minor_edit,8,4,0,0.5,0.0,0.625,2.25,q3,q3,Qwen2.5-7B,False,False,False,False,False,True
banglamath_0226,banglamath,math,,six,short_answer,human_reviewed_banglish_v5,minor_edit,8,4,0,0.5,0.0,0.625,2.25,q3,q3,Qwen3-4B,False,False,False,False,False,True
benqa_8th-Math_0085,benqa,math,Math,8th,mcq,human_reviewed_banglish_v5,minor_edit,6,1,0,0.1667,0.0,0.1667,2.0,q2,q2,Qwen2.5-3B,False,False,True,True,False,False
benqa_8th-Math_0085,benqa,math,Math,8th,mcq,human_reviewed_banglish_v5,minor_edit,6,1,0,0.1667,0.0,0.1667,2.0,q2,q2,Qwen2.5-7B,False,False,True,True,False,False
benqa_8th-Math_0085,benqa,math,Math,8th,mcq,human_reviewed_banglish_v5,minor_edit,6,1,0,0.1667,0.0,0.1667,2.0,q2,q2,Qwen3-4B,True,False,True,True,True,False
benqa_12th-Math-I_0310,benqa,math-i,Math-I,12th,mcq,human_reviewed_banglish_v5,minor_edit,6,2,0,0.3333,0.0,0.3333,2.0,q2,q2,Qwen2.5-3B,True,True,True,False,False,False
benqa_12th-Math-I_0310,benqa,math-i,Math-I,12th,mcq,human_reviewed_banglish_v5,minor_edit,6,2,0,0.3333,0.0,0.3333,2.0,q2,q2,Qwen2.5-7B,True,True,True,False,False,False
benqa_12th-Math-I_0310,benqa,math-i,Math-I,12th,mcq,human_reviewed_banglish_v5,minor_edit,6,2,0,0.3333,0.0,0.3333,2.0,q2,q2,Qwen3-4B,True,True,True,False,False,False
benqa_8th-Science_0062,benqa,science,Science,8th,mcq,auto_romanized_unverified_v4,unreviewed,9,3,1,0.3333,0.1111,0.6667,3.0,q4,q4,Qwen2.5-3B,False,False,True,True,False,False
benqa_8th-Science_0062,benqa,science,Science,8th,mcq,auto_romanized_unverified_v4,unreviewed,9,3,1,0.3333,0.1111,0.6667,3.0,q4,q4,Qwen2.5-7B,False,False,True,True,False,False
benqa_8th-Science_0062,benqa,science,Science,8th,mcq,auto_romanized_unverified_v4,unreviewed,9,3,1,0.3333,0.1111,0.6667,3.0,q4,q4,Qwen3-4B,True,True,True,False,False,False
benqa_8th-Science_0098,benqa,science,Science,8th,mcq,human_reviewed_banglish_v5,minor_edit,26,7,3,0.2692,0.1154,0.6538,3.4286,q4,q4,Qwen2.5-3B,False,False,False,False,False,True
benqa_8th-Science_0098,benqa,science,Science,8th,mcq,human_reviewed_banglish_v5,minor_edit,26,7,3,0.2692,0.1154,0.6538,3.4286,q4,q4,Qwen2.5-7B,False,True,False,False,False,False
benqa_8th-Science_0098,benqa,science,Science,8th,mcq,human_reviewed_banglish_v5,minor_edit,26,7,3,0.2692,0.1154,0.6538,3.4286,q4,q4,Qwen3-4B,False,False,False,False,False,True
benqa_12th-Physics-I_0008,benqa,physics-i,Physics-I,12th,mcq,auto_romanized_unverified_v4,unreviewed,12,3,1,0.25,0.0833,0.5833,3.3333,q3,q3,Qwen2.5-3B,True,True,True,False,False,False
benqa_12th-Physics-I_0008,benqa,physics-i,Physics-I,12th,mcq,auto_romanized_unverified_v4,unreviewed,12,3,1,0.25,0.0833,0.5833,3.3333,q3,q3,Qwen2.5-7B,False,False,False,False,False,True
benqa_12th-Physics-I_0008,benqa,physics-i,Physics-I,12th,mcq,auto_romanized_unverified_v4,unreviewed,12,3,1,0.25,0.0833,0.5833,3.3333,q3,q3,Qwen3-4B,True,True,True,False,False,False
benqa_12th-Physics-I_0106,benqa,physics-i,Physics-I,12th,mcq,human_reviewed_banglish_v5,minor_edit,5,0,0,0.0,0.0,0.0,0.0,q1,q1,Qwen2.5-3B,False,True,True,False,False,False
benqa_12th-Physics-I_0106,benqa,physics-i,Physics-I,12th,mcq,human_reviewed_banglish_v5,minor_edit,5,0,0,0.0,0.0,0.0,0.0,q1,q1,Qwen2.5-7B,False,False,True,True,False,False
benqa_12th-Physics-I_0106,benqa,physics-i,Physics-I,12th,mcq,human_reviewed_banglish_v5,minor_edit,5,0,0,0.0,0.0,0.0,0.0,q1,q1,Qwen3-4B,True,True,True,False,False,False
benqa_12th-Physics-II_0219,benqa,physics-ii,Physics-II,12th,mcq,auto_romanized_unverified_v4,unreviewed,7,0,0,0.0,0.0,0.0,0.0,q1,q1,Qwen2.5-3B,False,False,False,False,False,True
benqa_12th-Physics-II_0219,benqa,physics-ii,Physics-II,12th,mcq,auto_romanized_unverified_v4,unreviewed,7,0,0,0.0,0.0,0.0,0.0,q1,q1,Qwen2.5-7B,False,False,False,False,False,True
benqa_12th-Physics-II_0219,benqa,physics-ii,Physics-II,12th,mcq,auto_romanized_unverified_v4,unreviewed,7,0,0,0.0,0.0,0.0,0.0,q1,q1,Qwen3-4B,True,True,True,False,False,False
benqa_10th-Biology_0143,benqa,biology,Biology,10th,mcq,auto_romanized_unverified_v4,unreviewed,7,4,1,0.5714,0.1429,1.0,2.75,q4,q4,Qwen2.5-3B,False,False,False,False,False,True
benqa_10th-Biology_0143,benqa,biology,Biology,10th,mcq,auto_romanized_unverified_v4,unreviewed,7,4,1,0.5714,0.1429,1.0,2.75,q4,q4,Qwen2.5-7B,True,True,False,False,False,False
benqa_10th-Biology_0143,benqa,biology,Biology,10th,mcq,auto_romanized_unverified_v4,unreviewed,7,4,1,0.5714,0.1429,1.0,2.75,q4,q4,Qwen3-4B,False,True,False,False,False,False
benqa_12th-Chemistry-II_0067,benqa,chemistry-ii,Chemistry-II,12th,mcq,human_reviewed_banglish_v5,minor_edit,16,3,0,0.1875,0.0,0.1875,2.0,q2,q2,Qwen2.5-3B,False,False,False,False,False,True
benqa_12th-Chemistry-II_0067,benqa,chemistry-ii,Chemistry-II,12th,mcq,human_reviewed_banglish_v5,minor_edit,16,3,0,0.1875,0.0,0.1875,2.0,q2,q2,Qwen2.5-7B,True,False,True,True,True,False
benqa_12th-Chemistry-II_0067,benqa,chemistry-ii,Chemistry-II,12th,mcq,human_reviewed_banglish_v5,minor_edit,16,3,0,0.1875,0.0,0.1875,2.0,q2,q2,Qwen3-4B,False,False,False,False,False,True
benqa_12th-Chemistry-I_0037,benqa,chemistry-i,Chemistry-I,12th,mcq,human_reviewed_banglish_v5,minor_edit,24,7,1,0.2917,0.0417,0.5833,3.0,q3,q3,Qwen2.5-3B,True,False,False,True,False,False
benqa_12th-Chemistry-I_0037,benqa,chemistry-i,Chemistry-I,12th,mcq,human_reviewed_banglish_v5,minor_edit,24,7,1,0.2917,0.0417,0.5833,3.0,q3,q3,Qwen2.5-7B,False,False,True,True,False,False
benqa_12th-Chemistry-I_0037,benqa,chemistry-i,Chemistry-I,12th,mcq,human_reviewed_banglish_v5,minor_edit,24,7,1,0.2917,0.0417,0.5833,3.0,q3,q3,Qwen3-4B,True,False,True,True,True,False
banglamath_0519,banglamath,math,,seven,short_answer,human_reviewed_banglish_v5,major_edit,10,3,0,0.3,0.0,0.3,2.0,q2,q1,Qwen2.5-3B,False,False,False,False,False,True
banglamath_0519,banglamath,math,,seven,short_answer,human_reviewed_banglish_v5,major_edit,10,3,0,0.3,0.0,0.3,2.0,q2,q1,Qwen2.5-7B,False,False,False,False,False,True
banglamath_0519,banglamath,math,,seven,short_answer,human_reviewed_banglish_v5,major_edit,10,3,0,0.3,0.0,0.3,2.0,q2,q1,Qwen3-4B,False,False,False,False,False,True
banglamath_0540,banglamath,math,,seven,short_answer,human_reviewed_banglish_v5,major_edit,12,4,0,0.3333,0.0,0.25,1.75,q2,q1,Qwen2.5-3B,False,False,False,False,False,True
banglamath_0540,banglamath,math,,seven,short_answer,human_reviewed_banglish_v5,major_edit,12,4,0,0.3333,0.0,0.25,1.75,q2,q1,Qwen2.5-7B,False,False,False,False,False,True
banglamath_0540,banglamath,math,,seven,short_answer,human_reviewed_banglish_v5,major_edit,12,4,0,0.3333,0.0,0.25,1.75,q2,q1,Qwen3-4B,False,False,False,False,False,True
banglamath_0237,banglamath,math,,six,short_answer,human_reviewed_banglish_v5,minor_edit,9,6,0,0.6667,0.0,0.3333,1.5,q2,q2,Qwen2.5-3B,False,False,False,False,False,True
banglamath_0237,banglamath,math,,six,short_answer,human_reviewed_banglish_v5,minor_edit,9,6,0,0.6667,0.0,0.3333,1.5,q2,q2,Qwen2.5-7B,False,False,False,False,False,True
banglamath_0237,banglamath,math,,six,short_answer,human_reviewed_banglish_v5,minor_edit,9,6,0,0.6667,0.0,0.3333,1.5,q2,q2,Qwen3-4B,False,False,False,False,False,True
benqa_10th-Math-II_0347,benqa,math-ii,Math-II,10th,mcq,human_reviewed_banglish_v5,minor_edit,8,3,0,0.375,0.0,0.375,2.0,q2,q2,Qwen2.5-3B,False,False,False,False,False,True
benqa_10th-Math-II_0347,benqa,math-ii,Math-II,10th,mcq,human_reviewed_banglish_v5,minor_edit,8,3,0,0.375,0.0,0.375,2.0,q2,q2,Qwen2.5-7B,False,False,False,False,False,True
benqa_10th-Math-II_0347,benqa,math-ii,Math-II,10th,mcq,human_reviewed_banglish_v5,minor_edit,8,3,0,0.375,0.0,0.375,2.0,q2,q2,Qwen3-4B,True,True,True,False,False,False
benqa_12th-Math-II_0214,benqa,math-ii,Math-II,12th,mcq,auto_romanized_unverified_v4,unreviewed,7,1,0,0.1429,0.0,0.1429,2.0,q1,q2,Qwen2.5-3B,True,True,False,False,False,False
benqa_12th-Math-II_0214,benqa,math-ii,Math-II,12th,mcq,auto_romanized_unverified_v4,unreviewed,7,1,0,0.1429,0.0,0.1429,2.0,q1,q2,Qwen2.5-7B,False,False,False,False,False,True
benqa_12th-Math-II_0214,benqa,math-ii,Math-II,12th,mcq,auto_romanized_unverified_v4,unreviewed,7,1,0,0.1429,0.0,0.1429,2.0,q1,q2,Qwen3-4B,True,True,True,False,False,False
banglamath_0181,banglamath,math,,six,short_answer,human_reviewed_banglish_v5,minor_edit,10,6,0,0.6,0.0,0.7,2.1667,q4,q4,Qwen2.5-3B,False,False,False,False,False,True
banglamath_0181,banglamath,math,,six,short_answer,human_reviewed_banglish_v5,minor_edit,10,6,0,0.6,0.0,0.7,2.1667,q4,q4,Qwen2.5-7B,False,False,False,False,False,True
banglamath_0181,banglamath,math,,six,short_answer,human_reviewed_banglish_v5,minor_edit,10,6,0,0.6,0.0,0.7,2.1667,q4,q4,Qwen3-4B,False,False,False,False,False,True
banglamath_0183,banglamath,math,,six,short_answer,human_reviewed_banglish_v5,minor_edit,13,7,1,0.5385,0.0769,0.7692,2.4286,q4,q4,Qwen2.5-3B,False,False,False,False,False,True
banglamath_0183,banglamath,math,,six,short_answer,human_reviewed_banglish_v5,minor_edit,13,7,1,0.5385,0.0769,0.7692,2.4286,q4,q4,Qwen2.5-7B,False,False,False,False,False,True
banglamath_0183,banglamath,math,,six,short_answer,human_reviewed_banglish_v5,minor_edit,13,7,1,0.5385,0.0769,0.7692,2.4286,q4,q4,Qwen3-4B,False,False,False,False,False,True
benqa_10th-Biology_0215,benqa,biology,Biology,10th,mcq,human_reviewed_banglish_v5,minor_edit,24,4,1,0.1667,0.0417,0.3333,3.0,q2,q2,Qwen2.5-3B,False,False,True,True,False,False
benqa_10th-Biology_0215,benqa,biology,Biology,10th,mcq,human_reviewed_banglish_v5,minor_edit,24,4,1,0.1667,0.0417,0.3333,3.0,q2,q2,Qwen2.5-7B,False,False,True,True,False,False
benqa_10th-Biology_0215,benqa,biology,Biology,10th,mcq,human_reviewed_banglish_v5,minor_edit,24,4,1,0.1667,0.0417,0.3333,3.0,q2,q2,Qwen3-4B,False,False,False,False,False,True
benqa_10th-Chemistry_0336,benqa,chemistry,Chemistry,10th,mcq,human_reviewed_banglish_v5,minor_edit,22,2,0,0.0909,0.0,0.0909,2.0,q1,q2,Qwen2.5-3B,True,True,True,False,False,False
benqa_10th-Chemistry_0336,benqa,chemistry,Chemistry,10th,mcq,human_reviewed_banglish_v5,minor_edit,22,2,0,0.0909,0.0,0.0909,2.0,q1,q2,Qwen2.5-7B,False,False,False,False,False,True
benqa_10th-Chemistry_0336,benqa,chemistry,Chemistry,10th,mcq,human_reviewed_banglish_v5,minor_edit,22,2,0,0.0909,0.0,0.0909,2.0,q1,q2,Qwen3-4B,True,True,False,False,False,False
banglamath_0185,banglamath,math,,six,short_answer,human_reviewed_banglish_v5,minor_edit,13,6,0,0.4615,0.0,0.4615,2.0,q3,q3,Qwen2.5-3B,True,False,False,True,False,False
banglamath_0185,banglamath,math,,six,short_answer,human_reviewed_banglish_v5,minor_edit,13,6,0,0.4615,0.0,0.4615,2.0,q3,q3,Qwen2.5-7B,False,False,False,False,False,True
banglamath_0185,banglamath,math,,six,short_answer,human_reviewed_banglish_v5,minor_edit,13,6,0,0.4615,0.0,0.4615,2.0,q3,q3,Qwen3-4B,False,False,False,False,False,True
banglamath_1690,banglamath,math,,Eight,short_answer,auto_romanized_unverified_v4,unreviewed,51,22,7,0.4314,0.1373,0.7843,2.8182,q4,q4,Qwen2.5-3B,False,False,False,False,False,True
banglamath_1690,banglamath,math,,Eight,short_answer,auto_romanized_unverified_v4,unreviewed,51,22,7,0.4314,0.1373,0.7843,2.8182,q4,q4,Qwen2.5-7B,False,False,False,False,False,True
banglamath_1690,banglamath,math,,Eight,short_answer,auto_romanized_unverified_v4,unreviewed,51,22,7,0.4314,0.1373,0.7843,2.8182,q4,q4,Qwen3-4B,False,False,False,False,False,True
benqa_10th-Chemistry_0041,benqa,chemistry,Chemistry,10th,mcq,human_reviewed_banglish_v5,minor_edit,4,2,1,0.5,0.25,1.5,4.0,q4,q4,Qwen2.5-3B,False,True,True,False,False,False
benqa_10th-Chemistry_0041,benqa,chemistry,Chemistry,10th,mcq,human_reviewed_banglish_v5,minor_edit,4,2,1,0.5,0.25,1.5,4.0,q4,q4,Qwen2.5-7B,False,False,True,True,False,False
benqa_10th-Chemistry_0041,benqa,chemistry,Chemistry,10th,mcq,human_reviewed_banglish_v5,minor_edit,4,2,1,0.5,0.25,1.5,4.0,q4,q4,Qwen3-4B,False,False,True,True,False,False
banglamath_1687,banglamath,math,,Eight,short_answer,human_reviewed_banglish_v5,minor_edit,30,11,0,0.3667,0.0,0.1667,1.4545,q1,q1,Qwen2.5-3B,False,False,False,False,False,True
banglamath_1687,banglamath,math,,Eight,short_answer,human_reviewed_banglish_v5,minor_edit,30,11,0,0.3667,0.0,0.1667,1.4545,q1,q1,Qwen2.5-7B,False,False,False,False,False,True
banglamath_1687,banglamath,math,,Eight,short_answer,human_reviewed_banglish_v5,minor_edit,30,11,0,0.3667,0.0,0.1667,1.4545,q1,q1,Qwen3-4B,False,False,False,False,False,True
benqa_10th-Physics_0021,benqa,physics,Physics,10th,mcq,human_reviewed_banglish_v5,minor_edit,3,0,0,0.0,0.0,0.0,0.0,q1,q1,Qwen2.5-3B,True,False,True,True,True,False
benqa_10th-Physics_0021,benqa,physics,Physics,10th,mcq,human_reviewed_banglish_v5,minor_edit,3,0,0,0.0,0.0,0.0,0.0,q1,q1,Qwen2.5-7B,True,False,True,True,True,False
benqa_10th-Physics_0021,benqa,physics,Physics,10th,mcq,human_reviewed_banglish_v5,minor_edit,3,0,0,0.0,0.0,0.0,0.0,q1,q1,Qwen3-4B,True,False,True,True,True,False
benqa_10th-Math_0032,benqa,math,Math,10th,mcq,human_reviewed_banglish_v5,minor_edit,5,3,0,0.6,0.0,0.8,2.3333,q4,q4,Qwen2.5-3B,True,False,True,True,True,False
benqa_10th-Math_0032,benqa,math,Math,10th,mcq,human_reviewed_banglish_v5,minor_edit,5,3,0,0.6,0.0,0.8,2.3333,q4,q4,Qwen2.5-7B,True,True,False,False,False,False
benqa_10th-Math_0032,benqa,math,Math,10th,mcq,human_reviewed_banglish_v5,minor_edit,5,3,0,0.6,0.0,0.8,2.3333,q4,q4,Qwen3-4B,False,False,False,False,False,True
benqa_12th-Math-I_0326,benqa,math-i,Math-I,12th,mcq,auto_romanized_unverified_v4,unreviewed,8,1,0,0.125,0.0,0.125,2.0,q1,q2,Qwen2.5-3B,False,False,False,False,False,True
benqa_12th-Math-I_0326,benqa,math-i,Math-I,12th,mcq,auto_romanized_unverified_v4,unreviewed,8,1,0,0.125,0.0,0.125,2.0,q1,q2,Qwen2.5-7B,False,False,False,False,False,True
benqa_12th-Math-I_0326,benqa,math-i,Math-I,12th,mcq,auto_romanized_unverified_v4,unreviewed,8,1,0,0.125,0.0,0.125,2.0,q1,q2,Qwen3-4B,False,False,False,False,False,True
benqa_12th-Biology-I_0283,benqa,biology-i,Biology-I,12th,mcq,human_reviewed_banglish_v5,minor_edit,27,6,0,0.2222,0.0,0.2222,2.0,q2,q2,Qwen2.5-3B,False,False,True,True,False,False
benqa_12th-Biology-I_0283,benqa,biology-i,Biology-I,12th,mcq,human_reviewed_banglish_v5,minor_edit,27,6,0,0.2222,0.0,0.2222,2.0,q2,q2,Qwen2.5-7B,True,False,True,True,True,False
benqa_12th-Biology-I_0283,benqa,biology-i,Biology-I,12th,mcq,human_reviewed_banglish_v5,minor_edit,27,6,0,0.2222,0.0,0.2222,2.0,q2,q2,Qwen3-4B,True,False,True,True,True,False
benqa_10th-Physics_0055,benqa,physics,Physics,10th,mcq,human_reviewed_banglish_v5,minor_edit,9,4,1,0.4444,0.1111,1.2222,3.75,q4,q4,Qwen2.5-3B,True,True,True,False,False,False
benqa_10th-Physics_0055,benqa,physics,Physics,10th,mcq,human_reviewed_banglish_v5,minor_edit,9,4,1,0.4444,0.1111,1.2222,3.75,q4,q4,Qwen2.5-7B,False,False,True,True,False,False
benqa_10th-Physics_0055,benqa,physics,Physics,10th,mcq,human_reviewed_banglish_v5,minor_edit,9,4,1,0.4444,0.1111,1.2222,3.75,q4,q4,Qwen3-4B,True,True,True,False,False,False
benqa_12th-Chemistry-I_0028,benqa,chemistry-i,Chemistry-I,12th,mcq,human_reviewed_banglish_v5,minor_edit,4,1,0,0.25,0.0,0.25,2.0,q2,q2,Qwen2.5-3B,True,True,True,False,False,False
benqa_12th-Chemistry-I_0028,benqa,chemistry-i,Chemistry-I,12th,mcq,human_reviewed_banglish_v5,minor_edit,4,1,0,0.25,0.0,0.25,2.0,q2,q2,Qwen2.5-7B,True,False,True,True,True,False
benqa_12th-Chemistry-I_0028,benqa,chemistry-i,Chemistry-I,12th,mcq,human_reviewed_banglish_v5,minor_edit,4,1,0,0.25,0.0,0.25,2.0,q2,q2,Qwen3-4B,False,False,False,False,False,True
benqa_10th-Chemistry_0374,benqa,chemistry,Chemistry,10th,mcq,auto_romanized_unverified_v4,unreviewed,5,2,1,0.4,0.2,1.2,4.0,q4,q4,Qwen2.5-3B,True,True,True,False,False,False
benqa_10th-Chemistry_0374,benqa,chemistry,Chemistry,10th,mcq,auto_romanized_unverified_v4,unreviewed,5,2,1,0.4,0.2,1.2,4.0,q4,q4,Qwen2.5-7B,False,True,True,False,False,False
benqa_10th-Chemistry_0374,benqa,chemistry,Chemistry,10th,mcq,auto_romanized_unverified_v4,unreviewed,5,2,1,0.4,0.2,1.2,4.0,q4,q4,Qwen3-4B,True,False,True,True,True,False
benqa_10th-Biology_0156,benqa,biology,Biology,10th,mcq,human_reviewed_banglish_v5,minor_edit,6,1,0,0.1667,0.0,0.1667,2.0,q2,q2,Qwen2.5-3B,False,False,False,False,False,True
benqa_10th-Biology_0156,benqa,biology,Biology,10th,mcq,human_reviewed_banglish_v5,minor_edit,6,1,0,0.1667,0.0,0.1667,2.0,q2,q2,Qwen2.5-7B,False,True,True,False,False,False
benqa_10th-Biology_0156,benqa,biology,Biology,10th,mcq,human_reviewed_banglish_v5,minor_edit,6,1,0,0.1667,0.0,0.1667,2.0,q2,q2,Qwen3-4B,True,False,True,True,True,False
benqa_12th-Math-I_0383,benqa,math-i,Math-I,12th,mcq,human_reviewed_banglish_v5,minor_edit,4,2,0,0.5,0.0,0.25,1.5,q2,q2,Qwen2.5-3B,True,True,True,False,False,False
benqa_12th-Math-I_0383,benqa,math-i,Math-I,12th,mcq,human_reviewed_banglish_v5,minor_edit,4,2,0,0.5,0.0,0.25,1.5,q2,q2,Qwen2.5-7B,True,True,True,False,False,False
benqa_12th-Math-I_0383,benqa,math-i,Math-I,12th,mcq,human_reviewed_banglish_v5,minor_edit,4,2,0,0.5,0.0,0.25,1.5,q2,q2,Qwen3-4B,True,True,True,False,False,False
banglamath_0538,banglamath,math,,seven,short_answer,human_reviewed_banglish_v5,major_edit,16,4,0,0.25,0.0,0.3125,2.25,q2,q2,Qwen2.5-3B,False,False,False,False,False,True
banglamath_0538,banglamath,math,,seven,short_answer,human_reviewed_banglish_v5,major_edit,16,4,0,0.25,0.0,0.3125,2.25,q2,q2,Qwen2.5-7B,False,False,False,False,False,True
banglamath_0538,banglamath,math,,seven,short_answer,human_reviewed_banglish_v5,major_edit,16,4,0,0.25,0.0,0.3125,2.25,q2,q2,Qwen3-4B,False,False,False,False,False,True
benqa_10th-Biology_0213,benqa,biology,Biology,10th,mcq,auto_romanized_unverified_v4,unreviewed,7,1,1,0.1429,0.1429,0.4286,4.0,q3,q3,Qwen2.5-3B,True,False,False,True,False,False
benqa_10th-Biology_0213,benqa,biology,Biology,10th,mcq,auto_romanized_unverified_v4,unreviewed,7,1,1,0.1429,0.1429,0.4286,4.0,q3,q3,Qwen2.5-7B,True,True,True,False,False,False
benqa_10th-Biology_0213,benqa,biology,Biology,10th,mcq,auto_romanized_unverified_v4,unreviewed,7,1,1,0.1429,0.1429,0.4286,4.0,q3,q3,Qwen3-4B,True,False,False,True,False,False
benqa_10th-Math-II_0326,benqa,math-ii,Math-II,10th,mcq,human_reviewed_banglish_v5,minor_edit,5,2,0,0.4,0.0,0.4,2.0,q2,q3,Qwen2.5-3B,True,True,True,False,False,False
benqa_10th-Math-II_0326,benqa,math-ii,Math-II,10th,mcq,human_reviewed_banglish_v5,minor_edit,5,2,0,0.4,0.0,0.4,2.0,q2,q3,Qwen2.5-7B,True,True,True,False,False,False
benqa_10th-Math-II_0326,benqa,math-ii,Math-II,10th,mcq,human_reviewed_banglish_v5,minor_edit,5,2,0,0.4,0.0,0.4,2.0,q2,q3,Qwen3-4B,False,True,False,False,False,False
banglamath_0518,banglamath,math,,seven,short_answer,human_reviewed_banglish_v5,major_edit,13,4,0,0.3077,0.0,0.2308,1.75,q2,q1,Qwen2.5-3B,False,False,False,False,False,True
banglamath_0518,banglamath,math,,seven,short_answer,human_reviewed_banglish_v5,major_edit,13,4,0,0.3077,0.0,0.2308,1.75,q2,q1,Qwen2.5-7B,False,False,False,False,False,True
banglamath_0518,banglamath,math,,seven,short_answer,human_reviewed_banglish_v5,major_edit,13,4,0,0.3077,0.0,0.2308,1.75,q2,q1,Qwen3-4B,False,False,False,False,False,True
benqa_12th-Biology-II_0321,benqa,biology-ii,Biology-II,12th,mcq,human_reviewed_banglish_v5,minor_edit,5,0,0,0.0,0.0,0.0,0.0,q1,q1,Qwen2.5-3B,False,False,False,False,False,True
benqa_12th-Biology-II_0321,benqa,biology-ii,Biology-II,12th,mcq,human_reviewed_banglish_v5,minor_edit,5,0,0,0.0,0.0,0.0,0.0,q1,q1,Qwen2.5-7B,False,False,True,True,False,False
benqa_12th-Biology-II_0321,benqa,biology-ii,Biology-II,12th,mcq,human_reviewed_banglish_v5,minor_edit,5,0,0,0.0,0.0,0.0,0.0,q1,q1,Qwen3-4B,False,False,False,False,False,True
benqa_12th-Biology-II_0287,benqa,biology-ii,Biology-II,12th,mcq,human_reviewed_banglish_v5,minor_edit,13,2,0,0.1538,0.0,0.0769,1.5,q1,q1,Qwen2.5-3B,False,True,True,False,False,False
benqa_12th-Biology-II_0287,benqa,biology-ii,Biology-II,12th,mcq,human_reviewed_banglish_v5,minor_edit,13,2,0,0.1538,0.0,0.0769,1.5,q1,q1,Qwen2.5-7B,True,False,True,True,True,False
benqa_12th-Biology-II_0287,benqa,biology-ii,Biology-II,12th,mcq,human_reviewed_banglish_v5,minor_edit,13,2,0,0.1538,0.0,0.0769,1.5,q1,q1,Qwen3-4B,True,False,True,True,True,False
benqa_12th-Physics-I_0079,benqa,physics-i,Physics-I,12th,mcq,human_reviewed_banglish_v5,minor_edit,4,0,0,0.0,0.0,0.0,0.0,q1,q1,Qwen2.5-3B,True,True,True,False,False,False
benqa_12th-Physics-I_0079,benqa,physics-i,Physics-I,12th,mcq,human_reviewed_banglish_v5,minor_edit,4,0,0,0.0,0.0,0.0,0.0,q1,q1,Qwen2.5-7B,True,True,True,False,False,False
benqa_12th-Physics-I_0079,benqa,physics-i,Physics-I,12th,mcq,human_reviewed_banglish_v5,minor_edit,4,0,0,0.0,0.0,0.0,0.0,q1,q1,Qwen3-4B,True,True,True,False,False,False
benqa_12th-Chemistry-I_0140,benqa,chemistry-i,Chemistry-I,12th,mcq,human_reviewed_banglish_v5,minor_edit,16,5,0,0.3125,0.0,0.5,2.6,q3,q3,Qwen2.5-3B,False,False,True,True,False,False
benqa_12th-Chemistry-I_0140,benqa,chemistry-i,Chemistry-I,12th,mcq,human_reviewed_banglish_v5,minor_edit,16,5,0,0.3125,0.0,0.5,2.6,q3,q3,Qwen2.5-7B,False,False,False,False,False,True
benqa_12th-Chemistry-I_0140,benqa,chemistry-i,Chemistry-I,12th,mcq,human_reviewed_banglish_v5,minor_edit,16,5,0,0.3125,0.0,0.5,2.6,q3,q3,Qwen3-4B,True,True,True,False,False,False
banglamath_0233,banglamath,math,,six,short_answer,human_reviewed_banglish_v5,minor_edit,11,9,0,0.8182,0.0,0.9091,2.1111,q4,q4,Qwen2.5-3B,False,False,False,False,False,True
banglamath_0233,banglamath,math,,six,short_answer,human_reviewed_banglish_v5,minor_edit,11,9,0,0.8182,0.0,0.9091,2.1111,q4,q4,Qwen2.5-7B,False,False,False,False,False,True
banglamath_0233,banglamath,math,,six,short_answer,human_reviewed_banglish_v5,minor_edit,11,9,0,0.8182,0.0,0.9091,2.1111,q4,q4,Qwen3-4B,False,False,False,False,False,True
benqa_8th-Science_0042,benqa,science,Science,8th,mcq,auto_romanized_unverified_v4,unreviewed,4,0,0,0.0,0.0,0.0,0.0,q1,q1,Qwen2.5-3B,True,False,True,True,True,False
benqa_8th-Science_0042,benqa,science,Science,8th,mcq,auto_romanized_unverified_v4,unreviewed,4,0,0,0.0,0.0,0.0,0.0,q1,q1,Qwen2.5-7B,False,False,True,True,False,False
benqa_8th-Science_0042,benqa,science,Science,8th,mcq,auto_romanized_unverified_v4,unreviewed,4,0,0,0.0,0.0,0.0,0.0,q1,q1,Qwen3-4B,False,False,True,True,False,False
benqa_12th-Chemistry-I_0303,benqa,chemistry-i,Chemistry-I,12th,mcq,auto_romanized_unverified_v4,unreviewed,5,1,1,0.2,0.2,1.2,7.0,q4,q4,Qwen2.5-3B,True,True,True,False,False,False
benqa_12th-Chemistry-I_0303,benqa,chemistry-i,Chemistry-I,12th,mcq,auto_romanized_unverified_v4,unreviewed,5,1,1,0.2,0.2,1.2,7.0,q4,q4,Qwen2.5-7B,True,True,True,False,False,False
benqa_12th-Chemistry-I_0303,benqa,chemistry-i,Chemistry-I,12th,mcq,auto_romanized_unverified_v4,unreviewed,5,1,1,0.2,0.2,1.2,7.0,q4,q4,Qwen3-4B,True,True,True,False,False,False
banglamath_1699,banglamath,math,,Eight,short_answer,human_reviewed_banglish_v5,minor_edit,3,2,0,0.6667,0.0,0.6667,2.0,q4,q4,Qwen2.5-3B,False,False,False,False,False,True
banglamath_1699,banglamath,math,,Eight,short_answer,human_reviewed_banglish_v5,minor_edit,3,2,0,0.6667,0.0,0.6667,2.0,q4,q4,Qwen2.5-7B,False,False,False,False,False,True
banglamath_1699,banglamath,math,,Eight,short_answer,human_reviewed_banglish_v5,minor_edit,3,2,0,0.6667,0.0,0.6667,2.0,q4,q4,Qwen3-4B,True,True,True,False,False,False
banglamath_0552,banglamath,math,,seven,short_answer,human_reviewed_banglish_v5,minor_edit,10,4,0,0.4,0.0,0.3,1.75,q2,q2,Qwen2.5-3B,True,False,False,True,False,False
banglamath_0552,banglamath,math,,seven,short_answer,human_reviewed_banglish_v5,minor_edit,10,4,0,0.4,0.0,0.3,1.75,q2,q2,Qwen2.5-7B,False,False,False,False,False,True
banglamath_0552,banglamath,math,,seven,short_answer,human_reviewed_banglish_v5,minor_edit,10,4,0,0.4,0.0,0.3,1.75,q2,q2,Qwen3-4B,False,False,False,False,False,True
benqa_12th-Physics-II_0290,benqa,physics-ii,Physics-II,12th,mcq,human_reviewed_banglish_v5,minor_edit,20,5,2,0.25,0.1,0.55,3.2,q3,q3,Qwen2.5-3B,False,False,False,False,False,True
benqa_12th-Physics-II_0290,benqa,physics-ii,Physics-II,12th,mcq,human_reviewed_banglish_v5,minor_edit,20,5,2,0.25,0.1,0.55,3.2,q3,q3,Qwen2.5-7B,True,False,True,True,True,False
benqa_12th-Physics-II_0290,benqa,physics-ii,Physics-II,12th,mcq,human_reviewed_banglish_v5,minor_edit,20,5,2,0.25,0.1,0.55,3.2,q3,q3,Qwen3-4B,True,False,False,True,False,False
benqa_8th-Math_0072,benqa,math,Math,8th,mcq,auto_romanized_unverified_v4,unreviewed,6,1,1,0.1667,0.1667,1.0,7.0,q4,q4,Qwen2.5-3B,False,True,False,False,False,False
benqa_8th-Math_0072,benqa,math,Math,8th,mcq,auto_romanized_unverified_v4,unreviewed,6,1,1,0.1667,0.1667,1.0,7.0,q4,q4,Qwen2.5-7B,False,False,True,True,False,False
benqa_8th-Math_0072,benqa,math,Math,8th,mcq,auto_romanized_unverified_v4,unreviewed,6,1,1,0.1667,0.1667,1.0,7.0,q4,q4,Qwen3-4B,False,False,False,False,False,True
banglamath_0539,banglamath,math,,seven,short_answer,human_reviewed_banglish_v5,minor_edit,16,6,1,0.375,0.0625,0.5,2.3333,q3,q3,Qwen2.5-3B,False,False,False,False,False,True
banglamath_0539,banglamath,math,,seven,short_answer,human_reviewed_banglish_v5,minor_edit,16,6,1,0.375,0.0625,0.5,2.3333,q3,q3,Qwen2.5-7B,False,False,False,False,False,True
banglamath_0539,banglamath,math,,seven,short_answer,human_reviewed_banglish_v5,minor_edit,16,6,1,0.375,0.0625,0.5,2.3333,q3,q3,Qwen3-4B,False,False,False,False,False,True
benqa_12th-Physics-I_0133,benqa,physics-i,Physics-I,12th,mcq,human_reviewed_banglish_v5,minor_edit,9,1,0,0.1111,0.0,0.2222,3.0,q2,q2,Qwen2.5-3B,True,True,True,False,False,False
benqa_12th-Physics-I_0133,benqa,physics-i,Physics-I,12th,mcq,human_reviewed_banglish_v5,minor_edit,9,1,0,0.1111,0.0,0.2222,3.0,q2,q2,Qwen2.5-7B,True,False,True,True,True,False
benqa_12th-Physics-I_0133,benqa,physics-i,Physics-I,12th,mcq,human_reviewed_banglish_v5,minor_edit,9,1,0,0.1111,0.0,0.2222,3.0,q2,q2,Qwen3-4B,True,False,True,True,True,False
benqa_10th-Biology_0128,benqa,biology,Biology,10th,mcq,human_reviewed_banglish_v5,minor_edit,6,1,0,0.1667,0.0,0.3333,3.0,q2,q2,Qwen2.5-3B,True,False,True,True,True,False
benqa_10th-Biology_0128,benqa,biology,Biology,10th,mcq,human_reviewed_banglish_v5,minor_edit,6,1,0,0.1667,0.0,0.3333,3.0,q2,q2,Qwen2.5-7B,False,False,True,True,False,False
benqa_10th-Biology_0128,benqa,biology,Biology,10th,mcq,human_reviewed_banglish_v5,minor_edit,6,1,0,0.1667,0.0,0.3333,3.0,q2,q2,Qwen3-4B,True,False,False,True,False,False
benqa_12th-Physics-II_0195,benqa,physics-ii,Physics-II,12th,mcq,human_reviewed_banglish_v5,minor_edit,6,2,0,0.3333,0.0,0.5,2.5,q3,q3,Qwen2.5-3B,False,False,True,True,False,False
benqa_12th-Physics-II_0195,benqa,physics-ii,Physics-II,12th,mcq,human_reviewed_banglish_v5,minor_edit,6,2,0,0.3333,0.0,0.5,2.5,q3,q3,Qwen2.5-7B,True,False,True,True,True,False
benqa_12th-Physics-II_0195,benqa,physics-ii,Physics-II,12th,mcq,human_reviewed_banglish_v5,minor_edit,6,2,0,0.3333,0.0,0.5,2.5,q3,q3,Qwen3-4B,False,False,False,False,False,True
benqa_12th-Chemistry-I_0190,benqa,chemistry-i,Chemistry-I,12th,mcq,auto_romanized_unverified_v4,unreviewed,6,1,1,0.1667,0.1667,1.0,7.0,q4,q4,Qwen2.5-3B,False,False,False,False,False,True
benqa_12th-Chemistry-I_0190,benqa,chemistry-i,Chemistry-I,12th,mcq,auto_romanized_unverified_v4,unreviewed,6,1,1,0.1667,0.1667,1.0,7.0,q4,q4,Qwen2.5-7B,False,False,True,True,False,False
benqa_12th-Chemistry-I_0190,benqa,chemistry-i,Chemistry-I,12th,mcq,auto_romanized_unverified_v4,unreviewed,6,1,1,0.1667,0.1667,1.0,7.0,q4,q4,Qwen3-4B,False,False,True,True,False,False
benqa_8th-Math_0062,benqa,math,Math,8th,mcq,auto_romanized_unverified_v4,unreviewed,6,1,1,0.1667,0.1667,1.0,7.0,q4,q4,Qwen2.5-3B,True,True,True,False,False,False
benqa_8th-Math_0062,benqa,math,Math,8th,mcq,auto_romanized_unverified_v4,unreviewed,6,1,1,0.1667,0.1667,1.0,7.0,q4,q4,Qwen2.5-7B,True,False,True,True,True,False
benqa_8th-Math_0062,benqa,math,Math,8th,mcq,auto_romanized_unverified_v4,unreviewed,6,1,1,0.1667,0.1667,1.0,7.0,q4,q4,Qwen3-4B,True,True,True,False,False,False
banglamath_0549,banglamath,math,,seven,short_answer,human_reviewed_banglish_v5,major_edit,17,5,0,0.2941,0.0,0.3529,2.2,q2,q2,Qwen2.5-3B,False,False,False,False,False,True
banglamath_0549,banglamath,math,,seven,short_answer,human_reviewed_banglish_v5,major_edit,17,5,0,0.2941,0.0,0.3529,2.2,q2,q2,Qwen2.5-7B,False,False,False,False,False,True
banglamath_0549,banglamath,math,,seven,short_answer,human_reviewed_banglish_v5,major_edit,17,5,0,0.2941,0.0,0.3529,2.2,q2,q2,Qwen3-4B,False,False,False,False,False,True
benqa_12th-Math-I_0029,benqa,math-i,Math-I,12th,mcq,auto_romanized_unverified_v4,unreviewed,13,3,3,0.2308,0.2308,1.0,5.3333,q4,q4,Qwen2.5-3B,False,False,False,False,False,True
benqa_12th-Math-I_0029,benqa,math-i,Math-I,12th,mcq,auto_romanized_unverified_v4,unreviewed,13,3,3,0.2308,0.2308,1.0,5.3333,q4,q4,Qwen2.5-7B,False,False,True,True,False,False
benqa_12th-Math-I_0029,benqa,math-i,Math-I,12th,mcq,auto_romanized_unverified_v4,unreviewed,13,3,3,0.2308,0.2308,1.0,5.3333,q4,q4,Qwen3-4B,False,False,False,False,False,True
benqa_10th-Chemistry_0322,benqa,chemistry,Chemistry,10th,mcq,auto_romanized_unverified_v4,unreviewed,5,0,0,0.0,0.0,0.0,0.0,q1,q1,Qwen2.5-3B,True,True,True,False,False,False
benqa_10th-Chemistry_0322,benqa,chemistry,Chemistry,10th,mcq,auto_romanized_unverified_v4,unreviewed,5,0,0,0.0,0.0,0.0,0.0,q1,q1,Qwen2.5-7B,True,False,True,True,True,False
benqa_10th-Chemistry_0322,benqa,chemistry,Chemistry,10th,mcq,auto_romanized_unverified_v4,unreviewed,5,0,0,0.0,0.0,0.0,0.0,q1,q1,Qwen3-4B,True,False,True,True,True,False
benqa_12th-Biology-II_0203,benqa,biology-ii,Biology-II,12th,mcq,human_reviewed_banglish_v5,minor_edit,23,5,3,0.2174,0.1304,0.6087,3.8,q3,q3,Qwen2.5-3B,True,True,True,False,False,False
benqa_12th-Biology-II_0203,benqa,biology-ii,Biology-II,12th,mcq,human_reviewed_banglish_v5,minor_edit,23,5,3,0.2174,0.1304,0.6087,3.8,q3,q3,Qwen2.5-7B,True,True,True,False,False,False
benqa_12th-Biology-II_0203,benqa,biology-ii,Biology-II,12th,mcq,human_reviewed_banglish_v5,minor_edit,23,5,3,0.2174,0.1304,0.6087,3.8,q3,q3,Qwen3-4B,True,True,False,False,False,False
banglamath_1703,banglamath,math,,Eight,short_answer,human_reviewed_banglish_v5,minor_edit,18,10,2,0.5556,0.1111,0.6111,2.1,q3,q3,Qwen2.5-3B,False,False,False,False,False,True
banglamath_1703,banglamath,math,,Eight,short_answer,human_reviewed_banglish_v5,minor_edit,18,10,2,0.5556,0.1111,0.6111,2.1,q3,q3,Qwen2.5-7B,False,False,False,False,False,True
banglamath_1703,banglamath,math,,Eight,short_answer,human_reviewed_banglish_v5,minor_edit,18,10,2,0.5556,0.1111,0.6111,2.1,q3,q3,Qwen3-4B,False,False,False,False,False,True
benqa_10th-Physics_0106,benqa,physics,Physics,10th,mcq,human_reviewed_banglish_v5,minor_edit,17,5,0,0.2941,0.0,0.4118,2.4,q3,q3,Qwen2.5-3B,False,False,False,False,False,True
benqa_10th-Physics_0106,benqa,physics,Physics,10th,mcq,human_reviewed_banglish_v5,minor_edit,17,5,0,0.2941,0.0,0.4118,2.4,q3,q3,Qwen2.5-7B,False,False,False,False,False,True
benqa_10th-Physics_0106,benqa,physics,Physics,10th,mcq,human_reviewed_banglish_v5,minor_edit,17,5,0,0.2941,0.0,0.4118,2.4,q3,q3,Qwen3-4B,False,False,False,False,False,True
benqa_12th-Math-I_0187,benqa,math-i,Math-I,12th,mcq,human_reviewed_banglish_v5,minor_edit,10,1,0,0.1,0.0,0.1,2.0,q1,q2,Qwen2.5-3B,False,False,False,False,False,True
benqa_12th-Math-I_0187,benqa,math-i,Math-I,12th,mcq,human_reviewed_banglish_v5,minor_edit,10,1,0,0.1,0.0,0.1,2.0,q1,q2,Qwen2.5-7B,False,True,False,False,False,False
benqa_12th-Math-I_0187,benqa,math-i,Math-I,12th,mcq,human_reviewed_banglish_v5,minor_edit,10,1,0,0.1,0.0,0.1,2.0,q1,q2,Qwen3-4B,False,False,False,False,False,True
benqa_10th-Biology_0149,benqa,biology,Biology,10th,mcq,auto_romanized_unverified_v4,unreviewed,7,1,0,0.1429,0.0,0.2857,3.0,q2,q2,Qwen2.5-3B,True,False,False,True,False,False
benqa_10th-Biology_0149,benqa,biology,Biology,10th,mcq,auto_romanized_unverified_v4,unreviewed,7,1,0,0.1429,0.0,0.2857,3.0,q2,q2,Qwen2.5-7B,True,False,True,True,True,False
benqa_10th-Biology_0149,benqa,biology,Biology,10th,mcq,auto_romanized_unverified_v4,unreviewed,7,1,0,0.1429,0.0,0.2857,3.0,q2,q2,Qwen3-4B,False,False,True,True,False,False
benqa_10th-Physics_0130,benqa,physics,Physics,10th,mcq,human_review_bad_banglish,bad,22,5,1,0.2273,0.0455,0.4545,3.0,q3,q3,Qwen2.5-3B,True,True,False,False,False,False
benqa_10th-Physics_0130,benqa,physics,Physics,10th,mcq,human_review_bad_banglish,bad,22,5,1,0.2273,0.0455,0.4545,3.0,q3,q3,Qwen2.5-7B,False,True,True,False,False,False
benqa_10th-Physics_0130,benqa,physics,Physics,10th,mcq,human_review_bad_banglish,bad,22,5,1,0.2273,0.0455,0.4545,3.0,q3,q3,Qwen3-4B,True,True,True,False,False,False
benqa_12th-Chemistry-I_0286,benqa,chemistry-i,Chemistry-I,12th,mcq,human_review_bad_banglish,bad,6,0,0,0.0,0.0,0.0,0.0,q1,q1,Qwen2.5-3B,False,False,False,False,False,True
benqa_12th-Chemistry-I_0286,benqa,chemistry-i,Chemistry-I,12th,mcq,human_review_bad_banglish,bad,6,0,0,0.0,0.0,0.0,0.0,q1,q1,Qwen2.5-7B,False,False,False,False,False,True
benqa_12th-Chemistry-I_0286,benqa,chemistry-i,Chemistry-I,12th,mcq,human_review_bad_banglish,bad,6,0,0,0.0,0.0,0.0,0.0,q1,q1,Qwen3-4B,False,False,False,False,False,True
benqa_12th-Physics-II_0131,benqa,physics-ii,Physics-II,12th,mcq,human_review_bad_banglish,bad,5,0,0,0.0,0.0,0.0,0.0,q1,q1,Qwen2.5-3B,False,True,False,False,False,False
benqa_12th-Physics-II_0131,benqa,physics-ii,Physics-II,12th,mcq,human_review_bad_banglish,bad,5,0,0,0.0,0.0,0.0,0.0,q1,q1,Qwen2.5-7B,False,False,False,False,False,True
benqa_12th-Physics-II_0131,benqa,physics-ii,Physics-II,12th,mcq,human_review_bad_banglish,bad,5,0,0,0.0,0.0,0.0,0.0,q1,q1,Qwen3-4B,False,False,False,False,False,True
benqa_10th-Biology_0188,benqa,biology,Biology,10th,mcq,auto_romanized_unverified_v4,unreviewed,5,1,0,0.2,0.0,0.0,1.0,q1,q1,Qwen2.5-3B,False,False,False,False,False,True
benqa_10th-Biology_0188,benqa,biology,Biology,10th,mcq,auto_romanized_unverified_v4,unreviewed,5,1,0,0.2,0.0,0.0,1.0,q1,q1,Qwen2.5-7B,False,True,True,False,False,False
benqa_10th-Biology_0188,benqa,biology,Biology,10th,mcq,auto_romanized_unverified_v4,unreviewed,5,1,0,0.2,0.0,0.0,1.0,q1,q1,Qwen3-4B,True,False,False,True,False,False
banglamath_1686,banglamath,math,,Eight,short_answer,auto_romanized_unverified_v4,unreviewed,21,9,3,0.4286,0.1429,0.8095,2.8889,q4,q4,Qwen2.5-3B,False,False,False,False,False,True
banglamath_1686,banglamath,math,,Eight,short_answer,auto_romanized_unverified_v4,unreviewed,21,9,3,0.4286,0.1429,0.8095,2.8889,q4,q4,Qwen2.5-7B,False,False,False,False,False,True
banglamath_1686,banglamath,math,,Eight,short_answer,auto_romanized_unverified_v4,unreviewed,21,9,3,0.4286,0.1429,0.8095,2.8889,q4,q4,Qwen3-4B,False,False,False,False,False,True
banglamath_0188,banglamath,math,,six,short_answer,human_reviewed_banglish_v5,minor_edit,22,14,5,0.6364,0.2273,1.2273,2.9286,q4,q4,Qwen2.5-3B,False,False,False,False,False,True
banglamath_0188,banglamath,math,,six,short_answer,human_reviewed_banglish_v5,minor_edit,22,14,5,0.6364,0.2273,1.2273,2.9286,q4,q4,Qwen2.5-7B,False,False,False,False,False,True
banglamath_0188,banglamath,math,,six,short_answer,human_reviewed_banglish_v5,minor_edit,22,14,5,0.6364,0.2273,1.2273,2.9286,q4,q4,Qwen3-4B,False,False,False,False,False,True
benqa_10th-Physics_0036,benqa,physics,Physics,10th,mcq,human_reviewed_banglish_v5,minor_edit,13,2,0,0.1538,0.0,0.0769,1.5,q1,q1,Qwen2.5-3B,True,True,True,False,False,False
benqa_10th-Physics_0036,benqa,physics,Physics,10th,mcq,human_reviewed_banglish_v5,minor_edit,13,2,0,0.1538,0.0,0.0769,1.5,q1,q1,Qwen2.5-7B,True,True,True,False,False,False
benqa_10th-Physics_0036,benqa,physics,Physics,10th,mcq,human_reviewed_banglish_v5,minor_edit,13,2,0,0.1538,0.0,0.0769,1.5,q1,q1,Qwen3-4B,True,True,True,False,False,False
benqa_12th-Chemistry-I_0218,benqa,chemistry-i,Chemistry-I,12th,mcq,human_reviewed_banglish_v5,minor_edit,7,2,0,0.2857,0.0,0.4286,2.5,q3,q3,Qwen2.5-3B,False,False,False,False,False,True
benqa_12th-Chemistry-I_0218,benqa,chemistry-i,Chemistry-I,12th,mcq,human_reviewed_banglish_v5,minor_edit,7,2,0,0.2857,0.0,0.4286,2.5,q3,q3,Qwen2.5-7B,False,False,False,False,False,True
benqa_12th-Chemistry-I_0218,benqa,chemistry-i,Chemistry-I,12th,mcq,human_reviewed_banglish_v5,minor_edit,7,2,0,0.2857,0.0,0.4286,2.5,q3,q3,Qwen3-4B,True,True,True,False,False,False
benqa_10th-Biology_0090,benqa,biology,Biology,10th,mcq,human_reviewed_banglish_v5,minor_edit,3,0,0,0.0,0.0,0.0,0.0,q1,q1,Qwen2.5-3B,False,False,False,False,False,True
benqa_10th-Biology_0090,benqa,biology,Biology,10th,mcq,human_reviewed_banglish_v5,minor_edit,3,0,0,0.0,0.0,0.0,0.0,q1,q1,Qwen2.5-7B,True,True,True,False,False,False
benqa_10th-Biology_0090,benqa,biology,Biology,10th,mcq,human_reviewed_banglish_v5,minor_edit,3,0,0,0.0,0.0,0.0,0.0,q1,q1,Qwen3-4B,False,False,True,True,False,False
benqa_12th-Chemistry-II_0117,benqa,chemistry-ii,Chemistry-II,12th,mcq,human_reviewed_banglish_v5,minor_edit,18,1,0,0.0556,0.0,0.0,1.0,q1,q1,Qwen2.5-3B,False,False,False,False,False,True
benqa_12th-Chemistry-II_0117,benqa,chemistry-ii,Chemistry-II,12th,mcq,human_reviewed_banglish_v5,minor_edit,18,1,0,0.0556,0.0,0.0,1.0,q1,q1,Qwen2.5-7B,True,False,True,True,True,False
benqa_12th-Chemistry-II_0117,benqa,chemistry-ii,Chemistry-II,12th,mcq,human_reviewed_banglish_v5,minor_edit,18,1,0,0.0556,0.0,0.0,1.0,q1,q1,Qwen3-4B,False,False,True,True,False,False
benqa_12th-Biology-II_0034,benqa,biology-ii,Biology-II,12th,mcq,human_reviewed_banglish_v5,minor_edit,4,0,0,0.0,0.0,0.0,0.0,q1,q1,Qwen2.5-3B,False,False,True,True,False,False
benqa_12th-Biology-II_0034,benqa,biology-ii,Biology-II,12th,mcq,human_reviewed_banglish_v5,minor_edit,4,0,0,0.0,0.0,0.0,0.0,q1,q1,Qwen2.5-7B,True,True,False,False,False,False
benqa_12th-Biology-II_0034,benqa,biology-ii,Biology-II,12th,mcq,human_reviewed_banglish_v5,minor_edit,4,0,0,0.0,0.0,0.0,0.0,q1,q1,Qwen3-4B,False,False,True,True,False,False
benqa_12th-Physics-II_0088,benqa,physics-ii,Physics-II,12th,mcq,human_reviewed_banglish_v5,minor_edit,15,4,1,0.2667,0.0667,0.5333,3.0,q3,q3,Qwen2.5-3B,False,False,False,False,False,True
benqa_12th-Physics-II_0088,benqa,physics-ii,Physics-II,12th,mcq,human_reviewed_banglish_v5,minor_edit,15,4,1,0.2667,0.0667,0.5333,3.0,q3,q3,Qwen2.5-7B,False,False,False,False,False,True
benqa_12th-Physics-II_0088,benqa,physics-ii,Physics-II,12th,mcq,human_reviewed_banglish_v5,minor_edit,15,4,1,0.2667,0.0667,0.5333,3.0,q3,q3,Qwen3-4B,False,False,False,False,False,True
banglamath_1696,banglamath,math,,Eight,short_answer,human_reviewed_banglish_v5,minor_edit,10,3,1,0.3,0.1,0.4,2.3333,q2,q2,Qwen2.5-3B,False,False,False,False,False,True
banglamath_1696,banglamath,math,,Eight,short_answer,human_reviewed_banglish_v5,minor_edit,10,3,1,0.3,0.1,0.4,2.3333,q2,q2,Qwen2.5-7B,False,False,False,False,False,True
banglamath_1696,banglamath,math,,Eight,short_answer,human_reviewed_banglish_v5,minor_edit,10,3,1,0.3,0.1,0.4,2.3333,q2,q2,Qwen3-4B,False,False,False,False,False,True
banglamath_0531,banglamath,math,,seven,short_answer,human_reviewed_banglish_v5,minor_edit,12,4,0,0.3333,0.0,0.4167,2.25,q3,q2,Qwen2.5-3B,False,False,False,False,False,True
banglamath_0531,banglamath,math,,seven,short_answer,human_reviewed_banglish_v5,minor_edit,12,4,0,0.3333,0.0,0.4167,2.25,q3,q2,Qwen2.5-7B,False,False,False,False,False,True
banglamath_0531,banglamath,math,,seven,short_answer,human_reviewed_banglish_v5,minor_edit,12,4,0,0.3333,0.0,0.4167,2.25,q3,q2,Qwen3-4B,False,False,False,False,False,True
benqa_12th-Chemistry-II_0305,benqa,chemistry-ii,Chemistry-II,12th,mcq,human_reviewed_banglish_v5,minor_edit,6,2,0,0.3333,0.0,0.5,2.5,q3,q3,Qwen2.5-3B,False,False,False,False,False,True
benqa_12th-Chemistry-II_0305,benqa,chemistry-ii,Chemistry-II,12th,mcq,human_reviewed_banglish_v5,minor_edit,6,2,0,0.3333,0.0,0.5,2.5,q3,q3,Qwen2.5-7B,False,False,False,False,False,True
benqa_12th-Chemistry-II_0305,benqa,chemistry-ii,Chemistry-II,12th,mcq,human_reviewed_banglish_v5,minor_edit,6,2,0,0.3333,0.0,0.5,2.5,q3,q3,Qwen3-4B,False,True,False,False,False,False
benqa_10th-Physics_0296,benqa,physics,Physics,10th,mcq,auto_romanized_unverified_v4,unreviewed,9,1,0,0.1111,0.0,0.2222,3.0,q2,q2,Qwen2.5-3B,False,False,True,True,False,False
benqa_10th-Physics_0296,benqa,physics,Physics,10th,mcq,auto_romanized_unverified_v4,unreviewed,9,1,0,0.1111,0.0,0.2222,3.0,q2,q2,Qwen2.5-7B,False,False,False,False,False,True
benqa_10th-Physics_0296,benqa,physics,Physics,10th,mcq,auto_romanized_unverified_v4,unreviewed,9,1,0,0.1111,0.0,0.2222,3.0,q2,q2,Qwen3-4B,False,True,False,False,False,False
benqa_10th-Physics_0150,benqa,physics,Physics,10th,mcq,human_reviewed_banglish_v5,minor_edit,3,0,0,0.0,0.0,0.0,0.0,q1,q1,Qwen2.5-3B,False,True,True,False,False,False
benqa_10th-Physics_0150,benqa,physics,Physics,10th,mcq,human_reviewed_banglish_v5,minor_edit,3,0,0,0.0,0.0,0.0,0.0,q1,q1,Qwen2.5-7B,False,True,True,False,False,False
benqa_10th-Physics_0150,benqa,physics,Physics,10th,mcq,human_reviewed_banglish_v5,minor_edit,3,0,0,0.0,0.0,0.0,0.0,q1,q1,Qwen3-4B,True,False,True,True,True,False
banglamath_0526,banglamath,math,,seven,short_answer,human_reviewed_banglish_v5,minor_edit,9,3,0,0.3333,0.0,0.3333,2.0,q2,q2,Qwen2.5-3B,True,False,True,True,True,False
banglamath_0526,banglamath,math,,seven,short_answer,human_reviewed_banglish_v5,minor_edit,9,3,0,0.3333,0.0,0.3333,2.0,q2,q2,Qwen2.5-7B,True,False,True,True,True,False
banglamath_0526,banglamath,math,,seven,short_answer,human_reviewed_banglish_v5,minor_edit,9,3,0,0.3333,0.0,0.3333,2.0,q2,q2,Qwen3-4B,False,False,True,True,False,False
benqa_10th-Chemistry_0110,benqa,chemistry,Chemistry,10th,mcq,human_reviewed_banglish_v5,minor_edit,4,0,0,0.0,0.0,0.0,0.0,q1,q1,Qwen2.5-3B,False,False,True,True,False,False
benqa_10th-Chemistry_0110,benqa,chemistry,Chemistry,10th,mcq,human_reviewed_banglish_v5,minor_edit,4,0,0,0.0,0.0,0.0,0.0,q1,q1,Qwen2.5-7B,True,False,True,True,True,False
benqa_10th-Chemistry_0110,benqa,chemistry,Chemistry,10th,mcq,human_reviewed_banglish_v5,minor_edit,4,0,0,0.0,0.0,0.0,0.0,q1,q1,Qwen3-4B,False,False,True,True,False,False
benqa_10th-Math-II_0357,benqa,math-ii,Math-II,10th,mcq,human_reviewed_banglish_v5,minor_edit,11,3,0,0.2727,0.0,0.3636,2.3333,q2,q2,Qwen2.5-3B,False,False,False,False,False,True
benqa_10th-Math-II_0357,benqa,math-ii,Math-II,10th,mcq,human_reviewed_banglish_v5,minor_edit,11,3,0,0.2727,0.0,0.3636,2.3333,q2,q2,Qwen2.5-7B,False,False,False,False,False,True
benqa_10th-Math-II_0357,benqa,math-ii,Math-II,10th,mcq,human_reviewed_banglish_v5,minor_edit,11,3,0,0.2727,0.0,0.3636,2.3333,q2,q2,Qwen3-4B,True,True,False,False,False,False
benqa_12th-Chemistry-II_0013,benqa,chemistry-ii,Chemistry-II,12th,mcq,human_reviewed_banglish_v5,minor_edit,6,2,0,0.3333,0.0,0.3333,2.0,q2,q2,Qwen2.5-3B,False,True,True,False,False,False
benqa_12th-Chemistry-II_0013,benqa,chemistry-ii,Chemistry-II,12th,mcq,human_reviewed_banglish_v5,minor_edit,6,2,0,0.3333,0.0,0.3333,2.0,q2,q2,Qwen2.5-7B,False,False,True,True,False,False
benqa_12th-Chemistry-II_0013,benqa,chemistry-ii,Chemistry-II,12th,mcq,human_reviewed_banglish_v5,minor_edit,6,2,0,0.3333,0.0,0.3333,2.0,q2,q2,Qwen3-4B,True,False,True,True,True,False
benqa_8th-Science_0202,benqa,science,Science,8th,mcq,human_reviewed_banglish_v5,minor_edit,4,1,0,0.25,0.0,0.0,1.0,q1,q1,Qwen2.5-3B,True,False,True,True,True,False
benqa_8th-Science_0202,benqa,science,Science,8th,mcq,human_reviewed_banglish_v5,minor_edit,4,1,0,0.25,0.0,0.0,1.0,q1,q1,Qwen2.5-7B,True,False,True,True,True,False
benqa_8th-Science_0202,benqa,science,Science,8th,mcq,human_reviewed_banglish_v5,minor_edit,4,1,0,0.25,0.0,0.0,1.0,q1,q1,Qwen3-4B,True,False,True,True,True,False
benqa_8th-Science_0078,benqa,science,Science,8th,mcq,human_reviewed_banglish_v5,minor_edit,22,6,2,0.2727,0.0909,0.7727,3.8333,q4,q4,Qwen2.5-3B,False,False,False,False,False,True
benqa_8th-Science_0078,benqa,science,Science,8th,mcq,human_reviewed_banglish_v5,minor_edit,22,6,2,0.2727,0.0909,0.7727,3.8333,q4,q4,Qwen2.5-7B,False,False,False,False,False,True
benqa_8th-Science_0078,benqa,science,Science,8th,mcq,human_reviewed_banglish_v5,minor_edit,22,6,2,0.2727,0.0909,0.7727,3.8333,q4,q4,Qwen3-4B,False,True,True,False,False,False
benqa_12th-Math-I_0202,benqa,math-i,Math-I,12th,mcq,human_reviewed_banglish_v5,minor_edit,7,1,0,0.1429,0.0,0.1429,2.0,q1,q2,Qwen2.5-3B,True,False,False,True,False,False
benqa_12th-Math-I_0202,benqa,math-i,Math-I,12th,mcq,human_reviewed_banglish_v5,minor_edit,7,1,0,0.1429,0.0,0.1429,2.0,q1,q2,Qwen2.5-7B,True,True,True,False,False,False
benqa_12th-Math-I_0202,benqa,math-i,Math-I,12th,mcq,human_reviewed_banglish_v5,minor_edit,7,1,0,0.1429,0.0,0.1429,2.0,q1,q2,Qwen3-4B,True,True,True,False,False,False
benqa_12th-Physics-II_0213,benqa,physics-ii,Physics-II,12th,mcq,human_reviewed_banglish_v5,minor_edit,9,1,0,0.1111,0.0,0.1111,2.0,q1,q2,Qwen2.5-3B,False,False,False,False,False,True
benqa_12th-Physics-II_0213,benqa,physics-ii,Physics-II,12th,mcq,human_reviewed_banglish_v5,minor_edit,9,1,0,0.1111,0.0,0.1111,2.0,q1,q2,Qwen2.5-7B,False,False,False,False,False,True
benqa_12th-Physics-II_0213,benqa,physics-ii,Physics-II,12th,mcq,human_reviewed_banglish_v5,minor_edit,9,1,0,0.1111,0.0,0.1111,2.0,q1,q2,Qwen3-4B,False,False,False,False,False,True
banglamath_1684,banglamath,math,,Eight,short_answer,human_reviewed_banglish_v5,minor_edit,23,5,0,0.2174,0.0,0.0435,1.2,q1,q1,Qwen2.5-3B,False,False,False,False,False,True
banglamath_1684,banglamath,math,,Eight,short_answer,human_reviewed_banglish_v5,minor_edit,23,5,0,0.2174,0.0,0.0435,1.2,q1,q1,Qwen2.5-7B,False,False,False,False,False,True
banglamath_1684,banglamath,math,,Eight,short_answer,human_reviewed_banglish_v5,minor_edit,23,5,0,0.2174,0.0,0.0435,1.2,q1,q1,Qwen3-4B,False,False,False,False,False,True
banglamath_0186,banglamath,math,,six,short_answer,human_reviewed_banglish_v5,minor_edit,13,8,0,0.6154,0.0,0.4615,1.75,q3,q3,Qwen2.5-3B,False,False,False,False,False,True
banglamath_0186,banglamath,math,,six,short_answer,human_reviewed_banglish_v5,minor_edit,13,8,0,0.6154,0.0,0.4615,1.75,q3,q3,Qwen2.5-7B,False,False,False,False,False,True
banglamath_0186,banglamath,math,,six,short_answer,human_reviewed_banglish_v5,minor_edit,13,8,0,0.6154,0.0,0.4615,1.75,q3,q3,Qwen3-4B,False,False,False,False,False,True
banglamath_0231,banglamath,math,,six,short_answer,human_reviewed_banglish_v5,minor_edit,8,4,0,0.5,0.0,0.5,2.0,q3,q3,Qwen2.5-3B,False,False,True,True,False,False
banglamath_0231,banglamath,math,,six,short_answer,human_reviewed_banglish_v5,minor_edit,8,4,0,0.5,0.0,0.5,2.0,q3,q3,Qwen2.5-7B,False,False,False,False,False,True
banglamath_0231,banglamath,math,,six,short_answer,human_reviewed_banglish_v5,minor_edit,8,4,0,0.5,0.0,0.5,2.0,q3,q3,Qwen3-4B,False,False,True,True,False,False
benqa_8th-Science_0159,benqa,science,Science,8th,mcq,human_reviewed_banglish_v5,minor_edit,4,0,0,0.0,0.0,0.0,0.0,q1,q1,Qwen2.5-3B,False,False,False,False,False,True
benqa_8th-Science_0159,benqa,science,Science,8th,mcq,human_reviewed_banglish_v5,minor_edit,4,0,0,0.0,0.0,0.0,0.0,q1,q1,Qwen2.5-7B,False,False,False,False,False,True
benqa_8th-Science_0159,benqa,science,Science,8th,mcq,human_reviewed_banglish_v5,minor_edit,4,0,0,0.0,0.0,0.0,0.0,q1,q1,Qwen3-4B,False,False,True,True,False,False
benqa_10th-Physics_0280,benqa,physics,Physics,10th,mcq,human_reviewed_banglish_v5,minor_edit,3,0,0,0.0,0.0,0.0,0.0,q1,q1,Qwen2.5-3B,False,False,True,True,False,False
benqa_10th-Physics_0280,benqa,physics,Physics,10th,mcq,human_reviewed_banglish_v5,minor_edit,3,0,0,0.0,0.0,0.0,0.0,q1,q1,Qwen2.5-7B,True,True,True,False,False,False
benqa_10th-Physics_0280,benqa,physics,Physics,10th,mcq,human_reviewed_banglish_v5,minor_edit,3,0,0,0.0,0.0,0.0,0.0,q1,q1,Qwen3-4B,True,True,True,False,False,False
benqa_10th-Chemistry_0132,benqa,chemistry,Chemistry,10th,mcq,human_reviewed_banglish_v5,minor_edit,3,0,0,0.0,0.0,0.0,0.0,q1,q1,Qwen2.5-3B,False,False,True,True,False,False
benqa_10th-Chemistry_0132,benqa,chemistry,Chemistry,10th,mcq,human_reviewed_banglish_v5,minor_edit,3,0,0,0.0,0.0,0.0,0.0,q1,q1,Qwen2.5-7B,True,False,True,True,True,False
benqa_10th-Chemistry_0132,benqa,chemistry,Chemistry,10th,mcq,human_reviewed_banglish_v5,minor_edit,3,0,0,0.0,0.0,0.0,0.0,q1,q1,Qwen3-4B,True,False,True,True,True,False
benqa_12th-Chemistry-II_0228,benqa,chemistry-ii,Chemistry-II,12th,mcq,human_reviewed_banglish_v5,minor_edit,23,7,0,0.3043,0.0,0.2174,1.7143,q2,q2,Qwen2.5-3B,True,False,True,True,True,False
benqa_12th-Chemistry-II_0228,benqa,chemistry-ii,Chemistry-II,12th,mcq,human_reviewed_banglish_v5,minor_edit,23,7,0,0.3043,0.0,0.2174,1.7143,q2,q2,Qwen2.5-7B,False,True,True,False,False,False
benqa_12th-Chemistry-II_0228,benqa,chemistry-ii,Chemistry-II,12th,mcq,human_reviewed_banglish_v5,minor_edit,23,7,0,0.3043,0.0,0.2174,1.7143,q2,q2,Qwen3-4B,True,False,True,True,True,False
benqa_12th-Physics-I_0254,benqa,physics-i,Physics-I,12th,mcq,human_reviewed_banglish_v5,minor_edit,7,1,0,0.1429,0.0,0.0,1.0,q1,q1,Qwen2.5-3B,False,False,False,False,False,True
benqa_12th-Physics-I_0254,benqa,physics-i,Physics-I,12th,mcq,human_reviewed_banglish_v5,minor_edit,7,1,0,0.1429,0.0,0.0,1.0,q1,q1,Qwen2.5-7B,True,True,True,False,False,False
benqa_12th-Physics-I_0254,benqa,physics-i,Physics-I,12th,mcq,human_reviewed_banglish_v5,minor_edit,7,1,0,0.1429,0.0,0.0,1.0,q1,q1,Qwen3-4B,False,False,False,False,False,True
benqa_10th-Biology_0057,benqa,biology,Biology,10th,mcq,human_reviewed_banglish_v5,minor_edit,28,5,1,0.1786,0.0357,0.1071,1.6,q1,q2,Qwen2.5-3B,True,False,False,True,False,False
benqa_10th-Biology_0057,benqa,biology,Biology,10th,mcq,human_reviewed_banglish_v5,minor_edit,28,5,1,0.1786,0.0357,0.1071,1.6,q1,q2,Qwen2.5-7B,True,True,True,False,False,False
benqa_10th-Biology_0057,benqa,biology,Biology,10th,mcq,human_reviewed_banglish_v5,minor_edit,28,5,1,0.1786,0.0357,0.1071,1.6,q1,q2,Qwen3-4B,False,False,False,False,False,True
benqa_12th-Biology-II_0247,benqa,biology-ii,Biology-II,12th,mcq,human_reviewed_banglish_v5,minor_edit,14,2,0,0.1429,0.0,0.1429,2.0,q1,q2,Qwen2.5-3B,True,True,False,False,False,False
benqa_12th-Biology-II_0247,benqa,biology-ii,Biology-II,12th,mcq,human_reviewed_banglish_v5,minor_edit,14,2,0,0.1429,0.0,0.1429,2.0,q1,q2,Qwen2.5-7B,False,True,False,False,False,False
benqa_12th-Biology-II_0247,benqa,biology-ii,Biology-II,12th,mcq,human_reviewed_banglish_v5,minor_edit,14,2,0,0.1429,0.0,0.1429,2.0,q1,q2,Qwen3-4B,True,False,False,True,False,False
benqa_12th-Biology-I_0039,benqa,biology-i,Biology-I,12th,mcq,auto_romanized_unverified_v4,unreviewed,4,0,0,0.0,0.0,0.0,0.0,q1,q1,Qwen2.5-3B,False,False,False,False,False,True
benqa_12th-Biology-I_0039,benqa,biology-i,Biology-I,12th,mcq,auto_romanized_unverified_v4,unreviewed,4,0,0,0.0,0.0,0.0,0.0,q1,q1,Qwen2.5-7B,True,False,False,True,False,False
benqa_12th-Biology-I_0039,benqa,biology-i,Biology-I,12th,mcq,auto_romanized_unverified_v4,unreviewed,4,0,0,0.0,0.0,0.0,0.0,q1,q1,Qwen3-4B,False,False,False,False,False,True
benqa_12th-Chemistry-II_0235,benqa,chemistry-ii,Chemistry-II,12th,mcq,human_reviewed_banglish_v5,minor_edit,4,0,0,0.0,0.0,0.0,0.0,q1,q1,Qwen2.5-3B,False,True,True,False,False,False
benqa_12th-Chemistry-II_0235,benqa,chemistry-ii,Chemistry-II,12th,mcq,human_reviewed_banglish_v5,minor_edit,4,0,0,0.0,0.0,0.0,0.0,q1,q1,Qwen2.5-7B,True,False,True,True,True,False
benqa_12th-Chemistry-II_0235,benqa,chemistry-ii,Chemistry-II,12th,mcq,human_reviewed_banglish_v5,minor_edit,4,0,0,0.0,0.0,0.0,0.0,q1,q1,Qwen3-4B,True,False,True,True,True,False
banglamath_1697,banglamath,math,,Eight,short_answer,human_reviewed_banglish_v5,minor_edit,8,6,2,0.75,0.25,1.75,3.3333,q4,q4,Qwen2.5-3B,False,False,False,False,False,True
banglamath_1697,banglamath,math,,Eight,short_answer,human_reviewed_banglish_v5,minor_edit,8,6,2,0.75,0.25,1.75,3.3333,q4,q4,Qwen2.5-7B,False,False,True,True,False,False
banglamath_1697,banglamath,math,,Eight,short_answer,human_reviewed_banglish_v5,minor_edit,8,6,2,0.75,0.25,1.75,3.3333,q4,q4,Qwen3-4B,True,True,True,False,False,False
benqa_8th-Science_0024,benqa,science,Science,8th,mcq,auto_romanized_unverified_v4,unreviewed,8,2,0,0.25,0.0,0.5,3.0,q3,q3,Qwen2.5-3B,False,False,False,False,False,True
benqa_8th-Science_0024,benqa,science,Science,8th,mcq,auto_romanized_unverified_v4,unreviewed,8,2,0,0.25,0.0,0.5,3.0,q3,q3,Qwen2.5-7B,True,False,False,True,False,False
benqa_8th-Science_0024,benqa,science,Science,8th,mcq,auto_romanized_unverified_v4,unreviewed,8,2,0,0.25,0.0,0.5,3.0,q3,q3,Qwen3-4B,False,False,False,False,False,True
benqa_12th-Biology-II_0179,benqa,biology-ii,Biology-II,12th,mcq,auto_romanized_unverified_v4,unreviewed,8,2,2,0.25,0.25,1.25,6.0,q4,q4,Qwen2.5-3B,False,False,True,True,False,False
benqa_12th-Biology-II_0179,benqa,biology-ii,Biology-II,12th,mcq,auto_romanized_unverified_v4,unreviewed,8,2,2,0.25,0.25,1.25,6.0,q4,q4,Qwen2.5-7B,True,False,True,True,True,False
benqa_12th-Biology-II_0179,benqa,biology-ii,Biology-II,12th,mcq,auto_romanized_unverified_v4,unreviewed,8,2,2,0.25,0.25,1.25,6.0,q4,q4,Qwen3-4B,True,False,True,True,True,False
benqa_12th-Biology-I_0277,benqa,biology-i,Biology-I,12th,mcq,auto_romanized_unverified_v4,unreviewed,5,2,0,0.4,0.0,0.6,2.5,q3,q3,Qwen2.5-3B,False,False,True,True,False,False
benqa_12th-Biology-I_0277,benqa,biology-i,Biology-I,12th,mcq,auto_romanized_unverified_v4,unreviewed,5,2,0,0.4,0.0,0.6,2.5,q3,q3,Qwen2.5-7B,False,False,True,True,False,False
benqa_12th-Biology-I_0277,benqa,biology-i,Biology-I,12th,mcq,auto_romanized_unverified_v4,unreviewed,5,2,0,0.4,0.0,0.6,2.5,q3,q3,Qwen3-4B,True,True,True,False,False,False
benqa_10th-Chemistry_0194,benqa,chemistry,Chemistry,10th,mcq,auto_romanized_unverified_v4,unreviewed,5,1,1,0.2,0.2,1.2,7.0,q4,q4,Qwen2.5-3B,False,False,True,True,False,False
benqa_10th-Chemistry_0194,benqa,chemistry,Chemistry,10th,mcq,auto_romanized_unverified_v4,unreviewed,5,1,1,0.2,0.2,1.2,7.0,q4,q4,Qwen2.5-7B,False,False,True,True,False,False
benqa_10th-Chemistry_0194,benqa,chemistry,Chemistry,10th,mcq,auto_romanized_unverified_v4,unreviewed,5,1,1,0.2,0.2,1.2,7.0,q4,q4,Qwen3-4B,True,True,True,False,False,False
banglamath_0187,banglamath,math,,six,short_answer,human_reviewed_banglish_v5,minor_edit,16,9,1,0.5625,0.0625,0.6875,2.2222,q4,q4,Qwen2.5-3B,False,False,False,False,False,True
banglamath_0187,banglamath,math,,six,short_answer,human_reviewed_banglish_v5,minor_edit,16,9,1,0.5625,0.0625,0.6875,2.2222,q4,q4,Qwen2.5-7B,False,False,False,False,False,True
banglamath_0187,banglamath,math,,six,short_answer,human_reviewed_banglish_v5,minor_edit,16,9,1,0.5625,0.0625,0.6875,2.2222,q4,q4,Qwen3-4B,False,False,False,False,False,True
banglamath_0559,banglamath,math,,seven,short_answer,human_reviewed_banglish_v5,minor_edit,8,4,0,0.5,0.0,0.375,1.75,q2,q2,Qwen2.5-3B,False,False,False,False,False,True
banglamath_0559,banglamath,math,,seven,short_answer,human_reviewed_banglish_v5,minor_edit,8,4,0,0.5,0.0,0.375,1.75,q2,q2,Qwen2.5-7B,False,False,False,False,False,True
banglamath_0559,banglamath,math,,seven,short_answer,human_reviewed_banglish_v5,minor_edit,8,4,0,0.5,0.0,0.375,1.75,q2,q2,Qwen3-4B,False,False,False,False,False,True
banglamath_0521,banglamath,math,,seven,short_answer,human_reviewed_banglish_v5,minor_edit,10,4,0,0.4,0.0,0.3,1.75,q2,q2,Qwen2.5-3B,False,False,False,False,False,True
banglamath_0521,banglamath,math,,seven,short_answer,human_reviewed_banglish_v5,minor_edit,10,4,0,0.4,0.0,0.3,1.75,q2,q2,Qwen2.5-7B,False,False,False,False,False,True
banglamath_0521,banglamath,math,,seven,short_answer,human_reviewed_banglish_v5,minor_edit,10,4,0,0.4,0.0,0.3,1.75,q2,q2,Qwen3-4B,False,False,False,False,False,True
banglamath_1691,banglamath,math,,Eight,short_answer,human_reviewed_banglish_v5,major_edit,38,14,4,0.3684,0.1053,0.7105,2.9286,q4,q4,Qwen2.5-3B,False,False,False,False,False,True
banglamath_1691,banglamath,math,,Eight,short_answer,human_reviewed_banglish_v5,major_edit,38,14,4,0.3684,0.1053,0.7105,2.9286,q4,q4,Qwen2.5-7B,False,False,False,False,False,True
banglamath_1691,banglamath,math,,Eight,short_answer,human_reviewed_banglish_v5,major_edit,38,14,4,0.3684,0.1053,0.7105,2.9286,q4,q4,Qwen3-4B,False,False,False,False,False,True
benqa_12th-Physics-I_0157,benqa,physics-i,Physics-I,12th,mcq,auto_romanized_unverified_v4,unreviewed,15,5,2,0.3333,0.1333,0.7333,3.2,q4,q4,Qwen2.5-3B,True,False,False,True,False,False
benqa_12th-Physics-I_0157,benqa,physics-i,Physics-I,12th,mcq,auto_romanized_unverified_v4,unreviewed,15,5,2,0.3333,0.1333,0.7333,3.2,q4,q4,Qwen2.5-7B,True,False,False,True,False,False
benqa_12th-Physics-I_0157,benqa,physics-i,Physics-I,12th,mcq,auto_romanized_unverified_v4,unreviewed,15,5,2,0.3333,0.1333,0.7333,3.2,q4,q4,Qwen3-4B,False,False,False,False,False,True
benqa_12th-Biology-I_0056,benqa,biology-i,Biology-I,12th,mcq,auto_romanized_unverified_v4,unreviewed,4,1,0,0.25,0.0,0.0,1.0,q1,q1,Qwen2.5-3B,False,False,False,False,False,True
benqa_12th-Biology-I_0056,benqa,biology-i,Biology-I,12th,mcq,auto_romanized_unverified_v4,unreviewed,4,1,0,0.25,0.0,0.0,1.0,q1,q1,Qwen2.5-7B,True,False,True,True,True,False
benqa_12th-Biology-I_0056,benqa,biology-i,Biology-I,12th,mcq,auto_romanized_unverified_v4,unreviewed,4,1,0,0.25,0.0,0.0,1.0,q1,q1,Qwen3-4B,False,False,False,False,False,True
banglamath_0229,banglamath,math,,six,short_answer,auto_romanized_unverified_v4,unreviewed,7,3,0,0.4286,0.0,0.8571,3.0,q4,q4,Qwen2.5-3B,True,False,True,True,True,False
banglamath_0229,banglamath,math,,six,short_answer,auto_romanized_unverified_v4,unreviewed,7,3,0,0.4286,0.0,0.8571,3.0,q4,q4,Qwen2.5-7B,True,False,True,True,True,False
banglamath_0229,banglamath,math,,six,short_answer,auto_romanized_unverified_v4,unreviewed,7,3,0,0.4286,0.0,0.8571,3.0,q4,q4,Qwen3-4B,True,False,True,True,True,False
benqa_10th-Math-II_0102,benqa,math-ii,Math-II,10th,mcq,human_reviewed_banglish_v5,minor_edit,8,4,0,0.5,0.0,0.5,2.0,q3,q3,Qwen2.5-3B,False,False,False,False,False,True
benqa_10th-Math-II_0102,benqa,math-ii,Math-II,10th,mcq,human_reviewed_banglish_v5,minor_edit,8,4,0,0.5,0.0,0.5,2.0,q3,q3,Qwen2.5-7B,False,False,False,False,False,True
benqa_10th-Math-II_0102,benqa,math-ii,Math-II,10th,mcq,human_reviewed_banglish_v5,minor_edit,8,4,0,0.5,0.0,0.5,2.0,q3,q3,Qwen3-4B,True,True,True,False,False,False
banglamath_0558,banglamath,math,,seven,short_answer,human_reviewed_banglish_v5,minor_edit,10,2,0,0.2,0.0,0.2,2.0,q2,q1,Qwen2.5-3B,False,False,False,False,False,True
banglamath_0558,banglamath,math,,seven,short_answer,human_reviewed_banglish_v5,minor_edit,10,2,0,0.2,0.0,0.2,2.0,q2,q1,Qwen2.5-7B,False,False,False,False,False,True
banglamath_0558,banglamath,math,,seven,short_answer,human_reviewed_banglish_v5,minor_edit,10,2,0,0.2,0.0,0.2,2.0,q2,q1,Qwen3-4B,False,False,False,False,False,True
banglamath_1695,banglamath,math,,Eight,short_answer,auto_romanized_unverified_v4,unreviewed,22,6,1,0.2727,0.0455,0.2727,2.0,q2,q1,Qwen2.5-3B,False,False,False,False,False,True
banglamath_1695,banglamath,math,,Eight,short_answer,auto_romanized_unverified_v4,unreviewed,22,6,1,0.2727,0.0455,0.2727,2.0,q2,q1,Qwen2.5-7B,False,False,False,False,False,True
banglamath_1695,banglamath,math,,Eight,short_answer,auto_romanized_unverified_v4,unreviewed,22,6,1,0.2727,0.0455,0.2727,2.0,q2,q1,Qwen3-4B,False,False,False,False,False,True
benqa_10th-Math_0044,benqa,math,Math,10th,mcq,human_reviewed_banglish_v5,minor_edit,6,2,1,0.3333,0.1667,1.0,4.0,q4,q4,Qwen2.5-3B,True,False,True,True,True,False
benqa_10th-Math_0044,benqa,math,Math,10th,mcq,human_reviewed_banglish_v5,minor_edit,6,2,1,0.3333,0.1667,1.0,4.0,q4,q4,Qwen2.5-7B,True,False,True,True,True,False
benqa_10th-Math_0044,benqa,math,Math,10th,mcq,human_reviewed_banglish_v5,minor_edit,6,2,1,0.3333,0.1667,1.0,4.0,q4,q4,Qwen3-4B,True,False,True,True,True,False
