id,dataset,task_type,domain,quality_status,comparison,comparison_role,left_variant,right_variant,left_option_labels,right_option_labels,option_labels_preserved,left_digit_sequence,right_digit_sequence,digit_sequence_preserved,left_formula_tokens,right_formula_tokens,formula_tokens_preserved,left_answer_instruction,right_answer_instruction,answer_instruction_preserved,structural_mismatch,primary_pair_hard_fail,diagnostic_warning,mismatch_codes,left_preview,right_preview
benqa_12th-Biology-I_0265,benqa,mcq,biology-i,human_reviewed_banglish_v5,bangla_vs_banglish,primary,bangla,banglish_clean,A B C D,A B C D,True,9,9,True,,,True,mcq_letters,mcq_letters,True,False,False,False,,"মি. 'ক' ব্যবহারিক ক্লাসে একটি নমুনার পর্যবেক্ষণ করে দেখলো মেটাজাইলেম কেন্দ্রের দিকে, ভাস্কুলার বান্ডল ৯টি এবং কিছু এককোষী রোম আছে। পর্যবেক্ষিত বৈশিষ্ট্যগুলো কীভাবে উদ্ভিদকে বাঁচিয়ে","mi. 'k' byoboharik klase ekti nomunar poryobekshon kore dekholo metajailem kendrer dike, bhaskular bandol 9ti ebong kichhu ekokoshi rom ache. poryobekshit boishishtyogulo kibhabe u"
benqa_12th-Biology-I_0265,benqa,mcq,biology-i,human_reviewed_banglish_v5,bangla_vs_english,diagnostic,bangla,english,A B C D,A B C D,True,9,9,True,,,True,mcq_letters,mcq_letters,True,False,False,False,,"মি. 'ক' ব্যবহারিক ক্লাসে একটি নমুনার পর্যবেক্ষণ করে দেখলো মেটাজাইলেম কেন্দ্রের দিকে, ভাস্কুলার বান্ডল ৯টি এবং কিছু এককোষী রোম আছে। পর্যবেক্ষিত বৈশিষ্ট্যগুলো কীভাবে উদ্ভিদকে বাঁচিয়ে","Mr. 'X' observed a transverse section of a sample and noticed that metaxylem is present towards the center, 9 (nine) vascular bundles and there are some unicellular hairs. How does"
benqa_12th-Biology-I_0265,benqa,mcq,biology-i,human_reviewed_banglish_v5,banglish_vs_english,diagnostic,banglish_clean,english,A B C D,A B C D,True,9,9,True,,,True,mcq_letters,mcq_letters,True,False,False,False,,"mi. 'k' byoboharik klase ekti nomunar poryobekshon kore dekholo metajailem kendrer dike, bhaskular bandol 9ti ebong kichhu ekokoshi rom ache. poryobekshit boishishtyogulo kibhabe u","Mr. 'X' observed a transverse section of a sample and noticed that metaxylem is present towards the center, 9 (nine) vascular bundles and there are some unicellular hairs. How does"
benqa_12th-Chemistry-II_0240,benqa,mcq,chemistry-ii,auto_romanized_unverified_v4,bangla_vs_banglish,primary,bangla,banglish_clean,A B C D,A B C D,True,3 2 2 3,3 2 2 3,True,CH_{2} CH_{2} CH_{3} CH_{3} COONa CO_{3} CaO NaOH Na_{2}CO_{3} \Delta \xrightarrow,CH_{2} CH_{2} CH_{3} CH_{3} COONa CO_{3} CaO NaOH Na_{2}CO_{3} \Delta \xrightarrow,True,mcq_letters,mcq_letters,True,False,False,False,,CH_{3} - CH_{2} - COONa + NaOH \xrightarrow[\Delta]{CaO} A + Na_{2}CO_{3} উদ্দীপকের বিক্রিয়াটি কী নামে পরিচিত? A. উর্টজ বিক্রিয়া B. ডি-কার্বোক্সিলেশন বিক্রিয়া C. উর্টজ ফিটিগ বিক্রি,CH_{3} - CH_{2} - COONa + NaOH \xrightarrow[\Delta]{CaO} A + Na_{2}CO_{3} uddipoker bikriyati ki name porichit? A. urtoj bikriya B. di-karboksileshon bikriya C. urtoj fitig bikriya
benqa_12th-Chemistry-II_0240,benqa,mcq,chemistry-ii,auto_romanized_unverified_v4,bangla_vs_english,diagnostic,bangla,english,A B C D,A B C D,True,3 2 2 3,3 2 2 3,True,CH_{2} CH_{2} CH_{3} CH_{3} COONa CO_{3} CaO NaOH Na_{2}CO_{3} \Delta \xrightarrow,CH_{2} CH_{2} CH_{3} CH_{3} COONa CO_{3} CaO NaOH Na_{2}CO_{3} \Delta \xrightarrow,True,mcq_letters,mcq_letters,True,False,False,False,,CH_{3} - CH_{2} - COONa + NaOH \xrightarrow[\Delta]{CaO} A + Na_{2}CO_{3} উদ্দীপকের বিক্রিয়াটি কী নামে পরিচিত? A. উর্টজ বিক্রিয়া B. ডি-কার্বোক্সিলেশন বিক্রিয়া C. উর্টজ ফিটিগ বিক্রি,CH_{3}-CH_{2}-COONa+NaOH\xrightarrow[\Delta]{CaO}A+Na_{2}CO_{3} What is the name of the chemical reaction of the stem? A. Wurtz reaction B. Decarboxylation reaction C. Wurtz-fitig 
benqa_12th-Chemistry-II_0240,benqa,mcq,chemistry-ii,auto_romanized_unverified_v4,banglish_vs_english,diagnostic,banglish_clean,english,A B C D,A B C D,True,3 2 2 3,3 2 2 3,True,CH_{2} CH_{2} CH_{3} CH_{3} COONa CO_{3} CaO NaOH Na_{2}CO_{3} \Delta \xrightarrow,CH_{2} CH_{2} CH_{3} CH_{3} COONa CO_{3} CaO NaOH Na_{2}CO_{3} \Delta \xrightarrow,True,mcq_letters,mcq_letters,True,False,False,False,,CH_{3} - CH_{2} - COONa + NaOH \xrightarrow[\Delta]{CaO} A + Na_{2}CO_{3} uddipoker bikriyati ki name porichit? A. urtoj bikriya B. di-karboksileshon bikriya C. urtoj fitig bikriya,CH_{3}-CH_{2}-COONa+NaOH\xrightarrow[\Delta]{CaO}A+Na_{2}CO_{3} What is the name of the chemical reaction of the stem? A. Wurtz reaction B. Decarboxylation reaction C. Wurtz-fitig 
benqa_10th-Chemistry_0111,benqa,mcq,chemistry,auto_romanized_unverified_v4,bangla_vs_banglish,primary,bangla,banglish_clean,A B C D,A B C D,True,1 2 2 2 2 2 1 3 5 13,1 2 2 2 2 2 1 3 5 13,True,1s^{2} 2p^{2} 2s^{2},1s^{2} 2p^{2} 2s^{2},True,mcq_letters,mcq_letters,True,False,False,False,,"1s^{2}2s^{2}2p^{2} ইলেকট্রন বিন্যাসবিশিষ্ট মৌলটি পর্যায় সারণির কোন গ্রুপে অবস্থিত? A. গ্রুপ-১ B. গ্রুপ-৩ C. গ্রুপ-৫ D. গ্রুপ-১৩ Answer with only A, B, C, or D.","1s^{2}2s^{2}2p^{2} ilekotron binyasobishisht mouloti poryay saronir kon grupe obosthit? A. grup-1 B. grup-3 C. grup-5 D. grup-13 Answer with only A, B, C, or D."
benqa_10th-Chemistry_0111,benqa,mcq,chemistry,auto_romanized_unverified_v4,bangla_vs_english,diagnostic,bangla,english,A B C D,A B C D,True,1 2 2 2 2 2 1 3 5 13,1 2 2 2 2 1 1 3 5 13,False,1s^{2} 2p^{2} 2s^{2},1s^{2} 2p^{1} 2s^{2},False,mcq_letters,mcq_letters,True,True,False,True,digits formulas,"1s^{2}2s^{2}2p^{2} ইলেকট্রন বিন্যাসবিশিষ্ট মৌলটি পর্যায় সারণির কোন গ্রুপে অবস্থিত? A. গ্রুপ-১ B. গ্রুপ-৩ C. গ্রুপ-৫ D. গ্রুপ-১৩ Answer with only A, B, C, or D.","In which group element having electronic configuration like 1s^{2}2s^{2}2p^{1} is present in periodic table? A. Group-1 B. Group-3 C. Group-5 D. Group-13 Answer with only A, B, C, "
benqa_10th-Chemistry_0111,benqa,mcq,chemistry,auto_romanized_unverified_v4,banglish_vs_english,diagnostic,banglish_clean,english,A B C D,A B C D,True,1 2 2 2 2 2 1 3 5 13,1 2 2 2 2 1 1 3 5 13,False,1s^{2} 2p^{2} 2s^{2},1s^{2} 2p^{1} 2s^{2},False,mcq_letters,mcq_letters,True,True,False,True,digits formulas,"1s^{2}2s^{2}2p^{2} ilekotron binyasobishisht mouloti poryay saronir kon grupe obosthit? A. grup-1 B. grup-3 C. grup-5 D. grup-13 Answer with only A, B, C, or D.","In which group element having electronic configuration like 1s^{2}2s^{2}2p^{1} is present in periodic table? A. Group-1 B. Group-3 C. Group-5 D. Group-13 Answer with only A, B, C, "
benqa_10th-Math_0186,benqa,mcq,math,auto_romanized_unverified_v4,bangla_vs_banglish,primary,bangla,banglish_clean,A B C D,A B C D,True,2 1 4 4 3 2 1,2 1 4 4 3 2 1,True,,,True,mcq_letters,mcq_letters,True,False,False,False,,"2x + y = 1 ও x = - 4 সমীকরণদ্বয়ের সমাধান বিন্দু কোন চর্তুভাগে অবস্থিত? A. 4th B. 3rd C. 2nd D. 1st Answer with only A, B, C, or D.","2x + y = 1 o x = - 4 somikoronodboyer somadhan bindu kon chortubhage obosthit? A. 4th B. 3rd C. 2nd D. 1st Answer with only A, B, C, or D."
benqa_10th-Math_0186,benqa,mcq,math,auto_romanized_unverified_v4,bangla_vs_english,diagnostic,bangla,english,A B C D,A B C D,True,2 1 4 4 3 2 1,2 1 4 4 3 2 1,True,,,True,mcq_letters,mcq_letters,True,False,False,False,,"2x + y = 1 ও x = - 4 সমীকরণদ্বয়ের সমাধান বিন্দু কোন চর্তুভাগে অবস্থিত? A. 4th B. 3rd C. 2nd D. 1st Answer with only A, B, C, or D.","In which quadrant the solution of equation 2x + y = 1 and x = -4 is present? A. 4th B. 3rd C. 2nd D. 1st Answer with only A, B, C, or D."
benqa_10th-Math_0186,benqa,mcq,math,auto_romanized_unverified_v4,banglish_vs_english,diagnostic,banglish_clean,english,A B C D,A B C D,True,2 1 4 4 3 2 1,2 1 4 4 3 2 1,True,,,True,mcq_letters,mcq_letters,True,False,False,False,,"2x + y = 1 o x = - 4 somikoronodboyer somadhan bindu kon chortubhage obosthit? A. 4th B. 3rd C. 2nd D. 1st Answer with only A, B, C, or D.","In which quadrant the solution of equation 2x + y = 1 and x = -4 is present? A. 4th B. 3rd C. 2nd D. 1st Answer with only A, B, C, or D."
benqa_12th-Chemistry-II_0194,benqa,mcq,chemistry-ii,auto_romanized_unverified_v4,bangla_vs_banglish,primary,bangla,banglish_clean,A B C D,A B C D,True,,,True,,,True,mcq_letters,mcq_letters,True,False,False,False,,"সেমিকন্ডাক্টর হিসেবে ব্যবহৃত হয়- A. Ge B. Zn C. Cu D. Al Answer with only A, B, C, or D.","semikondaktor hisebe byobohrit hoy- A. Ge B. Zn C. Cu D. Al Answer with only A, B, C, or D."
benqa_12th-Chemistry-II_0194,benqa,mcq,chemistry-ii,auto_romanized_unverified_v4,bangla_vs_english,diagnostic,bangla,english,A B C D,A B C D,True,,,True,,,True,mcq_letters,mcq_letters,True,False,False,False,,"সেমিকন্ডাক্টর হিসেবে ব্যবহৃত হয়- A. Ge B. Zn C. Cu D. Al Answer with only A, B, C, or D.","Used as semiconductor is- A. Ge B. Zn C. Cu D. Al Answer with only A, B, C, or D."
benqa_12th-Chemistry-II_0194,benqa,mcq,chemistry-ii,auto_romanized_unverified_v4,banglish_vs_english,diagnostic,banglish_clean,english,A B C D,A B C D,True,,,True,,,True,mcq_letters,mcq_letters,True,False,False,False,,"semikondaktor hisebe byobohrit hoy- A. Ge B. Zn C. Cu D. Al Answer with only A, B, C, or D.","Used as semiconductor is- A. Ge B. Zn C. Cu D. Al Answer with only A, B, C, or D."
banglamath_0234,banglamath,short_answer,math,human_reviewed_banglish_v5,bangla_vs_banglish,primary,bangla,banglish_clean,,,True,10 15,10 15,True,,,True,final_answer,final_answer,True,False,False,False,,একটি কাজ ক ১০ দিনে ও খ ১৫ দিনে করলে তারা একত্রে কত দিনে করবে Return only the final answer.,ekti kaj k 10 dine o kh 15 dine korle tara ekotre koto dine korbe Return only the final answer.
banglamath_0234,banglamath,short_answer,math,human_reviewed_banglish_v5,bangla_vs_english,diagnostic,bangla,english,,,True,10 15,10 15,True,,,True,final_answer,final_answer,True,False,False,False,,একটি কাজ ক ১০ দিনে ও খ ১৫ দিনে করলে তারা একত্রে কত দিনে করবে Return only the final answer.,"If A can do a job in 10 days and B in 15 days, how many days will they take together? Return only the final answer."
banglamath_0234,banglamath,short_answer,math,human_reviewed_banglish_v5,banglish_vs_english,diagnostic,banglish_clean,english,,,True,10 15,10 15,True,,,True,final_answer,final_answer,True,False,False,False,,ekti kaj k 10 dine o kh 15 dine korle tara ekotre koto dine korbe Return only the final answer.,"If A can do a job in 10 days and B in 15 days, how many days will they take together? Return only the final answer."
benqa_12th-Chemistry-II_0054,benqa,mcq,chemistry-ii,auto_romanized_unverified_v4,bangla_vs_banglish,primary,bangla,banglish_clean,A B C D,A B C D,True,2 2,2 2,True,CHO CONH_{2} CONH_{2} COX NH_{2} NH_{2} \text \text \text \text,CHO CONH_{2} CONH_{2} COX NH_{2} NH_{2} \text \text \text \text,True,mcq_letters,mcq_letters,True,False,False,False,,"অ্যামাইডের কার্যকরী মূলক হলো- A. \text{-CONH_{2}} B. \text{-COX} C. \text{-CHO} D. \text{-NH_{2}} Answer with only A, B, C, or D.","amaider karyokori mulok holo- A. \text{-CONH_{2}} B. \text{-COX} C. \text{-CHO} D. \text{-NH_{2}} Answer with only A, B, C, or D."
benqa_12th-Chemistry-II_0054,benqa,mcq,chemistry-ii,auto_romanized_unverified_v4,bangla_vs_english,diagnostic,bangla,english,A B C D,A B C D,True,2 2,2 2,True,CHO CONH_{2} CONH_{2} COX NH_{2} NH_{2} \text \text \text \text,CHO CONH_{2} CONH_{2} COX NH_{2} NH_{2},False,mcq_letters,mcq_letters,True,True,False,True,formulas,"অ্যামাইডের কার্যকরী মূলক হলো- A. \text{-CONH_{2}} B. \text{-COX} C. \text{-CHO} D. \text{-NH_{2}} Answer with only A, B, C, or D.","The functional group of amide is- A. - CONH_{2} B. - COX C. - CHO D. - NH_{2} Answer with only A, B, C, or D."
benqa_12th-Chemistry-II_0054,benqa,mcq,chemistry-ii,auto_romanized_unverified_v4,banglish_vs_english,diagnostic,banglish_clean,english,A B C D,A B C D,True,2 2,2 2,True,CHO CONH_{2} CONH_{2} COX NH_{2} NH_{2} \text \text \text \text,CHO CONH_{2} CONH_{2} COX NH_{2} NH_{2},False,mcq_letters,mcq_letters,True,True,False,True,formulas,"amaider karyokori mulok holo- A. \text{-CONH_{2}} B. \text{-COX} C. \text{-CHO} D. \text{-NH_{2}} Answer with only A, B, C, or D.","The functional group of amide is- A. - CONH_{2} B. - COX C. - CHO D. - NH_{2} Answer with only A, B, C, or D."
banglamath_0522,banglamath,short_answer,math,human_reviewed_banglish_v5,bangla_vs_banglish,primary,bangla,banglish_clean,,,True,2,2,True,,,True,final_answer,final_answer,True,False,False,False,,জমির ভিতরে ২ মিটার চওড়া রাস্তা থাকলে রাস্তাবাদে জমির ক্ষেত্রফল কত Return only the final answer.,jomir bhitore 2 mitar chowra rasta thakle rastabade jomir khetrofol koto Return only the final answer.
banglamath_0522,banglamath,short_answer,math,human_reviewed_banglish_v5,bangla_vs_english,diagnostic,bangla,english,,,True,2,2,True,,,True,final_answer,final_answer,True,False,False,False,,জমির ভিতরে ২ মিটার চওড়া রাস্তা থাকলে রাস্তাবাদে জমির ক্ষেত্রফল কত Return only the final answer.,"If there is a 2-meter-wide path inside the land, what is the area of the land including the path? Return only the final answer."
banglamath_0522,banglamath,short_answer,math,human_reviewed_banglish_v5,banglish_vs_english,diagnostic,banglish_clean,english,,,True,2,2,True,,,True,final_answer,final_answer,True,False,False,False,,jomir bhitore 2 mitar chowra rasta thakle rastabade jomir khetrofol koto Return only the final answer.,"If there is a 2-meter-wide path inside the land, what is the area of the land including the path? Return only the final answer."
benqa_12th-Math-II_0234,benqa,mcq,math-ii,auto_romanized_unverified_v4,bangla_vs_banglish,primary,bangla,banglish_clean,A B C D,A B C D,True,2 4 3 0 1 1 4 3 3 4 4 3 3 4,2 4 3 0 1 1 4 3 3 4 4 3 3 4,True,\alpha \alpha \beta \beta \frac \frac \frac \frac \frac x^{2},\alpha \alpha \beta \beta \frac \frac \frac \frac \frac x^{2},True,mcq_letters,mcq_letters,True,False,False,False,,যদি x^{2} - 4x + 3 = 0 সমীকরণের মূলদ্বয় \alpha এবং \beta হয় তবে \frac{1}{\alpha} + frac{1}{\beta} এর মান- A. \frac{4}{3} B. \frac{3}{4} C. \frac-4}{3} D. \frac{-3}{4} Answer with o,jodi x^{2} - 4x + 3 = 0 somikoroner mulodboy \alpha ebong \beta hoy tobe \frac{1}{\alpha} + frac{1}{\beta} er man- A. \frac{4}{3} B. \frac{3}{4} C. \frac-4}{3} D. \frac{-3}{4} Answ
benqa_12th-Math-II_0234,benqa,mcq,math-ii,auto_romanized_unverified_v4,bangla_vs_english,diagnostic,bangla,english,A B C D,A B C D,True,2 4 3 0 1 1 4 3 3 4 4 3 3 4,2 4 3 0 1 1 4 3 3 4 4 3 3 4,True,\alpha \alpha \beta \beta \frac \frac \frac \frac \frac x^{2},\alpha \alpha \beta \beta \frac \frac \frac \frac \frac x^{2},True,mcq_letters,mcq_letters,True,False,False,False,,যদি x^{2} - 4x + 3 = 0 সমীকরণের মূলদ্বয় \alpha এবং \beta হয় তবে \frac{1}{\alpha} + frac{1}{\beta} এর মান- A. \frac{4}{3} B. \frac{3}{4} C. \frac-4}{3} D. \frac{-3}{4} Answer with o,If the roots of the equation x^{2} - 4x + 3 = 0 are \alpha and \beta then the value of \frac{1}{\alpha} + frac{1}{\beta} is- A. \frac{4}{3} B. \frac{3}{4} C. \frac{-4}{3} D. \frac{
benqa_12th-Math-II_0234,benqa,mcq,math-ii,auto_romanized_unverified_v4,banglish_vs_english,diagnostic,banglish_clean,english,A B C D,A B C D,True,2 4 3 0 1 1 4 3 3 4 4 3 3 4,2 4 3 0 1 1 4 3 3 4 4 3 3 4,True,\alpha \alpha \beta \beta \frac \frac \frac \frac \frac x^{2},\alpha \alpha \beta \beta \frac \frac \frac \frac \frac x^{2},True,mcq_letters,mcq_letters,True,False,False,False,,jodi x^{2} - 4x + 3 = 0 somikoroner mulodboy \alpha ebong \beta hoy tobe \frac{1}{\alpha} + frac{1}{\beta} er man- A. \frac{4}{3} B. \frac{3}{4} C. \frac-4}{3} D. \frac{-3}{4} Answ,If the roots of the equation x^{2} - 4x + 3 = 0 are \alpha and \beta then the value of \frac{1}{\alpha} + frac{1}{\beta} is- A. \frac{4}{3} B. \frac{3}{4} C. \frac{-4}{3} D. \frac{
benqa_10th-Math_0271,benqa,mcq,math,human_reviewed_banglish_v5,bangla_vs_banglish,primary,bangla,banglish_clean,A B C D,A B C D,True,30 60 40 50 45 45 50 30,30 60 40 50 45 45 50 30,True,\degree \degree \degree \degree \degree \degree \degree \degree,\degree \degree \degree \degree \degree \degree \degree \degree,True,mcq_letters,mcq_letters,True,False,False,False,,স্থূলকোণী ত্রিভুজের স্থূলকোণ ছাড়া বাকি কোণ দুটি কত হলে ত্রিভুজ অংকন সম্ভব? A. 30\degree ও 60\degree B. 40\degree ও 50\degree C. 45\degree ও 45\degree D. 50\degree ও 30\degree Answe,sthulokoni tribhujer sthulokon chhara baki kon duti koto hole tribhuj ongkon sombhob? A. 30\degree o 60\degree B. 40\degree o 50\degree C. 45\degree o 45\degree D. 50\degree o 30\d
benqa_10th-Math_0271,benqa,mcq,math,human_reviewed_banglish_v5,bangla_vs_english,diagnostic,bangla,english,A B C D,A B C D,True,30 60 40 50 45 45 50 30,30 60 40 50 45 45 50 30,True,\degree \degree \degree \degree \degree \degree \degree \degree,\degree \degree \degree \degree \degree \degree \degree \degree,True,mcq_letters,mcq_letters,True,False,False,False,,স্থূলকোণী ত্রিভুজের স্থূলকোণ ছাড়া বাকি কোণ দুটি কত হলে ত্রিভুজ অংকন সম্ভব? A. 30\degree ও 60\degree B. 40\degree ও 50\degree C. 45\degree ও 45\degree D. 50\degree ও 30\degree Answe,To draw a triangle which is the value of rest two angles except obtuse angle of obtuse angle triangle? A. 30\degree and 60\degree B. 40\degree and 50\degree C. 45\degree and 45\deg
benqa_10th-Math_0271,benqa,mcq,math,human_reviewed_banglish_v5,banglish_vs_english,diagnostic,banglish_clean,english,A B C D,A B C D,True,30 60 40 50 45 45 50 30,30 60 40 50 45 45 50 30,True,\degree \degree \degree \degree \degree \degree \degree \degree,\degree \degree \degree \degree \degree \degree \degree \degree,True,mcq_letters,mcq_letters,True,False,False,False,,sthulokoni tribhujer sthulokon chhara baki kon duti koto hole tribhuj ongkon sombhob? A. 30\degree o 60\degree B. 40\degree o 50\degree C. 45\degree o 45\degree D. 50\degree o 30\d,To draw a triangle which is the value of rest two angles except obtuse angle of obtuse angle triangle? A. 30\degree and 60\degree B. 40\degree and 50\degree C. 45\degree and 45\deg
benqa_10th-Physics_0045,benqa,mcq,physics,human_reviewed_banglish_v5,bangla_vs_banglish,primary,bangla,banglish_clean,A B C D,A B C D,True,,,True,,,True,mcq_letters,mcq_letters,True,False,False,False,,"কোন নির্দিষ্ট ভরের কোনো বস্তুর বেগ দ্বিগুন করলে গতিশক্তি কত গুন হবে? A. চারগুন B. দ্বিগুন C. অর্ধেক D. সমান Answer with only A, B, C, or D.","kon nirdisht bhorer kono bostur beg dwigun korle gotishokti koto gun hobe? A. charogun B. dwigun C. ordhek D. soman Answer with only A, B, C, or D."
benqa_10th-Physics_0045,benqa,mcq,physics,human_reviewed_banglish_v5,bangla_vs_english,diagnostic,bangla,english,A B C D,A B C D,True,,,True,,,True,mcq_letters,mcq_letters,True,False,False,False,,"কোন নির্দিষ্ট ভরের কোনো বস্তুর বেগ দ্বিগুন করলে গতিশক্তি কত গুন হবে? A. চারগুন B. দ্বিগুন C. অর্ধেক D. সমান Answer with only A, B, C, or D.","How many times the kinetic energy of a definite mass when it's velocity replaced by twice time? A. Four time B. Twice time C. Half D. Equal Answer with only A, B, C, or D."
benqa_10th-Physics_0045,benqa,mcq,physics,human_reviewed_banglish_v5,banglish_vs_english,diagnostic,banglish_clean,english,A B C D,A B C D,True,,,True,,,True,mcq_letters,mcq_letters,True,False,False,False,,"kon nirdisht bhorer kono bostur beg dwigun korle gotishokti koto gun hobe? A. charogun B. dwigun C. ordhek D. soman Answer with only A, B, C, or D.","How many times the kinetic energy of a definite mass when it's velocity replaced by twice time? A. Four time B. Twice time C. Half D. Equal Answer with only A, B, C, or D."
benqa_8th-Science_0086,benqa,mcq,science,auto_romanized_unverified_v4,bangla_vs_banglish,primary,bangla,banglish_clean,A B C D,A B C D,True,,,True,,,True,mcq_letters,mcq_letters,True,False,False,False,,"কোনটির প্রজনন অফসেটের মাধ্যমে হয়? A. টোপাপানা B. পুদিনা C. পিঁয়াজ D. পেয়ারা Answer with only A, B, C, or D.","konotir projonon ofoseter madhyome hoy? A. topapana B. pudina C. pinyaj D. peyara Answer with only A, B, C, or D."
benqa_8th-Science_0086,benqa,mcq,science,auto_romanized_unverified_v4,bangla_vs_english,diagnostic,bangla,english,A B C D,A B C D,True,,,True,,,True,mcq_letters,mcq_letters,True,False,False,False,,"কোনটির প্রজনন অফসেটের মাধ্যমে হয়? A. টোপাপানা B. পুদিনা C. পিঁয়াজ D. পেয়ারা Answer with only A, B, C, or D.","The reproduction of which occurs through offset? A. Spirodela B. Minite C. Onion D. Guava Answer with only A, B, C, or D."
benqa_8th-Science_0086,benqa,mcq,science,auto_romanized_unverified_v4,banglish_vs_english,diagnostic,banglish_clean,english,A B C D,A B C D,True,,,True,,,True,mcq_letters,mcq_letters,True,False,False,False,,"konotir projonon ofoseter madhyome hoy? A. topapana B. pudina C. pinyaj D. peyara Answer with only A, B, C, or D.","The reproduction of which occurs through offset? A. Spirodela B. Minite C. Onion D. Guava Answer with only A, B, C, or D."
benqa_10th-Math-II_0139,benqa,mcq,math-ii,human_reviewed_banglish_v5,bangla_vs_banglish,primary,bangla,banglish_clean,A B C D,A B C D,True,1 2 1 10 1 30 10 1 1010 1 1100 1 11000 1 10010,1 2 1 10 1 30 10 1 1010 1 1100 1 11000 1 10010,True,\frac \frac \frac \frac \frac \frac \frac,\frac \frac \frac \frac \frac \frac \frac,True,mcq_letters,mcq_letters,True,False,False,False,,"\frac{1}{2},\frac{1}{10},\frac{1}{30}, ..... অনুক্রমটির 10 তম পদ কত? A. \frac{1}{1010} B. \frac{1}{1100} C. \frac{1}{11000} D. \frac{1}{10010} Answer with only A, B, C, or D.","\frac{1}{2},\frac{1}{10},\frac{1}{30}, ..... onukromtir 10 tom pod koto? A. \frac{1}{1010} B. \frac{1}{1100} C. \frac{1}{11000} D. \frac{1}{10010} Answer with only A, B, C, or D."
benqa_10th-Math-II_0139,benqa,mcq,math-ii,human_reviewed_banglish_v5,bangla_vs_english,diagnostic,bangla,english,A B C D,A B C D,True,1 2 1 10 1 30 10 1 1010 1 1100 1 11000 1 10010,1 2 1 10 1 30 10 1 1010 1 1100 1 11000 1 10010,True,\frac \frac \frac \frac \frac \frac \frac,10^{th} \cdots \frac \frac \frac \frac \frac \frac \frac,False,mcq_letters,mcq_letters,True,True,False,True,formulas,"\frac{1}{2},\frac{1}{10},\frac{1}{30}, ..... অনুক্রমটির 10 তম পদ কত? A. \frac{1}{1010} B. \frac{1}{1100} C. \frac{1}{11000} D. \frac{1}{10010} Answer with only A, B, C, or D.","\frac{1}{2},\frac{1}{10},\frac{1}{30}\cdots What is the 10^{th} term of the sequence? A. \frac{1}{1010} B. \frac{1}{1100} C. \frac{1}{11000} D. \frac{1}{10010} Answer with only A, "
benqa_10th-Math-II_0139,benqa,mcq,math-ii,human_reviewed_banglish_v5,banglish_vs_english,diagnostic,banglish_clean,english,A B C D,A B C D,True,1 2 1 10 1 30 10 1 1010 1 1100 1 11000 1 10010,1 2 1 10 1 30 10 1 1010 1 1100 1 11000 1 10010,True,\frac \frac \frac \frac \frac \frac \frac,10^{th} \cdots \frac \frac \frac \frac \frac \frac \frac,False,mcq_letters,mcq_letters,True,True,False,True,formulas,"\frac{1}{2},\frac{1}{10},\frac{1}{30}, ..... onukromtir 10 tom pod koto? A. \frac{1}{1010} B. \frac{1}{1100} C. \frac{1}{11000} D. \frac{1}{10010} Answer with only A, B, C, or D.","\frac{1}{2},\frac{1}{10},\frac{1}{30}\cdots What is the 10^{th} term of the sequence? A. \frac{1}{1010} B. \frac{1}{1100} C. \frac{1}{11000} D. \frac{1}{10010} Answer with only A, "
benqa_12th-Biology-II_0325,benqa,mcq,biology-ii,auto_romanized_unverified_v4,bangla_vs_banglish,primary,bangla,banglish_clean,A B C D,A B C D,True,,,True,,,True,mcq_letters,mcq_letters,True,False,False,False,,"রুই মাছের শ্রেণি পাখনায় রক্ত পরিবহন করে নিচের কোন ধমনি? A. ইলিয়াক B. প্যারাইল C. সিলিয়াকো-মেসেন্টারিক D. সাবক্লাভিয়ান Answer with only A, B, C, or D.","rui machher shreni pakhonay rokt poribohon kore nicher kon dhomoni? A. iliyak B. pyarail C. siliyako-mesentarik D. saboklabhiyan Answer with only A, B, C, or D."
benqa_12th-Biology-II_0325,benqa,mcq,biology-ii,auto_romanized_unverified_v4,bangla_vs_english,diagnostic,bangla,english,A B C D,A B C D,True,,,True,,,True,mcq_letters,mcq_letters,True,False,False,False,,"রুই মাছের শ্রেণি পাখনায় রক্ত পরিবহন করে নিচের কোন ধমনি? A. ইলিয়াক B. প্যারাইল C. সিলিয়াকো-মেসেন্টারিক D. সাবক্লাভিয়ান Answer with only A, B, C, or D.","Which artery of the below transmits blood in Ruie fishe's pelvic fin? A. Iliac B. parietal C. Coeliaco-mesenteric D. Subclavian Answer with only A, B, C, or D."
benqa_12th-Biology-II_0325,benqa,mcq,biology-ii,auto_romanized_unverified_v4,banglish_vs_english,diagnostic,banglish_clean,english,A B C D,A B C D,True,,,True,,,True,mcq_letters,mcq_letters,True,False,False,False,,"rui machher shreni pakhonay rokt poribohon kore nicher kon dhomoni? A. iliyak B. pyarail C. siliyako-mesentarik D. saboklabhiyan Answer with only A, B, C, or D.","Which artery of the below transmits blood in Ruie fishe's pelvic fin? A. Iliac B. parietal C. Coeliaco-mesenteric D. Subclavian Answer with only A, B, C, or D."
benqa_12th-Physics-I_0289,benqa,mcq,physics-i,human_reviewed_banglish_v5,bangla_vs_banglish,primary,bangla,banglish_clean,A B C D,A B C D,True,30 90 300 436 636,30 90 300 436 636,True,300^{\circ} 30^{\circ} 436^{\circ} 636^{\circ} 90^{\circ} \circ \circ \circ \circ \circ,300^{\circ} 30^{\circ} 436^{\circ} 636^{\circ} 90^{\circ} \circ \circ \circ \circ \circ,True,mcq_letters,mcq_letters,True,False,False,False,,30^{\circ}C তাপমাত্রায় একটি গ্যাসকে স্থিরচাপে উত্তপ্ত করে আয়তন তিনগুণ করা হলো। গ্যাসটির চূড়ান্ত তাপমাত্রা কত? A. 90^{\circ}C B. 300^{\circ}C C. 436^{\circ}C D. 636^{\circ}C Answer ,30^{\circ}C tapomatray ekti gyasoke sthirochape uttopt kore ayoton tinogun kora holo. gyasotir churant tapomatra koto? A. 90^{\circ}C B. 300^{\circ}C C. 436^{\circ}C D. 636^{\circ}
benqa_12th-Physics-I_0289,benqa,mcq,physics-i,human_reviewed_banglish_v5,bangla_vs_english,diagnostic,bangla,english,A B C D,A B C D,True,30 90 300 436 636,30 90 300 436 636,True,300^{\circ} 30^{\circ} 436^{\circ} 636^{\circ} 90^{\circ} \circ \circ \circ \circ \circ,\degree \degree \degree \degree \degree,False,mcq_letters,mcq_letters,True,True,False,True,formulas,30^{\circ}C তাপমাত্রায় একটি গ্যাসকে স্থিরচাপে উত্তপ্ত করে আয়তন তিনগুণ করা হলো। গ্যাসটির চূড়ান্ত তাপমাত্রা কত? A. 90^{\circ}C B. 300^{\circ}C C. 436^{\circ}C D. 636^{\circ}C Answer ,At 30\degree temperature a gas is heated at constant pressure to three time in volume. What is the final temperature of the gas? A. 90\degree C B. 300\degree C C. 436\degree C D. 6
benqa_12th-Physics-I_0289,benqa,mcq,physics-i,human_reviewed_banglish_v5,banglish_vs_english,diagnostic,banglish_clean,english,A B C D,A B C D,True,30 90 300 436 636,30 90 300 436 636,True,300^{\circ} 30^{\circ} 436^{\circ} 636^{\circ} 90^{\circ} \circ \circ \circ \circ \circ,\degree \degree \degree \degree \degree,False,mcq_letters,mcq_letters,True,True,False,True,formulas,30^{\circ}C tapomatray ekti gyasoke sthirochape uttopt kore ayoton tinogun kora holo. gyasotir churant tapomatra koto? A. 90^{\circ}C B. 300^{\circ}C C. 436^{\circ}C D. 636^{\circ},At 30\degree temperature a gas is heated at constant pressure to three time in volume. What is the final temperature of the gas? A. 90\degree C B. 300\degree C C. 436\degree C D. 6
banglamath_0541,banglamath,short_answer,math,human_reviewed_banglish_v5,bangla_vs_banglish,primary,bangla,banglish_clean,,,True,50 30 3,50 30 3,True,,,True,final_answer,final_answer,True,False,False,False,,একটি আয়তাকার বাগানের দৈর্ঘ্য ৫০ মি ও প্রস্থ ৩০ মি। এর ভিতরে ৩ মিটার চওড়া রাস্তা থাকলে রাস্তার ক্ষেত্রফল কত Return only the final answer.,ekti ayotokar baganer doirgho 50 mi o prostho 30 mi. er bhitore 3 mitar chowra rasta thakle rastar khetrofol koto Return only the final answer.
banglamath_0541,banglamath,short_answer,math,human_reviewed_banglish_v5,bangla_vs_english,diagnostic,bangla,english,,,True,50 30 3,50 30 3,True,,,True,final_answer,final_answer,True,False,False,False,,একটি আয়তাকার বাগানের দৈর্ঘ্য ৫০ মি ও প্রস্থ ৩০ মি। এর ভিতরে ৩ মিটার চওড়া রাস্তা থাকলে রাস্তার ক্ষেত্রফল কত Return only the final answer.,"A rectangular garden is 50m by 30m. If there’s a 3m wide path inside, what is the area of the path? Return only the final answer."
banglamath_0541,banglamath,short_answer,math,human_reviewed_banglish_v5,banglish_vs_english,diagnostic,banglish_clean,english,,,True,50 30 3,50 30 3,True,,,True,final_answer,final_answer,True,False,False,False,,ekti ayotokar baganer doirgho 50 mi o prostho 30 mi. er bhitore 3 mitar chowra rasta thakle rastar khetrofol koto Return only the final answer.,"A rectangular garden is 50m by 30m. If there’s a 3m wide path inside, what is the area of the path? Return only the final answer."
benqa_8th-Math_0190,benqa,mcq,math,human_reviewed_banglish_v5,bangla_vs_banglish,primary,bangla,banglish_clean,A B C D,A B C D,True,40 30 2.5 325 375 875 1575,40 30 2.5 325 375 875 1575,True,,,True,mcq_letters,mcq_letters,True,False,False,False,,একটি আয়তাকার পার্কের দৈর্ঘ্য 40 মিটার এবং প্রস্থ 30 মিটার। পার্কটির বাইরে চারদিকে 2.5 মিটার বিস্তৃত একটি রাস্তা আছে। রাস্তার ক্ষেত্রফল কত? A. 325 বর্গমিটার B. 375 বর্গমিটার C. 875 ,ekti ayotokar parker doirgho 40 mitar ebong prostho 30 mitar. parkotir baire charodike 2.5 mitar bistrit ekti rasta ache. rastar khetrofol koto? A. 325 borgomitar B. 375 borgomitar
benqa_8th-Math_0190,benqa,mcq,math,human_reviewed_banglish_v5,bangla_vs_english,diagnostic,bangla,english,A B C D,A B C D,True,40 30 2.5 325 375 875 1575,40 30 2.5 325 375 875 1575,True,,,True,mcq_letters,mcq_letters,True,False,False,False,,একটি আয়তাকার পার্কের দৈর্ঘ্য 40 মিটার এবং প্রস্থ 30 মিটার। পার্কটির বাইরে চারদিকে 2.5 মিটার বিস্তৃত একটি রাস্তা আছে। রাস্তার ক্ষেত্রফল কত? A. 325 বর্গমিটার B. 375 বর্গমিটার C. 875 ,The length of rectangular park is 40 metres and its breadth is 30 metres. There is a 2.5 metres wide road around outside. What is the area of the road? A. 325 sq.m B. 375 sq.m C. 8
benqa_8th-Math_0190,benqa,mcq,math,human_reviewed_banglish_v5,banglish_vs_english,diagnostic,banglish_clean,english,A B C D,A B C D,True,40 30 2.5 325 375 875 1575,40 30 2.5 325 375 875 1575,True,,,True,mcq_letters,mcq_letters,True,False,False,False,,ekti ayotokar parker doirgho 40 mitar ebong prostho 30 mitar. parkotir baire charodike 2.5 mitar bistrit ekti rasta ache. rastar khetrofol koto? A. 325 borgomitar B. 375 borgomitar,The length of rectangular park is 40 metres and its breadth is 30 metres. There is a 2.5 metres wide road around outside. What is the area of the road? A. 325 sq.m B. 375 sq.m C. 8
benqa_12th-Biology-I_0042,benqa,mcq,biology-i,human_reviewed_banglish_v5,bangla_vs_banglish,primary,bangla,banglish_clean,A B C D,A B C D,True,,,True,,,True,mcq_letters,mcq_letters,True,False,False,False,,সাইকাসের প্রধান মূল নষ্ট হওয়ার ফলে- i. অস্থানিক মূল সৃষ্টি হয় ii. Anabaena দ্বারা আক্রান্ত হয় iii. এর আকৃতি সামুদ্রিক প্রবালের মত হয় নিচের কোনটি সঠিক? A. i ও ii B. i ও iii C. ii ও ,saikaser prodhan mul nosht hooyar fole- i. osthanik mul srishti hoy ii. Anabaena dwara akrant hoy iii. er akriti samudrik probaler mot hoy nicher konti sothik? A. i o ii B. i o iii
benqa_12th-Biology-I_0042,benqa,mcq,biology-i,human_reviewed_banglish_v5,bangla_vs_english,diagnostic,bangla,english,A B C D,A B C D,True,,,True,,,True,mcq_letters,mcq_letters,True,False,False,False,,সাইকাসের প্রধান মূল নষ্ট হওয়ার ফলে- i. অস্থানিক মূল সৃষ্টি হয় ii. Anabaena দ্বারা আক্রান্ত হয় iii. এর আকৃতি সামুদ্রিক প্রবালের মত হয় নিচের কোনটি সঠিক? A. i ও ii B. i ও iii C. ii ও ,In case of damage of the ta root of cycas- i. produces adventitious roof ii. attached by anabaena iii. its shape is as like as sea coral Which one is correct? A. i and ii B. i and 
benqa_12th-Biology-I_0042,benqa,mcq,biology-i,human_reviewed_banglish_v5,banglish_vs_english,diagnostic,banglish_clean,english,A B C D,A B C D,True,,,True,,,True,mcq_letters,mcq_letters,True,False,False,False,,saikaser prodhan mul nosht hooyar fole- i. osthanik mul srishti hoy ii. Anabaena dwara akrant hoy iii. er akriti samudrik probaler mot hoy nicher konti sothik? A. i o ii B. i o iii,In case of damage of the ta root of cycas- i. produces adventitious roof ii. attached by anabaena iii. its shape is as like as sea coral Which one is correct? A. i and ii B. i and 
banglamath_0557,banglamath,short_answer,math,human_reviewed_banglish_v5,bangla_vs_banglish,primary,bangla,banglish_clean,,,True,120 31 4,120 31 4,True,31/4 31/4,31/4 31/4,True,final_answer,final_answer,True,False,False,False,,একটি বাগানের পরিসীমা ১২০ মিটার হলে চারদিকে বেড়া দিতে কত খরচ হবে যদি প্রতি মিটারে খরচ ৩১/৪ টাকা হয় Return only the final answer.,ekti baganer porisima 120 mitar hole charodike bera dite koto khoroch hobe jodi proti mitare khoroch 31/4 taka hoy Return only the final answer.
banglamath_0557,banglamath,short_answer,math,human_reviewed_banglish_v5,bangla_vs_english,diagnostic,bangla,english,,,True,120 31 4,120 3,False,31/4 31/4,,False,final_answer,final_answer,True,True,False,True,digits formulas,একটি বাগানের পরিসীমা ১২০ মিটার হলে চারদিকে বেড়া দিতে কত খরচ হবে যদি প্রতি মিটারে খরচ ৩১/৪ টাকা হয় Return only the final answer.,"If the perimeter of a garden is 120 meters and fencing costs 3¼ Taka per meter, what is the total fencing cost? Return only the final answer."
banglamath_0557,banglamath,short_answer,math,human_reviewed_banglish_v5,banglish_vs_english,diagnostic,banglish_clean,english,,,True,120 31 4,120 3,False,31/4 31/4,,False,final_answer,final_answer,True,True,False,True,digits formulas,ekti baganer porisima 120 mitar hole charodike bera dite koto khoroch hobe jodi proti mitare khoroch 31/4 taka hoy Return only the final answer.,"If the perimeter of a garden is 120 meters and fencing costs 3¼ Taka per meter, what is the total fencing cost? Return only the final answer."
benqa_12th-Biology-I_0218,benqa,mcq,biology-i,auto_romanized_unverified_v4,bangla_vs_banglish,primary,bangla,banglish_clean,A B C D,A B C D,True,,,True,,,True,mcq_letters,mcq_letters,True,False,False,False,,"গমের বৈজ্ঞানিক নাম কী? A. Oryza sativa B. Triticum aestivum C. Zea mays D. Bambusa tulda Answer with only A, B, C, or D.","gomer boigganik nam ki? A. Oryza sativa B. Triticum aestivum C. Zea mays D. Bambusa tulda Answer with only A, B, C, or D."
benqa_12th-Biology-I_0218,benqa,mcq,biology-i,auto_romanized_unverified_v4,bangla_vs_english,diagnostic,bangla,english,A B C D,A B C D,True,,,True,,,True,mcq_letters,mcq_letters,True,False,False,False,,"গমের বৈজ্ঞানিক নাম কী? A. Oryza sativa B. Triticum aestivum C. Zea mays D. Bambusa tulda Answer with only A, B, C, or D.","What is scientific name of wheat? A. Oryza sativa B. Triticum aestirum C. Zea mays D. Bambusa tulda Answer with only A, B, C, or D."
benqa_12th-Biology-I_0218,benqa,mcq,biology-i,auto_romanized_unverified_v4,banglish_vs_english,diagnostic,banglish_clean,english,A B C D,A B C D,True,,,True,,,True,mcq_letters,mcq_letters,True,False,False,False,,"gomer boigganik nam ki? A. Oryza sativa B. Triticum aestivum C. Zea mays D. Bambusa tulda Answer with only A, B, C, or D.","What is scientific name of wheat? A. Oryza sativa B. Triticum aestirum C. Zea mays D. Bambusa tulda Answer with only A, B, C, or D."
benqa_12th-Math-I_0342,benqa,mcq,math-i,auto_romanized_unverified_v4,bangla_vs_banglish,primary,bangla,banglish_clean,A B C D,A B C D,True,2 1 2 1 4 1 2 1 4 1 2 1 4 1 2 1 4,2 1 2 1 4 1 2 1 4 1 2 1 4 1 2 1 4,True,\frac \frac \frac \frac \frac \frac \frac \frac \left \left \left \left \right \right \right \right x^{2},\frac \frac \frac \frac \frac \frac \frac \frac \left \left \left \left \right \right \right \right x^{2},True,mcq_letters,mcq_letters,True,False,False,False,,"f(x) = x^{2} - x ফাংশনটির কোন বিন্দুতে অংকিত স্পর্শক x-অক্ষের সমান্তরাল? A. \left ( \frac{-1}{2}, \frac{-1}{4} \right ) B. \left ( \frac{-1}{2}, \frac{1}{4} \right ) C. \left ( \fr","f(x) = x^{2} - x fangshonotir kon bindute ongkit sporshok x-oksher somantoral? A. \left ( \frac{-1}{2}, \frac{-1}{4} \right ) B. \left ( \frac{-1}{2}, \frac{1}{4} \right ) C. \left"
benqa_12th-Math-I_0342,benqa,mcq,math-i,auto_romanized_unverified_v4,bangla_vs_english,diagnostic,bangla,english,A B C D,A B C D,True,2 1 2 1 4 1 2 1 4 1 2 1 4 1 2 1 4,2 1 2 1 4 1 2 1 4 1 2 1 4 1 2 1 4,True,\frac \frac \frac \frac \frac \frac \frac \frac \left \left \left \left \right \right \right \right x^{2},\frac \frac \frac \frac \frac \frac \frac \frac \left \left \left \left \right \right \right \right x^{2},True,mcq_letters,mcq_letters,True,False,False,False,,"f(x) = x^{2} - x ফাংশনটির কোন বিন্দুতে অংকিত স্পর্শক x-অক্ষের সমান্তরাল? A. \left ( \frac{-1}{2}, \frac{-1}{4} \right ) B. \left ( \frac{-1}{2}, \frac{1}{4} \right ) C. \left ( \fr","f(x) = x^{2} - x At which point the tangent will be parallel to x-axis for the function? A. \left ( \frac{-1}{2}, \frac{-1}{4} \right ) B. \left ( \frac{-1}{2}, \frac{1}{4} \right "
benqa_12th-Math-I_0342,benqa,mcq,math-i,auto_romanized_unverified_v4,banglish_vs_english,diagnostic,banglish_clean,english,A B C D,A B C D,True,2 1 2 1 4 1 2 1 4 1 2 1 4 1 2 1 4,2 1 2 1 4 1 2 1 4 1 2 1 4 1 2 1 4,True,\frac \frac \frac \frac \frac \frac \frac \frac \left \left \left \left \right \right \right \right x^{2},\frac \frac \frac \frac \frac \frac \frac \frac \left \left \left \left \right \right \right \right x^{2},True,mcq_letters,mcq_letters,True,False,False,False,,"f(x) = x^{2} - x fangshonotir kon bindute ongkit sporshok x-oksher somantoral? A. \left ( \frac{-1}{2}, \frac{-1}{4} \right ) B. \left ( \frac{-1}{2}, \frac{1}{4} \right ) C. \left","f(x) = x^{2} - x At which point the tangent will be parallel to x-axis for the function? A. \left ( \frac{-1}{2}, \frac{-1}{4} \right ) B. \left ( \frac{-1}{2}, \frac{1}{4} \right "
banglamath_0236,banglamath,short_answer,math,human_reviewed_banglish_v5,bangla_vs_banglish,primary,bangla,banglish_clean,,,True,10 60 2,10 60 2,True,,,True,final_answer,final_answer,True,False,False,False,,১০টি বলপেনের দাম ৬০ টাকা হলে ২টি বলপেনের দাম কত Return only the final answer.,10ti bolopener dam 60 taka hole 2ti bolopener dam koto Return only the final answer.
banglamath_0236,banglamath,short_answer,math,human_reviewed_banglish_v5,bangla_vs_english,diagnostic,bangla,english,,,True,10 60 2,10 60 2,True,,,True,final_answer,final_answer,True,False,False,False,,১০টি বলপেনের দাম ৬০ টাকা হলে ২টি বলপেনের দাম কত Return only the final answer.,"If 10 pens cost 60 Taka, what is the cost of 2 pens? Return only the final answer."
banglamath_0236,banglamath,short_answer,math,human_reviewed_banglish_v5,banglish_vs_english,diagnostic,banglish_clean,english,,,True,10 60 2,10 60 2,True,,,True,final_answer,final_answer,True,False,False,False,,10ti bolopener dam 60 taka hole 2ti bolopener dam koto Return only the final answer.,"If 10 pens cost 60 Taka, what is the cost of 2 pens? Return only the final answer."
benqa_12th-Biology-II_0122,benqa,mcq,biology-ii,human_reviewed_banglish_v5,bangla_vs_banglish,primary,bangla,banglish_clean,A B C D,A B C D,True,0.7 0.5 0.3 0.1,0.7 0.5 0.3 0.1,True,,,True,mcq_letters,mcq_letters,True,False,False,False,,"হৃৎপিন্ডের অলিন্দের ডায়াস্টোলের সময়কাল কত সেকেন্ড? A. 0.7 B. 0.5 C. 0.3 D. 0.1 Answer with only A, B, C, or D.","hritopinder olinder dayastoler somoyokal koto sekend? A. 0.7 B. 0.5 C. 0.3 D. 0.1 Answer with only A, B, C, or D."
benqa_12th-Biology-II_0122,benqa,mcq,biology-ii,human_reviewed_banglish_v5,bangla_vs_english,diagnostic,bangla,english,A B C D,A B C D,True,0.7 0.5 0.3 0.1,0.7 0.5 0.3 0.1,True,,,True,mcq_letters,mcq_letters,True,False,False,False,,"হৃৎপিন্ডের অলিন্দের ডায়াস্টোলের সময়কাল কত সেকেন্ড? A. 0.7 B. 0.5 C. 0.3 D. 0.1 Answer with only A, B, C, or D.","How mush second is the duration of diastole in the atrium of the heart? A. 0.7 B. 0.5 C. 0.3 D. 0.1 Answer with only A, B, C, or D."
benqa_12th-Biology-II_0122,benqa,mcq,biology-ii,human_reviewed_banglish_v5,banglish_vs_english,diagnostic,banglish_clean,english,A B C D,A B C D,True,0.7 0.5 0.3 0.1,0.7 0.5 0.3 0.1,True,,,True,mcq_letters,mcq_letters,True,False,False,False,,"hritopinder olinder dayastoler somoyokal koto sekend? A. 0.7 B. 0.5 C. 0.3 D. 0.1 Answer with only A, B, C, or D.","How mush second is the duration of diastole in the atrium of the heart? A. 0.7 B. 0.5 C. 0.3 D. 0.1 Answer with only A, B, C, or D."
banglamath_0189,banglamath,short_answer,math,human_reviewed_banglish_v5,bangla_vs_banglish,primary,bangla,banglish_clean,,,True,2 3 9,2 3 9,True,,,True,final_answer,final_answer,True,False,False,False,,একটি কাজ ২ জন পুরুষ অথবা ৩ জন বালক সম্পন্ন করতে পারে। ৯ জন বালক কতজন পুরুষের সমান কাজ করতে পারবে Return only the final answer.,ekti kaj 2 jon purush othoba 3 jon balok somponn korte pare. 9 jon balok kotojon purusher soman kaj korte parbe Return only the final answer.
banglamath_0189,banglamath,short_answer,math,human_reviewed_banglish_v5,bangla_vs_english,diagnostic,bangla,english,,,True,2 3 9,2 3 9,True,,,True,final_answer,final_answer,True,False,False,False,,একটি কাজ ২ জন পুরুষ অথবা ৩ জন বালক সম্পন্ন করতে পারে। ৯ জন বালক কতজন পুরুষের সমান কাজ করতে পারবে Return only the final answer.,A task can be completed by 2 men or 3 boys. How many men are equivalent to 9 boys? Return only the final answer.
banglamath_0189,banglamath,short_answer,math,human_reviewed_banglish_v5,banglish_vs_english,diagnostic,banglish_clean,english,,,True,2 3 9,2 3 9,True,,,True,final_answer,final_answer,True,False,False,False,,ekti kaj 2 jon purush othoba 3 jon balok somponn korte pare. 9 jon balok kotojon purusher soman kaj korte parbe Return only the final answer.,A task can be completed by 2 men or 3 boys. How many men are equivalent to 9 boys? Return only the final answer.
benqa_12th-Biology-II_0119,benqa,mcq,biology-ii,auto_romanized_unverified_v4,bangla_vs_banglish,primary,bangla,banglish_clean,A B C D,A B C D,True,,,True,,,True,mcq_letters,mcq_letters,True,False,False,False,,"Hydra-র কোন ধরনের চলনকে জোঁকা চলন বলে? A. গ্লাইডিন B. সমারসন্টিং C. লুপিং D. হাঁটা Answer with only A, B, C, or D.","Hydra-r kon dhoroner cholonoke jonka cholon bole? A. glaidin B. somarosonting C. luping D. hanta Answer with only A, B, C, or D."
benqa_12th-Biology-II_0119,benqa,mcq,biology-ii,auto_romanized_unverified_v4,bangla_vs_english,diagnostic,bangla,english,A B C D,A B C D,True,,,True,,,True,mcq_letters,mcq_letters,True,False,False,False,,"Hydra-র কোন ধরনের চলনকে জোঁকা চলন বলে? A. গ্লাইডিন B. সমারসন্টিং C. লুপিং D. হাঁটা Answer with only A, B, C, or D.","What kind if locomotion of hydra is called Joka locomotion? A. Gliding B. Somersaulting C. Looping D. Waking Answer with only A, B, C, or D."
benqa_12th-Biology-II_0119,benqa,mcq,biology-ii,auto_romanized_unverified_v4,banglish_vs_english,diagnostic,banglish_clean,english,A B C D,A B C D,True,,,True,,,True,mcq_letters,mcq_letters,True,False,False,False,,"Hydra-r kon dhoroner cholonoke jonka cholon bole? A. glaidin B. somarosonting C. luping D. hanta Answer with only A, B, C, or D.","What kind if locomotion of hydra is called Joka locomotion? A. Gliding B. Somersaulting C. Looping D. Waking Answer with only A, B, C, or D."
benqa_10th-Math-II_0367,benqa,mcq,math-ii,human_reviewed_banglish_v5,bangla_vs_banglish,primary,bangla,banglish_clean,A B C D,A B C D,True,1 6 1 3 1 2 2 3,1 6 1 3 1 2 2 3,True,\frac \frac \frac \frac,\frac \frac \frac \frac,True,mcq_letters,mcq_letters,True,False,False,False,,"একটি নিরপেক্ষ ছক্কা একবার নিক্ষেপ করা হলে মৌলিক সংখ্যা আসার সম্ভাবনা কত? A. \frac{1}{6} B. \frac{1}{3} C. \frac{1}{2} D. \frac{2}{3} Answer with only A, B, C, or D.","ekti niropeksh chhokka ekobar nikshep kora hole moulik songkhya asar sombhabona koto? A. \frac{1}{6} B. \frac{1}{3} C. \frac{1}{2} D. \frac{2}{3} Answer with only A, B, C, or D."
benqa_10th-Math-II_0367,benqa,mcq,math-ii,human_reviewed_banglish_v5,bangla_vs_english,diagnostic,bangla,english,A B C D,A B C D,True,1 6 1 3 1 2 2 3,1 6 1 3 1 2 2 3,True,\frac \frac \frac \frac,\frac \frac \frac \frac,True,mcq_letters,mcq_letters,True,False,False,False,,"একটি নিরপেক্ষ ছক্কা একবার নিক্ষেপ করা হলে মৌলিক সংখ্যা আসার সম্ভাবনা কত? A. \frac{1}{6} B. \frac{1}{3} C. \frac{1}{2} D. \frac{2}{3} Answer with only A, B, C, or D.","What is the probability of appearing a prime number in the throw of an unbiased dice once? A. \frac{1}{6} B. \frac{1}{3} C. \frac{1}{2} D. \frac{2}{3} Answer with only A, B, C, or "
benqa_10th-Math-II_0367,benqa,mcq,math-ii,human_reviewed_banglish_v5,banglish_vs_english,diagnostic,banglish_clean,english,A B C D,A B C D,True,1 6 1 3 1 2 2 3,1 6 1 3 1 2 2 3,True,\frac \frac \frac \frac,\frac \frac \frac \frac,True,mcq_letters,mcq_letters,True,False,False,False,,"ekti niropeksh chhokka ekobar nikshep kora hole moulik songkhya asar sombhabona koto? A. \frac{1}{6} B. \frac{1}{3} C. \frac{1}{2} D. \frac{2}{3} Answer with only A, B, C, or D.","What is the probability of appearing a prime number in the throw of an unbiased dice once? A. \frac{1}{6} B. \frac{1}{3} C. \frac{1}{2} D. \frac{2}{3} Answer with only A, B, C, or "
benqa_12th-Physics-I_0256,benqa,mcq,physics-i,auto_romanized_unverified_v4,bangla_vs_banglish,primary,bangla,banglish_clean,A B C D,A B C D,True,,,True,,,True,mcq_letters,mcq_letters,True,False,False,False,,"সময়ের সাপেক্ষে অন্তকলন করে সরল ছন্দিত গতি-সম্পন্ন বস্তুর অন্তরক সমীকরণ থেকে কী পাওয়া যায়? A. কম্পাঙ্ক B. পর্যায়কাল C. বেগ D. ত্বরণ Answer with only A, B, C, or D.","somoyer sapekshe ontokolon kore sorol chhondit goti-somponn bostur ontorok somikoron theke ki paoya jay? A. kompangk B. poryayokal C. beg D. tworon Answer with only A, B, C, or D."
benqa_12th-Physics-I_0256,benqa,mcq,physics-i,auto_romanized_unverified_v4,bangla_vs_english,diagnostic,bangla,english,A B C D,A B C D,True,,,True,,,True,mcq_letters,mcq_letters,True,False,False,False,,"সময়ের সাপেক্ষে অন্তকলন করে সরল ছন্দিত গতি-সম্পন্ন বস্তুর অন্তরক সমীকরণ থেকে কী পাওয়া যায়? A. কম্পাঙ্ক B. পর্যায়কাল C. বেগ D. ত্বরণ Answer with only A, B, C, or D.",What we found by the differentiation with respect to time of differentiational equation of simple harmonic motion's object? A. Frequency B. Time period C. Velocity D. Acceleration 
benqa_12th-Physics-I_0256,benqa,mcq,physics-i,auto_romanized_unverified_v4,banglish_vs_english,diagnostic,banglish_clean,english,A B C D,A B C D,True,,,True,,,True,mcq_letters,mcq_letters,True,False,False,False,,"somoyer sapekshe ontokolon kore sorol chhondit goti-somponn bostur ontorok somikoron theke ki paoya jay? A. kompangk B. poryayokal C. beg D. tworon Answer with only A, B, C, or D.",What we found by the differentiation with respect to time of differentiational equation of simple harmonic motion's object? A. Frequency B. Time period C. Velocity D. Acceleration 
benqa_12th-Physics-I_0253,benqa,mcq,physics-i,human_reviewed_banglish_v5,bangla_vs_banglish,primary,bangla,banglish_clean,A B C D,A B C D,True,,,True,,,True,mcq_letters,mcq_letters,True,False,False,False,,মহাকর্ষ সূত্র ব্যবহার করে যে সমস্ত কাজ করা সম্ভব- i. প্রাকৃতিক গ্যাস উত্তোলন ii. বিভিন্ন খনিজ পদার্থ উত্তোলন iii. ভূ-গর্ভস্থ তাপঘটিত শক্তি উত্তোলন নিচের কোনটি সঠিক? A. i ও ii B. i ,mohakorsh sutr byobohar kore je somost kaj kora sombhob- i. prakritik gyas uttolon ii. bibhinn khonij podarth uttolon iii. bhu-gorbhosth tapoghotit shokti uttolon nicher konti soth
benqa_12th-Physics-I_0253,benqa,mcq,physics-i,human_reviewed_banglish_v5,bangla_vs_english,diagnostic,bangla,english,A B C D,A B C D,True,,,True,,,True,mcq_letters,mcq_letters,True,False,False,False,,মহাকর্ষ সূত্র ব্যবহার করে যে সমস্ত কাজ করা সম্ভব- i. প্রাকৃতিক গ্যাস উত্তোলন ii. বিভিন্ন খনিজ পদার্থ উত্তোলন iii. ভূ-গর্ভস্থ তাপঘটিত শক্তি উত্তোলন নিচের কোনটি সঠিক? A. i ও ii B. i ,Which types of work done by the help ot the gravitational law? i. Natural gas extraction ii. Extraction of various minerals iii. Extraction of energy gernerated by underground heat
benqa_12th-Physics-I_0253,benqa,mcq,physics-i,human_reviewed_banglish_v5,banglish_vs_english,diagnostic,banglish_clean,english,A B C D,A B C D,True,,,True,,,True,mcq_letters,mcq_letters,True,False,False,False,,mohakorsh sutr byobohar kore je somost kaj kora sombhob- i. prakritik gyas uttolon ii. bibhinn khonij podarth uttolon iii. bhu-gorbhosth tapoghotit shokti uttolon nicher konti soth,Which types of work done by the help ot the gravitational law? i. Natural gas extraction ii. Extraction of various minerals iii. Extraction of energy gernerated by underground heat
benqa_10th-Chemistry_0191,benqa,mcq,chemistry,human_reviewed_banglish_v5,bangla_vs_banglish,primary,bangla,banglish_clean,A B C D,A B C D,True,3 2 2 2,3 2 2 2,True,CH CH_{2} CH_{2} CH_{3} CH_{3} Cl_{2} Cl_{2} \equiv \rightarrow \rightarrow,CH CH_{2} CH_{2} CH_{3} CH_{3} Cl_{2} Cl_{2} \equiv \rightarrow \rightarrow,True,mcq_letters,mcq_letters,True,False,False,False,,CH_{3}-CH_{2}-C \equiv CH + Cl_{2} \rightarrow A A + Cl_{2} \rightarrow B উদ্দীপকে A যৌগটি- i. সংযোজন বিক্রিয়া দেয় ii. প্লাস্টিক তৈরিতে ব্যবহৃত হয় iii. 'B' অপেক্ষা কম সক্রিয় নিচের ,CH_{3}-CH_{2}-C \equiv CH + Cl_{2} \rightarrow A A + Cl_{2} \rightarrow B uddipoke A jougoti- i. songjojon bikriya dey ii. plastik toirite byobohrit hoy iii. 'B' opeksha kom sokriy
benqa_10th-Chemistry_0191,benqa,mcq,chemistry,human_reviewed_banglish_v5,bangla_vs_english,diagnostic,bangla,english,A B C D,A B C D,True,3 2 2 2,3 2 2 2,True,CH CH_{2} CH_{2} CH_{3} CH_{3} Cl_{2} Cl_{2} \equiv \rightarrow \rightarrow,CH CH_{2} CH_{2} CH_{3} CH_{3} Cl_{2} Cl_{2} \equiv \rightarrow \rightarrow,True,mcq_letters,mcq_letters,True,False,False,False,,CH_{3}-CH_{2}-C \equiv CH + Cl_{2} \rightarrow A A + Cl_{2} \rightarrow B উদ্দীপকে A যৌগটি- i. সংযোজন বিক্রিয়া দেয় ii. প্লাস্টিক তৈরিতে ব্যবহৃত হয় iii. 'B' অপেক্ষা কম সক্রিয় নিচের ,CH_{3}-CH_{2}-C\equiv CH+Cl_{2}\rightarrow A A+Cl_{2}\rightarrow B The compound 'A' of the stem- i. give addition reaction ii. is used to form plastic iii. is less active than 'B' 
benqa_10th-Chemistry_0191,benqa,mcq,chemistry,human_reviewed_banglish_v5,banglish_vs_english,diagnostic,banglish_clean,english,A B C D,A B C D,True,3 2 2 2,3 2 2 2,True,CH CH_{2} CH_{2} CH_{3} CH_{3} Cl_{2} Cl_{2} \equiv \rightarrow \rightarrow,CH CH_{2} CH_{2} CH_{3} CH_{3} Cl_{2} Cl_{2} \equiv \rightarrow \rightarrow,True,mcq_letters,mcq_letters,True,False,False,False,,CH_{3}-CH_{2}-C \equiv CH + Cl_{2} \rightarrow A A + Cl_{2} \rightarrow B uddipoke A jougoti- i. songjojon bikriya dey ii. plastik toirite byobohrit hoy iii. 'B' opeksha kom sokriy,CH_{3}-CH_{2}-C\equiv CH+Cl_{2}\rightarrow A A+Cl_{2}\rightarrow B The compound 'A' of the stem- i. give addition reaction ii. is used to form plastic iii. is less active than 'B' 
benqa_12th-Chemistry-I_0174,benqa,mcq,chemistry-i,human_reviewed_banglish_v5,bangla_vs_banglish,primary,bangla,banglish_clean,A B C D,A B C D,True,,,True,,,True,mcq_letters,mcq_letters,True,False,False,False,,"ভিনেগার- i. খাদ্যের ব্যাকটেরিয়া ধ্বংস করা ii. খাবারের রুচি বৃদ্ধি করে iii. রক্ত সঞ্চালন কমায় নিচের কোনটি সঠিক? A. i ও ii B. i ও iii C. ii ও iii D. i, ii ও iii Answer with only A, B","bhinegar- i. khadder byakoteriya dhbongs kora ii. khabarer ruchi briddhi kore iii. rokt sonchalon komay nicher konti sothik? A. i o ii B. i o iii C. ii o iii D. i, ii o iii Answer "
benqa_12th-Chemistry-I_0174,benqa,mcq,chemistry-i,human_reviewed_banglish_v5,bangla_vs_english,diagnostic,bangla,english,A B C D,A B C D,True,,,True,,,True,mcq_letters,mcq_letters,True,False,False,False,,"ভিনেগার- i. খাদ্যের ব্যাকটেরিয়া ধ্বংস করা ii. খাবারের রুচি বৃদ্ধি করে iii. রক্ত সঞ্চালন কমায় নিচের কোনটি সঠিক? A. i ও ii B. i ও iii C. ii ও iii D. i, ii ও iii Answer with only A, B","Vinegar- i.destroys bacteria ii.increases the taste of meal iii.decreases blood circulation Which one is correct? A. i&ii B. i&iii C. ii&iii D. I,ii&iii Answer with only A, B, C, o"
benqa_12th-Chemistry-I_0174,benqa,mcq,chemistry-i,human_reviewed_banglish_v5,banglish_vs_english,diagnostic,banglish_clean,english,A B C D,A B C D,True,,,True,,,True,mcq_letters,mcq_letters,True,False,False,False,,"bhinegar- i. khadder byakoteriya dhbongs kora ii. khabarer ruchi briddhi kore iii. rokt sonchalon komay nicher konti sothik? A. i o ii B. i o iii C. ii o iii D. i, ii o iii Answer ","Vinegar- i.destroys bacteria ii.increases the taste of meal iii.decreases blood circulation Which one is correct? A. i&ii B. i&iii C. ii&iii D. I,ii&iii Answer with only A, B, C, o"
benqa_10th-Biology_0339,benqa,mcq,biology,auto_romanized_unverified_v4,bangla_vs_banglish,primary,bangla,banglish_clean,A B C D,A B C D,True,,,True,,,True,mcq_letters,mcq_letters,True,False,False,False,,"নিচের কোন উদ্ভিদে সালোকসংশ্লেষণ হার বেশি? A. বট গাছ B. কাঁঠাল C. পেয়ারা D. কচুরিপানা Answer with only A, B, C, or D.","nicher kon udbhide salokosongshleshon har beshi? A. bot gachh B. kanthal C. peyara D. kochuripana Answer with only A, B, C, or D."
benqa_10th-Biology_0339,benqa,mcq,biology,auto_romanized_unverified_v4,bangla_vs_english,diagnostic,bangla,english,A B C D,A B C D,True,,,True,,,True,mcq_letters,mcq_letters,True,False,False,False,,"নিচের কোন উদ্ভিদে সালোকসংশ্লেষণ হার বেশি? A. বট গাছ B. কাঁঠাল C. পেয়ারা D. কচুরিপানা Answer with only A, B, C, or D.","Which of the following plants has a higher rate of photosynthesis? A. Banyan tree B. Jack fruit C. Guava D. Water hyacinth Answer with only A, B, C, or D."
benqa_10th-Biology_0339,benqa,mcq,biology,auto_romanized_unverified_v4,banglish_vs_english,diagnostic,banglish_clean,english,A B C D,A B C D,True,,,True,,,True,mcq_letters,mcq_letters,True,False,False,False,,"nicher kon udbhide salokosongshleshon har beshi? A. bot gachh B. kanthal C. peyara D. kochuripana Answer with only A, B, C, or D.","Which of the following plants has a higher rate of photosynthesis? A. Banyan tree B. Jack fruit C. Guava D. Water hyacinth Answer with only A, B, C, or D."
benqa_10th-Math-II_0062,benqa,mcq,math-ii,human_reviewed_banglish_v5,bangla_vs_banglish,primary,bangla,banglish_clean,A B C D,A B C D,True,3 3 6 6 12 3 3 12 0 3 6 0 3 12 0 3 12 0,3 3 6 6 12 3 3 12 0 3 6 0 3 12 0 3 12 0,True,,,True,mcq_letters,mcq_letters,True,False,False,False,,"M(3, 3), N(6, 6) এবং R(12, 3t) তিনটি বিন্দু। M ও N বিন্দু দ্বারা সংযোগকারী রেখার সমীকরণ নিচের কোনটি? A. x - 3y - 12 = 0 B. 3x - y - 6 = 0 C. 3x - y - 12 = 0 D. x - 3y + 12 = 0 Answ","M(3, 3), N(6, 6) ebong R(12, 3t) tinoti bindu. M o N bindu dwara songjogokari rekhar somikoron nicher konti? A. x - 3y - 12 = 0 B. 3x - y - 6 = 0 C. 3x - y - 12 = 0 D. x - 3y + 12 "
benqa_10th-Math-II_0062,benqa,mcq,math-ii,human_reviewed_banglish_v5,bangla_vs_english,diagnostic,bangla,english,A B C D,A B C D,True,3 3 6 6 12 3 3 12 0 3 6 0 3 12 0 3 12 0,3 3 6 6 12 3 3 12 0 3 6 0 3 12 0 3 12 0,True,,,True,mcq_letters,mcq_letters,True,False,False,False,,"M(3, 3), N(6, 6) এবং R(12, 3t) তিনটি বিন্দু। M ও N বিন্দু দ্বারা সংযোগকারী রেখার সমীকরণ নিচের কোনটি? A. x - 3y - 12 = 0 B. 3x - y - 6 = 0 C. 3x - y - 12 = 0 D. x - 3y + 12 = 0 Answ","M(3, 3), N(6, 6) and R(12, 3t) are three points. Which is the equation of the straight line connecting the points M and N? A. x - 3y - 12 = 0 B. 3x - y - 6 = 0 C. 3x - y - 12 = 0 D"
benqa_10th-Math-II_0062,benqa,mcq,math-ii,human_reviewed_banglish_v5,banglish_vs_english,diagnostic,banglish_clean,english,A B C D,A B C D,True,3 3 6 6 12 3 3 12 0 3 6 0 3 12 0 3 12 0,3 3 6 6 12 3 3 12 0 3 6 0 3 12 0 3 12 0,True,,,True,mcq_letters,mcq_letters,True,False,False,False,,"M(3, 3), N(6, 6) ebong R(12, 3t) tinoti bindu. M o N bindu dwara songjogokari rekhar somikoron nicher konti? A. x - 3y - 12 = 0 B. 3x - y - 6 = 0 C. 3x - y - 12 = 0 D. x - 3y + 12 ","M(3, 3), N(6, 6) and R(12, 3t) are three points. Which is the equation of the straight line connecting the points M and N? A. x - 3y - 12 = 0 B. 3x - y - 6 = 0 C. 3x - y - 12 = 0 D"
benqa_12th-Chemistry-I_0260,benqa,mcq,chemistry-i,human_reviewed_banglish_v5,bangla_vs_banglish,primary,bangla,banglish_clean,A B C D,A B C D,True,6 15 70 90,6 15 70 90,True,,,True,mcq_letters,mcq_letters,True,False,False,False,,"ভিনেগারে কত শতাংশ পানি বিদ্যমান? A. 6% B. 15% C. 70% D. 90% Answer with only A, B, C, or D.","bhinegare koto shotangsh pani bidyoman? A. 6% B. 15% C. 70% D. 90% Answer with only A, B, C, or D."
benqa_12th-Chemistry-I_0260,benqa,mcq,chemistry-i,human_reviewed_banglish_v5,bangla_vs_english,diagnostic,bangla,english,A B C D,A B C D,True,6 15 70 90,6 15 70 90,True,,,True,mcq_letters,mcq_letters,True,False,False,False,,"ভিনেগারে কত শতাংশ পানি বিদ্যমান? A. 6% B. 15% C. 70% D. 90% Answer with only A, B, C, or D.","What percentage of water contain in vinegar? A. 6% B. 15% C. 70% D. 90% Answer with only A, B, C, or D."
benqa_12th-Chemistry-I_0260,benqa,mcq,chemistry-i,human_reviewed_banglish_v5,banglish_vs_english,diagnostic,banglish_clean,english,A B C D,A B C D,True,6 15 70 90,6 15 70 90,True,,,True,mcq_letters,mcq_letters,True,False,False,False,,"bhinegare koto shotangsh pani bidyoman? A. 6% B. 15% C. 70% D. 90% Answer with only A, B, C, or D.","What percentage of water contain in vinegar? A. 6% B. 15% C. 70% D. 90% Answer with only A, B, C, or D."
benqa_12th-Biology-I_0077,benqa,mcq,biology-i,auto_romanized_unverified_v4,bangla_vs_banglish,primary,bangla,banglish_clean,A B C D,A B C D,True,,,True,,,True,mcq_letters,mcq_letters,True,False,False,False,,"নিচের কোন ধাপে ক্রোমাটিডগুলো মেরুমুখী চলতে শুরু করে? A. প্রোফেজ B. মেটাফেজ C. অ্যানাফেজ D. টেলোফেজ Answer with only A, B, C, or D.","nicher kon dhape kromatidogulo merumukhi cholote shuru kore? A. profej B. metafej C. anafej D. telofej Answer with only A, B, C, or D."
benqa_12th-Biology-I_0077,benqa,mcq,biology-i,auto_romanized_unverified_v4,bangla_vs_english,diagnostic,bangla,english,A B C D,A B C D,True,,,True,,,True,mcq_letters,mcq_letters,True,False,False,False,,"নিচের কোন ধাপে ক্রোমাটিডগুলো মেরুমুখী চলতে শুরু করে? A. প্রোফেজ B. মেটাফেজ C. অ্যানাফেজ D. টেলোফেজ Answer with only A, B, C, or D.","In which step of the following, chromatids move towards the poles? A. Prohase B. Metaphase C. Anaphase D. Telophase Answer with only A, B, C, or D."
benqa_12th-Biology-I_0077,benqa,mcq,biology-i,auto_romanized_unverified_v4,banglish_vs_english,diagnostic,banglish_clean,english,A B C D,A B C D,True,,,True,,,True,mcq_letters,mcq_letters,True,False,False,False,,"nicher kon dhape kromatidogulo merumukhi cholote shuru kore? A. profej B. metafej C. anafej D. telofej Answer with only A, B, C, or D.","In which step of the following, chromatids move towards the poles? A. Prohase B. Metaphase C. Anaphase D. Telophase Answer with only A, B, C, or D."
benqa_10th-Physics_0084,benqa,mcq,physics,auto_romanized_unverified_v4,bangla_vs_banglish,primary,bangla,banglish_clean,A B C D,A B C D,True,,,True,,,True,mcq_letters,mcq_letters,True,False,False,False,,স্থির অবস্থান থেকে সমত্বরণে বস্তুর যেকোনো সময়ের বেগ বস্তুর অতিক্রান্ত দূরত্বের- A. সমানুপাতিক B. বর্গের সমানুপাতিক C. বর্গের ব্যস্তানুপাতিক D. বর্গমূলের সমানুপাতিক Answer with only,sthir obosthan theke somotborone bostur jekono somoyer beg bostur otikrant durotter- A. somanupatik B. borger somanupatik C. borger byostanupatik D. borgomuler somanupatik Answer w
benqa_10th-Physics_0084,benqa,mcq,physics,auto_romanized_unverified_v4,bangla_vs_english,diagnostic,bangla,english,A B C D,A B C D,True,,,True,,,True,mcq_letters,mcq_letters,True,False,False,False,,স্থির অবস্থান থেকে সমত্বরণে বস্তুর যেকোনো সময়ের বেগ বস্তুর অতিক্রান্ত দূরত্বের- A. সমানুপাতিক B. বর্গের সমানুপাতিক C. বর্গের ব্যস্তানুপাতিক D. বর্গমূলের সমানুপাতিক Answer with only,The velocity of a body starting from rest with uniform acceleration is ____ the distance. A. proportional to B. proportional to the square of C. inversely proportional to the squar
benqa_10th-Physics_0084,benqa,mcq,physics,auto_romanized_unverified_v4,banglish_vs_english,diagnostic,banglish_clean,english,A B C D,A B C D,True,,,True,,,True,mcq_letters,mcq_letters,True,False,False,False,,sthir obosthan theke somotborone bostur jekono somoyer beg bostur otikrant durotter- A. somanupatik B. borger somanupatik C. borger byostanupatik D. borgomuler somanupatik Answer w,The velocity of a body starting from rest with uniform acceleration is ____ the distance. A. proportional to B. proportional to the square of C. inversely proportional to the squar
benqa_12th-Physics-II_0267,benqa,mcq,physics-ii,human_reviewed_banglish_v5,bangla_vs_banglish,primary,bangla,banglish_clean,A B C D,A B C D,True,0 1 2 2 0 1 2 2 0 1 2 2,0 1 2 2 0 1 2 2 0 1 2 2,True,L_{0} \frac \frac \frac \frac \frac \frac \sqrt \sqrt \sqrt c^{2} c^{2} c^{2} m_{0} t_{0} v^{2} v^{2} v^{2},L_{0} \frac \frac \frac \frac \frac \frac \sqrt \sqrt \sqrt c^{2} c^{2} c^{2} m_{0} t_{0} v^{2} v^{2} v^{2},True,mcq_letters,mcq_letters,True,False,False,False,,আপেক্ষিকতার তত্ত্ব অনুসারে- i. t = \frac{t_{0}}{\sqrt{1 - \frac{v^{2}}{c^{2}}}} ii. L = \frac{L_{0}}{\sqrt{1 - \frac{v^{2}}{c^{2}}}} iii. m = \frac{m_{0}}{\sqrt{1 - \frac{v^{2}}{c^,apekshikotar totto onusare- i. t = \frac{t_{0}}{\sqrt{1 - \frac{v^{2}}{c^{2}}}} ii. L = \frac{L_{0}}{\sqrt{1 - \frac{v^{2}}{c^{2}}}} iii. m = \frac{m_{0}}{\sqrt{1 - \frac{v^{2}}{c^
benqa_12th-Physics-II_0267,benqa,mcq,physics-ii,human_reviewed_banglish_v5,bangla_vs_english,diagnostic,bangla,english,A B C D,A B C D,True,0 1 2 2 0 1 2 2 0 1 2 2,0 1 2 2 0 1 2 2 0 1 2 2,True,L_{0} \frac \frac \frac \frac \frac \frac \sqrt \sqrt \sqrt c^{2} c^{2} c^{2} m_{0} t_{0} v^{2} v^{2} v^{2},L_{0} \frac \frac \frac \frac \frac \frac \sqrt \sqrt \sqrt c^{2} c^{2} c^{2} m_{0} t_{0} v^{2} v^{2} v^{2},True,mcq_letters,mcq_letters,True,False,False,False,,আপেক্ষিকতার তত্ত্ব অনুসারে- i. t = \frac{t_{0}}{\sqrt{1 - \frac{v^{2}}{c^{2}}}} ii. L = \frac{L_{0}}{\sqrt{1 - \frac{v^{2}}{c^{2}}}} iii. m = \frac{m_{0}}{\sqrt{1 - \frac{v^{2}}{c^,According to the theory of relativity- i. t = \frac{t_{0}}{\sqrt{1 - \frac{v^{2}}{c^{2}}}} ii. L = \frac{L_{0}}{\sqrt{1 - \frac{v^{2}}{c^{2}}}} iii. m = \frac{m_{0}}{\sqrt{1 - \fra
benqa_12th-Physics-II_0267,benqa,mcq,physics-ii,human_reviewed_banglish_v5,banglish_vs_english,diagnostic,banglish_clean,english,A B C D,A B C D,True,0 1 2 2 0 1 2 2 0 1 2 2,0 1 2 2 0 1 2 2 0 1 2 2,True,L_{0} \frac \frac \frac \frac \frac \frac \sqrt \sqrt \sqrt c^{2} c^{2} c^{2} m_{0} t_{0} v^{2} v^{2} v^{2},L_{0} \frac \frac \frac \frac \frac \frac \sqrt \sqrt \sqrt c^{2} c^{2} c^{2} m_{0} t_{0} v^{2} v^{2} v^{2},True,mcq_letters,mcq_letters,True,False,False,False,,apekshikotar totto onusare- i. t = \frac{t_{0}}{\sqrt{1 - \frac{v^{2}}{c^{2}}}} ii. L = \frac{L_{0}}{\sqrt{1 - \frac{v^{2}}{c^{2}}}} iii. m = \frac{m_{0}}{\sqrt{1 - \frac{v^{2}}{c^,According to the theory of relativity- i. t = \frac{t_{0}}{\sqrt{1 - \frac{v^{2}}{c^{2}}}} ii. L = \frac{L_{0}}{\sqrt{1 - \frac{v^{2}}{c^{2}}}} iii. m = \frac{m_{0}}{\sqrt{1 - \fra
banglamath_1693,banglamath,short_answer,math,human_reviewed_banglish_v5,bangla_vs_banglish,primary,bangla,banglish_clean,,,True,14,14,True,,,True,final_answer,final_answer,True,False,False,False,,দুই অঙ্কেরএকটি সংখ্যার তিন ভাগের এক ভাগ ও চার ভাগের এক ভাগের যোগফল ১৪ ।সংখ্যাটি কত হিসাবটি করো। Return only the final answer.,dui ongker ekti songkhyar tin bhager ek bhag o char bhager ek bhager jogfol 14. songkhyati koto? hisabti koro. Return only the final answer.
banglamath_1693,banglamath,short_answer,math,human_reviewed_banglish_v5,bangla_vs_english,diagnostic,bangla,english,,,True,14,14,True,,,True,final_answer,final_answer,True,False,False,False,,দুই অঙ্কেরএকটি সংখ্যার তিন ভাগের এক ভাগ ও চার ভাগের এক ভাগের যোগফল ১৪ ।সংখ্যাটি কত হিসাবটি করো। Return only the final answer.,The sum of one-third and one-fourth of a two-digit number is 14. What is the number? Return only the final answer.
banglamath_1693,banglamath,short_answer,math,human_reviewed_banglish_v5,banglish_vs_english,diagnostic,banglish_clean,english,,,True,14,14,True,,,True,final_answer,final_answer,True,False,False,False,,dui ongker ekti songkhyar tin bhager ek bhag o char bhager ek bhager jogfol 14. songkhyati koto? hisabti koro. Return only the final answer.,The sum of one-third and one-fourth of a two-digit number is 14. What is the number? Return only the final answer.
banglamath_0227,banglamath,short_answer,math,human_reviewed_banglish_v5,bangla_vs_banglish,primary,bangla,banglish_clean,,,True,2 3 5,2 3 5,True,,,True,final_answer,final_answer,True,False,False,False,,দুই বন্ধুর বাড়ি থেকে স্কুলের দূরত্বের অনুপাত ২:৩ এবং প্রথম বন্ধুর দূরত্ব ৫ কিমি হলে দ্বিতীয় বন্ধুর দূরত্ব কত Return only the final answer.,dui bondhur bari theke skuler durotter onupat 2:3 ebong prothom bondhur durotto 5 kimi hole dwitiy bondhur durotto koto Return only the final answer.
banglamath_0227,banglamath,short_answer,math,human_reviewed_banglish_v5,bangla_vs_english,diagnostic,bangla,english,,,True,2 3 5,2 3 5,True,,,True,final_answer,final_answer,True,False,False,False,,দুই বন্ধুর বাড়ি থেকে স্কুলের দূরত্বের অনুপাত ২:৩ এবং প্রথম বন্ধুর দূরত্ব ৫ কিমি হলে দ্বিতীয় বন্ধুর দূরত্ব কত Return only the final answer.,"The ratio of the distances of two friends from school is 2:3. If the first friend is 5 km away, what is the second friend’s distance? Return only the final answer."
banglamath_0227,banglamath,short_answer,math,human_reviewed_banglish_v5,banglish_vs_english,diagnostic,banglish_clean,english,,,True,2 3 5,2 3 5,True,,,True,final_answer,final_answer,True,False,False,False,,dui bondhur bari theke skuler durotter onupat 2:3 ebong prothom bondhur durotto 5 kimi hole dwitiy bondhur durotto koto Return only the final answer.,"The ratio of the distances of two friends from school is 2:3. If the first friend is 5 km away, what is the second friend’s distance? Return only the final answer."
benqa_12th-Chemistry-II_0354,benqa,mcq,chemistry-ii,auto_romanized_unverified_v4,bangla_vs_banglish,primary,bangla,banglish_clean,A B C D,A B C D,True,,,True,,,True,mcq_letters,mcq_letters,True,False,False,False,,"স্থির তাপমাত্রায় নির্দিষ্ট ভরের গ্যাসের আয়তন বনাম চাপের লেখচিত্রটি কোন ধরনের? A. পরাবৃত্তাকার B. অধিবৃত্তাকার C. বৃত্তাকার D. সরলরৈখিক Answer with only A, B, C, or D.","sthir tapomatray nirdisht bhorer gyaser ayoton bonam chaper lekhochitroti kon dhoroner? A. porabrittakar B. odhibrittakar C. brittakar D. soroloroikhik Answer with only A, B, C, or"
benqa_12th-Chemistry-II_0354,benqa,mcq,chemistry-ii,auto_romanized_unverified_v4,bangla_vs_english,diagnostic,bangla,english,A B C D,A B C D,True,,,True,,,True,mcq_letters,mcq_letters,True,False,False,False,,"স্থির তাপমাত্রায় নির্দিষ্ট ভরের গ্যাসের আয়তন বনাম চাপের লেখচিত্রটি কোন ধরনের? A. পরাবৃত্তাকার B. অধিবৃত্তাকার C. বৃত্তাকার D. সরলরৈখিক Answer with only A, B, C, or D.","What is the type of the graph of volume Vs pressure at constant temperature of a gas having definite mass? A. Parabolic B. Hyperbolic C. Circular D. Linear Answer with only A, B, C"
benqa_12th-Chemistry-II_0354,benqa,mcq,chemistry-ii,auto_romanized_unverified_v4,banglish_vs_english,diagnostic,banglish_clean,english,A B C D,A B C D,True,,,True,,,True,mcq_letters,mcq_letters,True,False,False,False,,"sthir tapomatray nirdisht bhorer gyaser ayoton bonam chaper lekhochitroti kon dhoroner? A. porabrittakar B. odhibrittakar C. brittakar D. soroloroikhik Answer with only A, B, C, or","What is the type of the graph of volume Vs pressure at constant temperature of a gas having definite mass? A. Parabolic B. Hyperbolic C. Circular D. Linear Answer with only A, B, C"
banglamath_0532,banglamath,short_answer,math,auto_romanized_unverified_v4,bangla_vs_banglish,primary,bangla,banglish_clean,,,True,16 28,16 28,True,,,True,final_answer,final_answer,True,False,False,False,,১৬ একর জমিতে ২৮ মেট্রিক টন ধান হলে প্রতি একর জমিতে কী পরিমাণ ধান ফলে Return only the final answer.,16 ekor jomite 28 metrik ton dhan hole proti ekor jomite ki poriman dhan fole Return only the final answer.
banglamath_0532,banglamath,short_answer,math,auto_romanized_unverified_v4,bangla_vs_english,diagnostic,bangla,english,,,True,16 28,16 28,True,,,True,final_answer,final_answer,True,False,False,False,,১৬ একর জমিতে ২৮ মেট্রিক টন ধান হলে প্রতি একর জমিতে কী পরিমাণ ধান ফলে Return only the final answer.,"If 16 acres of land yield 28 metric tons of paddy, how much paddy per acre? Return only the final answer."
banglamath_0532,banglamath,short_answer,math,auto_romanized_unverified_v4,banglish_vs_english,diagnostic,banglish_clean,english,,,True,16 28,16 28,True,,,True,final_answer,final_answer,True,False,False,False,,16 ekor jomite 28 metrik ton dhan hole proti ekor jomite ki poriman dhan fole Return only the final answer.,"If 16 acres of land yield 28 metric tons of paddy, how much paddy per acre? Return only the final answer."
benqa_10th-Biology_0277,benqa,mcq,biology,human_reviewed_banglish_v5,bangla_vs_banglish,primary,bangla,banglish_clean,A B C D,A B C D,True,,,True,,,True,mcq_letters,mcq_letters,True,False,False,False,,মতিন তামাক পাতায় এক ধরনের মোজাইক রোগ দেখতে পেল। উল্লিখিত রোগের ভাইরাসের বংশগতীয় বস্তুতে বন্ধন বিদ্যমান- i. A = T ii. G = C iii. A = U নিচের কোনটি সঠিক? A. i ও ii B. i ও iii C. ii ও,motin tamak patay ek dhoroner mojaik rog dekhote pel. ullikhit roger bhairaser bongshogotiy bostute bondhon bidyoman- i. A = T ii. G = C iii. A = U nicher konti sothik? A. i o ii B
benqa_10th-Biology_0277,benqa,mcq,biology,human_reviewed_banglish_v5,bangla_vs_english,diagnostic,bangla,english,A B C D,A B C D,True,,,True,,,True,mcq_letters,mcq_letters,True,False,False,False,,মতিন তামাক পাতায় এক ধরনের মোজাইক রোগ দেখতে পেল। উল্লিখিত রোগের ভাইরাসের বংশগতীয় বস্তুতে বন্ধন বিদ্যমান- i. A = T ii. G = C iii. A = U নিচের কোনটি সঠিক? A. i ও ii B. i ও iii C. ii ও,Motin found a bind of mosaic disease on tobacco leaves. Which bond is present in the heredity component of virus given in the stem? i. A = T ii. G = C iii. A = U Which one is corre
benqa_10th-Biology_0277,benqa,mcq,biology,human_reviewed_banglish_v5,banglish_vs_english,diagnostic,banglish_clean,english,A B C D,A B C D,True,,,True,,,True,mcq_letters,mcq_letters,True,False,False,False,,motin tamak patay ek dhoroner mojaik rog dekhote pel. ullikhit roger bhairaser bongshogotiy bostute bondhon bidyoman- i. A = T ii. G = C iii. A = U nicher konti sothik? A. i o ii B,Motin found a bind of mosaic disease on tobacco leaves. Which bond is present in the heredity component of virus given in the stem? i. A = T ii. G = C iii. A = U Which one is corre
banglamath_0184,banglamath,short_answer,math,human_reviewed_banglish_v5,bangla_vs_banglish,primary,bangla,banglish_clean,,,True,9000 450 600,9000 450 600,True,,,True,final_answer,final_answer,True,False,False,False,,৯০০০ টাকা বিনিয়োগে প্রতিদিন ৪৫০ টাকা লাভ হলে ৬০০ টাকা লাভ করতে কত বিনিয়োগ করতে হবে Return only the final answer.,9000 taka biniyoge protidin 450 taka labh hole 600 taka labh korte koto biniyog korte hobe Return only the final answer.
banglamath_0184,banglamath,short_answer,math,human_reviewed_banglish_v5,bangla_vs_english,diagnostic,bangla,english,,,True,9000 450 600,9000 450 600,True,,,True,final_answer,final_answer,True,False,False,False,,৯০০০ টাকা বিনিয়োগে প্রতিদিন ৪৫০ টাকা লাভ হলে ৬০০ টাকা লাভ করতে কত বিনিয়োগ করতে হবে Return only the final answer.,"If an investment of 9000 Taka yields 450 Taka profit per day, how much should be invested to earn 600 Taka per day? Return only the final answer."
banglamath_0184,banglamath,short_answer,math,human_reviewed_banglish_v5,banglish_vs_english,diagnostic,banglish_clean,english,,,True,9000 450 600,9000 450 600,True,,,True,final_answer,final_answer,True,False,False,False,,9000 taka biniyoge protidin 450 taka labh hole 600 taka labh korte koto biniyog korte hobe Return only the final answer.,"If an investment of 9000 Taka yields 450 Taka profit per day, how much should be invested to earn 600 Taka per day? Return only the final answer."
benqa_10th-Math_0324,benqa,mcq,math,human_reviewed_banglish_v5,bangla_vs_banglish,primary,bangla,banglish_clean,A B C D,A B C D,True,3 12,3 12,True,\frac \frac \sqrt \sqrt,\frac \frac \sqrt \sqrt,True,mcq_letters,mcq_letters,True,False,False,False,,"a = \sqrt{3} এবং b = \sqrt{12} হলে নিচের কোনটি অমূলদ সংখ্যা? A. a + b B. ab C. \frac{a}{b} D. \frac{b}{a} Answer with only A, B, C, or D.","a = \sqrt{3} ebong b = \sqrt{12} hole nicher konti omulod songkhya? A. a + b B. ab C. \frac{a}{b} D. \frac{b}{a} Answer with only A, B, C, or D."
benqa_10th-Math_0324,benqa,mcq,math,human_reviewed_banglish_v5,bangla_vs_english,diagnostic,bangla,english,A B C D,A B C D,True,3 12,3 12,True,\frac \frac \sqrt \sqrt,\frac \frac \sqrt \sqrt,True,mcq_letters,mcq_letters,True,False,False,False,,"a = \sqrt{3} এবং b = \sqrt{12} হলে নিচের কোনটি অমূলদ সংখ্যা? A. a + b B. ab C. \frac{a}{b} D. \frac{b}{a} Answer with only A, B, C, or D.","If a = \sqrt{3} and b = \sqrt{12}, which one is irrational number? A. a + b B. ab C. \frac{a}{b} D. \frac{b}{a} Answer with only A, B, C, or D."
benqa_10th-Math_0324,benqa,mcq,math,human_reviewed_banglish_v5,banglish_vs_english,diagnostic,banglish_clean,english,A B C D,A B C D,True,3 12,3 12,True,\frac \frac \sqrt \sqrt,\frac \frac \sqrt \sqrt,True,mcq_letters,mcq_letters,True,False,False,False,,"a = \sqrt{3} ebong b = \sqrt{12} hole nicher konti omulod songkhya? A. a + b B. ab C. \frac{a}{b} D. \frac{b}{a} Answer with only A, B, C, or D.","If a = \sqrt{3} and b = \sqrt{12}, which one is irrational number? A. a + b B. ab C. \frac{a}{b} D. \frac{b}{a} Answer with only A, B, C, or D."
benqa_10th-Chemistry_0388,benqa,mcq,chemistry,human_reviewed_banglish_v5,bangla_vs_banglish,primary,bangla,banglish_clean,A B C D,A B C D,True,3 2 3 6 3 5 4 1 3 2 3 6 3 3 4 2 3 2 3 6 3 2 4 2 3 2 3 6 3 1 4 2,3 2 3 6 3 5 4 1 3 2 3 6 3 3 4 2 3 2 3 6 3 2 4 2 3 2 3 6 3 1 4 2,True,3d^{1} 3d^{2} 3d^{3} 3d^{5} 3p^{6} 3p^{6} 3p^{6} 3p^{6} 3s^{2} 3s^{2} 3s^{2} 3s^{2} 4s^{1} 4s^{2} 4s^{2} 4s^{2},3d^{1} 3d^{2} 3d^{3} 3d^{5} 3p^{6} 3p^{6} 3p^{6} 3p^{6} 3s^{2} 3s^{2} 3s^{2} 3s^{2} 4s^{1} 4s^{2} 4s^{2} 4s^{2},True,mcq_letters,mcq_letters,True,False,False,False,,স্ক্যান্ডিয়ামের সর্বশেষ শক্তিস্তরের সঠিক ইলেকট্রন বিন্যাস কোনটি? A. 3s^{2}3p^{6}3d^{5}4s^{1} B. 3s^{2}3p^{6}3d^{3}4s^{2} C. 3s^{2}3p^{6}3d^{2}4s^{2} D. 3s^{2}3p^{6}3d^{1}4s^{2} Ans,skyandiyamer sorboshesh shoktistorer sothik ilekotron binyas konti? A. 3s^{2}3p^{6}3d^{5}4s^{1} B. 3s^{2}3p^{6}3d^{3}4s^{2} C. 3s^{2}3p^{6}3d^{2}4s^{2} D. 3s^{2}3p^{6}3d^{1}4s^{2} 
benqa_10th-Chemistry_0388,benqa,mcq,chemistry,human_reviewed_banglish_v5,bangla_vs_english,diagnostic,bangla,english,A B C D,A B C D,True,3 2 3 6 3 5 4 1 3 2 3 6 3 3 4 2 3 2 3 6 3 2 4 2 3 2 3 6 3 1 4 2,3 2 3 6 3 5 4 1 3 2 3 6 3 3 4 2 3 2 3 6 3 2 4 2 3 2 3 6 3 1 4 2,True,3d^{1} 3d^{2} 3d^{3} 3d^{5} 3p^{6} 3p^{6} 3p^{6} 3p^{6} 3s^{2} 3s^{2} 3s^{2} 3s^{2} 4s^{1} 4s^{2} 4s^{2} 4s^{2},3d^{1} 3d^{2} 3d^{3} 3d^{5} 3p^{6} 3p^{6} 3p^{6} 3p^{6} 3s^{2} 3s^{2} 3s^{2} 3s^{2} 4s^{1} 4s^{2} 4s^{2} 4s^{2},True,mcq_letters,mcq_letters,True,False,False,False,,স্ক্যান্ডিয়ামের সর্বশেষ শক্তিস্তরের সঠিক ইলেকট্রন বিন্যাস কোনটি? A. 3s^{2}3p^{6}3d^{5}4s^{1} B. 3s^{2}3p^{6}3d^{3}4s^{2} C. 3s^{2}3p^{6}3d^{2}4s^{2} D. 3s^{2}3p^{6}3d^{1}4s^{2} Ans,What is the correct electronic configuration of the outermost shell of Scandium? A. 3s^{2}3p^{6}3d^{5}4s^{1} B. 3s^{2}3p^{6}3d^{3}4s^{2} C. 3s^{2}3p^{6}3d^{2}4s^{2} D. 3s^{2}3p^{6}
benqa_10th-Chemistry_0388,benqa,mcq,chemistry,human_reviewed_banglish_v5,banglish_vs_english,diagnostic,banglish_clean,english,A B C D,A B C D,True,3 2 3 6 3 5 4 1 3 2 3 6 3 3 4 2 3 2 3 6 3 2 4 2 3 2 3 6 3 1 4 2,3 2 3 6 3 5 4 1 3 2 3 6 3 3 4 2 3 2 3 6 3 2 4 2 3 2 3 6 3 1 4 2,True,3d^{1} 3d^{2} 3d^{3} 3d^{5} 3p^{6} 3p^{6} 3p^{6} 3p^{6} 3s^{2} 3s^{2} 3s^{2} 3s^{2} 4s^{1} 4s^{2} 4s^{2} 4s^{2},3d^{1} 3d^{2} 3d^{3} 3d^{5} 3p^{6} 3p^{6} 3p^{6} 3p^{6} 3s^{2} 3s^{2} 3s^{2} 3s^{2} 4s^{1} 4s^{2} 4s^{2} 4s^{2},True,mcq_letters,mcq_letters,True,False,False,False,,skyandiyamer sorboshesh shoktistorer sothik ilekotron binyas konti? A. 3s^{2}3p^{6}3d^{5}4s^{1} B. 3s^{2}3p^{6}3d^{3}4s^{2} C. 3s^{2}3p^{6}3d^{2}4s^{2} D. 3s^{2}3p^{6}3d^{1}4s^{2} ,What is the correct electronic configuration of the outermost shell of Scandium? A. 3s^{2}3p^{6}3d^{5}4s^{1} B. 3s^{2}3p^{6}3d^{3}4s^{2} C. 3s^{2}3p^{6}3d^{2}4s^{2} D. 3s^{2}3p^{6}
banglamath_0542,banglamath,short_answer,math,human_reviewed_banglish_v5,bangla_vs_banglish,primary,bangla,banglish_clean,,,True,25 44 24,25 44 24,True,,,True,final_answer,final_answer,True,False,False,False,,রাস্তাবাদে বাগানের পরিসীমায় বেড়া দিতে প্রতি মিটারে ২৫ টাকা হিসেবে মোট কত খরচ হবে যদি রাস্তাবাদে বাগানের দৈর্ঘ্য ৪৪ মি ও প্রস্থ ২৪ মি হয় Return only the final answer.,rastabade baganer porisimay bera dite proti mitare 25 taka hisebe mot koto khoroch hobe jodi rastabade baganer doirgho 44 mi o prostho 24 mi hoy Return only the final answer.
banglamath_0542,banglamath,short_answer,math,human_reviewed_banglish_v5,bangla_vs_english,diagnostic,bangla,english,,,True,25 44 24,44 24 25,False,,,True,final_answer,final_answer,True,True,False,True,digits,রাস্তাবাদে বাগানের পরিসীমায় বেড়া দিতে প্রতি মিটারে ২৫ টাকা হিসেবে মোট কত খরচ হবে যদি রাস্তাবাদে বাগানের দৈর্ঘ্য ৪৪ মি ও প্রস্থ ২৪ মি হয় Return only the final answer.,"If the garden including the path is 44m by 24m, and fencing costs 25 Taka per meter, what is the total cost? Return only the final answer."
banglamath_0542,banglamath,short_answer,math,human_reviewed_banglish_v5,banglish_vs_english,diagnostic,banglish_clean,english,,,True,25 44 24,44 24 25,False,,,True,final_answer,final_answer,True,True,False,True,digits,rastabade baganer porisimay bera dite proti mitare 25 taka hisebe mot koto khoroch hobe jodi rastabade baganer doirgho 44 mi o prostho 24 mi hoy Return only the final answer.,"If the garden including the path is 44m by 24m, and fencing costs 25 Taka per meter, what is the total cost? Return only the final answer."
benqa_12th-Physics-II_0292,benqa,mcq,physics-ii,auto_romanized_unverified_v4,bangla_vs_banglish,primary,bangla,banglish_clean,A B C D,A B C D,True,2000 3000 3000 4000 4000 8000 8000 12000,2000 3000 3000 4000 4000 8000 8000 12000,True,AA AA AA AA AA AA AA AA \AA \AA \AA \AA \AA \AA \AA \AA,AA AA AA AA AA AA AA AA \AA \AA \AA \AA \AA \AA \AA \AA,True,mcq_letters,mcq_letters,True,False,False,False,,দৃশ্যমান বর্ণালির তরঙ্গদৈর্ঘ্যের বিস্তৃতি- A. 2000 \AA থেকে 3000 \AA পর্যন্ত B. 3000 \AA থেকে 4000 \AA পর্যন্ত C. 4000 \AA থেকে 8000 \AA পর্যন্ত D. 8000 \AA থেকে 12000 \AA পর্যন্ত ,drishyoman bornalir toronggodoirghyer bistriti- A. 2000 \AA theke 3000 \AA poryont B. 3000 \AA theke 4000 \AA poryont C. 4000 \AA theke 8000 \AA poryont D. 8000 \AA theke 12000 \AA
benqa_12th-Physics-II_0292,benqa,mcq,physics-ii,auto_romanized_unverified_v4,bangla_vs_english,diagnostic,bangla,english,A B C D,A B C D,True,2000 3000 3000 4000 4000 8000 8000 12000,2000 3000 3000 4000 4000 8000 8000 12000,True,AA AA AA AA AA AA AA AA \AA \AA \AA \AA \AA \AA \AA \AA,AA AA AA AA AA AA AA AA \AA \AA \AA \AA \AA \AA \AA \AA,True,mcq_letters,mcq_letters,True,False,False,False,,দৃশ্যমান বর্ণালির তরঙ্গদৈর্ঘ্যের বিস্তৃতি- A. 2000 \AA থেকে 3000 \AA পর্যন্ত B. 3000 \AA থেকে 4000 \AA পর্যন্ত C. 4000 \AA থেকে 8000 \AA পর্যন্ত D. 8000 \AA থেকে 12000 \AA পর্যন্ত ,Which of the following is the range of wavelength for visible spectrum? A. 2000 \AA - 3000 \AA B. 3000 \AA - 4000 \AA C. 4000 \AA - 8000 \AA D. 8000 \AA - 12000 \AA Answer with onl
benqa_12th-Physics-II_0292,benqa,mcq,physics-ii,auto_romanized_unverified_v4,banglish_vs_english,diagnostic,banglish_clean,english,A B C D,A B C D,True,2000 3000 3000 4000 4000 8000 8000 12000,2000 3000 3000 4000 4000 8000 8000 12000,True,AA AA AA AA AA AA AA AA \AA \AA \AA \AA \AA \AA \AA \AA,AA AA AA AA AA AA AA AA \AA \AA \AA \AA \AA \AA \AA \AA,True,mcq_letters,mcq_letters,True,False,False,False,,drishyoman bornalir toronggodoirghyer bistriti- A. 2000 \AA theke 3000 \AA poryont B. 3000 \AA theke 4000 \AA poryont C. 4000 \AA theke 8000 \AA poryont D. 8000 \AA theke 12000 \AA,Which of the following is the range of wavelength for visible spectrum? A. 2000 \AA - 3000 \AA B. 3000 \AA - 4000 \AA C. 4000 \AA - 8000 \AA D. 8000 \AA - 12000 \AA Answer with onl
benqa_12th-Chemistry-II_0294,benqa,mcq,chemistry-ii,human_reviewed_banglish_v5,bangla_vs_banglish,primary,bangla,banglish_clean,A B C D,A B C D,True,2 2 2 3,2 2 2 3,True,sp^{2} sp^{2} sp^{2} sp^{3},sp^{2} sp^{2} sp^{2} sp^{3},True,mcq_letters,mcq_letters,True,False,False,False,,বেনজিনের কার্বন-কার্বন দ্বি-বন্ধন কোন অরবিটারলের অধিক্রমণে সৃষ্টি হয়? i. sp^{2} - sp^{2} ii. p - p iii. sp^{2} - sp^{3} নিচের কোনটি সঠিক? A. i B. iii C. i ও ii D. ii ও iii Answer w,benojiner karbon-karbon dwi-bondhon kon orobitaroler odhikromone srishti hoy? i. sp^{2} - sp^{2} ii. p - p iii. sp^{2} - sp^{3} nicher konti sothik? A. i B. iii C. i o ii D. ii o i
benqa_12th-Chemistry-II_0294,benqa,mcq,chemistry-ii,human_reviewed_banglish_v5,bangla_vs_english,diagnostic,bangla,english,A B C D,A B C D,True,2 2 2 3,2 2 2 3,True,sp^{2} sp^{2} sp^{2} sp^{3},SP^{2} SP^{2} SP^{2} SP^{2} SP^{2} SP^{2} SP^{3} SP^{3},False,mcq_letters,mcq_letters,True,True,False,True,formulas,বেনজিনের কার্বন-কার্বন দ্বি-বন্ধন কোন অরবিটারলের অধিক্রমণে সৃষ্টি হয়? i. sp^{2} - sp^{2} ii. p - p iii. sp^{2} - sp^{3} নিচের কোনটি সঠিক? A. i B. iii C. i ও ii D. ii ও iii Answer w,Carbon-carbon double bond of benzene is created by which kind of orbital overlaping? i. SP^{2} - SP^{2} ii. P - P iii. SP^{2} - SP^{3} Which one is correct? A. i B. iii C. i and ii
benqa_12th-Chemistry-II_0294,benqa,mcq,chemistry-ii,human_reviewed_banglish_v5,banglish_vs_english,diagnostic,banglish_clean,english,A B C D,A B C D,True,2 2 2 3,2 2 2 3,True,sp^{2} sp^{2} sp^{2} sp^{3},SP^{2} SP^{2} SP^{2} SP^{2} SP^{2} SP^{2} SP^{3} SP^{3},False,mcq_letters,mcq_letters,True,True,False,True,formulas,benojiner karbon-karbon dwi-bondhon kon orobitaroler odhikromone srishti hoy? i. sp^{2} - sp^{2} ii. p - p iii. sp^{2} - sp^{3} nicher konti sothik? A. i B. iii C. i o ii D. ii o i,Carbon-carbon double bond of benzene is created by which kind of orbital overlaping? i. SP^{2} - SP^{2} ii. P - P iii. SP^{2} - SP^{3} Which one is correct? A. i B. iii C. i and ii
benqa_8th-Science_0014,benqa,mcq,science,human_reviewed_banglish_v5,bangla_vs_banglish,primary,bangla,banglish_clean,A B C D,A B C D,True,,,True,,,True,mcq_letters,mcq_letters,True,False,False,False,,"অ্যানিমিয়া রোগের লক্ষণ- i. ওজন কমে যাওয়া ii. খাওয়ায় অনীহা iii. দুর্বল লাগা নিচের কোনটি সঠিক? A. i ও ii B. i ও iii C. ii ও iii D. i, ii ও iii Answer with only A, B, C, or D.","animiya roger lokshon- i. ojon kome jaoya ii. khaoyay oniha iii. durbol laga nicher konti sothik? A. i o ii B. i o iii C. ii o iii D. i, ii o iii Answer with only A, B, C, or D."
benqa_8th-Science_0014,benqa,mcq,science,human_reviewed_banglish_v5,bangla_vs_english,diagnostic,bangla,english,A B C D,A B C D,True,,,True,,,True,mcq_letters,mcq_letters,True,False,False,False,,"অ্যানিমিয়া রোগের লক্ষণ- i. ওজন কমে যাওয়া ii. খাওয়ায় অনীহা iii. দুর্বল লাগা নিচের কোনটি সঠিক? A. i ও ii B. i ও iii C. ii ও iii D. i, ii ও iii Answer with only A, B, C, or D.","The symptoms of anemia is- i. loss of weight ii. Loss of appetite iii. Weakness Which one is correct? A. i & ii B. i & iii C. ii & iii D. i, ii & iii Answer with only A, B, C, or D"
benqa_8th-Science_0014,benqa,mcq,science,human_reviewed_banglish_v5,banglish_vs_english,diagnostic,banglish_clean,english,A B C D,A B C D,True,,,True,,,True,mcq_letters,mcq_letters,True,False,False,False,,"animiya roger lokshon- i. ojon kome jaoya ii. khaoyay oniha iii. durbol laga nicher konti sothik? A. i o ii B. i o iii C. ii o iii D. i, ii o iii Answer with only A, B, C, or D.","The symptoms of anemia is- i. loss of weight ii. Loss of appetite iii. Weakness Which one is correct? A. i & ii B. i & iii C. ii & iii D. i, ii & iii Answer with only A, B, C, or D"
banglamath_1688,banglamath,short_answer,math,human_reviewed_banglish_v5,bangla_vs_banglish,primary,bangla,banglish_clean,,,True,400 3 2 25,400 3 2 25,True,,,True,final_answer,final_answer,True,False,False,False,,কোন একটি বিয়ের অনুষ্ঠানে রান্না করতে বাবুর্চি ও তার সহকর্মী মোট ৪০০টি পেঁয়াজ কাটেন। বাবুর্চি প্রতি মিনিটে অন্তত ৩টি পেঁয়াজ এবং তার সহকর্মী প্রতি মিনিটে অন্তত ২টি পেঁয়াজ কাটতে প,kon ekti biyer onushthane ranna korte baburchi o tar sohokormi mot 400ti peyaj katen. baburchi proti minite ontot 3ti peyaj ebong tar sohokormi proti minite ontot 2ti peyaj katte p
banglamath_1688,banglamath,short_answer,math,human_reviewed_banglish_v5,bangla_vs_english,diagnostic,bangla,english,,,True,400 3 2 25,400 3 2 25,True,,,True,final_answer,final_answer,True,False,False,False,,কোন একটি বিয়ের অনুষ্ঠানে রান্না করতে বাবুর্চি ও তার সহকর্মী মোট ৪০০টি পেঁয়াজ কাটেন। বাবুর্চি প্রতি মিনিটে অন্তত ৩টি পেঁয়াজ এবং তার সহকর্মী প্রতি মিনিটে অন্তত ২টি পেঁয়াজ কাটতে প,"At a wedding, a chef and assistant cut 400 onions together. The chef cuts at least 3 onions per minute and the assistant cuts at least 2 per minute. If the chef stops 25 minutes be"
banglamath_1688,banglamath,short_answer,math,human_reviewed_banglish_v5,banglish_vs_english,diagnostic,banglish_clean,english,,,True,400 3 2 25,400 3 2 25,True,,,True,final_answer,final_answer,True,False,False,False,,kon ekti biyer onushthane ranna korte baburchi o tar sohokormi mot 400ti peyaj katen. baburchi proti minite ontot 3ti peyaj ebong tar sohokormi proti minite ontot 2ti peyaj katte p,"At a wedding, a chef and assistant cut 400 onions together. The chef cuts at least 3 onions per minute and the assistant cuts at least 2 per minute. If the chef stops 25 minutes be"
benqa_12th-Math-I_0120,benqa,mcq,math-i,human_reviewed_banglish_v5,bangla_vs_banglish,primary,bangla,banglish_clean,A B C D,A B C D,True,3 4 3 0 3 0 4 0 4 1,3 4 3 0 3 0 4 0 4 1,True,,,True,mcq_letters,mcq_letters,True,False,False,False,,"(3, -4) বিন্দুগামী এবং x-অক্ষের সমান্তরাল সরলরেখার সমীকরণ কোনটি? A. y - 3 = 0 B. y + 3 = 0 C. y - 4 = 0 D. y + 4 = 1 Answer with only A, B, C, or D.","(3, -4) bindugami ebong x-oksher somantoral sorolorekhar somikoron konti? A. y - 3 = 0 B. y + 3 = 0 C. y - 4 = 0 D. y + 4 = 1 Answer with only A, B, C, or D."
benqa_12th-Math-I_0120,benqa,mcq,math-i,human_reviewed_banglish_v5,bangla_vs_english,diagnostic,bangla,english,A B C D,A B C D,True,3 4 3 0 3 0 4 0 4 1,3 4 3 0 3 0 4 0 4 1,True,,,True,mcq_letters,mcq_letters,True,False,False,False,,"(3, -4) বিন্দুগামী এবং x-অক্ষের সমান্তরাল সরলরেখার সমীকরণ কোনটি? A. y - 3 = 0 B. y + 3 = 0 C. y - 4 = 0 D. y + 4 = 1 Answer with only A, B, C, or D.","Which one of the following is the equation of straight line passing through the point (3, -4) and is parallel to x-axis? A. y - 3 = 0 B. y + 3 = 0 C. y - 4 = 0 D. y + 4 = 1 Answer "
benqa_12th-Math-I_0120,benqa,mcq,math-i,human_reviewed_banglish_v5,banglish_vs_english,diagnostic,banglish_clean,english,A B C D,A B C D,True,3 4 3 0 3 0 4 0 4 1,3 4 3 0 3 0 4 0 4 1,True,,,True,mcq_letters,mcq_letters,True,False,False,False,,"(3, -4) bindugami ebong x-oksher somantoral sorolorekhar somikoron konti? A. y - 3 = 0 B. y + 3 = 0 C. y - 4 = 0 D. y + 4 = 1 Answer with only A, B, C, or D.","Which one of the following is the equation of straight line passing through the point (3, -4) and is parallel to x-axis? A. y - 3 = 0 B. y + 3 = 0 C. y - 4 = 0 D. y + 4 = 1 Answer "
benqa_12th-Biology-I_0160,benqa,mcq,biology-i,auto_romanized_unverified_v4,bangla_vs_banglish,primary,bangla,banglish_clean,A B C D,A B C D,True,,,True,\rightarrow \rightarrow \rightarrow \rightarrow,\rightarrow \rightarrow \rightarrow \rightarrow,True,mcq_letters,mcq_letters,True,False,False,False,,ট্রোফোজয়েট \rightarrow সিগনেট রিং \rightarrow A \rightarrow সাইজন্ট \rightarrow মেরোজয়েট A ধাপে নিচের কোন পদার্থটি তৈরি হয়? A. হিমোলাইসিন B. হিমোজয়েন C. লাইসোলেসিথিন D. পাইরোজেন An,trofojoyet \rightarrow sigonet ring \rightarrow A \rightarrow saijont \rightarrow merojoyet A dhape nicher kon podarthoti toiri hoy? A. himolaisin B. himojoyen C. laisolesithin D. 
benqa_12th-Biology-I_0160,benqa,mcq,biology-i,auto_romanized_unverified_v4,bangla_vs_english,diagnostic,bangla,english,A B C D,A B C D,True,,,True,\rightarrow \rightarrow \rightarrow \rightarrow,\rightarrow \rightarrow \rightarrow \rightarrow,True,mcq_letters,mcq_letters,True,False,False,False,,ট্রোফোজয়েট \rightarrow সিগনেট রিং \rightarrow A \rightarrow সাইজন্ট \rightarrow মেরোজয়েট A ধাপে নিচের কোন পদার্থটি তৈরি হয়? A. হিমোলাইসিন B. হিমোজয়েন C. লাইসোলেসিথিন D. পাইরোজেন An,Trophozoite \rightarrow Signet ring \rightarrow A \rightarrow Schizent \rightarrow Merozoite Which of the following substance is formed in step A? A. Haemolysin B. Haemozoin C. Lys
benqa_12th-Biology-I_0160,benqa,mcq,biology-i,auto_romanized_unverified_v4,banglish_vs_english,diagnostic,banglish_clean,english,A B C D,A B C D,True,,,True,\rightarrow \rightarrow \rightarrow \rightarrow,\rightarrow \rightarrow \rightarrow \rightarrow,True,mcq_letters,mcq_letters,True,False,False,False,,trofojoyet \rightarrow sigonet ring \rightarrow A \rightarrow saijont \rightarrow merojoyet A dhape nicher kon podarthoti toiri hoy? A. himolaisin B. himojoyen C. laisolesithin D. ,Trophozoite \rightarrow Signet ring \rightarrow A \rightarrow Schizent \rightarrow Merozoite Which of the following substance is formed in step A? A. Haemolysin B. Haemozoin C. Lys
banglamath_0230,banglamath,short_answer,math,human_reviewed_banglish_v5,bangla_vs_banglish,primary,bangla,banglish_clean,,,True,25 125,25 125,True,,,True,final_answer,final_answer,True,False,False,False,,২৫ টাকা ১২৫ টাকার শতকরা কত Return only the final answer.,25 taka 125 takar shotkora koto Return only the final answer.
banglamath_0230,banglamath,short_answer,math,human_reviewed_banglish_v5,bangla_vs_english,diagnostic,bangla,english,,,True,25 125,25 125,True,,,True,final_answer,final_answer,True,False,False,False,,২৫ টাকা ১২৫ টাকার শতকরা কত Return only the final answer.,25 Taka is what percent of 125 Taka? Return only the final answer.
banglamath_0230,banglamath,short_answer,math,human_reviewed_banglish_v5,banglish_vs_english,diagnostic,banglish_clean,english,,,True,25 125,25 125,True,,,True,final_answer,final_answer,True,False,False,False,,25 taka 125 takar shotkora koto Return only the final answer.,25 Taka is what percent of 125 Taka? Return only the final answer.
banglamath_1685,banglamath,short_answer,math,auto_romanized_unverified_v4,bangla_vs_banglish,primary,bangla,banglish_clean,,,True,2 2 3 3,2 2 3 3,True,,,True,final_answer,final_answer,True,False,False,False,,"২ বছর পর জীবনের বয়স হবে, ২ বছর পূর্বে জীবনের বয়স যা ছিল তার দ্বিগুণ। ৩ বছর পর জীবনের বয়স যদি ৩ বছর পূর্বে জীবনের বয়সের সমান হয়, তবে কার বয়স বেশি, জীবনের নাকি জুলির? Return on","2 bochhor por jiboner boyos hobe, 2 bochhor purbe jiboner boyos ja chhil tar dwigun. 3 bochhor por jiboner boyos jodi 3 bochhor purbe jiboner boyoser soman hoy, tobe kar boyos besh"
banglamath_1685,banglamath,short_answer,math,auto_romanized_unverified_v4,bangla_vs_english,diagnostic,bangla,english,,,True,2 2 3 3,2 2 3 3,True,,,True,final_answer,final_answer,True,False,False,False,,"২ বছর পর জীবনের বয়স হবে, ২ বছর পূর্বে জীবনের বয়স যা ছিল তার দ্বিগুণ। ৩ বছর পর জীবনের বয়স যদি ৩ বছর পূর্বে জীবনের বয়সের সমান হয়, তবে কার বয়স বেশি, জীবনের নাকি জুলির? Return on","In 2 years, Jibon’s age will be twice what it was 2 years ago. In 3 years, Jibon’s age will equal what it was 3 years ago. Who is older—Jibon or Julie? Return only the final answer"
banglamath_1685,banglamath,short_answer,math,auto_romanized_unverified_v4,banglish_vs_english,diagnostic,banglish_clean,english,,,True,2 2 3 3,2 2 3 3,True,,,True,final_answer,final_answer,True,False,False,False,,"2 bochhor por jiboner boyos hobe, 2 bochhor purbe jiboner boyos ja chhil tar dwigun. 3 bochhor por jiboner boyos jodi 3 bochhor purbe jiboner boyoser soman hoy, tobe kar boyos besh","In 2 years, Jibon’s age will be twice what it was 2 years ago. In 3 years, Jibon’s age will equal what it was 3 years ago. Who is older—Jibon or Julie? Return only the final answer"
banglamath_1692,banglamath,short_answer,math,human_reviewed_banglish_v5,bangla_vs_banglish,primary,bangla,banglish_clean,,,True,20 20 3 2 1,20 20 3 2 1,True,,,True,final_answer,final_answer,True,False,False,False,,"একটি যৌথ পরিবারের মোট সদস্য (পুরুষ, মহিলা ও শিশু) ২০ জন। পরিবারের কর্তাবাবুর আদেশ ২০ মণ ধান পরিবারের সকল সদস্যের মধ্যে ভাগ করে দেয়া হবে। ভাগের নিয়ম হলঃ প্রত্যেক পুরুষ পাবে ৩ মণ, ","ekti jouth poribarer mot sodosy (purush, mohila o shishu) 20 jon. poribarer kortababur adesh 20 mon dhan poribarer sokol sodosyer modhye bhag kore deya hobe. bhager niyom holoh pro"
banglamath_1692,banglamath,short_answer,math,human_reviewed_banglish_v5,bangla_vs_english,diagnostic,bangla,english,,,True,20 20 3 2 1,20 20 3 2 1,True,,,True,final_answer,final_answer,True,False,False,False,,"একটি যৌথ পরিবারের মোট সদস্য (পুরুষ, মহিলা ও শিশু) ২০ জন। পরিবারের কর্তাবাবুর আদেশ ২০ মণ ধান পরিবারের সকল সদস্যের মধ্যে ভাগ করে দেয়া হবে। ভাগের নিয়ম হলঃ প্রত্যেক পুরুষ পাবে ৩ মণ, ","A joint family has 20 members (men, women, and children). 20 mon of rice is to be divided where each man gets 3 mon, each woman 2 mon, and each child 1 mon. How many men, women, an"
banglamath_1692,banglamath,short_answer,math,human_reviewed_banglish_v5,banglish_vs_english,diagnostic,banglish_clean,english,,,True,20 20 3 2 1,20 20 3 2 1,True,,,True,final_answer,final_answer,True,False,False,False,,"ekti jouth poribarer mot sodosy (purush, mohila o shishu) 20 jon. poribarer kortababur adesh 20 mon dhan poribarer sokol sodosyer modhye bhag kore deya hobe. bhager niyom holoh pro","A joint family has 20 members (men, women, and children). 20 mon of rice is to be divided where each man gets 3 mon, each woman 2 mon, and each child 1 mon. How many men, women, an"
benqa_8th-Science_0153,benqa,mcq,science,human_reviewed_banglish_v5,bangla_vs_banglish,primary,bangla,banglish_clean,A B C D,A B C D,True,,,True,,,True,mcq_letters,mcq_letters,True,False,False,False,,"পাকস্থলীর এসিডিটি নিরাময়ে কোনটি উপযোগী? A. ক্যালসিয়াম B. এসিটিক এসিড C. অ্যলুমিনিয়াম হাইড্রোক্সাইড D. অ্যামোনিয়াম হাইড্রোক্সাইড Answer with only A, B, C, or D.","pakostholir esiditi niramoye konti upojogi? A. kyalosiyam B. esitik esid C. ojoluminiyam haidroksaid D. amoniyam haidroksaid Answer with only A, B, C, or D."
benqa_8th-Science_0153,benqa,mcq,science,human_reviewed_banglish_v5,bangla_vs_english,diagnostic,bangla,english,A B C D,A B C D,True,,,True,,,True,mcq_letters,mcq_letters,True,False,False,False,,"পাকস্থলীর এসিডিটি নিরাময়ে কোনটি উপযোগী? A. ক্যালসিয়াম B. এসিটিক এসিড C. অ্যলুমিনিয়াম হাইড্রোক্সাইড D. অ্যামোনিয়াম হাইড্রোক্সাইড Answer with only A, B, C, or D.","Which is appropriate to remove acidity in the stomach? A. Calcium Hydroxide B. Acetic Acid C. Aluminium Hydroxide D. Ammonium Hydroxide Answer with only A, B, C, or D."
benqa_8th-Science_0153,benqa,mcq,science,human_reviewed_banglish_v5,banglish_vs_english,diagnostic,banglish_clean,english,A B C D,A B C D,True,,,True,,,True,mcq_letters,mcq_letters,True,False,False,False,,"pakostholir esiditi niramoye konti upojogi? A. kyalosiyam B. esitik esid C. ojoluminiyam haidroksaid D. amoniyam haidroksaid Answer with only A, B, C, or D.","Which is appropriate to remove acidity in the stomach? A. Calcium Hydroxide B. Acetic Acid C. Aluminium Hydroxide D. Ammonium Hydroxide Answer with only A, B, C, or D."
banglamath_0228,banglamath,short_answer,math,auto_romanized_unverified_v4,bangla_vs_banglish,primary,bangla,banglish_clean,,,True,40,40,True,,,True,final_answer,final_answer,True,False,False,False,,৪০% কে সাধারণ ভগ্নাংশে প্রকাশ করলে কী হয় Return only the final answer.,40% ke sadharon bhognangshe prokash korole ki hoy Return only the final answer.
banglamath_0228,banglamath,short_answer,math,auto_romanized_unverified_v4,bangla_vs_english,diagnostic,bangla,english,,,True,40,40,True,,,True,final_answer,final_answer,True,False,False,False,,৪০% কে সাধারণ ভগ্নাংশে প্রকাশ করলে কী হয় Return only the final answer.,What is 40% expressed as a proper fraction? Return only the final answer.
banglamath_0228,banglamath,short_answer,math,auto_romanized_unverified_v4,banglish_vs_english,diagnostic,banglish_clean,english,,,True,40,40,True,,,True,final_answer,final_answer,True,False,False,False,,40% ke sadharon bhognangshe prokash korole ki hoy Return only the final answer.,What is 40% expressed as a proper fraction? Return only the final answer.
benqa_12th-Physics-I_0109,benqa,mcq,physics-i,auto_romanized_unverified_v4,bangla_vs_banglish,primary,bangla,banglish_clean,A B C D,A B C D,True,,,True,,,True,mcq_letters,mcq_letters,True,False,False,False,,"টর্কের অপর নাম কী? A. ঘর্ষণ বল B. জড়তার ভ্রামক C. ঘূর্ণন বল D. কেন্দ্রমুখী বল Answer with only A, B, C, or D.","torker opor nam ki? A. ghorshon bol B. jorotar bhramok C. ghurnon bol D. kendromukhi bol Answer with only A, B, C, or D."
benqa_12th-Physics-I_0109,benqa,mcq,physics-i,auto_romanized_unverified_v4,bangla_vs_english,diagnostic,bangla,english,A B C D,A B C D,True,,,True,,,True,mcq_letters,mcq_letters,True,False,False,False,,"টর্কের অপর নাম কী? A. ঘর্ষণ বল B. জড়তার ভ্রামক C. ঘূর্ণন বল D. কেন্দ্রমুখী বল Answer with only A, B, C, or D.","What is the another name of torque? A. Friction force B. Moment of inertia C. Rotational force D. Centripetal force Answer with only A, B, C, or D."
benqa_12th-Physics-I_0109,benqa,mcq,physics-i,auto_romanized_unverified_v4,banglish_vs_english,diagnostic,banglish_clean,english,A B C D,A B C D,True,,,True,,,True,mcq_letters,mcq_letters,True,False,False,False,,"torker opor nam ki? A. ghorshon bol B. jorotar bhramok C. ghurnon bol D. kendromukhi bol Answer with only A, B, C, or D.","What is the another name of torque? A. Friction force B. Moment of inertia C. Rotational force D. Centripetal force Answer with only A, B, C, or D."
benqa_12th-Biology-I_0181,benqa,mcq,biology-i,auto_romanized_unverified_v4,bangla_vs_banglish,primary,bangla,banglish_clean,A B C D,A B C D,True,,,True,,,True,mcq_letters,mcq_letters,True,False,False,False,,"ম্যালেরিয়া জীবাণুর যৌন জননে সচল ও লম্বাকৃতির জাইগোটের নাম কী? A. স্পোরোজয়েট B. উওসিস্ট C. উওকিনেট D. জাইগোট Answer with only A, B, C, or D.","myaleriya jibanur joun jonone sochol o lombakritir jaigoter nam ki? A. sporojoyet B. uosist C. uokinet D. jaigot Answer with only A, B, C, or D."
benqa_12th-Biology-I_0181,benqa,mcq,biology-i,auto_romanized_unverified_v4,bangla_vs_english,diagnostic,bangla,english,A B C D,A B C D,True,,,True,,,True,mcq_letters,mcq_letters,True,False,False,False,,"ম্যালেরিয়া জীবাণুর যৌন জননে সচল ও লম্বাকৃতির জাইগোটের নাম কী? A. স্পোরোজয়েট B. উওসিস্ট C. উওকিনেট D. জাইগোট Answer with only A, B, C, or D.","What is the name of zygote that remain round and active elongated form in sexul reproduction of malarial parasite? A. Sporozoite B. Oocyst C. Ookinete D. Zygote Answer with only A,"
benqa_12th-Biology-I_0181,benqa,mcq,biology-i,auto_romanized_unverified_v4,banglish_vs_english,diagnostic,banglish_clean,english,A B C D,A B C D,True,,,True,,,True,mcq_letters,mcq_letters,True,False,False,False,,"myaleriya jibanur joun jonone sochol o lombakritir jaigoter nam ki? A. sporojoyet B. uosist C. uokinet D. jaigot Answer with only A, B, C, or D.","What is the name of zygote that remain round and active elongated form in sexul reproduction of malarial parasite? A. Sporozoite B. Oocyst C. Ookinete D. Zygote Answer with only A,"
benqa_12th-Biology-I_0222,benqa,mcq,biology-i,human_reviewed_banglish_v5,bangla_vs_banglish,primary,bangla,banglish_clean,A B C D,A B C D,True,,,True,,,True,mcq_letters,mcq_letters,True,False,False,False,,"উদ্ভিদ কোনটি মাটি হতে নেয়? A. নাইট্রোজেন B. হাইড্রোজেন C. অক্সিজেন D. কার্বন Answer with only A, B, C, or D.","udbhid konti mati hote ney? A. naitrojen B. haidrojen C. oksijen D. karbon Answer with only A, B, C, or D."
benqa_12th-Biology-I_0222,benqa,mcq,biology-i,human_reviewed_banglish_v5,bangla_vs_english,diagnostic,bangla,english,A B C D,A B C D,True,,,True,,,True,mcq_letters,mcq_letters,True,False,False,False,,"উদ্ভিদ কোনটি মাটি হতে নেয়? A. নাইট্রোজেন B. হাইড্রোজেন C. অক্সিজেন D. কার্বন Answer with only A, B, C, or D.","What does the plant take from the soild? A. Nitrogen B. Hydrogen C. Oxygen D. Carbon Answer with only A, B, C, or D."
benqa_12th-Biology-I_0222,benqa,mcq,biology-i,human_reviewed_banglish_v5,banglish_vs_english,diagnostic,banglish_clean,english,A B C D,A B C D,True,,,True,,,True,mcq_letters,mcq_letters,True,False,False,False,,"udbhid konti mati hote ney? A. naitrojen B. haidrojen C. oksijen D. karbon Answer with only A, B, C, or D.","What does the plant take from the soild? A. Nitrogen B. Hydrogen C. Oxygen D. Carbon Answer with only A, B, C, or D."
benqa_8th-Math_0167,benqa,mcq,math,human_reviewed_banglish_v5,bangla_vs_banglish,primary,bangla,banglish_clean,A B C D,A B C D,True,16 40 64 80 96,16 40 64 80 96,True,,,True,mcq_letters,mcq_letters,True,False,False,False,,"একটি আয়তাকার বাগানের দৈর্ঘ্য প্রস্থের দেড়গুণ। এর প্রস্থ 16 মিটার হলে, বাগানের পরিসীমা কত? A. 40 মিটার B. 64 মিটার C. 80 মিটার D. 96 মিটার Answer with only A, B, C, or D.","ekti ayotokar baganer doirgho prosther dergun. er prostho 16 mitar hole, baganer porisima koto? A. 40 mitar B. 64 mitar C. 80 mitar D. 96 mitar Answer with only A, B, C, or D."
benqa_8th-Math_0167,benqa,mcq,math,human_reviewed_banglish_v5,bangla_vs_english,diagnostic,bangla,english,A B C D,A B C D,True,16 40 64 80 96,16 40 64 80 96,True,,,True,mcq_letters,mcq_letters,True,False,False,False,,"একটি আয়তাকার বাগানের দৈর্ঘ্য প্রস্থের দেড়গুণ। এর প্রস্থ 16 মিটার হলে, বাগানের পরিসীমা কত? A. 40 মিটার B. 64 মিটার C. 80 মিটার D. 96 মিটার Answer with only A, B, C, or D.","The length of a rectangular garden is one and half times its breadth. If breadth is 16 metres , what is its peremeter? A. 40m B. 64m C. 80m D. 96m Answer with only A, B, C, or D."
benqa_8th-Math_0167,benqa,mcq,math,human_reviewed_banglish_v5,banglish_vs_english,diagnostic,banglish_clean,english,A B C D,A B C D,True,16 40 64 80 96,16 40 64 80 96,True,,,True,mcq_letters,mcq_letters,True,False,False,False,,"ekti ayotokar baganer doirgho prosther dergun. er prostho 16 mitar hole, baganer porisima koto? A. 40 mitar B. 64 mitar C. 80 mitar D. 96 mitar Answer with only A, B, C, or D.","The length of a rectangular garden is one and half times its breadth. If breadth is 16 metres , what is its peremeter? A. 40m B. 64m C. 80m D. 96m Answer with only A, B, C, or D."
benqa_12th-Math-I_0218,benqa,mcq,math-i,human_reviewed_banglish_v5,bangla_vs_banglish,primary,bangla,banglish_clean,A B C D,A B C D,True,1 2 2 2 2 2,1 2 2 2 2 2,True,ABC \Delta \frac \frac a^{2} b^{2} c^{2},ABC \Delta \frac \frac a^{2} b^{2} c^{2},True,mcq_letters,mcq_letters,True,False,False,False,,যেকোনো ত্রিভুজ ABC এর ক্ষেত্রে নিচের কোনটি সঠিক? A. c = acosB + bcosA B. b = csinA + asinC C. \Delta = \frac{1}{2} abcosC D. cosA = \frac{b^{2} + c^{2} + a^{2}}{2bc} Answer with on,jekono tribhuj ABC er khetre nicher konti sothik? A. c = acosB + bcosA B. b = csinA + asinC C. \Delta = \frac{1}{2} abcosC D. cosA = \frac{b^{2} + c^{2} + a^{2}}{2bc} Answer with o
benqa_12th-Math-I_0218,benqa,mcq,math-i,human_reviewed_banglish_v5,bangla_vs_english,diagnostic,bangla,english,A B C D,A B C D,True,1 2 2 2 2 2,1 2 2 2 2 2,True,ABC \Delta \frac \frac a^{2} b^{2} c^{2},ABC \Delta \frac \frac a^{2} b^{2} c^{2},True,mcq_letters,mcq_letters,True,False,False,False,,যেকোনো ত্রিভুজ ABC এর ক্ষেত্রে নিচের কোনটি সঠিক? A. c = acosB + bcosA B. b = csinA + asinC C. \Delta = \frac{1}{2} abcosC D. cosA = \frac{b^{2} + c^{2} + a^{2}}{2bc} Answer with on,In any triangle ABC which of the following is correct? A. c = acosB + bcosA B. b = csinA + asinC C. \Delta = \frac{1}{2} abcosC D. cosA = \frac{b^{2} + c^{2} + a^{2}}{2bc} Answer w
benqa_12th-Math-I_0218,benqa,mcq,math-i,human_reviewed_banglish_v5,banglish_vs_english,diagnostic,banglish_clean,english,A B C D,A B C D,True,1 2 2 2 2 2,1 2 2 2 2 2,True,ABC \Delta \frac \frac a^{2} b^{2} c^{2},ABC \Delta \frac \frac a^{2} b^{2} c^{2},True,mcq_letters,mcq_letters,True,False,False,False,,jekono tribhuj ABC er khetre nicher konti sothik? A. c = acosB + bcosA B. b = csinA + asinC C. \Delta = \frac{1}{2} abcosC D. cosA = \frac{b^{2} + c^{2} + a^{2}}{2bc} Answer with o,In any triangle ABC which of the following is correct? A. c = acosB + bcosA B. b = csinA + asinC C. \Delta = \frac{1}{2} abcosC D. cosA = \frac{b^{2} + c^{2} + a^{2}}{2bc} Answer w
benqa_12th-Math-I_0088,benqa,mcq,math-i,auto_romanized_unverified_v4,bangla_vs_banglish,primary,bangla,banglish_clean,A B C D,A B C D,True,1 1,1 1,True,\frac \frac \frac \frac,\frac \frac \frac \frac,True,mcq_letters,mcq_letters,True,False,False,False,,"x-এর সাপেক্ষে ln ax এর অন্তরজ- A. \frac{a}{x} B. \frac{x}{a} C. \frac{1}{x} D. \frac{1}{ax} Answer with only A, B, C, or D.","x-er sapekshe ln ax er ontoroj- A. \frac{a}{x} B. \frac{x}{a} C. \frac{1}{x} D. \frac{1}{ax} Answer with only A, B, C, or D."
benqa_12th-Math-I_0088,benqa,mcq,math-i,auto_romanized_unverified_v4,bangla_vs_english,diagnostic,bangla,english,A B C D,A B C D,True,1 1,1 1,True,\frac \frac \frac \frac,\frac \frac \frac \frac,True,mcq_letters,mcq_letters,True,False,False,False,,"x-এর সাপেক্ষে ln ax এর অন্তরজ- A. \frac{a}{x} B. \frac{x}{a} C. \frac{1}{x} D. \frac{1}{ax} Answer with only A, B, C, or D.","The derivative of lnax with respect to x is- A. \frac{a}{x} B. \frac{x}{a} C. \frac{1}{x} D. \frac{1}{ax} Answer with only A, B, C, or D."
benqa_12th-Math-I_0088,benqa,mcq,math-i,auto_romanized_unverified_v4,banglish_vs_english,diagnostic,banglish_clean,english,A B C D,A B C D,True,1 1,1 1,True,\frac \frac \frac \frac,\frac \frac \frac \frac,True,mcq_letters,mcq_letters,True,False,False,False,,"x-er sapekshe ln ax er ontoroj- A. \frac{a}{x} B. \frac{x}{a} C. \frac{1}{x} D. \frac{1}{ax} Answer with only A, B, C, or D.","The derivative of lnax with respect to x is- A. \frac{a}{x} B. \frac{x}{a} C. \frac{1}{x} D. \frac{1}{ax} Answer with only A, B, C, or D."
benqa_12th-Math-II_0043,benqa,mcq,math-ii,auto_romanized_unverified_v4,bangla_vs_banglish,primary,bangla,banglish_clean,A B C D,A B C D,True,9 2 24 12 2 48 24 36 0,9 2 24 12 2 48 24 36 0,True,12y^{2} 9x^{2},12y^{2} 9x^{2},True,mcq_letters,mcq_letters,True,False,False,False,,"9x^{2} - 24xy + 12y^{2} - 48x - 24y + 36 = 0 সমীকরণটি কী নির্দেশ করে? A. বৃত্ত B. পরাবৃত্ত C. উপবৃত্ত D. অধিবৃত্ত Answer with only A, B, C, or D.","9x^{2} - 24xy + 12y^{2} - 48x - 24y + 36 = 0 somikoronoti ki nirdesh kore? A. britt B. porabritt C. upobritt D. odhibritt Answer with only A, B, C, or D."
benqa_12th-Math-II_0043,benqa,mcq,math-ii,auto_romanized_unverified_v4,bangla_vs_english,diagnostic,bangla,english,A B C D,A B C D,True,9 2 24 12 2 48 24 36 0,9 2 24 12 2 48 24 36 0,True,12y^{2} 9x^{2},12y^{2} 9x^{2},True,mcq_letters,mcq_letters,True,False,False,False,,"9x^{2} - 24xy + 12y^{2} - 48x - 24y + 36 = 0 সমীকরণটি কী নির্দেশ করে? A. বৃত্ত B. পরাবৃত্ত C. উপবৃত্ত D. অধিবৃত্ত Answer with only A, B, C, or D.","9x^{2} - 24xy + 12y^{2} - 48x - 24y + 36 = 0 represents- A. Circle B. Parabola C. Ellipse D. Hyperbola Answer with only A, B, C, or D."
benqa_12th-Math-II_0043,benqa,mcq,math-ii,auto_romanized_unverified_v4,banglish_vs_english,diagnostic,banglish_clean,english,A B C D,A B C D,True,9 2 24 12 2 48 24 36 0,9 2 24 12 2 48 24 36 0,True,12y^{2} 9x^{2},12y^{2} 9x^{2},True,mcq_letters,mcq_letters,True,False,False,False,,"9x^{2} - 24xy + 12y^{2} - 48x - 24y + 36 = 0 somikoronoti ki nirdesh kore? A. britt B. porabritt C. upobritt D. odhibritt Answer with only A, B, C, or D.","9x^{2} - 24xy + 12y^{2} - 48x - 24y + 36 = 0 represents- A. Circle B. Parabola C. Ellipse D. Hyperbola Answer with only A, B, C, or D."
banglamath_0550,banglamath,short_answer,math,human_reviewed_banglish_v5,bangla_vs_banglish,primary,bangla,banglish_clean,,,True,190,190,True,,,True,final_answer,final_answer,True,False,False,False,,রাস্তাসহ বাগানের পরিসীমা ১৯০ মিটার হলে সমান পরিসীমা বিশিষ্ট বর্গাকার মাঠের ক্ষেত্রফল কত Return only the final answer.,rastasoh baganer porisima 190 mitar hole soman porisima bishisht borgakar mather khetrofol koto Return only the final answer.
banglamath_0550,banglamath,short_answer,math,human_reviewed_banglish_v5,bangla_vs_english,diagnostic,bangla,english,,,True,190,190,True,,,True,final_answer,final_answer,True,False,False,False,,রাস্তাসহ বাগানের পরিসীমা ১৯০ মিটার হলে সমান পরিসীমা বিশিষ্ট বর্গাকার মাঠের ক্ষেত্রফল কত Return only the final answer.,"If the total perimeter (including path) of a garden is 190m, what is the area of a square field with the same perimeter? Return only the final answer."
banglamath_0550,banglamath,short_answer,math,human_reviewed_banglish_v5,banglish_vs_english,diagnostic,banglish_clean,english,,,True,190,190,True,,,True,final_answer,final_answer,True,False,False,False,,rastasoh baganer porisima 190 mitar hole soman porisima bishisht borgakar mather khetrofol koto Return only the final answer.,"If the total perimeter (including path) of a garden is 190m, what is the area of a square field with the same perimeter? Return only the final answer."
benqa_12th-Chemistry-I_0227,benqa,mcq,chemistry-i,human_reviewed_banglish_v5,bangla_vs_banglish,primary,bangla,banglish_clean,A B C D,A B C D,True,2 2 3 4 5,2 2 3 4 5,True,n_{2},n_{2},True,mcq_letters,mcq_letters,True,False,False,False,,"ব্রাকেট সিরিজের ক্ষেত্রে n_{2} এর মান কত? A. 2 B. 3 C. 4 D. 5 Answer with only A, B, C, or D.","braket sirijer khetre n_{2} er man koto? A. 2 B. 3 C. 4 D. 5 Answer with only A, B, C, or D."
benqa_12th-Chemistry-I_0227,benqa,mcq,chemistry-i,human_reviewed_banglish_v5,bangla_vs_english,diagnostic,bangla,english,A B C D,A B C D,True,2 2 3 4 5,2 2 3 4 5,True,n_{2},n_{2},True,mcq_letters,mcq_letters,True,False,False,False,,"ব্রাকেট সিরিজের ক্ষেত্রে n_{2} এর মান কত? A. 2 B. 3 C. 4 D. 5 Answer with only A, B, C, or D.","What is the valiue of n_{2} of Brackett series? A. 2 B. 3 C. 4 D. 5 Answer with only A, B, C, or D."
benqa_12th-Chemistry-I_0227,benqa,mcq,chemistry-i,human_reviewed_banglish_v5,banglish_vs_english,diagnostic,banglish_clean,english,A B C D,A B C D,True,2 2 3 4 5,2 2 3 4 5,True,n_{2},n_{2},True,mcq_letters,mcq_letters,True,False,False,False,,"braket sirijer khetre n_{2} er man koto? A. 2 B. 3 C. 4 D. 5 Answer with only A, B, C, or D.","What is the valiue of n_{2} of Brackett series? A. 2 B. 3 C. 4 D. 5 Answer with only A, B, C, or D."
benqa_12th-Physics-II_0085,benqa,mcq,physics-ii,human_reviewed_banglish_v5,bangla_vs_banglish,primary,bangla,banglish_clean,A B C D,A B C D,True,3 10 8 1,3 10 8 1,True,10^{8} \times \upsilon ms^{-1},10^{8} \times \upsilon ms^{-1},True,mcq_letters,mcq_letters,True,False,False,False,,"ফোটনের ক্ষেত্রে- i. স্থির ভর শূন্য ii. শক্তি h\upsilon iii. বেগ 3 \times 10^{8} ms^{-1} নিচের কোনটি সঠিক? A. i ও ii B. i ও iii C. ii ও iii D. i, ii ও iii Answer with only A, B, C, ","fotoner khetre- i. sthir bhor shuny ii. shokti h\upsilon iii. beg 3 \times 10^{8} ms^{-1} nicher konti sothik? A. i o ii B. i o iii C. ii o iii D. i, ii o iii Answer with only A, B"
benqa_12th-Physics-II_0085,benqa,mcq,physics-ii,human_reviewed_banglish_v5,bangla_vs_english,diagnostic,bangla,english,A B C D,A B C D,True,3 10 8 1,3 10 8 1,True,10^{8} \times \upsilon ms^{-1},10^{8} \times \upsilon ms^{-1},True,mcq_letters,mcq_letters,True,False,False,False,,"ফোটনের ক্ষেত্রে- i. স্থির ভর শূন্য ii. শক্তি h\upsilon iii. বেগ 3 \times 10^{8} ms^{-1} নিচের কোনটি সঠিক? A. i ও ii B. i ও iii C. ii ও iii D. i, ii ও iii Answer with only A, B, C, ","For photon's- i. rest mass zero ii. energy h\upsilon iii. velocity 3 \times 10^{8} ms^{-1} Which one is correct? A. i and ii B. i and iii C. ii and iii D. i, ii and iii Answer with"
benqa_12th-Physics-II_0085,benqa,mcq,physics-ii,human_reviewed_banglish_v5,banglish_vs_english,diagnostic,banglish_clean,english,A B C D,A B C D,True,3 10 8 1,3 10 8 1,True,10^{8} \times \upsilon ms^{-1},10^{8} \times \upsilon ms^{-1},True,mcq_letters,mcq_letters,True,False,False,False,,"fotoner khetre- i. sthir bhor shuny ii. shokti h\upsilon iii. beg 3 \times 10^{8} ms^{-1} nicher konti sothik? A. i o ii B. i o iii C. ii o iii D. i, ii o iii Answer with only A, B","For photon's- i. rest mass zero ii. energy h\upsilon iii. velocity 3 \times 10^{8} ms^{-1} Which one is correct? A. i and ii B. i and iii C. ii and iii D. i, ii and iii Answer with"
benqa_10th-Biology_0197,benqa,mcq,biology,human_reviewed_banglish_v5,bangla_vs_banglish,primary,bangla,banglish_clean,A B C D,A B C D,True,,,True,,,True,mcq_letters,mcq_letters,True,False,False,False,,"কোষের সকল জৈবিক ক্রিয়া নিয়ন্ত্রণ করে কোনটি? A. নিউক্লয়াস B. রাইবোজোম C. লাইসোজোম D. মাইটোকন্ড্রিয়া Answer with only A, B, C, or D.","kosher sokol joibik kriya niyontron kore konti? A. niukloyas B. raibojom C. laisojom D. maitokondriya Answer with only A, B, C, or D."
benqa_10th-Biology_0197,benqa,mcq,biology,human_reviewed_banglish_v5,bangla_vs_english,diagnostic,bangla,english,A B C D,A B C D,True,,,True,,,True,mcq_letters,mcq_letters,True,False,False,False,,"কোষের সকল জৈবিক ক্রিয়া নিয়ন্ত্রণ করে কোনটি? A. নিউক্লয়াস B. রাইবোজোম C. লাইসোজোম D. মাইটোকন্ড্রিয়া Answer with only A, B, C, or D.","Which controls all the biological activities of a cell? A. Nucleus B. Ribosome C. Luysosome D. Mitochondria Answer with only A, B, C, or D."
benqa_10th-Biology_0197,benqa,mcq,biology,human_reviewed_banglish_v5,banglish_vs_english,diagnostic,banglish_clean,english,A B C D,A B C D,True,,,True,,,True,mcq_letters,mcq_letters,True,False,False,False,,"kosher sokol joibik kriya niyontron kore konti? A. niukloyas B. raibojom C. laisojom D. maitokondriya Answer with only A, B, C, or D.","Which controls all the biological activities of a cell? A. Nucleus B. Ribosome C. Luysosome D. Mitochondria Answer with only A, B, C, or D."
benqa_12th-Physics-II_0037,benqa,mcq,physics-ii,human_reviewed_banglish_v5,bangla_vs_banglish,primary,bangla,banglish_clean,A B C D,A B C D,True,1 1 1 1,1 1 1 1,True,JK^{-1} JK^{-1} JK^{-1} JK^{-1} NK^{-1} NK^{-1} mol^{-1},JK^{-1} JK^{-1} JK^{-1} JK^{-1} NK^{-1} NK^{-1} mol^{-1},True,mcq_letters,mcq_letters,True,False,False,False,,"এনট্রপির একক নিচের কোনটি? A. NK^{-1} B. JK^{-1} C. JK^{-1} mol^{-1} D. এককহীন রাশি Answer with only A, B, C, or D.","enotropir ekok nicher konti? A. NK^{-1} B. JK^{-1} C. JK^{-1} mol^{-1} D. ekokohin rashi Answer with only A, B, C, or D."
benqa_12th-Physics-II_0037,benqa,mcq,physics-ii,human_reviewed_banglish_v5,bangla_vs_english,diagnostic,bangla,english,A B C D,A B C D,True,1 1 1 1,1 1 1 1,True,JK^{-1} JK^{-1} JK^{-1} JK^{-1} NK^{-1} NK^{-1} mol^{-1},JK^{-1} JK^{-1} JK^{-1} JK^{-1} NK^{-1} NK^{-1} mol^{-1},True,mcq_letters,mcq_letters,True,False,False,False,,"এনট্রপির একক নিচের কোনটি? A. NK^{-1} B. JK^{-1} C. JK^{-1} mol^{-1} D. এককহীন রাশি Answer with only A, B, C, or D.","Which one is the unit of entropy? A. NK^{-1} B. JK^{-1} C. JK^{-1} mol^{-1} D. Unitless quantity Answer with only A, B, C, or D."
benqa_12th-Physics-II_0037,benqa,mcq,physics-ii,human_reviewed_banglish_v5,banglish_vs_english,diagnostic,banglish_clean,english,A B C D,A B C D,True,1 1 1 1,1 1 1 1,True,JK^{-1} JK^{-1} JK^{-1} JK^{-1} NK^{-1} NK^{-1} mol^{-1},JK^{-1} JK^{-1} JK^{-1} JK^{-1} NK^{-1} NK^{-1} mol^{-1},True,mcq_letters,mcq_letters,True,False,False,False,,"enotropir ekok nicher konti? A. NK^{-1} B. JK^{-1} C. JK^{-1} mol^{-1} D. ekokohin rashi Answer with only A, B, C, or D.","Which one is the unit of entropy? A. NK^{-1} B. JK^{-1} C. JK^{-1} mol^{-1} D. Unitless quantity Answer with only A, B, C, or D."
banglamath_0533,banglamath,short_answer,math,auto_romanized_unverified_v4,bangla_vs_banglish,primary,bangla,banglish_clean,,,True,20000,20000,True,,,True,final_answer,final_answer,True,False,False,False,,এক মাসে ২০০০০ মেট্রিক টন রড তৈরি হলে দৈনিক কী পরিমাণ রড তৈরি হয় Return only the final answer.,ek mase 20000 metrik ton rod toiri hole doinik ki poriman rod toiri hoy Return only the final answer.
banglamath_0533,banglamath,short_answer,math,auto_romanized_unverified_v4,bangla_vs_english,diagnostic,bangla,english,,,True,20000,20000,True,,,True,final_answer,final_answer,True,False,False,False,,এক মাসে ২০০০০ মেট্রিক টন রড তৈরি হলে দৈনিক কী পরিমাণ রড তৈরি হয় Return only the final answer.,"If 20,000 metric tons of rods are produced in a month, how much is produced daily? Return only the final answer."
banglamath_0533,banglamath,short_answer,math,auto_romanized_unverified_v4,banglish_vs_english,diagnostic,banglish_clean,english,,,True,20000,20000,True,,,True,final_answer,final_answer,True,False,False,False,,ek mase 20000 metrik ton rod toiri hole doinik ki poriman rod toiri hoy Return only the final answer.,"If 20,000 metric tons of rods are produced in a month, how much is produced daily? Return only the final answer."
benqa_12th-Math-II_0230,benqa,mcq,math-ii,human_reviewed_banglish_v5,bangla_vs_banglish,primary,bangla,banglish_clean,A B C D,A B C D,True,5 9 5 4 45 14 14,5 9 5 4 45 14 14,True,BC \frac,BC \frac,True,mcq_letters,mcq_letters,True,False,False,False,,5 একক দূরত্বে A ও B বিন্দুতে ক্রিয়ারত 9 এবং 5 একক মানের সমান্তরাল বলদ্বয়- i. অসদৃশ হলে লব্ধির মান 4 একক ii. সদৃশ এবং লব্ধি C বিন্দুতে ক্রিয়ারত হলে BC = \frac{45}{14} একক iii. সদৃশ ,5 ekok durotbe A o B bindute kriyarot 9 ebong 5 ekok maner somantoral bolodboy- i. osodrish hole lobdhir man 4 ekok ii. sodrish ebong lobdhi C bindute kriyarot hole BC = \frac{45}{
benqa_12th-Math-II_0230,benqa,mcq,math-ii,human_reviewed_banglish_v5,bangla_vs_english,diagnostic,bangla,english,A B C D,A B C D,True,5 9 5 4 45 14 14,9 5 5 4 45 14 14,False,BC \frac,BC \frac,True,mcq_letters,mcq_letters,True,True,False,True,digits,5 একক দূরত্বে A ও B বিন্দুতে ক্রিয়ারত 9 এবং 5 একক মানের সমান্তরাল বলদ্বয়- i. অসদৃশ হলে লব্ধির মান 4 একক ii. সদৃশ এবং লব্ধি C বিন্দুতে ক্রিয়ারত হলে BC = \frac{45}{14} একক iii. সদৃশ ,"Two parallel forces of magnitudes 9 and 5 act at the points A and B respectively whose distance is 5 units- i. if unlike parallel, then resultant is 4 units ii. if like parallel an"
benqa_12th-Math-II_0230,benqa,mcq,math-ii,human_reviewed_banglish_v5,banglish_vs_english,diagnostic,banglish_clean,english,A B C D,A B C D,True,5 9 5 4 45 14 14,9 5 5 4 45 14 14,False,BC \frac,BC \frac,True,mcq_letters,mcq_letters,True,True,False,True,digits,5 ekok durotbe A o B bindute kriyarot 9 ebong 5 ekok maner somantoral bolodboy- i. osodrish hole lobdhir man 4 ekok ii. sodrish ebong lobdhi C bindute kriyarot hole BC = \frac{45}{,"Two parallel forces of magnitudes 9 and 5 act at the points A and B respectively whose distance is 5 units- i. if unlike parallel, then resultant is 4 units ii. if like parallel an"
benqa_12th-Physics-I_0214,benqa,mcq,physics-i,auto_romanized_unverified_v4,bangla_vs_banglish,primary,bangla,banglish_clean,A B C D,A B C D,True,0 27 273 300 546,0 27 273 300 546,True,0^{\circ} 273^{\circ} 27^{\circ} 300^{\circ} 546^{\circ} \circ \circ \circ \circ \circ,0^{\circ} 273^{\circ} 27^{\circ} 300^{\circ} 546^{\circ} \circ \circ \circ \circ \circ,True,mcq_letters,mcq_letters,True,False,False,False,,"স্থির আয়তনে 0^{\circ}C তাপমাত্রায় কোনো গ্যাসের চাপ দ্বিগুণ করলে এর চূড়ান্ত তাপমাত্রা হবে- A. 27^{\circ}C B. 273^{\circ}C C. 300^{\circ}C D. 546^{\circ}C Answer with only A, B, C, o","sthir ayotone 0^{\circ}C tapomatray kono gyaser chap dwigun korole er churant tapomatra hobe- A. 27^{\circ}C B. 273^{\circ}C C. 300^{\circ}C D. 546^{\circ}C Answer with only A, B, "
benqa_12th-Physics-I_0214,benqa,mcq,physics-i,auto_romanized_unverified_v4,bangla_vs_english,diagnostic,bangla,english,A B C D,A B C D,True,0 27 273 300 546,0 27 273 300 546,True,0^{\circ} 273^{\circ} 27^{\circ} 300^{\circ} 546^{\circ} \circ \circ \circ \circ \circ,\degree \degree \degree \degree \degree,False,mcq_letters,mcq_letters,True,True,False,True,formulas,"স্থির আয়তনে 0^{\circ}C তাপমাত্রায় কোনো গ্যাসের চাপ দ্বিগুণ করলে এর চূড়ান্ত তাপমাত্রা হবে- A. 27^{\circ}C B. 273^{\circ}C C. 300^{\circ}C D. 546^{\circ}C Answer with only A, B, C, o","When pressure of a gas at constant volume and 0\degree C temperature is doubled, its final temperature will be- A. 27\degree C B. 273\degree C C. 300\degree C D. 546\degree C Answe"
benqa_12th-Physics-I_0214,benqa,mcq,physics-i,auto_romanized_unverified_v4,banglish_vs_english,diagnostic,banglish_clean,english,A B C D,A B C D,True,0 27 273 300 546,0 27 273 300 546,True,0^{\circ} 273^{\circ} 27^{\circ} 300^{\circ} 546^{\circ} \circ \circ \circ \circ \circ,\degree \degree \degree \degree \degree,False,mcq_letters,mcq_letters,True,True,False,True,formulas,"sthir ayotone 0^{\circ}C tapomatray kono gyaser chap dwigun korole er churant tapomatra hobe- A. 27^{\circ}C B. 273^{\circ}C C. 300^{\circ}C D. 546^{\circ}C Answer with only A, B, ","When pressure of a gas at constant volume and 0\degree C temperature is doubled, its final temperature will be- A. 27\degree C B. 273\degree C C. 300\degree C D. 546\degree C Answe"
banglamath_0232,banglamath,short_answer,math,human_reviewed_banglish_v5,bangla_vs_banglish,primary,bangla,banglish_clean,,,True,15 170,15 170,True,,,True,final_answer,final_answer,True,False,False,False,,একটি বই ১৫% কমিশনে ১৭০ টাকায় বিক্রয় করলে প্রকৃত মূল্য কত Return only the final answer.,ekti boi 15% komishone 170 takay bikroy korle prokrit mullo koto Return only the final answer.
banglamath_0232,banglamath,short_answer,math,human_reviewed_banglish_v5,bangla_vs_english,diagnostic,bangla,english,,,True,15 170,15 170,True,,,True,final_answer,final_answer,True,False,False,False,,একটি বই ১৫% কমিশনে ১৭০ টাকায় বিক্রয় করলে প্রকৃত মূল্য কত Return only the final answer.,"If a book is sold at 15% commission for 170 Taka, what is its actual price? Return only the final answer."
banglamath_0232,banglamath,short_answer,math,human_reviewed_banglish_v5,banglish_vs_english,diagnostic,banglish_clean,english,,,True,15 170,15 170,True,,,True,final_answer,final_answer,True,False,False,False,,ekti boi 15% komishone 170 takay bikroy korle prokrit mullo koto Return only the final answer.,"If a book is sold at 15% commission for 170 Taka, what is its actual price? Return only the final answer."
banglamath_0182,banglamath,short_answer,math,human_reviewed_banglish_v5,bangla_vs_banglish,primary,bangla,banglish_clean,,,True,7 280 15,7 280 15,True,,,True,final_answer,final_answer,True,False,False,False,,৭ কেজি চালের দাম ২৮০ টাকা হলে ১৫ কেজি চালের দাম কত Return only the final answer.,7 keji chaler dam 280 taka hole 15 keji chaler dam koto Return only the final answer.
banglamath_0182,banglamath,short_answer,math,human_reviewed_banglish_v5,bangla_vs_english,diagnostic,bangla,english,,,True,7 280 15,7 280 15,True,,,True,final_answer,final_answer,True,False,False,False,,৭ কেজি চালের দাম ২৮০ টাকা হলে ১৫ কেজি চালের দাম কত Return only the final answer.,"If 7 kg of rice costs 280 Taka, what is the cost of 15 kg? Return only the final answer."
banglamath_0182,banglamath,short_answer,math,human_reviewed_banglish_v5,banglish_vs_english,diagnostic,banglish_clean,english,,,True,7 280 15,7 280 15,True,,,True,final_answer,final_answer,True,False,False,False,,7 keji chaler dam 280 taka hole 15 keji chaler dam koto Return only the final answer.,"If 7 kg of rice costs 280 Taka, what is the cost of 15 kg? Return only the final answer."
benqa_10th-Physics_0198,benqa,mcq,physics,auto_romanized_unverified_v4,bangla_vs_banglish,primary,bangla,banglish_clean,A B C D,A B C D,True,,,True,,,True,mcq_letters,mcq_letters,True,False,False,False,,"নিচের কোন রাশিগুলো ভেক্টর রাশি? A. দ্রুতি, কাজ ও বেগ B. তড়িৎ বিভব, সরণ ও ত্বরণ C. দ্রুতি, সরণ ও বেগ D. ভরবেগ, সরণ ও ওজন Answer with only A, B, C, or D.","nicher kon rashigulo bhektor rashi? A. druti, kaj o beg B. torit bibhob, soron o tworon C. druti, soron o beg D. bhorobeg, soron o ojon Answer with only A, B, C, or D."
benqa_10th-Physics_0198,benqa,mcq,physics,auto_romanized_unverified_v4,bangla_vs_english,diagnostic,bangla,english,A B C D,A B C D,True,,,True,,,True,mcq_letters,mcq_letters,True,False,False,False,,"নিচের কোন রাশিগুলো ভেক্টর রাশি? A. দ্রুতি, কাজ ও বেগ B. তড়িৎ বিভব, সরণ ও ত্বরণ C. দ্রুতি, সরণ ও বেগ D. ভরবেগ, সরণ ও ওজন Answer with only A, B, C, or D.","Which of the following are vector quantities? A. Speed, work and velocity B. Elecr = trtc potential, displacement and acceleration C. Speed, displacement and velocity D. Momentumn,"
benqa_10th-Physics_0198,benqa,mcq,physics,auto_romanized_unverified_v4,banglish_vs_english,diagnostic,banglish_clean,english,A B C D,A B C D,True,,,True,,,True,mcq_letters,mcq_letters,True,False,False,False,,"nicher kon rashigulo bhektor rashi? A. druti, kaj o beg B. torit bibhob, soron o tworon C. druti, soron o beg D. bhorobeg, soron o ojon Answer with only A, B, C, or D.","Which of the following are vector quantities? A. Speed, work and velocity B. Elecr = trtc potential, displacement and acceleration C. Speed, displacement and velocity D. Momentumn,"
benqa_12th-Biology-II_0049,benqa,mcq,biology-ii,auto_romanized_unverified_v4,bangla_vs_banglish,primary,bangla,banglish_clean,A B C D,A B C D,True,,,True,,,True,mcq_letters,mcq_letters,True,False,False,False,,"ওটিটিস মিডিয়া' কোন অঙ্গের রোগ? A. চোখ B. নাক C. কান D. গলা Answer with only A, B, C, or D.","otitis midiya' kon ongger rog? A. chokh B. nak C. kan D. gola Answer with only A, B, C, or D."
benqa_12th-Biology-II_0049,benqa,mcq,biology-ii,auto_romanized_unverified_v4,bangla_vs_english,diagnostic,bangla,english,A B C D,A B C D,True,,,True,,,True,mcq_letters,mcq_letters,True,False,False,False,,"ওটিটিস মিডিয়া' কোন অঙ্গের রোগ? A. চোখ B. নাক C. কান D. গলা Answer with only A, B, C, or D.","Otitis is a disease of which organ? A. Eye B. Nose C. Earth worm D. Neck Answer with only A, B, C, or D."
benqa_12th-Biology-II_0049,benqa,mcq,biology-ii,auto_romanized_unverified_v4,banglish_vs_english,diagnostic,banglish_clean,english,A B C D,A B C D,True,,,True,,,True,mcq_letters,mcq_letters,True,False,False,False,,"otitis midiya' kon ongger rog? A. chokh B. nak C. kan D. gola Answer with only A, B, C, or D.","Otitis is a disease of which organ? A. Eye B. Nose C. Earth worm D. Neck Answer with only A, B, C, or D."
benqa_10th-Chemistry_0280,benqa,mcq,chemistry,human_reviewed_banglish_v5,bangla_vs_banglish,primary,bangla,banglish_clean,A B C D,A B C D,True,,,True,,,True,mcq_letters,mcq_letters,True,False,False,False,,"কোনটি প্রথম ব্যবহৃত ধাতু? A. Au B. Ag C. Sn D. Cu Answer with only A, B, C, or D.","konti prothom byobohrit dhatu? A. Au B. Ag C. Sn D. Cu Answer with only A, B, C, or D."
benqa_10th-Chemistry_0280,benqa,mcq,chemistry,human_reviewed_banglish_v5,bangla_vs_english,diagnostic,bangla,english,A B C D,A B C D,True,,,True,,,True,mcq_letters,mcq_letters,True,False,False,False,,"কোনটি প্রথম ব্যবহৃত ধাতু? A. Au B. Ag C. Sn D. Cu Answer with only A, B, C, or D.","Which was first used metal? A. Au B. Ag C. Sn D. Cu Answer with only A, B, C, or D."
benqa_10th-Chemistry_0280,benqa,mcq,chemistry,human_reviewed_banglish_v5,banglish_vs_english,diagnostic,banglish_clean,english,A B C D,A B C D,True,,,True,,,True,mcq_letters,mcq_letters,True,False,False,False,,"konti prothom byobohrit dhatu? A. Au B. Ag C. Sn D. Cu Answer with only A, B, C, or D.","Which was first used metal? A. Au B. Ag C. Sn D. Cu Answer with only A, B, C, or D."
benqa_12th-Biology-II_0128,benqa,mcq,biology-ii,human_reviewed_banglish_v5,bangla_vs_banglish,primary,bangla,banglish_clean,A B C D,A B C D,True,,,True,,,True,mcq_letters,mcq_letters,True,False,False,False,,"শ্বাসকেন্দ্র মস্তিষ্কের যে অংশে থাকে- i. পনস ii. সেরেবেলাম iii. মেডুলা অবলংগাটা নিচের কোনটি সঠিক? A. i ও ii B. i ও iii C. ii ও iii D. i, ii, ও iii Answer with only A, B, C, or D.","shbasokendr mostishker je ongshe thake- i. ponos ii. serebelam iii. medula obolonggata nicher konti sothik? A. i o ii B. i o iii C. ii o iii D. i, ii, o iii Answer with only A, B, "
benqa_12th-Biology-II_0128,benqa,mcq,biology-ii,human_reviewed_banglish_v5,bangla_vs_english,diagnostic,bangla,english,A B C D,A B C D,True,,,True,,,True,mcq_letters,mcq_letters,True,False,False,False,,"শ্বাসকেন্দ্র মস্তিষ্কের যে অংশে থাকে- i. পনস ii. সেরেবেলাম iii. মেডুলা অবলংগাটা নিচের কোনটি সঠিক? A. i ও ii B. i ও iii C. ii ও iii D. i, ii, ও iii Answer with only A, B, C, or D.","The respiratory centre of the brain located on- i. pons ii.cerebellum iii.medulla oblongata Which one is correct? A. i & ii B. i & iii C. ii & iii D. i, ii & iii Answer with only A"
benqa_12th-Biology-II_0128,benqa,mcq,biology-ii,human_reviewed_banglish_v5,banglish_vs_english,diagnostic,banglish_clean,english,A B C D,A B C D,True,,,True,,,True,mcq_letters,mcq_letters,True,False,False,False,,"shbasokendr mostishker je ongshe thake- i. ponos ii. serebelam iii. medula obolonggata nicher konti sothik? A. i o ii B. i o iii C. ii o iii D. i, ii, o iii Answer with only A, B, ","The respiratory centre of the brain located on- i. pons ii.cerebellum iii.medulla oblongata Which one is correct? A. i & ii B. i & iii C. ii & iii D. i, ii & iii Answer with only A"
benqa_8th-Math_0031,benqa,mcq,math,human_reviewed_banglish_v5,bangla_vs_banglish,primary,bangla,banglish_clean,A B C D,A B C D,True,5.15 0.82 0.96 1.28 1.64,5.15 0.82 0.96 1.28 1.64,True,,,True,mcq_letters,mcq_letters,True,False,False,False,,"একটি গাড়ির চাকার পরিধি 5.15 মিটার হলে, চাকাটির ব্যাস কত? A. 0.82 মিটার B. 0.96 মিটার C. 1.28 মিটার D. 1.64 মিটার Answer with only A, B, C, or D.","ekti garir chakar poridhi 5.15 mitar hole, chakatir byas koto? A. 0.82 mitar B. 0.96 mitar C. 1.28 mitar D. 1.64 mitar Answer with only A, B, C, or D."
benqa_8th-Math_0031,benqa,mcq,math,human_reviewed_banglish_v5,bangla_vs_english,diagnostic,bangla,english,A B C D,A B C D,True,5.15 0.82 0.96 1.28 1.64,5.15 0.82 0.96 1.28 1.64,True,,,True,mcq_letters,mcq_letters,True,False,False,False,,"একটি গাড়ির চাকার পরিধি 5.15 মিটার হলে, চাকাটির ব্যাস কত? A. 0.82 মিটার B. 0.96 মিটার C. 1.28 মিটার D. 1.64 মিটার Answer with only A, B, C, or D.","If the circumference of the wheel of a car is 5.15 metres, what is the diameter of the wheel? A. 0.82 metre B. 0.96 metre C. 1.28 metre D. 1.64 metre Answer with only A, B, C, or D"
benqa_8th-Math_0031,benqa,mcq,math,human_reviewed_banglish_v5,banglish_vs_english,diagnostic,banglish_clean,english,A B C D,A B C D,True,5.15 0.82 0.96 1.28 1.64,5.15 0.82 0.96 1.28 1.64,True,,,True,mcq_letters,mcq_letters,True,False,False,False,,"ekti garir chakar poridhi 5.15 mitar hole, chakatir byas koto? A. 0.82 mitar B. 0.96 mitar C. 1.28 mitar D. 1.64 mitar Answer with only A, B, C, or D.","If the circumference of the wheel of a car is 5.15 metres, what is the diameter of the wheel? A. 0.82 metre B. 0.96 metre C. 1.28 metre D. 1.64 metre Answer with only A, B, C, or D"
banglamath_1698,banglamath,short_answer,math,auto_romanized_unverified_v4,bangla_vs_banglish,primary,bangla,banglish_clean,,,True,6 12 1,6 12 1,True,,,True,final_answer,final_answer,True,False,False,False,,ডাক্তার এক রোগিকে সকাল ৬টা থেকে দুপুর ১২টা পর্যন্ত আধ ঘন্টা পরপর ১টি টেবলেট খেতে বললেন। রোগীর মোট কতটি টেবলেট প্রয়োজন? Return only the final answer.,daktar ek rogike sokal 6ta theke dupur 12ta poryont adh ghonta poropor 1ti tebolet khete bololen. rogir mot kototi tebolet proyojon? Return only the final answer.
banglamath_1698,banglamath,short_answer,math,auto_romanized_unverified_v4,bangla_vs_english,diagnostic,bangla,english,,,True,6 12 1,30 6 12,False,,AM PM,False,final_answer,final_answer,True,True,False,True,digits formulas,ডাক্তার এক রোগিকে সকাল ৬টা থেকে দুপুর ১২টা পর্যন্ত আধ ঘন্টা পরপর ১টি টেবলেট খেতে বললেন। রোগীর মোট কতটি টেবলেট প্রয়োজন? Return only the final answer.,A doctor advises a patient to take one tablet every 30 minutes from 6 AM to 12 PM. How many tablets are needed? Return only the final answer.
banglamath_1698,banglamath,short_answer,math,auto_romanized_unverified_v4,banglish_vs_english,diagnostic,banglish_clean,english,,,True,6 12 1,30 6 12,False,,AM PM,False,final_answer,final_answer,True,True,False,True,digits formulas,daktar ek rogike sokal 6ta theke dupur 12ta poryont adh ghonta poropor 1ti tebolet khete bololen. rogir mot kototi tebolet proyojon? Return only the final answer.,A doctor advises a patient to take one tablet every 30 minutes from 6 AM to 12 PM. How many tablets are needed? Return only the final answer.
benqa_12th-Chemistry-I_0328,benqa,mcq,chemistry-i,auto_romanized_unverified_v4,bangla_vs_banglish,primary,bangla,banglish_clean,A B C D,A B C D,True,17,17,True,,,True,mcq_letters,mcq_letters,True,False,False,False,,"Cl(17) কোন ব্লকের মৌল? A. s-ব্লক B. p-ব্লক C. d-ব্লক D. f-ব্লক Answer with only A, B, C, or D.","Cl(17) kon bloker moul? A. s-blok B. p-blok C. d-blok D. f-blok Answer with only A, B, C, or D."
benqa_12th-Chemistry-I_0328,benqa,mcq,chemistry-i,auto_romanized_unverified_v4,bangla_vs_english,diagnostic,bangla,english,A B C D,A B C D,True,17,17,True,,CI,False,mcq_letters,mcq_letters,True,True,False,True,formulas,"Cl(17) কোন ব্লকের মৌল? A. s-ব্লক B. p-ব্লক C. d-ব্লক D. f-ব্লক Answer with only A, B, C, or D.","In which block the element CI(17) is present? A. s-block B. p-block C. d-block D. f-block Answer with only A, B, C, or D."
benqa_12th-Chemistry-I_0328,benqa,mcq,chemistry-i,auto_romanized_unverified_v4,banglish_vs_english,diagnostic,banglish_clean,english,A B C D,A B C D,True,17,17,True,,CI,False,mcq_letters,mcq_letters,True,True,False,True,formulas,"Cl(17) kon bloker moul? A. s-blok B. p-blok C. d-blok D. f-blok Answer with only A, B, C, or D.","In which block the element CI(17) is present? A. s-block B. p-block C. d-block D. f-block Answer with only A, B, C, or D."
banglamath_1694,banglamath,short_answer,math,human_reviewed_banglish_v5,bangla_vs_banglish,primary,bangla,banglish_clean,,,True,500 60,500 60,True,,,True,final_answer,final_answer,True,False,False,False,,"একটি ৫০০ মিটার লম্বা ট্রেনের গতি ৬০ কিলোমিটার হলে ,অর্ধকিলোমীটার লম্বা একটি সেতু পাড়ি দিতে ট্রেনটির কতক্ষণ সময় লাগবে? Return only the final answer.","ekti 500 mitar lomba trener goti 60 kilomitar hole ,ordhokilomitar lomba ekti setu pari dite trenotir kotokshon somoy lagbe? Return only the final answer."
banglamath_1694,banglamath,short_answer,math,human_reviewed_banglish_v5,bangla_vs_english,diagnostic,bangla,english,,,True,500 60,500 60 500,False,,,True,final_answer,final_answer,True,True,False,True,digits,"একটি ৫০০ মিটার লম্বা ট্রেনের গতি ৬০ কিলোমিটার হলে ,অর্ধকিলোমীটার লম্বা একটি সেতু পাড়ি দিতে ট্রেনটির কতক্ষণ সময় লাগবে? Return only the final answer.",A train 500 meters long moves at 60 km/h. How long will it take to cross a bridge 500 meters long? Return only the final answer.
banglamath_1694,banglamath,short_answer,math,human_reviewed_banglish_v5,banglish_vs_english,diagnostic,banglish_clean,english,,,True,500 60,500 60 500,False,,,True,final_answer,final_answer,True,True,False,True,digits,"ekti 500 mitar lomba trener goti 60 kilomitar hole ,ordhokilomitar lomba ekti setu pari dite trenotir kotokshon somoy lagbe? Return only the final answer.",A train 500 meters long moves at 60 km/h. How long will it take to cross a bridge 500 meters long? Return only the final answer.
benqa_12th-Physics-II_0046,benqa,mcq,physics-ii,human_reviewed_banglish_v5,bangla_vs_banglish,primary,bangla,banglish_clean,A B C D,A B C D,True,,,True,,,True,mcq_letters,mcq_letters,True,False,False,False,,"রুদ্ধতাপীয় পরিবর্তনের ক্ষেত্রে- i. হঠাৎ সংঘটিত হয় ii. তাপমাত্রা স্থির থাকে iii. এনট্রপির পরিবর্তন শূন্য নিচের কোনটি সঠিক? A. i ও ii B. ii ও iii C. i ও iii D. i, ii ও iii Answer wit","ruddhotapiy poribortoner khetre- i. hothat songghotit hoy ii. tapomatra sthir thake iii. enotropir poriborton shuny nicher konti sothik? A. i o ii B. ii o iii C. i o iii D. i, ii o"
benqa_12th-Physics-II_0046,benqa,mcq,physics-ii,human_reviewed_banglish_v5,bangla_vs_english,diagnostic,bangla,english,A B C D,A B C D,True,,,True,,,True,mcq_letters,mcq_letters,True,False,False,False,,"রুদ্ধতাপীয় পরিবর্তনের ক্ষেত্রে- i. হঠাৎ সংঘটিত হয় ii. তাপমাত্রা স্থির থাকে iii. এনট্রপির পরিবর্তন শূন্য নিচের কোনটি সঠিক? A. i ও ii B. ii ও iii C. i ও iii D. i, ii ও iii Answer wit","For changing adiabatic process- i. occurs suddenly ii. temperature constant iii. change of entropy is zero Which one is correct? A. i and ii B. ii and iii C. i and iii D. i, ii and"
benqa_12th-Physics-II_0046,benqa,mcq,physics-ii,human_reviewed_banglish_v5,banglish_vs_english,diagnostic,banglish_clean,english,A B C D,A B C D,True,,,True,,,True,mcq_letters,mcq_letters,True,False,False,False,,"ruddhotapiy poribortoner khetre- i. hothat songghotit hoy ii. tapomatra sthir thake iii. enotropir poriborton shuny nicher konti sothik? A. i o ii B. ii o iii C. i o iii D. i, ii o","For changing adiabatic process- i. occurs suddenly ii. temperature constant iii. change of entropy is zero Which one is correct? A. i and ii B. ii and iii C. i and iii D. i, ii and"
benqa_12th-Math-I_0186,benqa,mcq,math-i,human_reviewed_banglish_v5,bangla_vs_banglish,primary,bangla,banglish_clean,A B C D,A B C D,True,2 3 2 2 4 6 9 0 2 2 4 6 9 0 2 2 4 6 4 0 2 2 4 6 4 0,2 3 2 2 4 6 9 0 2 2 4 6 9 0 2 2 4 6 4 0 2 2 4 6 4 0,True,x^{2} x^{2} x^{2} x^{2} y^{2} y^{2} y^{2} y^{2},x^{2} x^{2} x^{2} x^{2} y^{2} y^{2} y^{2} y^{2},True,mcq_letters,mcq_letters,True,False,False,False,,"(-2, 3) বিন্দুতে কেন্দ্র এবং y-অক্ষকে স্পর্শ করে এরূপ বৃত্তের সমীকরণ কোনটি? A. x^{2} + y^{2} + 4x - 6y + 9 = 0 B. x^{2} + y^{2} - 4x + 6y + 9 = 0 C. x^{2} + y^{2} + 4x - 6y + 4 = 0","(-2, 3) bindute kendr ebong y-okshoke sporsh kore erup britter somikoron konti? A. x^{2} + y^{2} + 4x - 6y + 9 = 0 B. x^{2} + y^{2} - 4x + 6y + 9 = 0 C. x^{2} + y^{2} + 4x - 6y + 4"
benqa_12th-Math-I_0186,benqa,mcq,math-i,human_reviewed_banglish_v5,bangla_vs_english,diagnostic,bangla,english,A B C D,A B C D,True,2 3 2 2 4 6 9 0 2 2 4 6 9 0 2 2 4 6 4 0 2 2 4 6 4 0,2 3 2 2 4 6 9 0 2 2 4 6 9 0 2 2 4 6 4 0 2 2 4 6 4 0,True,x^{2} x^{2} x^{2} x^{2} y^{2} y^{2} y^{2} y^{2},x^{2} x^{2} x^{2} x^{2} y^{2} y^{2} y^{2} y^{2},True,mcq_letters,mcq_letters,True,False,False,False,,"(-2, 3) বিন্দুতে কেন্দ্র এবং y-অক্ষকে স্পর্শ করে এরূপ বৃত্তের সমীকরণ কোনটি? A. x^{2} + y^{2} + 4x - 6y + 9 = 0 B. x^{2} + y^{2} - 4x + 6y + 9 = 0 C. x^{2} + y^{2} + 4x - 6y + 4 = 0","What is the equation of a circle which passe through the point (-2, 3) and touches y-axis? A. x^{2} + y^{2} + 4x - 6y + 9 = 0 B. x^{2} + y^{2} - 4x + 6y + 9 = 0 C. x^{2} + y^{2} + "
benqa_12th-Math-I_0186,benqa,mcq,math-i,human_reviewed_banglish_v5,banglish_vs_english,diagnostic,banglish_clean,english,A B C D,A B C D,True,2 3 2 2 4 6 9 0 2 2 4 6 9 0 2 2 4 6 4 0 2 2 4 6 4 0,2 3 2 2 4 6 9 0 2 2 4 6 9 0 2 2 4 6 4 0 2 2 4 6 4 0,True,x^{2} x^{2} x^{2} x^{2} y^{2} y^{2} y^{2} y^{2},x^{2} x^{2} x^{2} x^{2} y^{2} y^{2} y^{2} y^{2},True,mcq_letters,mcq_letters,True,False,False,False,,"(-2, 3) bindute kendr ebong y-okshoke sporsh kore erup britter somikoron konti? A. x^{2} + y^{2} + 4x - 6y + 9 = 0 B. x^{2} + y^{2} - 4x + 6y + 9 = 0 C. x^{2} + y^{2} + 4x - 6y + 4","What is the equation of a circle which passe through the point (-2, 3) and touches y-axis? A. x^{2} + y^{2} + 4x - 6y + 9 = 0 B. x^{2} + y^{2} - 4x + 6y + 9 = 0 C. x^{2} + y^{2} + "
banglamath_0553,banglamath,short_answer,math,human_reviewed_banglish_v5,bangla_vs_banglish,primary,bangla,banglish_clean,,,True,4500 4,4500 4,True,,,True,final_answer,final_answer,True,False,False,False,,সামান্তরিকের মেঝে পাথর দ্বারা ঢাকতে কতটি পাথর লাগবে যদি মেঝের ক্ষেত্রফল ৪৫০০ বর্গগজ ও পাথরের ক্ষেত্রফল ৪ বর্গগজ হয় Return only the final answer.,samantoriker mejhe pathor dwara dhakote kototi pathor lagbe jodi mejher khetrofol 4500 borgogoj o pathorer khetrofol 4 borgogoj hoy Return only the final answer.
banglamath_0553,banglamath,short_answer,math,human_reviewed_banglish_v5,bangla_vs_english,diagnostic,bangla,english,,,True,4500 4,4500 4,True,,,True,final_answer,final_answer,True,False,False,False,,সামান্তরিকের মেঝে পাথর দ্বারা ঢাকতে কতটি পাথর লাগবে যদি মেঝের ক্ষেত্রফল ৪৫০০ বর্গগজ ও পাথরের ক্ষেত্রফল ৪ বর্গগজ হয় Return only the final answer.,"To cover a parallelogram floor of 4500 sq. yards with stones each covering 4 sq. yards, how many stones are needed? Return only the final answer."
banglamath_0553,banglamath,short_answer,math,human_reviewed_banglish_v5,banglish_vs_english,diagnostic,banglish_clean,english,,,True,4500 4,4500 4,True,,,True,final_answer,final_answer,True,False,False,False,,samantoriker mejhe pathor dwara dhakote kototi pathor lagbe jodi mejher khetrofol 4500 borgogoj o pathorer khetrofol 4 borgogoj hoy Return only the final answer.,"To cover a parallelogram floor of 4500 sq. yards with stones each covering 4 sq. yards, how many stones are needed? Return only the final answer."
benqa_8th-Science_0127,benqa,mcq,science,human_reviewed_banglish_v5,bangla_vs_banglish,primary,bangla,banglish_clean,A B C D,A B C D,True,,,True,,,True,mcq_letters,mcq_letters,True,False,False,False,,"কোন গ্রহের সবচেয়ে বেশি উপগ্রহ আছে? A. শনি B. বৃহস্পতি C. ইউরেনাস D. নেপচুন Answer with only A, B, C, or D.","kon groher sobocheye beshi upogroh ache? A. shoni B. brihospoti C. iurenas D. nepochun Answer with only A, B, C, or D."
benqa_8th-Science_0127,benqa,mcq,science,human_reviewed_banglish_v5,bangla_vs_english,diagnostic,bangla,english,A B C D,A B C D,True,,,True,,,True,mcq_letters,mcq_letters,True,False,False,False,,"কোন গ্রহের সবচেয়ে বেশি উপগ্রহ আছে? A. শনি B. বৃহস্পতি C. ইউরেনাস D. নেপচুন Answer with only A, B, C, or D.","Which planet has maximum satellites? A. Saturn B. Jupiter C. Uranus D. Neptune Answer with only A, B, C, or D."
benqa_8th-Science_0127,benqa,mcq,science,human_reviewed_banglish_v5,banglish_vs_english,diagnostic,banglish_clean,english,A B C D,A B C D,True,,,True,,,True,mcq_letters,mcq_letters,True,False,False,False,,"kon groher sobocheye beshi upogroh ache? A. shoni B. brihospoti C. iurenas D. nepochun Answer with only A, B, C, or D.","Which planet has maximum satellites? A. Saturn B. Jupiter C. Uranus D. Neptune Answer with only A, B, C, or D."
banglamath_0226,banglamath,short_answer,math,human_reviewed_banglish_v5,bangla_vs_banglish,primary,bangla,banglish_clean,,,True,550 5 6,550 5 6,True,,,True,final_answer,final_answer,True,False,False,False,,৫৫০ টাকাকে ৫:৬ অনুপাতে ভাগ করলে প্রথম অংশ কত হবে Return only the final answer.,550 takake 5:6 onupate bhag korle prothom ongsh koto hobe Return only the final answer.
banglamath_0226,banglamath,short_answer,math,human_reviewed_banglish_v5,bangla_vs_english,diagnostic,bangla,english,,,True,550 5 6,550 5 6,True,,,True,final_answer,final_answer,True,False,False,False,,৫৫০ টাকাকে ৫:৬ অনুপাতে ভাগ করলে প্রথম অংশ কত হবে Return only the final answer.,"If 550 Taka is divided in a 5:6 ratio, what is the first part? Return only the final answer."
banglamath_0226,banglamath,short_answer,math,human_reviewed_banglish_v5,banglish_vs_english,diagnostic,banglish_clean,english,,,True,550 5 6,550 5 6,True,,,True,final_answer,final_answer,True,False,False,False,,550 takake 5:6 onupate bhag korle prothom ongsh koto hobe Return only the final answer.,"If 550 Taka is divided in a 5:6 ratio, what is the first part? Return only the final answer."
benqa_8th-Math_0085,benqa,mcq,math,human_reviewed_banglish_v5,bangla_vs_banglish,primary,bangla,banglish_clean,A B C D,A B C D,True,4 15 16 34 65,4 15 16 34 65,True,,,True,mcq_letters,mcq_letters,True,False,False,False,,"4 ক্রমের ম্যাজিক বর্গের কোণাকুণি যোগফল কত? A. 15 B. 16 C. 34 D. 65 Answer with only A, B, C, or D.","4 kromer myajik borger konakuni jogfol koto? A. 15 B. 16 C. 34 D. 65 Answer with only A, B, C, or D."
benqa_8th-Math_0085,benqa,mcq,math,human_reviewed_banglish_v5,bangla_vs_english,diagnostic,bangla,english,A B C D,A B C D,True,4 15 16 34 65,4 15 16 34 65,True,,,True,mcq_letters,mcq_letters,True,False,False,False,,"4 ক্রমের ম্যাজিক বর্গের কোণাকুণি যোগফল কত? A. 15 B. 16 C. 34 D. 65 Answer with only A, B, C, or D.","What is the sum of diagonal of magie square of order 4? A. 15 B. 16 C. 34 D. 65 Answer with only A, B, C, or D."
benqa_8th-Math_0085,benqa,mcq,math,human_reviewed_banglish_v5,banglish_vs_english,diagnostic,banglish_clean,english,A B C D,A B C D,True,4 15 16 34 65,4 15 16 34 65,True,,,True,mcq_letters,mcq_letters,True,False,False,False,,"4 kromer myajik borger konakuni jogfol koto? A. 15 B. 16 C. 34 D. 65 Answer with only A, B, C, or D.","What is the sum of diagonal of magie square of order 4? A. 15 B. 16 C. 34 D. 65 Answer with only A, B, C, or D."
benqa_12th-Math-I_0310,benqa,mcq,math-i,human_reviewed_banglish_v5,bangla_vs_banglish,primary,bangla,banglish_clean,A B C D,A B C D,True,10 1 1 10 1 10 10,10 1 1 10 1 10 10,True,\frac \frac \frac \frac,\frac \frac \frac \frac,True,mcq_letters,mcq_letters,True,False,False,False,,"\frac{d}{dx}(log_{10}x) এর মান কোনটি? A. \frac{1}{x} B. \frac{1}{x}log_{10}e C. \frac{1}{x}log_{e}10 D. log_{10}e Answer with only A, B, C, or D.","\frac{d}{dx}(log_{10}x) er man konti? A. \frac{1}{x} B. \frac{1}{x}log_{10}e C. \frac{1}{x}log_{e}10 D. log_{10}e Answer with only A, B, C, or D."
benqa_12th-Math-I_0310,benqa,mcq,math-i,human_reviewed_banglish_v5,bangla_vs_english,diagnostic,bangla,english,A B C D,A B C D,True,10 1 1 10 1 10 10,10 1 1 10 1 10 10,True,\frac \frac \frac \frac,\frac \frac \frac \frac,True,mcq_letters,mcq_letters,True,False,False,False,,"\frac{d}{dx}(log_{10}x) এর মান কোনটি? A. \frac{1}{x} B. \frac{1}{x}log_{10}e C. \frac{1}{x}log_{e}10 D. log_{10}e Answer with only A, B, C, or D.","\frac{d}{dx}(log_{10}x) = ? A. \frac{1}{x} B. \frac{1}{x}log_{10}e C. \frac{1}{x}log_{e}10 D. log_{10}e Answer with only A, B, C, or D."
benqa_12th-Math-I_0310,benqa,mcq,math-i,human_reviewed_banglish_v5,banglish_vs_english,diagnostic,banglish_clean,english,A B C D,A B C D,True,10 1 1 10 1 10 10,10 1 1 10 1 10 10,True,\frac \frac \frac \frac,\frac \frac \frac \frac,True,mcq_letters,mcq_letters,True,False,False,False,,"\frac{d}{dx}(log_{10}x) er man konti? A. \frac{1}{x} B. \frac{1}{x}log_{10}e C. \frac{1}{x}log_{e}10 D. log_{10}e Answer with only A, B, C, or D.","\frac{d}{dx}(log_{10}x) = ? A. \frac{1}{x} B. \frac{1}{x}log_{10}e C. \frac{1}{x}log_{e}10 D. log_{10}e Answer with only A, B, C, or D."
benqa_8th-Science_0062,benqa,mcq,science,auto_romanized_unverified_v4,bangla_vs_banglish,primary,bangla,banglish_clean,A B C D,A B C D,True,,,True,,,True,mcq_letters,mcq_letters,True,False,False,False,,"নিচের কোনটিকে মূত্র তৈরিরি কারখানা হিসেবে অভিহিত করা যায়? A. ফুসফুস B. ত্বক C. যকৃত D. বৃত্ত Answer with only A, B, C, or D.","nicher konotike mutr toiriri karokhana hisebe obhihit kora jay? A. fusofus B. twok C. jokrit D. britt Answer with only A, B, C, or D."
benqa_8th-Science_0062,benqa,mcq,science,auto_romanized_unverified_v4,bangla_vs_english,diagnostic,bangla,english,A B C D,A B C D,True,,,True,,,True,mcq_letters,mcq_letters,True,False,False,False,,"নিচের কোনটিকে মূত্র তৈরিরি কারখানা হিসেবে অভিহিত করা যায়? A. ফুসফুস B. ত্বক C. যকৃত D. বৃত্ত Answer with only A, B, C, or D.","Which one of the followings is termed as the facroty of urine production? A. Lung B. Skin C. Liver D. Kidney Answer with only A, B, C, or D."
benqa_8th-Science_0062,benqa,mcq,science,auto_romanized_unverified_v4,banglish_vs_english,diagnostic,banglish_clean,english,A B C D,A B C D,True,,,True,,,True,mcq_letters,mcq_letters,True,False,False,False,,"nicher konotike mutr toiriri karokhana hisebe obhihit kora jay? A. fusofus B. twok C. jokrit D. britt Answer with only A, B, C, or D.","Which one of the followings is termed as the facroty of urine production? A. Lung B. Skin C. Liver D. Kidney Answer with only A, B, C, or D."
benqa_8th-Science_0098,benqa,mcq,science,human_reviewed_banglish_v5,bangla_vs_banglish,primary,bangla,banglish_clean,A B C D,A B C D,True,10 5 10 15 30,10 5 10 15 30,True,,,True,mcq_letters,mcq_letters,True,False,False,False,,ইশার বাসার বেডরুমে দুটি টিউবলাইট ও একটি ফ্যান প্যারালালে সংযুক্ত করা হয়। বেডরুমের বর্তনীর সাথে ১০ অ্যাম্পিয়ার মানের ফিউজ ব্যবহার করা হয়। দ্বিতীয় উপকরণটির জন্য কার্যকরী ফিউজ কত? A. ,ishar basar bedorume duti tiubolait o ekti fyan pyaralale songjukt kora hoy. bedorumer bortonir sathe 10 ampiyar maner fiuj byobohar kora hoy. dwitiy upokoronotir jony karyokori fi
benqa_8th-Science_0098,benqa,mcq,science,human_reviewed_banglish_v5,bangla_vs_english,diagnostic,bangla,english,A B C D,A B C D,True,10 5 10 15 30,10 5 10 15 30,True,,,True,mcq_letters,mcq_letters,True,False,False,False,,ইশার বাসার বেডরুমে দুটি টিউবলাইট ও একটি ফ্যান প্যারালালে সংযুক্ত করা হয়। বেডরুমের বর্তনীর সাথে ১০ অ্যাম্পিয়ার মানের ফিউজ ব্যবহার করা হয়। দ্বিতীয় উপকরণটির জন্য কার্যকরী ফিউজ কত? A. ,"In the bedroom of Esha's house, there are two tube lights and e one fan conndctied in paralled. Afuse of 10 ampere is used in the circuit of bedrood. What is the appropriate fuse f"
benqa_8th-Science_0098,benqa,mcq,science,human_reviewed_banglish_v5,banglish_vs_english,diagnostic,banglish_clean,english,A B C D,A B C D,True,10 5 10 15 30,10 5 10 15 30,True,,,True,mcq_letters,mcq_letters,True,False,False,False,,ishar basar bedorume duti tiubolait o ekti fyan pyaralale songjukt kora hoy. bedorumer bortonir sathe 10 ampiyar maner fiuj byobohar kora hoy. dwitiy upokoronotir jony karyokori fi,"In the bedroom of Esha's house, there are two tube lights and e one fan conndctied in paralled. Afuse of 10 ampere is used in the circuit of bedrood. What is the appropriate fuse f"
benqa_12th-Physics-I_0008,benqa,mcq,physics-i,auto_romanized_unverified_v4,bangla_vs_banglish,primary,bangla,banglish_clean,A B C D,A B C D,True,120 2 2 2 2,120 2 2 2 2,True,120^{\circ} PQ PQ P^{2} P^{2} Q^{2} Q^{2} \circ \sqrt \sqrt \vec \vec,120^{\circ} PQ PQ P^{2} P^{2} Q^{2} Q^{2} \circ \sqrt \sqrt \vec \vec,True,mcq_letters,mcq_letters,True,False,False,False,,"\vec{P} ও \vec{Q} দুটি ভেক্টর রাশির মধ্যবর্তী কোণ 120^{\circ} হলে তাদের লব্ধির মান- A. P + Q B. \sqrt{P^{2}+Q^{2}+PQ} C. P - Q D. \sqrt{P^{2}+Q^{2}-PQ} Answer with only A, B, C, or","\vec{P} o \vec{Q} duti bhektor rashir modhyoborti kon 120^{\circ} hole tader lobdhir man- A. P + Q B. \sqrt{P^{2}+Q^{2}+PQ} C. P - Q D. \sqrt{P^{2}+Q^{2}-PQ} Answer with only A, B,"
benqa_12th-Physics-I_0008,benqa,mcq,physics-i,auto_romanized_unverified_v4,bangla_vs_english,diagnostic,bangla,english,A B C D,A B C D,True,120 2 2 2 2,120 2 2 2 2,True,120^{\circ} PQ PQ P^{2} P^{2} Q^{2} Q^{2} \circ \sqrt \sqrt \vec \vec,PQ PQ P^{2} P^{2} Q^{2} Q^{2} \degree \sqrt \sqrt \vec \vec,False,mcq_letters,mcq_letters,True,True,False,True,formulas,"\vec{P} ও \vec{Q} দুটি ভেক্টর রাশির মধ্যবর্তী কোণ 120^{\circ} হলে তাদের লব্ধির মান- A. P + Q B. \sqrt{P^{2}+Q^{2}+PQ} C. P - Q D. \sqrt{P^{2}+Q^{2}-PQ} Answer with only A, B, C, or",If angle between the two vectors \vec{P} and \vec{Q} is 120\degree then th e resultant of them- A. P + Q B. \sqrt{P^{2} + Q^{2} + PQ} C. P - Q D. \sqrt{P^{2} + Q^{2} - PQ} Answer w
benqa_12th-Physics-I_0008,benqa,mcq,physics-i,auto_romanized_unverified_v4,banglish_vs_english,diagnostic,banglish_clean,english,A B C D,A B C D,True,120 2 2 2 2,120 2 2 2 2,True,120^{\circ} PQ PQ P^{2} P^{2} Q^{2} Q^{2} \circ \sqrt \sqrt \vec \vec,PQ PQ P^{2} P^{2} Q^{2} Q^{2} \degree \sqrt \sqrt \vec \vec,False,mcq_letters,mcq_letters,True,True,False,True,formulas,"\vec{P} o \vec{Q} duti bhektor rashir modhyoborti kon 120^{\circ} hole tader lobdhir man- A. P + Q B. \sqrt{P^{2}+Q^{2}+PQ} C. P - Q D. \sqrt{P^{2}+Q^{2}-PQ} Answer with only A, B,",If angle between the two vectors \vec{P} and \vec{Q} is 120\degree then th e resultant of them- A. P + Q B. \sqrt{P^{2} + Q^{2} + PQ} C. P - Q D. \sqrt{P^{2} + Q^{2} - PQ} Answer w
benqa_12th-Physics-I_0106,benqa,mcq,physics-i,human_reviewed_banglish_v5,bangla_vs_banglish,primary,bangla,banglish_clean,A B C D,A B C D,True,2 3 2 2,2 3 2 2,True,\pi \pi \pi \pi,\pi \pi \pi \pi,True,mcq_letters,mcq_letters,True,False,False,False,,"নিচের কোনটি শূন্য দশার সমতুল্য? A. \pi/2 B. \pi C. 3\pi/2 D. 2\pi Answer with only A, B, C, or D.","nicher konti shuny doshar somotuly? A. \pi/2 B. \pi C. 3\pi/2 D. 2\pi Answer with only A, B, C, or D."
benqa_12th-Physics-I_0106,benqa,mcq,physics-i,human_reviewed_banglish_v5,bangla_vs_english,diagnostic,bangla,english,A B C D,A B C D,True,2 3 2 2,2 3 2 2,True,\pi \pi \pi \pi,\pi \pi \pi \pi,True,mcq_letters,mcq_letters,True,False,False,False,,"নিচের কোনটি শূন্য দশার সমতুল্য? A. \pi/2 B. \pi C. 3\pi/2 D. 2\pi Answer with only A, B, C, or D.","Which one of the following is equivalent to zero phase? A. \pi/2 B. \pi C. 3\pi/2 D. 2\pi Answer with only A, B, C, or D."
benqa_12th-Physics-I_0106,benqa,mcq,physics-i,human_reviewed_banglish_v5,banglish_vs_english,diagnostic,banglish_clean,english,A B C D,A B C D,True,2 3 2 2,2 3 2 2,True,\pi \pi \pi \pi,\pi \pi \pi \pi,True,mcq_letters,mcq_letters,True,False,False,False,,"nicher konti shuny doshar somotuly? A. \pi/2 B. \pi C. 3\pi/2 D. 2\pi Answer with only A, B, C, or D.","Which one of the following is equivalent to zero phase? A. \pi/2 B. \pi C. 3\pi/2 D. 2\pi Answer with only A, B, C, or D."
benqa_12th-Physics-II_0219,benqa,mcq,physics-ii,auto_romanized_unverified_v4,bangla_vs_banglish,primary,bangla,banglish_clean,A B C D,A B C D,True,1 2 3 4,1 2 3 4,True,,,True,mcq_letters,mcq_letters,True,False,False,False,,"পূর্ণ তরঙ্গ রেকটিফায়ারের সর্বোচ্চ কতটি ডায়োড প্রয়োজন? A. 1 B. 2 C. 3 D. 4 Answer with only A, B, C, or D.","purn torongg rekotifayarer sorbochch kototi dayod proyojon? A. 1 B. 2 C. 3 D. 4 Answer with only A, B, C, or D."
benqa_12th-Physics-II_0219,benqa,mcq,physics-ii,auto_romanized_unverified_v4,bangla_vs_english,diagnostic,bangla,english,A B C D,A B C D,True,1 2 3 4,1 2 3 4,True,,,True,mcq_letters,mcq_letters,True,False,False,False,,"পূর্ণ তরঙ্গ রেকটিফায়ারের সর্বোচ্চ কতটি ডায়োড প্রয়োজন? A. 1 B. 2 C. 3 D. 4 Answer with only A, B, C, or D.","How many diodes are needed for a full wave rectification? A. 1 B. 2 C. 3 D. 4 Answer with only A, B, C, or D."
benqa_12th-Physics-II_0219,benqa,mcq,physics-ii,auto_romanized_unverified_v4,banglish_vs_english,diagnostic,banglish_clean,english,A B C D,A B C D,True,1 2 3 4,1 2 3 4,True,,,True,mcq_letters,mcq_letters,True,False,False,False,,"purn torongg rekotifayarer sorbochch kototi dayod proyojon? A. 1 B. 2 C. 3 D. 4 Answer with only A, B, C, or D.","How many diodes are needed for a full wave rectification? A. 1 B. 2 C. 3 D. 4 Answer with only A, B, C, or D."
benqa_10th-Biology_0143,benqa,mcq,biology,auto_romanized_unverified_v4,bangla_vs_banglish,primary,bangla,banglish_clean,A B C D,A B C D,True,,,True,,,True,mcq_letters,mcq_letters,True,False,False,False,,"আকস্মিক কিডনি অকেজো হতে পারে কোন কারণে? A. ডায়াবেটিস B. নেফ্রাইটিস C. মারাত্মক ডায়রিয়া D. উচ্চ রক্তচাপ Answer with only A, B, C, or D.","akosmik kidoni okejo hote pare kon karone? A. dayabetis B. nefraitis C. maratmok dayoriya D. uchch roktochap Answer with only A, B, C, or D."
benqa_10th-Biology_0143,benqa,mcq,biology,auto_romanized_unverified_v4,bangla_vs_english,diagnostic,bangla,english,A B C D,A B C D,True,,,True,,,True,mcq_letters,mcq_letters,True,False,False,False,,"আকস্মিক কিডনি অকেজো হতে পারে কোন কারণে? A. ডায়াবেটিস B. নেফ্রাইটিস C. মারাত্মক ডায়রিয়া D. উচ্চ রক্তচাপ Answer with only A, B, C, or D.","Which of the following can cause sudden damage of kidney? A. Diabetes B. Nehrritis C. Severe diarrhoea D. High blood pressure Answer with only A, B, C, or D."
benqa_10th-Biology_0143,benqa,mcq,biology,auto_romanized_unverified_v4,banglish_vs_english,diagnostic,banglish_clean,english,A B C D,A B C D,True,,,True,,,True,mcq_letters,mcq_letters,True,False,False,False,,"akosmik kidoni okejo hote pare kon karone? A. dayabetis B. nefraitis C. maratmok dayoriya D. uchch roktochap Answer with only A, B, C, or D.","Which of the following can cause sudden damage of kidney? A. Diabetes B. Nehrritis C. Severe diarrhoea D. High blood pressure Answer with only A, B, C, or D."
benqa_12th-Chemistry-II_0067,benqa,mcq,chemistry-ii,human_reviewed_banglish_v5,bangla_vs_banglish,primary,bangla,banglish_clean,A B C D,A B C D,True,32 2 1 2 24.8,32 2 1 2 24.8,True,O_{2} O_{2},O_{2} O_{2},True,mcq_letters,mcq_letters,True,False,False,False,,"32g O_{2} এর অর্থ হলো- i. 1 mole O_{2} ii. প্রমাণ অবস্থায় 24.8L আয়তন iii. অ্যাডোগেড্রোর সংখ্যার সমাণ অণু নিচের কোনটি সঠিক? A. i B. i ও ii C. i ও iii D. i, ii ও iii Answer with only","32g O_{2} er orth holo- i. 1 mole O_{2} ii. proman obosthay 24.8L ayoton iii. adogedror songkhyar soman onu nicher konti sothik? A. i B. i o ii C. i o iii D. i, ii o iii Answer wit"
benqa_12th-Chemistry-II_0067,benqa,mcq,chemistry-ii,human_reviewed_banglish_v5,bangla_vs_english,diagnostic,bangla,english,A B C D,A B C D,True,32 2 1 2 24.8,32 2 1 2 24.8,True,O_{2} O_{2},O_{2} O_{2} STP,False,mcq_letters,mcq_letters,True,True,False,True,formulas,"32g O_{2} এর অর্থ হলো- i. 1 mole O_{2} ii. প্রমাণ অবস্থায় 24.8L আয়তন iii. অ্যাডোগেড্রোর সংখ্যার সমাণ অণু নিচের কোনটি সঠিক? A. i B. i ও ii C. i ও iii D. i, ii ও iii Answer with only","32g O_{2} means- i. 1 mole O_{2} ii. 24.8L volume in STP iii. equal to Avogadro's number of molecule Which one is correct? A. i B. i and ii C. i and iii D. i, ii and iii Answer wit"
benqa_12th-Chemistry-II_0067,benqa,mcq,chemistry-ii,human_reviewed_banglish_v5,banglish_vs_english,diagnostic,banglish_clean,english,A B C D,A B C D,True,32 2 1 2 24.8,32 2 1 2 24.8,True,O_{2} O_{2},O_{2} O_{2} STP,False,mcq_letters,mcq_letters,True,True,False,True,formulas,"32g O_{2} er orth holo- i. 1 mole O_{2} ii. proman obosthay 24.8L ayoton iii. adogedror songkhyar soman onu nicher konti sothik? A. i B. i o ii C. i o iii D. i, ii o iii Answer wit","32g O_{2} means- i. 1 mole O_{2} ii. 24.8L volume in STP iii. equal to Avogadro's number of molecule Which one is correct? A. i B. i and ii C. i and iii D. i, ii and iii Answer wit"
benqa_12th-Chemistry-I_0037,benqa,mcq,chemistry-i,human_reviewed_banglish_v5,bangla_vs_banglish,primary,bangla,banglish_clean,A B C D,A B C D,True,,,True,,,True,mcq_letters,mcq_letters,True,False,False,False,,"ধাতুর গলনাঙ্ক বৃদ্ধি পায়, যখন- i. ধাতব কেলাসে মুক্ত ইলেকট্রন বেশি থাকে ii. আয়নিকরণ বিভব হ্রাস পায় iii. পরমাণুর আকার ক্ষুদ্র হয় নিচের কোনটি সঠিক? A. i ও ii B. ii ও iii C. i ও iii D.","dhatur golonangk briddhi pay, jokhon- i. dhatob kelase mukt ilekotron beshi thake ii. ayonikoron bibhob hras pay iii. poromanur akar kshudr hoy nicher konti sothik? A. i o ii B. ii"
benqa_12th-Chemistry-I_0037,benqa,mcq,chemistry-i,human_reviewed_banglish_v5,bangla_vs_english,diagnostic,bangla,english,A B C D,A B C D,True,,,True,,,True,mcq_letters,mcq_letters,True,False,False,False,,"ধাতুর গলনাঙ্ক বৃদ্ধি পায়, যখন- i. ধাতব কেলাসে মুক্ত ইলেকট্রন বেশি থাকে ii. আয়নিকরণ বিভব হ্রাস পায় iii. পরমাণুর আকার ক্ষুদ্র হয় নিচের কোনটি সঠিক? A. i ও ii B. ii ও iii C. i ও iii D.","Melting point of metal increases ,when- i.more electrons exist in metal lattice ii.ionization potential decreases iii.size of atoms become smaller Which one is correct? A. i&ii B. "
benqa_12th-Chemistry-I_0037,benqa,mcq,chemistry-i,human_reviewed_banglish_v5,banglish_vs_english,diagnostic,banglish_clean,english,A B C D,A B C D,True,,,True,,,True,mcq_letters,mcq_letters,True,False,False,False,,"dhatur golonangk briddhi pay, jokhon- i. dhatob kelase mukt ilekotron beshi thake ii. ayonikoron bibhob hras pay iii. poromanur akar kshudr hoy nicher konti sothik? A. i o ii B. ii","Melting point of metal increases ,when- i.more electrons exist in metal lattice ii.ionization potential decreases iii.size of atoms become smaller Which one is correct? A. i&ii B. "
banglamath_0519,banglamath,short_answer,math,human_reviewed_banglish_v5,bangla_vs_banglish,primary,bangla,banglish_clean,,,True,150 50,150 50,True,,,True,final_answer,final_answer,True,False,False,False,,একটি আয়তাকার বাগানের দৈর্ঘ্য ১৫০ মিটার ও প্রস্থ ৫০ মিটার হলে ক্ষেত্রফল কত Return only the final answer.,ekti ayotokar baganer doirgho 150 mitar o prostho 50 mitar hole khetrofol koto Return only the final answer.
banglamath_0519,banglamath,short_answer,math,human_reviewed_banglish_v5,bangla_vs_english,diagnostic,bangla,english,,,True,150 50,150 50,True,,,True,final_answer,final_answer,True,False,False,False,,একটি আয়তাকার বাগানের দৈর্ঘ্য ১৫০ মিটার ও প্রস্থ ৫০ মিটার হলে ক্ষেত্রফল কত Return only the final answer.,"If the length of a rectangular garden is 150 meters and width is 50 meters, what is the area? Return only the final answer."
banglamath_0519,banglamath,short_answer,math,human_reviewed_banglish_v5,banglish_vs_english,diagnostic,banglish_clean,english,,,True,150 50,150 50,True,,,True,final_answer,final_answer,True,False,False,False,,ekti ayotokar baganer doirgho 150 mitar o prostho 50 mitar hole khetrofol koto Return only the final answer.,"If the length of a rectangular garden is 150 meters and width is 50 meters, what is the area? Return only the final answer."
banglamath_0540,banglamath,short_answer,math,human_reviewed_banglish_v5,bangla_vs_banglish,primary,bangla,banglish_clean,,,True,147,147,True,,,True,final_answer,final_answer,True,False,False,False,,একটি ঘরের দৈর্ঘ্য প্রস্থের তিনগুণ এবং ক্ষেত্রফল ১৪৭ বর্গমিটার হলে ঘরটির দৈর্ঘ্য কত Return only the final answer.,ekti ghorer doirgho prosther tinogun ebong khetrofol 147 borgomitar hole ghortir doirgho koto Return only the final answer.
banglamath_0540,banglamath,short_answer,math,human_reviewed_banglish_v5,bangla_vs_english,diagnostic,bangla,english,,,True,147,147,True,,,True,final_answer,final_answer,True,False,False,False,,একটি ঘরের দৈর্ঘ্য প্রস্থের তিনগুণ এবং ক্ষেত্রফল ১৪৭ বর্গমিটার হলে ঘরটির দৈর্ঘ্য কত Return only the final answer.,"If a room's length is three times its width and the area is 147 sq. meters, what is the length? Return only the final answer."
banglamath_0540,banglamath,short_answer,math,human_reviewed_banglish_v5,banglish_vs_english,diagnostic,banglish_clean,english,,,True,147,147,True,,,True,final_answer,final_answer,True,False,False,False,,ekti ghorer doirgho prosther tinogun ebong khetrofol 147 borgomitar hole ghortir doirgho koto Return only the final answer.,"If a room's length is three times its width and the area is 147 sq. meters, what is the length? Return only the final answer."
banglamath_0237,banglamath,short_answer,math,human_reviewed_banglish_v5,bangla_vs_banglish,primary,bangla,banglish_clean,,,True,1 48 16,1 48 16,True,,,True,final_answer,final_answer,True,False,False,False,,১ ডজন ডিমের দাম ৪৮ টাকা হলে ১৬টি ডিমের দাম কত Return only the final answer.,1 dojon dimer dam 48 taka hole 16ti dimer dam koto Return only the final answer.
banglamath_0237,banglamath,short_answer,math,human_reviewed_banglish_v5,bangla_vs_english,diagnostic,bangla,english,,,True,1 48 16,1 48 16,True,,,True,final_answer,final_answer,True,False,False,False,,১ ডজন ডিমের দাম ৪৮ টাকা হলে ১৬টি ডিমের দাম কত Return only the final answer.,"If 1 dozen eggs cost 48 Taka, what is the cost of 16 eggs? Return only the final answer."
banglamath_0237,banglamath,short_answer,math,human_reviewed_banglish_v5,banglish_vs_english,diagnostic,banglish_clean,english,,,True,1 48 16,1 48 16,True,,,True,final_answer,final_answer,True,False,False,False,,1 dojon dimer dam 48 taka hole 16ti dimer dam koto Return only the final answer.,"If 1 dozen eggs cost 48 Taka, what is the cost of 16 eggs? Return only the final answer."
benqa_10th-Math-II_0347,benqa,mcq,math-ii,human_reviewed_banglish_v5,bangla_vs_banglish,primary,bangla,banglish_clean,A B C D,A B C D,True,35 6 3 2 1 2 1 2 3 2,35 6 3 2 1 2 1 2 3 2,True,\frac \frac \frac \frac \frac \left \pi \right \sqrt \sqrt,\frac \frac \frac \frac \frac \left \pi \right \sqrt \sqrt,True,mcq_letters,mcq_letters,True,False,False,False,,"cos\left ( - \frac{35\pi}{6} \right ) এর মান কত? A. - \frac{\sqrt{3}}{2} B. - \frac{1}{2} C. \frac{1}{2} D. \frac{\sqrt{3}}{2} Answer with only A, B, C, or D.","cos\left ( - \frac{35\pi}{6} \right ) er man koto? A. - \frac{\sqrt{3}}{2} B. - \frac{1}{2} C. \frac{1}{2} D. \frac{\sqrt{3}}{2} Answer with only A, B, C, or D."
benqa_10th-Math-II_0347,benqa,mcq,math-ii,human_reviewed_banglish_v5,bangla_vs_english,diagnostic,bangla,english,A B C D,A B C D,True,35 6 3 2 1 2 1 2 3 2,35 6 3 2 1 2 1 2 3 2,True,\frac \frac \frac \frac \frac \left \pi \right \sqrt \sqrt,\frac \frac \frac \frac \frac \left \pi \right \sqrt \sqrt,True,mcq_letters,mcq_letters,True,False,False,False,,"cos\left ( - \frac{35\pi}{6} \right ) এর মান কত? A. - \frac{\sqrt{3}}{2} B. - \frac{1}{2} C. \frac{1}{2} D. \frac{\sqrt{3}}{2} Answer with only A, B, C, or D.","What is the value of cos\left ( - \frac{35\pi}{6} \right )? A. - \frac{\sqrt{3}}{2} B. - \frac{1}{2} C. \frac{1}{2} D. \frac{\sqrt{3}}{2} Answer with only A, B, C, or D."
benqa_10th-Math-II_0347,benqa,mcq,math-ii,human_reviewed_banglish_v5,banglish_vs_english,diagnostic,banglish_clean,english,A B C D,A B C D,True,35 6 3 2 1 2 1 2 3 2,35 6 3 2 1 2 1 2 3 2,True,\frac \frac \frac \frac \frac \left \pi \right \sqrt \sqrt,\frac \frac \frac \frac \frac \left \pi \right \sqrt \sqrt,True,mcq_letters,mcq_letters,True,False,False,False,,"cos\left ( - \frac{35\pi}{6} \right ) er man koto? A. - \frac{\sqrt{3}}{2} B. - \frac{1}{2} C. \frac{1}{2} D. \frac{\sqrt{3}}{2} Answer with only A, B, C, or D.","What is the value of cos\left ( - \frac{35\pi}{6} \right )? A. - \frac{\sqrt{3}}{2} B. - \frac{1}{2} C. \frac{1}{2} D. \frac{\sqrt{3}}{2} Answer with only A, B, C, or D."
benqa_12th-Math-II_0214,benqa,mcq,math-ii,auto_romanized_unverified_v4,bangla_vs_banglish,primary,bangla,banglish_clean,A B C D,A B C D,True,1 1 3 1 2 1 3 1 3 3 3,1 1 3 1 2 1 3 1 3 3 3,True,\frac \frac \frac \frac \pi \sqrt \sqrt \sqrt \sqrt \sqrt tan^{-1},\frac \frac \frac \frac \pi \sqrt \sqrt \sqrt \sqrt \sqrt tan^{-1},True,mcq_letters,mcq_letters,True,False,False,False,,"tan^{-1}\ \frac{1}{\sqrt{3}} + tan^{-1}x = \frac{\pi}{2} হলে x = ? A. \frac{1}{\sqrt{3}} B. - \frac{1}{\sqrt{3}} C. \sqrt{3} D. - \sqrt{3} Answer with only A, B, C, or D.","tan^{-1}\ \frac{1}{\sqrt{3}} + tan^{-1}x = \frac{\pi}{2} hole x = ? A. \frac{1}{\sqrt{3}} B. - \frac{1}{\sqrt{3}} C. \sqrt{3} D. - \sqrt{3} Answer with only A, B, C, or D."
benqa_12th-Math-II_0214,benqa,mcq,math-ii,auto_romanized_unverified_v4,bangla_vs_english,diagnostic,bangla,english,A B C D,A B C D,True,1 1 3 1 2 1 3 1 3 3 3,1 1 3 1 2 1 3 1 3 3 3,True,\frac \frac \frac \frac \pi \sqrt \sqrt \sqrt \sqrt \sqrt tan^{-1},\frac \frac \frac \frac \pi \sqrt \sqrt \sqrt \sqrt \sqrt tan^{-1},True,mcq_letters,mcq_letters,True,False,False,False,,"tan^{-1}\ \frac{1}{\sqrt{3}} + tan^{-1}x = \frac{\pi}{2} হলে x = ? A. \frac{1}{\sqrt{3}} B. - \frac{1}{\sqrt{3}} C. \sqrt{3} D. - \sqrt{3} Answer with only A, B, C, or D.","If tan^{-1}\ \frac{1}{\sqrt{3}} + tan^{-1}x = \frac{\pi}{2} then x = ? A. \frac{1}{\sqrt{3}} B. - \frac{1}{\sqrt{3}} C. \sqrt{3} D. - \sqrt{3} Answer with only A, B, C, or D."
benqa_12th-Math-II_0214,benqa,mcq,math-ii,auto_romanized_unverified_v4,banglish_vs_english,diagnostic,banglish_clean,english,A B C D,A B C D,True,1 1 3 1 2 1 3 1 3 3 3,1 1 3 1 2 1 3 1 3 3 3,True,\frac \frac \frac \frac \pi \sqrt \sqrt \sqrt \sqrt \sqrt tan^{-1},\frac \frac \frac \frac \pi \sqrt \sqrt \sqrt \sqrt \sqrt tan^{-1},True,mcq_letters,mcq_letters,True,False,False,False,,"tan^{-1}\ \frac{1}{\sqrt{3}} + tan^{-1}x = \frac{\pi}{2} hole x = ? A. \frac{1}{\sqrt{3}} B. - \frac{1}{\sqrt{3}} C. \sqrt{3} D. - \sqrt{3} Answer with only A, B, C, or D.","If tan^{-1}\ \frac{1}{\sqrt{3}} + tan^{-1}x = \frac{\pi}{2} then x = ? A. \frac{1}{\sqrt{3}} B. - \frac{1}{\sqrt{3}} C. \sqrt{3} D. - \sqrt{3} Answer with only A, B, C, or D."
banglamath_0181,banglamath,short_answer,math,human_reviewed_banglish_v5,bangla_vs_banglish,primary,bangla,banglish_clean,,,True,,,True,,,True,final_answer,final_answer,True,False,False,False,,কাজের পরিমাণ অপরিবর্তিত থাকলে লোক সংখ্যা বাড়ালে সময় কী হয় Return only the final answer.,kajer poriman oporibortit thakle lok songkhya barale somoy ki hoy Return only the final answer.
banglamath_0181,banglamath,short_answer,math,human_reviewed_banglish_v5,bangla_vs_english,diagnostic,bangla,english,,,True,,,True,,,True,final_answer,final_answer,True,False,False,False,,কাজের পরিমাণ অপরিবর্তিত থাকলে লোক সংখ্যা বাড়ালে সময় কী হয় Return only the final answer.,"If the amount of work remains the same, what happens to time if the number of workers increases? Return only the final answer."
banglamath_0181,banglamath,short_answer,math,human_reviewed_banglish_v5,banglish_vs_english,diagnostic,banglish_clean,english,,,True,,,True,,,True,final_answer,final_answer,True,False,False,False,,kajer poriman oporibortit thakle lok songkhya barale somoy ki hoy Return only the final answer.,"If the amount of work remains the same, what happens to time if the number of workers increases? Return only the final answer."
banglamath_0183,banglamath,short_answer,math,human_reviewed_banglish_v5,bangla_vs_banglish,primary,bangla,banglish_clean,,,True,50 15 25,50 15 25,True,,,True,final_answer,final_answer,True,False,False,False,,একটি ছাত্রাবাসে ৫০ জনের ১৫ দিনের খাদ্য মজুদ আছে। ঐ খাদ্যে ২৫ জনের কত দিন চলবে Return only the final answer.,ekti chhatrabase 50 joner 15 diner khaddo mojud ache. oi khadde 25 joner koto din cholbe Return only the final answer.
banglamath_0183,banglamath,short_answer,math,human_reviewed_banglish_v5,bangla_vs_english,diagnostic,bangla,english,,,True,50 15 25,50 15 25,True,,,True,final_answer,final_answer,True,False,False,False,,একটি ছাত্রাবাসে ৫০ জনের ১৫ দিনের খাদ্য মজুদ আছে। ঐ খাদ্যে ২৫ জনের কত দিন চলবে Return only the final answer.,A hostel has food for 50 people for 15 days. How many days will it last for 25 people? Return only the final answer.
banglamath_0183,banglamath,short_answer,math,human_reviewed_banglish_v5,banglish_vs_english,diagnostic,banglish_clean,english,,,True,50 15 25,50 15 25,True,,,True,final_answer,final_answer,True,False,False,False,,ekti chhatrabase 50 joner 15 diner khaddo mojud ache. oi khadde 25 joner koto din cholbe Return only the final answer.,A hostel has food for 50 people for 15 days. How many days will it last for 25 people? Return only the final answer.
benqa_10th-Biology_0215,benqa,mcq,biology,human_reviewed_banglish_v5,bangla_vs_banglish,primary,bangla,banglish_clean,A B C D,A B C D,True,6 12 6 3 4 3,6 12 6 3 4 3,True,ATP C_{3}H_{4}O_{3} C_{6}H_{12}O_{6} O_{3} O_{6} \xarrowright,ATP C_{3}H_{4}O_{3} C_{6}H_{12}O_{6} O_{3} O_{6} \xarrowright,True,mcq_letters,mcq_letters,True,False,False,False,,C_{6}H_{12}O_{6}\xarrowright{এনজাইম}C_{3}H_{4}O_{3} উদ্দীপকের প্রক্রিয়াটি- i. সবাত ও অবাত শ্বসনের প্রথম ধাপ ii. কোষের মাইটোকন্ড্রিয়ায় ঘটে থাকে iii. এতে নিট অণু ATP উৎপন্ন হয় নিচের ,C_{6}H_{12}O_{6}\xarrowright{enojaim}C_{3}H_{4}O_{3} uddipoker prokriyati- i. sobat o obat shbosoner prothom dhap ii. kosher maitokondriyay ghote thake iii. ete nit onu ATP utoponn
benqa_10th-Biology_0215,benqa,mcq,biology,human_reviewed_banglish_v5,bangla_vs_english,diagnostic,bangla,english,A B C D,A B C D,True,6 12 6 3 4 3,6 12 6 3 4 3,True,ATP C_{3}H_{4}O_{3} C_{6}H_{12}O_{6} O_{3} O_{6} \xarrowright,ATP C_{3}H_{4}O_{3} C_{6}H_{12}O_{6} O_{3} O_{6} \xrightarrow,False,mcq_letters,mcq_letters,True,True,False,True,formulas,C_{6}H_{12}O_{6}\xarrowright{এনজাইম}C_{3}H_{4}O_{3} উদ্দীপকের প্রক্রিয়াটি- i. সবাত ও অবাত শ্বসনের প্রথম ধাপ ii. কোষের মাইটোকন্ড্রিয়ায় ঘটে থাকে iii. এতে নিট অণু ATP উৎপন্ন হয় নিচের ,C_{6}H_{12}O_{6} \xrightarrow{Enzyme} C_{3}H_{4}O_{3} the process of the stem- i. is the inital stage of both acrobic and anacrobic respiration ii. takes place in the mitochondria 
benqa_10th-Biology_0215,benqa,mcq,biology,human_reviewed_banglish_v5,banglish_vs_english,diagnostic,banglish_clean,english,A B C D,A B C D,True,6 12 6 3 4 3,6 12 6 3 4 3,True,ATP C_{3}H_{4}O_{3} C_{6}H_{12}O_{6} O_{3} O_{6} \xarrowright,ATP C_{3}H_{4}O_{3} C_{6}H_{12}O_{6} O_{3} O_{6} \xrightarrow,False,mcq_letters,mcq_letters,True,True,False,True,formulas,C_{6}H_{12}O_{6}\xarrowright{enojaim}C_{3}H_{4}O_{3} uddipoker prokriyati- i. sobat o obat shbosoner prothom dhap ii. kosher maitokondriyay ghote thake iii. ete nit onu ATP utoponn,C_{6}H_{12}O_{6} \xrightarrow{Enzyme} C_{3}H_{4}O_{3} the process of the stem- i. is the inital stage of both acrobic and anacrobic respiration ii. takes place in the mitochondria 
benqa_10th-Chemistry_0336,benqa,mcq,chemistry,human_reviewed_banglish_v5,bangla_vs_banglish,primary,bangla,banglish_clean,A B C D,A B C D,True,3 250 0.2 2,3 250 0.2 2,True,CO_{2} CO_{2} CaCO_{3} CaCO_{3} CaO NaCl \Delta \rightarrow \rightarrow \xrightarrow,CO_{2} CO_{2} CaCO_{3} CaCO_{3} CaO NaCl \Delta \rightarrow \rightarrow \xrightarrow,True,mcq_letters,mcq_letters,True,False,False,False,,A \rightarrow CaCO_{3}(s) \xrightarrow{\Delta} CaO(s) + X(g) B \rightarrow 250 mL 0.2 মোলার NaCl দ্রবণ A-এর 'X' গ্যাসটি- i. CO_{2} ii. অম্লধর্মী iii. বায়ু অপেক্ষা ভারী নিচের কোনটি ,A \rightarrow CaCO_{3}(s) \xrightarrow{\Delta} CaO(s) + X(g) B \rightarrow 250 mL 0.2 molar NaCl drobon A-er 'X' gyasoti- i. CO_{2} ii. omlodhormi iii. bayu opeksha bhari nicher ko
benqa_10th-Chemistry_0336,benqa,mcq,chemistry,human_reviewed_banglish_v5,bangla_vs_english,diagnostic,bangla,english,A B C D,A B C D,True,3 250 0.2 2,3 250 0.2 2,True,CO_{2} CO_{2} CaCO_{3} CaCO_{3} CaO NaCl \Delta \rightarrow \rightarrow \xrightarrow,CO_{2} CO_{2} CaCO_{3} CaCO_{3} CaO NaCl \Delta \overset \rightarrow \rightarrow \rightarrow,False,mcq_letters,mcq_letters,True,True,False,True,formulas,A \rightarrow CaCO_{3}(s) \xrightarrow{\Delta} CaO(s) + X(g) B \rightarrow 250 mL 0.2 মোলার NaCl দ্রবণ A-এর 'X' গ্যাসটি- i. CO_{2} ii. অম্লধর্মী iii. বায়ু অপেক্ষা ভারী নিচের কোনটি ,A\rightarrow CaCO_{3}\overset{\Delta }{\rightarrow}CaO(s)+X(g) B\rightarrow 250 mL 0.2 olar NaCl solution The 'X' gas of A is- i. CO_{2} ii. acidic iii. heavier than air Which one 
benqa_10th-Chemistry_0336,benqa,mcq,chemistry,human_reviewed_banglish_v5,banglish_vs_english,diagnostic,banglish_clean,english,A B C D,A B C D,True,3 250 0.2 2,3 250 0.2 2,True,CO_{2} CO_{2} CaCO_{3} CaCO_{3} CaO NaCl \Delta \rightarrow \rightarrow \xrightarrow,CO_{2} CO_{2} CaCO_{3} CaCO_{3} CaO NaCl \Delta \overset \rightarrow \rightarrow \rightarrow,False,mcq_letters,mcq_letters,True,True,False,True,formulas,A \rightarrow CaCO_{3}(s) \xrightarrow{\Delta} CaO(s) + X(g) B \rightarrow 250 mL 0.2 molar NaCl drobon A-er 'X' gyasoti- i. CO_{2} ii. omlodhormi iii. bayu opeksha bhari nicher ko,A\rightarrow CaCO_{3}\overset{\Delta }{\rightarrow}CaO(s)+X(g) B\rightarrow 250 mL 0.2 olar NaCl solution The 'X' gas of A is- i. CO_{2} ii. acidic iii. heavier than air Which one 
banglamath_0185,banglamath,short_answer,math,human_reviewed_banglish_v5,bangla_vs_banglish,primary,bangla,banglish_clean,,,True,120 10 27 45,120 10 27 45,True,,,True,final_answer,final_answer,True,False,False,False,,১২০ কেজি চালে ১০ জন লোকের ২৭ দিন চলে। ৪৫ দিন চলতে কত কেজি চাল প্রয়োজন হবে Return only the final answer.,120 keji chale 10 jon loker 27 din chole. 45 din cholote koto keji chal proyojon hobe Return only the final answer.
banglamath_0185,banglamath,short_answer,math,human_reviewed_banglish_v5,bangla_vs_english,diagnostic,bangla,english,,,True,120 10 27 45,120 10 27 45,True,,,True,final_answer,final_answer,True,False,False,False,,১২০ কেজি চালে ১০ জন লোকের ২৭ দিন চলে। ৪৫ দিন চলতে কত কেজি চাল প্রয়োজন হবে Return only the final answer.,120 kg of rice lasts 10 people for 27 days. How much rice is needed to last 45 days? Return only the final answer.
banglamath_0185,banglamath,short_answer,math,human_reviewed_banglish_v5,banglish_vs_english,diagnostic,banglish_clean,english,,,True,120 10 27 45,120 10 27 45,True,,,True,final_answer,final_answer,True,False,False,False,,120 keji chale 10 jon loker 27 din chole. 45 din cholote koto keji chal proyojon hobe Return only the final answer.,120 kg of rice lasts 10 people for 27 days. How much rice is needed to last 45 days? Return only the final answer.
banglamath_1690,banglamath,short_answer,math,auto_romanized_unverified_v4,bangla_vs_banglish,primary,bangla,banglish_clean,,,True,2,2,True,,,True,final_answer,final_answer,True,False,False,False,,"খেলনা গাড়ি নিয়ে খেলার সময় মিন্টু দেখলো , সেন্টুর গাড়ির সংখ্যা তার চেয়ে বেশি এবং সেন্টু কে বললো, তুমি আমাকে দুইটা গাড়ি দাও তাহলে আমাদের গাড়ির সংখ্যা সমান হবে ।সেন্টু উল্টো জো","khelona gari niye khelar somoy mintu dekholo , sentur garir songkhya tar cheye beshi ebong sentu ke bololo, tumi amake duita gari dao tahole amader garir songkhya soman hobe .sentu"
banglamath_1690,banglamath,short_answer,math,auto_romanized_unverified_v4,bangla_vs_english,diagnostic,bangla,english,,,True,2,,False,,,True,final_answer,final_answer,True,True,False,True,digits,"খেলনা গাড়ি নিয়ে খেলার সময় মিন্টু দেখলো , সেন্টুর গাড়ির সংখ্যা তার চেয়ে বেশি এবং সেন্টু কে বললো, তুমি আমাকে দুইটা গাড়ি দাও তাহলে আমাদের গাড়ির সংখ্যা সমান হবে ।সেন্টু উল্টো জো","While playing, Mintu noticed Sentu had more toy cars. Mintu said, “Give me two cars, and we’ll have the same.” Sentu instead took two cars from Mintu and claimed he now has double."
banglamath_1690,banglamath,short_answer,math,auto_romanized_unverified_v4,banglish_vs_english,diagnostic,banglish_clean,english,,,True,2,,False,,,True,final_answer,final_answer,True,True,False,True,digits,"khelona gari niye khelar somoy mintu dekholo , sentur garir songkhya tar cheye beshi ebong sentu ke bololo, tumi amake duita gari dao tahole amader garir songkhya soman hobe .sentu","While playing, Mintu noticed Sentu had more toy cars. Mintu said, “Give me two cars, and we’ll have the same.” Sentu instead took two cars from Mintu and claimed he now has double."
benqa_10th-Chemistry_0041,benqa,mcq,chemistry,human_reviewed_banglish_v5,bangla_vs_banglish,primary,bangla,banglish_clean,A B C D,A B C D,True,2 4 2 6 4,2 4 2 6 4,True,CH_{4} CH_{4} C_{2}H C_{2}H_{4} H_{4},CH_{4} CH_{4} C_{2}H C_{2}H_{4} H_{4},True,mcq_letters,mcq_letters,True,False,False,False,,নিচের কোন তথ্যটি সঠিক? A. C_{2}H_{4} অপেক্ষা C_{2}H{6} অধিক সক্রিয় B. CH_{4} ক্ষারকের সাথে বিক্রিয়া করে C. ইথানল একটি হাইড্রোকার্বন D. পলিপ্রোপিনকে রি-সাইকেল করা যায় Answer with on,nicher kon tothyoti sothik? A. C_{2}H_{4} opeksha C_{2}H{6} odhik sokriy B. CH_{4} ksharoker sathe bikriya kore C. ithanol ekti haidrokarbon D. polipropinoke ri-saikel kora jay Ans
benqa_10th-Chemistry_0041,benqa,mcq,chemistry,human_reviewed_banglish_v5,bangla_vs_english,diagnostic,bangla,english,A B C D,A B C D,True,2 4 2 6 4,3 6 2 4 4,False,CH_{4} CH_{4} C_{2}H C_{2}H_{4} H_{4},CH_{4} CH_{4} C_{2}H_{4} C_{3}H_{6} H_{4} H_{6},False,mcq_letters,mcq_letters,True,True,False,True,digits formulas,নিচের কোন তথ্যটি সঠিক? A. C_{2}H_{4} অপেক্ষা C_{2}H{6} অধিক সক্রিয় B. CH_{4} ক্ষারকের সাথে বিক্রিয়া করে C. ইথানল একটি হাইড্রোকার্বন D. পলিপ্রোপিনকে রি-সাইকেল করা যায় Answer with on,Which one of the following information is correct? A. C_{3}H_{6} is more active than C_{2}H_{4} B. CH_{4} reacts with base C. Ethanol is a hydrocarbon D. it is possible to recycle 
benqa_10th-Chemistry_0041,benqa,mcq,chemistry,human_reviewed_banglish_v5,banglish_vs_english,diagnostic,banglish_clean,english,A B C D,A B C D,True,2 4 2 6 4,3 6 2 4 4,False,CH_{4} CH_{4} C_{2}H C_{2}H_{4} H_{4},CH_{4} CH_{4} C_{2}H_{4} C_{3}H_{6} H_{4} H_{6},False,mcq_letters,mcq_letters,True,True,False,True,digits formulas,nicher kon tothyoti sothik? A. C_{2}H_{4} opeksha C_{2}H{6} odhik sokriy B. CH_{4} ksharoker sathe bikriya kore C. ithanol ekti haidrokarbon D. polipropinoke ri-saikel kora jay Ans,Which one of the following information is correct? A. C_{3}H_{6} is more active than C_{2}H_{4} B. CH_{4} reacts with base C. Ethanol is a hydrocarbon D. it is possible to recycle 
banglamath_1687,banglamath,short_answer,math,human_reviewed_banglish_v5,bangla_vs_banglish,primary,bangla,banglish_clean,,,True,4 5 32 5 4 31 1 1,4 5 32 5 4 31 1 1,True,,,True,final_answer,final_answer,True,False,False,False,,৪টি কাঁঠাল এবং ৫টি তরমুজের ওজনের সমষ্টি ৩২কিলোগ্রাম। ৫টি কাঠাল এবং ৪টি তরমুজের ওজনের সমষ্টি ৩১ কিলোগ্রাম। উপরের সব কাঠালের ওজন সমান এবং সব তরমুজের ওজন সমান । ১ কাঠাল ও ১ তরমুজের ওজ,4ti kanthal ebong 5ti toromujer ojoner somoshti 32kilogram. 5ti kathal ebong 4ti toromujer ojoner somoshti 31 kilogram. uporer sob kathaler ojon soman ebong sob toromujer ojon soma
banglamath_1687,banglamath,short_answer,math,human_reviewed_banglish_v5,bangla_vs_english,diagnostic,bangla,english,,,True,4 5 32 5 4 31 1 1,4 5 32 5 4 31,False,,,True,final_answer,final_answer,True,True,False,True,digits,৪টি কাঁঠাল এবং ৫টি তরমুজের ওজনের সমষ্টি ৩২কিলোগ্রাম। ৫টি কাঠাল এবং ৪টি তরমুজের ওজনের সমষ্টি ৩১ কিলোগ্রাম। উপরের সব কাঠালের ওজন সমান এবং সব তরমুজের ওজন সমান । ১ কাঠাল ও ১ তরমুজের ওজ,"The total weight of 4 jackfruits and 5 watermelons is 32 kg. The total weight of 5 jackfruits and 4 watermelons is 31 kg. If all jackfruits and all watermelons weigh the same, what"
banglamath_1687,banglamath,short_answer,math,human_reviewed_banglish_v5,banglish_vs_english,diagnostic,banglish_clean,english,,,True,4 5 32 5 4 31 1 1,4 5 32 5 4 31,False,,,True,final_answer,final_answer,True,True,False,True,digits,4ti kanthal ebong 5ti toromujer ojoner somoshti 32kilogram. 5ti kathal ebong 4ti toromujer ojoner somoshti 31 kilogram. uporer sob kathaler ojon soman ebong sob toromujer ojon soma,"The total weight of 4 jackfruits and 5 watermelons is 32 kg. The total weight of 5 jackfruits and 4 watermelons is 31 kg. If all jackfruits and all watermelons weigh the same, what"
benqa_10th-Physics_0021,benqa,mcq,physics,human_reviewed_banglish_v5,bangla_vs_banglish,primary,bangla,banglish_clean,A B C D,A B C D,True,,,True,,,True,mcq_letters,mcq_letters,True,False,False,False,,"কোনটি মৌলিক একক? A. জুল B. নিউটন C. ক্যান্ডেলা D. প্যাসকেল Answer with only A, B, C, or D.","konti moulik ekok? A. jul B. niuton C. kyandela D. pyasokel Answer with only A, B, C, or D."
benqa_10th-Physics_0021,benqa,mcq,physics,human_reviewed_banglish_v5,bangla_vs_english,diagnostic,bangla,english,A B C D,A B C D,True,,,True,,,True,mcq_letters,mcq_letters,True,False,False,False,,"কোনটি মৌলিক একক? A. জুল B. নিউটন C. ক্যান্ডেলা D. প্যাসকেল Answer with only A, B, C, or D.","Which one is fundamental unit? A. Joule B. Newton C. Candela D. Pascal Answer with only A, B, C, or D."
benqa_10th-Physics_0021,benqa,mcq,physics,human_reviewed_banglish_v5,banglish_vs_english,diagnostic,banglish_clean,english,A B C D,A B C D,True,,,True,,,True,mcq_letters,mcq_letters,True,False,False,False,,"konti moulik ekok? A. jul B. niuton C. kyandela D. pyasokel Answer with only A, B, C, or D.","Which one is fundamental unit? A. Joule B. Newton C. Candela D. Pascal Answer with only A, B, C, or D."
benqa_10th-Math_0032,benqa,mcq,math,human_reviewed_banglish_v5,bangla_vs_banglish,primary,bangla,banglish_clean,A B C D,A B C D,True,3 2 27 6 4 3 2,3 2 27 6 4 3 2,True,\sqrt,\sqrt,True,mcq_letters,mcq_letters,True,False,False,False,,"(\sqrt{3})^{x+2} = 27 হলে x এর মান কত? A. 6 B. 4 C. 3 D. 2 Answer with only A, B, C, or D.","(\sqrt{3})^{x+2} = 27 hole x er man koto? A. 6 B. 4 C. 3 D. 2 Answer with only A, B, C, or D."
benqa_10th-Math_0032,benqa,mcq,math,human_reviewed_banglish_v5,bangla_vs_english,diagnostic,bangla,english,A B C D,A B C D,True,3 2 27 6 4 3 2,3 2 27 6 4 3 2,True,\sqrt,\sqrt,True,mcq_letters,mcq_letters,True,False,False,False,,"(\sqrt{3})^{x+2} = 27 হলে x এর মান কত? A. 6 B. 4 C. 3 D. 2 Answer with only A, B, C, or D.","If (\sqrt{3})^{x+2} = 27, what is the value of x? A. 6 B. 4 C. 3 D. 2 Answer with only A, B, C, or D."
benqa_10th-Math_0032,benqa,mcq,math,human_reviewed_banglish_v5,banglish_vs_english,diagnostic,banglish_clean,english,A B C D,A B C D,True,3 2 27 6 4 3 2,3 2 27 6 4 3 2,True,\sqrt,\sqrt,True,mcq_letters,mcq_letters,True,False,False,False,,"(\sqrt{3})^{x+2} = 27 hole x er man koto? A. 6 B. 4 C. 3 D. 2 Answer with only A, B, C, or D.","If (\sqrt{3})^{x+2} = 27, what is the value of x? A. 6 B. 4 C. 3 D. 2 Answer with only A, B, C, or D."
benqa_12th-Math-I_0326,benqa,mcq,math-i,auto_romanized_unverified_v4,bangla_vs_banglish,primary,bangla,banglish_clean,A B C D,A B C D,True,2 7 4 3 5 4 3 6,2 7 4 3 5 4 3 6,True,\alpha \alpha \alpha \frac,\alpha \alpha \alpha \frac,True,mcq_letters,mcq_letters,True,False,False,False,,"tan\frac{\alpha}{2} = 7 হলে 4sin\alpha - 3cos\alpha = ? A. 5 B. 4 C. 3 D. 6 Answer with only A, B, C, or D.","tan\frac{\alpha}{2} = 7 hole 4sin\alpha - 3cos\alpha = ? A. 5 B. 4 C. 3 D. 6 Answer with only A, B, C, or D."
benqa_12th-Math-I_0326,benqa,mcq,math-i,auto_romanized_unverified_v4,bangla_vs_english,diagnostic,bangla,english,A B C D,A B C D,True,2 7 4 3 5 4 3 6,2 7 4 3 5 4 3 6,True,\alpha \alpha \alpha \frac,\alpha \alpha \alpha \frac,True,mcq_letters,mcq_letters,True,False,False,False,,"tan\frac{\alpha}{2} = 7 হলে 4sin\alpha - 3cos\alpha = ? A. 5 B. 4 C. 3 D. 6 Answer with only A, B, C, or D.","If tan\frac{\alpha}{2} = 7, 4sin\alpha - 3cos\alpha = ? A. 5 B. 4 C. 3 D. 6 Answer with only A, B, C, or D."
benqa_12th-Math-I_0326,benqa,mcq,math-i,auto_romanized_unverified_v4,banglish_vs_english,diagnostic,banglish_clean,english,A B C D,A B C D,True,2 7 4 3 5 4 3 6,2 7 4 3 5 4 3 6,True,\alpha \alpha \alpha \frac,\alpha \alpha \alpha \frac,True,mcq_letters,mcq_letters,True,False,False,False,,"tan\frac{\alpha}{2} = 7 hole 4sin\alpha - 3cos\alpha = ? A. 5 B. 4 C. 3 D. 6 Answer with only A, B, C, or D.","If tan\frac{\alpha}{2} = 7, 4sin\alpha - 3cos\alpha = ? A. 5 B. 4 C. 3 D. 6 Answer with only A, B, C, or D."
benqa_12th-Biology-I_0283,benqa,mcq,biology-i,human_reviewed_banglish_v5,bangla_vs_banglish,primary,bangla,banglish_clean,A B C D,A B C D,True,,,True,,,True,mcq_letters,mcq_letters,True,False,False,False,,পেঁপের রিং স্পট রোগের লক্ষণ হলো- i. পাতার বোটায় পানি ভেজা সবুজ দাগ দেখা যায় ii. পেঁপের মিষ্টতা হ্রাস পায় iii. ফলের আকার বড় হয় নিচের কোনটি সঠিক? A. i ও ii B. ii ও iii C. i ও iii D. ,penper ring spot roger lokshon holo- i. patar botay pani bheja sobuj dag dekha jay ii. penper mishtota hras pay iii. foler akar bor hoy nicher konti sothik? A. i o ii B. ii o iii C
benqa_12th-Biology-I_0283,benqa,mcq,biology-i,human_reviewed_banglish_v5,bangla_vs_english,diagnostic,bangla,english,A B C D,A B C D,True,,,True,,,True,mcq_letters,mcq_letters,True,False,False,False,,পেঁপের রিং স্পট রোগের লক্ষণ হলো- i. পাতার বোটায় পানি ভেজা সবুজ দাগ দেখা যায় ii. পেঁপের মিষ্টতা হ্রাস পায় iii. ফলের আকার বড় হয় নিচের কোনটি সঠিক? A. i ও ii B. ii ও iii C. i ও iii D. ,Symptoms of ring spot disease in papaya is- i. observance of wet green spot on the petiole of leaves ii. reduction of sweetness of papaya iii. enlarging of the size of fruit Which 
benqa_12th-Biology-I_0283,benqa,mcq,biology-i,human_reviewed_banglish_v5,banglish_vs_english,diagnostic,banglish_clean,english,A B C D,A B C D,True,,,True,,,True,mcq_letters,mcq_letters,True,False,False,False,,penper ring spot roger lokshon holo- i. patar botay pani bheja sobuj dag dekha jay ii. penper mishtota hras pay iii. foler akar bor hoy nicher konti sothik? A. i o ii B. ii o iii C,Symptoms of ring spot disease in papaya is- i. observance of wet green spot on the petiole of leaves ii. reduction of sweetness of papaya iii. enlarging of the size of fruit Which 
benqa_10th-Physics_0055,benqa,mcq,physics,human_reviewed_banglish_v5,bangla_vs_banglish,primary,bangla,banglish_clean,A B C D,A B C D,True,,,True,,,True,mcq_letters,mcq_letters,True,False,False,False,,"পানিতে সাঁতার কাটার সময় কোন বাধা অতিক্রম করতে হয়? A. স্থিতি ঘর্ষণ B. গতি ঘর্ষণ C. আবর্ত ঘর্ষণ D. প্রবাহী ঘর্ষণ Answer with only A, B, C, or D.","panite santar katar somoy kon badha otikrom korte hoy? A. sthiti ghorshon B. goti ghorshon C. abort ghorshon D. probahi ghorshon Answer with only A, B, C, or D."
benqa_10th-Physics_0055,benqa,mcq,physics,human_reviewed_banglish_v5,bangla_vs_english,diagnostic,bangla,english,A B C D,A B C D,True,,,True,,,True,mcq_letters,mcq_letters,True,False,False,False,,"পানিতে সাঁতার কাটার সময় কোন বাধা অতিক্রম করতে হয়? A. স্থিতি ঘর্ষণ B. গতি ঘর্ষণ C. আবর্ত ঘর্ষণ D. প্রবাহী ঘর্ষণ Answer with only A, B, C, or D.","Which friction one faces while swimming ? A. Static friction B. sliding griction C. Rolling friction D. Fluid friction Answer with only A, B, C, or D."
benqa_10th-Physics_0055,benqa,mcq,physics,human_reviewed_banglish_v5,banglish_vs_english,diagnostic,banglish_clean,english,A B C D,A B C D,True,,,True,,,True,mcq_letters,mcq_letters,True,False,False,False,,"panite santar katar somoy kon badha otikrom korte hoy? A. sthiti ghorshon B. goti ghorshon C. abort ghorshon D. probahi ghorshon Answer with only A, B, C, or D.","Which friction one faces while swimming ? A. Static friction B. sliding griction C. Rolling friction D. Fluid friction Answer with only A, B, C, or D."
benqa_12th-Chemistry-I_0028,benqa,mcq,chemistry-i,human_reviewed_banglish_v5,bangla_vs_banglish,primary,bangla,banglish_clean,A B C D,A B C D,True,1 0.8 13.4 13.2 1,1 0.8 13.4 13.2 1,True,NaOH,NaOH,True,mcq_letters,mcq_letters,True,False,False,False,,"1% NaOH দ্রবণের pH কত? A. 0.8 B. 13.4 C. 13.2 D. 1 Answer with only A, B, C, or D.","1% NaOH droboner pH koto? A. 0.8 B. 13.4 C. 13.2 D. 1 Answer with only A, B, C, or D."
benqa_12th-Chemistry-I_0028,benqa,mcq,chemistry-i,human_reviewed_banglish_v5,bangla_vs_english,diagnostic,bangla,english,A B C D,A B C D,True,1 0.8 13.4 13.2 1,1 0.8 13.4 13.2 1,True,NaOH,NaOH,True,mcq_letters,mcq_letters,True,False,False,False,,"1% NaOH দ্রবণের pH কত? A. 0.8 B. 13.4 C. 13.2 D. 1 Answer with only A, B, C, or D.","What is pH of 1% NaOH solution? A. 0.8 B. 13.4 C. 13.2 D. 1 Answer with only A, B, C, or D."
benqa_12th-Chemistry-I_0028,benqa,mcq,chemistry-i,human_reviewed_banglish_v5,banglish_vs_english,diagnostic,banglish_clean,english,A B C D,A B C D,True,1 0.8 13.4 13.2 1,1 0.8 13.4 13.2 1,True,NaOH,NaOH,True,mcq_letters,mcq_letters,True,False,False,False,,"1% NaOH droboner pH koto? A. 0.8 B. 13.4 C. 13.2 D. 1 Answer with only A, B, C, or D.","What is pH of 1% NaOH solution? A. 0.8 B. 13.4 C. 13.2 D. 1 Answer with only A, B, C, or D."
benqa_10th-Chemistry_0374,benqa,mcq,chemistry,auto_romanized_unverified_v4,bangla_vs_banglish,primary,bangla,banglish_clean,A B C D,A B C D,True,,,True,,,True,mcq_letters,mcq_letters,True,False,False,False,,"ইথিলিন গ্লাইকল কোন ধরনের যৌগ? A. অ্যালডিহাইড B. অ্যালকোহল C. অ্যালকিন D. অ্যালকাইন Answer with only A, B, C, or D.","ithilin glaikol kon dhoroner joug? A. alodihaid B. alokohol C. alokin D. alokain Answer with only A, B, C, or D."
benqa_10th-Chemistry_0374,benqa,mcq,chemistry,auto_romanized_unverified_v4,bangla_vs_english,diagnostic,bangla,english,A B C D,A B C D,True,,,True,,,True,mcq_letters,mcq_letters,True,False,False,False,,"ইথিলিন গ্লাইকল কোন ধরনের যৌগ? A. অ্যালডিহাইড B. অ্যালকোহল C. অ্যালকিন D. অ্যালকাইন Answer with only A, B, C, or D.","What is the type of the compound Ethylene Glycol? A. Aldehydes B. Alcohols C. Alkenes D. Alkynes Answer with only A, B, C, or D."
benqa_10th-Chemistry_0374,benqa,mcq,chemistry,auto_romanized_unverified_v4,banglish_vs_english,diagnostic,banglish_clean,english,A B C D,A B C D,True,,,True,,,True,mcq_letters,mcq_letters,True,False,False,False,,"ithilin glaikol kon dhoroner joug? A. alodihaid B. alokohol C. alokin D. alokain Answer with only A, B, C, or D.","What is the type of the compound Ethylene Glycol? A. Aldehydes B. Alcohols C. Alkenes D. Alkynes Answer with only A, B, C, or D."
benqa_10th-Biology_0156,benqa,mcq,biology,human_reviewed_banglish_v5,bangla_vs_banglish,primary,bangla,banglish_clean,A B C D,A B C D,True,12 14 16 18,12 14 16 18,True,,,True,mcq_letters,mcq_letters,True,False,False,False,,"আমিষে শতকরা কত ভাগ নাইট্রোজেন বিদ্যমান A. 12 B. 14 C. 16 D. 18 Answer with only A, B, C, or D.","amishe shotkora koto bhag naitrojen bidyoman A. 12 B. 14 C. 16 D. 18 Answer with only A, B, C, or D."
benqa_10th-Biology_0156,benqa,mcq,biology,human_reviewed_banglish_v5,bangla_vs_english,diagnostic,bangla,english,A B C D,A B C D,True,12 14 16 18,12 14 16 18,True,,,True,mcq_letters,mcq_letters,True,False,False,False,,"আমিষে শতকরা কত ভাগ নাইট্রোজেন বিদ্যমান A. 12 B. 14 C. 16 D. 18 Answer with only A, B, C, or D.","What percentage of Nitrogen is present in protein? A. 12 B. 14 C. 16 D. 18 Answer with only A, B, C, or D."
benqa_10th-Biology_0156,benqa,mcq,biology,human_reviewed_banglish_v5,banglish_vs_english,diagnostic,banglish_clean,english,A B C D,A B C D,True,12 14 16 18,12 14 16 18,True,,,True,mcq_letters,mcq_letters,True,False,False,False,,"amishe shotkora koto bhag naitrojen bidyoman A. 12 B. 14 C. 16 D. 18 Answer with only A, B, C, or D.","What percentage of Nitrogen is present in protein? A. 12 B. 14 C. 16 D. 18 Answer with only A, B, C, or D."
benqa_12th-Math-I_0383,benqa,mcq,math-i,human_reviewed_banglish_v5,bangla_vs_banglish,primary,bangla,banglish_clean,A B C D,A B C D,True,5 1 1 5 1 5 1 5,5 1 1 5 1 5 1 5,True,\frac \frac \frac \frac \frac,\frac \frac \frac \frac \frac,True,mcq_letters,mcq_letters,True,False,False,False,,"\frac{d}{dx} (log_{5}x) = কত? A. \frac{1}{x} B. \frac{1}{x}log_{e}5 C. \frac{1}{5 lnx} D. \frac{1}{x ln5} Answer with only A, B, C, or D.","\frac{d}{dx} (log_{5}x) = koto? A. \frac{1}{x} B. \frac{1}{x}log_{e}5 C. \frac{1}{5 lnx} D. \frac{1}{x ln5} Answer with only A, B, C, or D."
benqa_12th-Math-I_0383,benqa,mcq,math-i,human_reviewed_banglish_v5,bangla_vs_english,diagnostic,bangla,english,A B C D,A B C D,True,5 1 1 5 1 5 1 5,5 1 1 5 1 5 1 5,True,\frac \frac \frac \frac \frac,\frac \frac \frac \frac \frac,True,mcq_letters,mcq_letters,True,False,False,False,,"\frac{d}{dx} (log_{5}x) = কত? A. \frac{1}{x} B. \frac{1}{x}log_{e}5 C. \frac{1}{5 lnx} D. \frac{1}{x ln5} Answer with only A, B, C, or D.","\frac{d}{dx} (log_{5}x) = ? A. \frac{1}{x} B. \frac{1}{x}log_{e}5 C. \frac{1}{5 lnx} D. \frac{1}{x ln5} Answer with only A, B, C, or D."
benqa_12th-Math-I_0383,benqa,mcq,math-i,human_reviewed_banglish_v5,banglish_vs_english,diagnostic,banglish_clean,english,A B C D,A B C D,True,5 1 1 5 1 5 1 5,5 1 1 5 1 5 1 5,True,\frac \frac \frac \frac \frac,\frac \frac \frac \frac \frac,True,mcq_letters,mcq_letters,True,False,False,False,,"\frac{d}{dx} (log_{5}x) = koto? A. \frac{1}{x} B. \frac{1}{x}log_{e}5 C. \frac{1}{5 lnx} D. \frac{1}{x ln5} Answer with only A, B, C, or D.","\frac{d}{dx} (log_{5}x) = ? A. \frac{1}{x} B. \frac{1}{x}log_{e}5 C. \frac{1}{5 lnx} D. \frac{1}{x ln5} Answer with only A, B, C, or D."
banglamath_0538,banglamath,short_answer,math,human_reviewed_banglish_v5,bangla_vs_banglish,primary,bangla,banglish_clean,,,True,60 40 2,60 40 2,True,,,True,final_answer,final_answer,True,False,False,False,,একটি আয়তাকার বাগানের দৈর্ঘ্য ৬০ মিটার ও প্রস্থ ৪০ মিটার। এর ভিতরে ২ মিটার চওড়া রাস্তা থাকলে রাস্তার ক্ষেত্রফল কত Return only the final answer.,ekti ayotokar baganer doirgho 60 mitar o prostho 40 mitar. er bhitore 2 mitar chowra rasta thakle rastar khetrofol koto Return only the final answer.
banglamath_0538,banglamath,short_answer,math,human_reviewed_banglish_v5,bangla_vs_english,diagnostic,bangla,english,,,True,60 40 2,60 40 2,True,,,True,final_answer,final_answer,True,False,False,False,,একটি আয়তাকার বাগানের দৈর্ঘ্য ৬০ মিটার ও প্রস্থ ৪০ মিটার। এর ভিতরে ২ মিটার চওড়া রাস্তা থাকলে রাস্তার ক্ষেত্রফল কত Return only the final answer.,"A rectangular garden is 60m by 40m. If there’s a 2m wide path inside, what is the area of the path? Return only the final answer."
banglamath_0538,banglamath,short_answer,math,human_reviewed_banglish_v5,banglish_vs_english,diagnostic,banglish_clean,english,,,True,60 40 2,60 40 2,True,,,True,final_answer,final_answer,True,False,False,False,,ekti ayotokar baganer doirgho 60 mitar o prostho 40 mitar. er bhitore 2 mitar chowra rasta thakle rastar khetrofol koto Return only the final answer.,"A rectangular garden is 60m by 40m. If there’s a 2m wide path inside, what is the area of the path? Return only the final answer."
benqa_10th-Biology_0213,benqa,mcq,biology,auto_romanized_unverified_v4,bangla_vs_banglish,primary,bangla,banglish_clean,A B C D,A B C D,True,,,True,,,True,mcq_letters,mcq_letters,True,False,False,False,,"লাইসোজোমের সাথে নিচের কোনটির কার্যগত মিল রয়েছে? A. লসিকা কোষ B. স্নায়ু কোষ C. জনন কোষ D. অস্থি কোষ Answer with only A, B, C, or D.","laisojomer sathe nicher konotir karyogot mil royechhe? A. losika kosh B. snayu kosh C. jonon kosh D. osthi kosh Answer with only A, B, C, or D."
benqa_10th-Biology_0213,benqa,mcq,biology,auto_romanized_unverified_v4,bangla_vs_english,diagnostic,bangla,english,A B C D,A B C D,True,,,True,,,True,mcq_letters,mcq_letters,True,False,False,False,,"লাইসোজোমের সাথে নিচের কোনটির কার্যগত মিল রয়েছে? A. লসিকা কোষ B. স্নায়ু কোষ C. জনন কোষ D. অস্থি কোষ Answer with only A, B, C, or D.","Which one has one has functional similarity with Lysosome? A. Lymphoid cell B. Nerve cell C. Reproductive cell D. Bone cell Answer with only A, B, C, or D."
benqa_10th-Biology_0213,benqa,mcq,biology,auto_romanized_unverified_v4,banglish_vs_english,diagnostic,banglish_clean,english,A B C D,A B C D,True,,,True,,,True,mcq_letters,mcq_letters,True,False,False,False,,"laisojomer sathe nicher konotir karyogot mil royechhe? A. losika kosh B. snayu kosh C. jonon kosh D. osthi kosh Answer with only A, B, C, or D.","Which one has one has functional similarity with Lysosome? A. Lymphoid cell B. Nerve cell C. Reproductive cell D. Bone cell Answer with only A, B, C, or D."
benqa_10th-Math-II_0326,benqa,mcq,math-ii,human_reviewed_banglish_v5,bangla_vs_banglish,primary,bangla,banglish_clean,A B C D,A B C D,True,2 2 3 4 6,2 2 3 4 6,True,\frac \frac \frac \frac \pi \pi \pi \pi \sqrt,\frac \frac \frac \frac \pi \pi \pi \pi \sqrt,True,mcq_letters,mcq_letters,True,False,False,False,,"sin B = \sqrt{2} - cosB হলে, B = কত? A. \frac{\pi}{2} B. \frac{\pi}{3} C. \frac{\pi}{4} D. \frac{\pi}{6} Answer with only A, B, C, or D.","sin B = \sqrt{2} - cosB hole, B = koto? A. \frac{\pi}{2} B. \frac{\pi}{3} C. \frac{\pi}{4} D. \frac{\pi}{6} Answer with only A, B, C, or D."
benqa_10th-Math-II_0326,benqa,mcq,math-ii,human_reviewed_banglish_v5,bangla_vs_english,diagnostic,bangla,english,A B C D,A B C D,True,2 2 3 4 6,2 2 3 4 6,True,\frac \frac \frac \frac \pi \pi \pi \pi \sqrt,\frac \frac \frac \frac \pi \pi \pi \pi \sqrt,True,mcq_letters,mcq_letters,True,False,False,False,,"sin B = \sqrt{2} - cosB হলে, B = কত? A. \frac{\pi}{2} B. \frac{\pi}{3} C. \frac{\pi}{4} D. \frac{\pi}{6} Answer with only A, B, C, or D.","If sin B = \sqrt{2} - cosB, then B = ? A. \frac{\pi}{2} B. \frac{\pi}{3} C. \frac{\pi}{4} D. \frac{\pi}{6} Answer with only A, B, C, or D."
benqa_10th-Math-II_0326,benqa,mcq,math-ii,human_reviewed_banglish_v5,banglish_vs_english,diagnostic,banglish_clean,english,A B C D,A B C D,True,2 2 3 4 6,2 2 3 4 6,True,\frac \frac \frac \frac \pi \pi \pi \pi \sqrt,\frac \frac \frac \frac \pi \pi \pi \pi \sqrt,True,mcq_letters,mcq_letters,True,False,False,False,,"sin B = \sqrt{2} - cosB hole, B = koto? A. \frac{\pi}{2} B. \frac{\pi}{3} C. \frac{\pi}{4} D. \frac{\pi}{6} Answer with only A, B, C, or D.","If sin B = \sqrt{2} - cosB, then B = ? A. \frac{\pi}{2} B. \frac{\pi}{3} C. \frac{\pi}{4} D. \frac{\pi}{6} Answer with only A, B, C, or D."
banglamath_0518,banglamath,short_answer,math,human_reviewed_banglish_v5,bangla_vs_banglish,primary,bangla,banglish_clean,,,True,400,400,True,,,True,final_answer,final_answer,True,False,False,False,,একটি আয়তাকার বাগানের দৈর্ঘ্য প্রস্থের তিনগুণ এবং পরিসীমা ৪০০ মিটার হলে বাগানের দৈর্ঘ্য কত Return only the final answer.,ekti ayotokar baganer doirgho prosther tinogun ebong porisima 400 mitar hole baganer doirgho koto Return only the final answer.
banglamath_0518,banglamath,short_answer,math,human_reviewed_banglish_v5,bangla_vs_english,diagnostic,bangla,english,,,True,400,400,True,,,True,final_answer,final_answer,True,False,False,False,,একটি আয়তাকার বাগানের দৈর্ঘ্য প্রস্থের তিনগুণ এবং পরিসীমা ৪০০ মিটার হলে বাগানের দৈর্ঘ্য কত Return only the final answer.,"In a rectangular garden, the length is three times the width and the perimeter is 400 meters. What is the length? Return only the final answer."
banglamath_0518,banglamath,short_answer,math,human_reviewed_banglish_v5,banglish_vs_english,diagnostic,banglish_clean,english,,,True,400,400,True,,,True,final_answer,final_answer,True,False,False,False,,ekti ayotokar baganer doirgho prosther tinogun ebong porisima 400 mitar hole baganer doirgho koto Return only the final answer.,"In a rectangular garden, the length is three times the width and the perimeter is 400 meters. What is the length? Return only the final answer."
benqa_12th-Biology-II_0321,benqa,mcq,biology-ii,human_reviewed_banglish_v5,bangla_vs_banglish,primary,bangla,banglish_clean,A B C D,A B C D,True,,,True,,,True,mcq_letters,mcq_letters,True,False,False,False,,"প্রাণিজগতের দ্বিতীয় বৃহত্তম পর্ব কোনটি? A. Cnidaria B. Annelida C. Mollusca D. Athropoda Answer with only A, B, C, or D.","pranijogoter dwitiy brihottom porb konti? A. Cnidaria B. Annelida C. Mollusca D. Athropoda Answer with only A, B, C, or D."
benqa_12th-Biology-II_0321,benqa,mcq,biology-ii,human_reviewed_banglish_v5,bangla_vs_english,diagnostic,bangla,english,A B C D,A B C D,True,,,True,,,True,mcq_letters,mcq_letters,True,False,False,False,,"প্রাণিজগতের দ্বিতীয় বৃহত্তম পর্ব কোনটি? A. Cnidaria B. Annelida C. Mollusca D. Athropoda Answer with only A, B, C, or D.","Which is the second largest phylum of amimal kingdom? A. Cnidaria B. Annelida C. Mollusca D. Arthropoda Answer with only A, B, C, or D."
benqa_12th-Biology-II_0321,benqa,mcq,biology-ii,human_reviewed_banglish_v5,banglish_vs_english,diagnostic,banglish_clean,english,A B C D,A B C D,True,,,True,,,True,mcq_letters,mcq_letters,True,False,False,False,,"pranijogoter dwitiy brihottom porb konti? A. Cnidaria B. Annelida C. Mollusca D. Athropoda Answer with only A, B, C, or D.","Which is the second largest phylum of amimal kingdom? A. Cnidaria B. Annelida C. Mollusca D. Arthropoda Answer with only A, B, C, or D."
benqa_12th-Biology-II_0287,benqa,mcq,biology-ii,human_reviewed_banglish_v5,bangla_vs_banglish,primary,bangla,banglish_clean,A B C D,A B C D,True,,,True,,,True,mcq_letters,mcq_letters,True,False,False,False,,"প্রোটিন পরিপাকে অংশ নেয় কোনটি? i. পেপসিন ii. অ্যামাইলেজ iii. কার্বক্সিপেপটাইড নিচের কোনটি সঠিক? A. i ও ii B. i ও iii C. ii ও iii D. i, ii, ও iii Answer with only A, B, C, or D.","protin poripake ongsh ney konti? i. peposin ii. amailej iii. karboksipepotaid nicher konti sothik? A. i o ii B. i o iii C. ii o iii D. i, ii, o iii Answer with only A, B, C, or D."
benqa_12th-Biology-II_0287,benqa,mcq,biology-ii,human_reviewed_banglish_v5,bangla_vs_english,diagnostic,bangla,english,A B C D,A B C D,True,,,True,,,True,mcq_letters,mcq_letters,True,False,False,False,,"প্রোটিন পরিপাকে অংশ নেয় কোনটি? i. পেপসিন ii. অ্যামাইলেজ iii. কার্বক্সিপেপটাইড নিচের কোনটি সঠিক? A. i ও ii B. i ও iii C. ii ও iii D. i, ii, ও iii Answer with only A, B, C, or D.","What participate in protein digestion? i. pepsin ii.Amylase iii.Carboxypeptide Which one is correct? A. i & ii B. i & iii C. ii & iii D. I,ii & iii Answer with only A, B, C, or D."
benqa_12th-Biology-II_0287,benqa,mcq,biology-ii,human_reviewed_banglish_v5,banglish_vs_english,diagnostic,banglish_clean,english,A B C D,A B C D,True,,,True,,,True,mcq_letters,mcq_letters,True,False,False,False,,"protin poripake ongsh ney konti? i. peposin ii. amailej iii. karboksipepotaid nicher konti sothik? A. i o ii B. i o iii C. ii o iii D. i, ii, o iii Answer with only A, B, C, or D.","What participate in protein digestion? i. pepsin ii.Amylase iii.Carboxypeptide Which one is correct? A. i & ii B. i & iii C. ii & iii D. I,ii & iii Answer with only A, B, C, or D."
benqa_12th-Physics-I_0079,benqa,mcq,physics-i,human_reviewed_banglish_v5,bangla_vs_banglish,primary,bangla,banglish_clean,A B C D,A B C D,True,273 0 273 373,273 0 273 373,True,0^{\circ} 273^{\circ} 273^{\circ} 373^{\circ} \circ \circ \circ \circ,0^{\circ} 273^{\circ} 273^{\circ} 373^{\circ} \circ \circ \circ \circ,True,mcq_letters,mcq_letters,True,False,False,False,,"পরম শূন্য তাপমাত্রা কোনটি? A. 273^{\circ}C B. 0^{\circ}C C. -273^{\circ}C D. -373^{\circ}C Answer with only A, B, C, or D.","porom shuny tapomatra konti? A. 273^{\circ}C B. 0^{\circ}C C. -273^{\circ}C D. -373^{\circ}C Answer with only A, B, C, or D."
benqa_12th-Physics-I_0079,benqa,mcq,physics-i,human_reviewed_banglish_v5,bangla_vs_english,diagnostic,bangla,english,A B C D,A B C D,True,273 0 273 373,273 0 273 373,True,0^{\circ} 273^{\circ} 273^{\circ} 373^{\circ} \circ \circ \circ \circ,\degree \degree \degree \degree,False,mcq_letters,mcq_letters,True,True,False,True,formulas,"পরম শূন্য তাপমাত্রা কোনটি? A. 273^{\circ}C B. 0^{\circ}C C. -273^{\circ}C D. -373^{\circ}C Answer with only A, B, C, or D.","Which one is the absolute zero temperature? A. 273\degree C B. 0\degree C C. - 273\degree C D. - 373\degree C Answer with only A, B, C, or D."
benqa_12th-Physics-I_0079,benqa,mcq,physics-i,human_reviewed_banglish_v5,banglish_vs_english,diagnostic,banglish_clean,english,A B C D,A B C D,True,273 0 273 373,273 0 273 373,True,0^{\circ} 273^{\circ} 273^{\circ} 373^{\circ} \circ \circ \circ \circ,\degree \degree \degree \degree,False,mcq_letters,mcq_letters,True,True,False,True,formulas,"porom shuny tapomatra konti? A. 273^{\circ}C B. 0^{\circ}C C. -273^{\circ}C D. -373^{\circ}C Answer with only A, B, C, or D.","Which one is the absolute zero temperature? A. 273\degree C B. 0\degree C C. - 273\degree C D. - 373\degree C Answer with only A, B, C, or D."
benqa_12th-Chemistry-I_0140,benqa,mcq,chemistry-i,human_reviewed_banglish_v5,bangla_vs_banglish,primary,bangla,banglish_clean,A B C D,A B C D,True,2 0.00655 1 2 3.7 10 13 2.048 10 10 3.7 10 12 2.048 10 11,2 0.00655 1 2 3.7 10 13 2.048 10 10 3.7 10 12 2.048 10 11,True,10^{-10} 10^{-11} 10^{-12} 10^{-13} CaF_{2} CaF_{2} CaF_{2} CaF_{2} \times \times \times \times gL^{-1},10^{-10} 10^{-11} 10^{-12} 10^{-13} CaF_{2} CaF_{2} CaF_{2} CaF_{2} \times \times \times \times gL^{-1},True,mcq_letters,mcq_letters,True,False,False,False,,CaF_{2}-এর সম্পৃক্ত জলীয় দ্রবণে ফ্লোরাইড আয়নের ঘনমাত্রা 0.00655 gL^{-1} হলে CaF_{2} এর দ্রাব্যতা গুণফল কত হবে? A. 3.7\times 10^{-13} B. 2.048\times 10^{-10} C. 3.7\times 10^{-12} D,CaF_{2}-er somprikt joliy drobone floraid ayoner ghonomatra 0.00655 gL^{-1} hole CaF_{2} er drabyota gunofol koto hobe? A. 3.7\times 10^{-13} B. 2.048\times 10^{-10} C. 3.7\times 1
benqa_12th-Chemistry-I_0140,benqa,mcq,chemistry-i,human_reviewed_banglish_v5,bangla_vs_english,diagnostic,bangla,english,A B C D,A B C D,True,2 0.00655 1 2 3.7 10 13 2.048 10 10 3.7 10 12 2.048 10 11,2 0.00655 1 3.7 10 13 2.048 10 10 3.7 10 12 2.048 10 11,False,10^{-10} 10^{-11} 10^{-12} 10^{-13} CaF_{2} CaF_{2} CaF_{2} CaF_{2} \times \times \times \times gL^{-1},10^{-10} 10^{-11} 10^{-12} 10^{-13} CaF_{2} CaF_{2} F^{-} \times \times \times \times gL^{-1} sol^{n},False,mcq_letters,mcq_letters,True,True,False,True,digits formulas,CaF_{2}-এর সম্পৃক্ত জলীয় দ্রবণে ফ্লোরাইড আয়নের ঘনমাত্রা 0.00655 gL^{-1} হলে CaF_{2} এর দ্রাব্যতা গুণফল কত হবে? A. 3.7\times 10^{-13} B. 2.048\times 10^{-10} C. 3.7\times 10^{-12} D,Conecntration of F^{-} ion in saturated sol^{n} of CaF_{2} is 0.00655 gL^{-1}; What is its solubility product? A. 3.7\times 10^{-13} B. 2.048\times 10^{-10} C. 3.7\times 10^{-12} D
benqa_12th-Chemistry-I_0140,benqa,mcq,chemistry-i,human_reviewed_banglish_v5,banglish_vs_english,diagnostic,banglish_clean,english,A B C D,A B C D,True,2 0.00655 1 2 3.7 10 13 2.048 10 10 3.7 10 12 2.048 10 11,2 0.00655 1 3.7 10 13 2.048 10 10 3.7 10 12 2.048 10 11,False,10^{-10} 10^{-11} 10^{-12} 10^{-13} CaF_{2} CaF_{2} CaF_{2} CaF_{2} \times \times \times \times gL^{-1},10^{-10} 10^{-11} 10^{-12} 10^{-13} CaF_{2} CaF_{2} F^{-} \times \times \times \times gL^{-1} sol^{n},False,mcq_letters,mcq_letters,True,True,False,True,digits formulas,CaF_{2}-er somprikt joliy drobone floraid ayoner ghonomatra 0.00655 gL^{-1} hole CaF_{2} er drabyota gunofol koto hobe? A. 3.7\times 10^{-13} B. 2.048\times 10^{-10} C. 3.7\times 1,Conecntration of F^{-} ion in saturated sol^{n} of CaF_{2} is 0.00655 gL^{-1}; What is its solubility product? A. 3.7\times 10^{-13} B. 2.048\times 10^{-10} C. 3.7\times 10^{-12} D
banglamath_0233,banglamath,short_answer,math,human_reviewed_banglish_v5,bangla_vs_banglish,primary,bangla,banglish_clean,,,True,6 28 24,6 28 24,True,,,True,final_answer,final_answer,True,False,False,False,,৬ জন লোক একটি কাজ ২৮ দিনে করলে ২৪ জন লোক কত দিনে করবে Return only the final answer.,6 jon lok ekti kaj 28 dine korle 24 jon lok koto dine korbe Return only the final answer.
banglamath_0233,banglamath,short_answer,math,human_reviewed_banglish_v5,bangla_vs_english,diagnostic,bangla,english,,,True,6 28 24,6 28 24,True,,,True,final_answer,final_answer,True,False,False,False,,৬ জন লোক একটি কাজ ২৮ দিনে করলে ২৪ জন লোক কত দিনে করবে Return only the final answer.,"If 6 people complete a task in 28 days, how many days will 24 people take? Return only the final answer."
banglamath_0233,banglamath,short_answer,math,human_reviewed_banglish_v5,banglish_vs_english,diagnostic,banglish_clean,english,,,True,6 28 24,6 28 24,True,,,True,final_answer,final_answer,True,False,False,False,,6 jon lok ekti kaj 28 dine korle 24 jon lok koto dine korbe Return only the final answer.,"If 6 people complete a task in 28 days, how many days will 24 people take? Return only the final answer."
benqa_8th-Science_0042,benqa,mcq,science,auto_romanized_unverified_v4,bangla_vs_banglish,primary,bangla,banglish_clean,A B C D,A B C D,True,,,True,,,True,mcq_letters,mcq_letters,True,False,False,False,,"সাবান তৈরির মূল উপাদান A. এসিড B. ক্ষারক C. লবণ D. গ্লিসারিন Answer with only A, B, C, or D.","saban toirir mul upadan A. esid B. ksharok C. lobon D. glisarin Answer with only A, B, C, or D."
benqa_8th-Science_0042,benqa,mcq,science,auto_romanized_unverified_v4,bangla_vs_english,diagnostic,bangla,english,A B C D,A B C D,True,,,True,,,True,mcq_letters,mcq_letters,True,False,False,False,,"সাবান তৈরির মূল উপাদান A. এসিড B. ক্ষারক C. লবণ D. গ্লিসারিন Answer with only A, B, C, or D.","The main element of making soap is- A. acid B. alkali C. satl D. glycerlin Answer with only A, B, C, or D."
benqa_8th-Science_0042,benqa,mcq,science,auto_romanized_unverified_v4,banglish_vs_english,diagnostic,banglish_clean,english,A B C D,A B C D,True,,,True,,,True,mcq_letters,mcq_letters,True,False,False,False,,"saban toirir mul upadan A. esid B. ksharok C. lobon D. glisarin Answer with only A, B, C, or D.","The main element of making soap is- A. acid B. alkali C. satl D. glycerlin Answer with only A, B, C, or D."
benqa_12th-Chemistry-I_0303,benqa,mcq,chemistry-i,auto_romanized_unverified_v4,bangla_vs_banglish,primary,bangla,banglish_clean,A B C D,A B C D,True,,,True,HBr HCI HF HI,HBr HCI HF HI,True,mcq_letters,mcq_letters,True,False,False,False,,"নিচের কোন এসিডটি সবচেয়ে শক্তিশালী? A. HF B. HCI C. HBr D. HI Answer with only A, B, C, or D.","nicher kon esidoti sobocheye shoktishali? A. HF B. HCI C. HBr D. HI Answer with only A, B, C, or D."
benqa_12th-Chemistry-I_0303,benqa,mcq,chemistry-i,auto_romanized_unverified_v4,bangla_vs_english,diagnostic,bangla,english,A B C D,A B C D,True,,,True,HBr HCI HF HI,HBr HCI HF HI,True,mcq_letters,mcq_letters,True,False,False,False,,"নিচের কোন এসিডটি সবচেয়ে শক্তিশালী? A. HF B. HCI C. HBr D. HI Answer with only A, B, C, or D.","Which one of the following is the strongest acid? A. HF B. HCI C. HBr D. HI Answer with only A, B, C, or D."
benqa_12th-Chemistry-I_0303,benqa,mcq,chemistry-i,auto_romanized_unverified_v4,banglish_vs_english,diagnostic,banglish_clean,english,A B C D,A B C D,True,,,True,HBr HCI HF HI,HBr HCI HF HI,True,mcq_letters,mcq_letters,True,False,False,False,,"nicher kon esidoti sobocheye shoktishali? A. HF B. HCI C. HBr D. HI Answer with only A, B, C, or D.","Which one of the following is the strongest acid? A. HF B. HCI C. HBr D. HI Answer with only A, B, C, or D."
banglamath_1699,banglamath,short_answer,math,human_reviewed_banglish_v5,bangla_vs_banglish,primary,bangla,banglish_clean,,,True,10 16,10 16,True,AB,AB,True,final_answer,final_answer,True,False,False,False,,"A - B = 10, AB = 16 হলে A² + B² = কত? Return only the final answer.","A - B = 10, AB = 16 hole A² + B² = koto? Return only the final answer."
banglamath_1699,banglamath,short_answer,math,human_reviewed_banglish_v5,bangla_vs_english,diagnostic,bangla,english,,,True,10 16,10 16,True,AB,AB,True,final_answer,final_answer,True,False,False,False,,"A - B = 10, AB = 16 হলে A² + B² = কত? Return only the final answer.","If A - B = 10 and AB = 16, what is A² + B²? Return only the final answer."
banglamath_1699,banglamath,short_answer,math,human_reviewed_banglish_v5,banglish_vs_english,diagnostic,banglish_clean,english,,,True,10 16,10 16,True,AB,AB,True,final_answer,final_answer,True,False,False,False,,"A - B = 10, AB = 16 hole A² + B² = koto? Return only the final answer.","If A - B = 10 and AB = 16, what is A² + B²? Return only the final answer."
banglamath_0552,banglamath,short_answer,math,human_reviewed_banglish_v5,bangla_vs_banglish,primary,bangla,banglish_clean,,,True,90 50,90 50,True,,,True,final_answer,final_answer,True,False,False,False,,একটি সামান্তরিকের ভূমি ৯০ গজ ও উচ্চতা ৫০ গজ হলে তার ক্ষেত্রফল কত Return only the final answer.,ekti samantoriker bhumi 90 goj o ucchota 50 goj hole tar khetrofol koto Return only the final answer.
banglamath_0552,banglamath,short_answer,math,human_reviewed_banglish_v5,bangla_vs_english,diagnostic,bangla,english,,,True,90 50,90 50,True,,,True,final_answer,final_answer,True,False,False,False,,একটি সামান্তরিকের ভূমি ৯০ গজ ও উচ্চতা ৫০ গজ হলে তার ক্ষেত্রফল কত Return only the final answer.,"If a parallelogram has a base of 90 yards and height of 50 yards, what is its area? Return only the final answer."
banglamath_0552,banglamath,short_answer,math,human_reviewed_banglish_v5,banglish_vs_english,diagnostic,banglish_clean,english,,,True,90 50,90 50,True,,,True,final_answer,final_answer,True,False,False,False,,ekti samantoriker bhumi 90 goj o ucchota 50 goj hole tar khetrofol koto Return only the final answer.,"If a parallelogram has a base of 90 yards and height of 50 yards, what is its area? Return only the final answer."
benqa_12th-Physics-II_0290,benqa,mcq,physics-ii,human_reviewed_banglish_v5,bangla_vs_banglish,primary,bangla,banglish_clean,A B C D,A B C D,True,400 840 630 210 300 400 440,400 840 630 210 300 400 440,True,,,True,mcq_letters,mcq_letters,True,False,False,False,,একটি কার্নো ইঞ্জিনের কার্যনির্বাহক বস্তু 400 K তাপমাত্রার তাপ উৎস হতে 840 J তাপ গ্রহণ করে তাপগ্রাহকে 630 J তাপ বর্জন করে। তাপ গ্রাহকের তাপমাত্রা কত? A. 210 K B. 300 K C. 400 K D. 4,ekti karno injiner karyonirbahok bostu 400 K tapomatrar tap utos hote 840 J tap grohon kore tapograhoke 630 J tap borjon kore. tap grahoker tapomatra koto? A. 210 K B. 300 K C. 400
benqa_12th-Physics-II_0290,benqa,mcq,physics-ii,human_reviewed_banglish_v5,bangla_vs_english,diagnostic,bangla,english,A B C D,A B C D,True,400 840 630 210 300 400 440,840 400 630 210 300 400 440,False,,,True,mcq_letters,mcq_letters,True,True,False,True,digits,একটি কার্নো ইঞ্জিনের কার্যনির্বাহক বস্তু 400 K তাপমাত্রার তাপ উৎস হতে 840 J তাপ গ্রহণ করে তাপগ্রাহকে 630 J তাপ বর্জন করে। তাপ গ্রাহকের তাপমাত্রা কত? A. 210 K B. 300 K C. 400 K D. 4,In Carnot's engine 840 J of heat is absorbed from a source at 400 K and is released 630 J of heat in the sink. What is the temperature of the sink? A. 210 K B. 300 K C. 400 K D. 44
benqa_12th-Physics-II_0290,benqa,mcq,physics-ii,human_reviewed_banglish_v5,banglish_vs_english,diagnostic,banglish_clean,english,A B C D,A B C D,True,400 840 630 210 300 400 440,840 400 630 210 300 400 440,False,,,True,mcq_letters,mcq_letters,True,True,False,True,digits,ekti karno injiner karyonirbahok bostu 400 K tapomatrar tap utos hote 840 J tap grohon kore tapograhoke 630 J tap borjon kore. tap grahoker tapomatra koto? A. 210 K B. 300 K C. 400,In Carnot's engine 840 J of heat is absorbed from a source at 400 K and is released 630 J of heat in the sink. What is the temperature of the sink? A. 210 K B. 300 K C. 400 K D. 44
benqa_8th-Math_0072,benqa,mcq,math,auto_romanized_unverified_v4,bangla_vs_banglish,primary,bangla,banglish_clean,A B C D,A B C D,True,779 111 7 2 7 2 5555 224 777 2,779 111 7 2 7 2 5555 224 777 2,True,,,True,mcq_letters,mcq_letters,True,False,False,False,,"779 সংখ্যাটি কোন বীজগণিতীয় রাশির 111 তম পদ? A. 7ক - 2 B. 7ক + 2 C. 5555ক + 224 D. 777ক + 2 Answer with only A, B, C, or D.","779 songkhyati kon bijogonitiy rashir 111 tom pod? A. 7k - 2 B. 7k + 2 C. 5555k + 224 D. 777k + 2 Answer with only A, B, C, or D."
benqa_8th-Math_0072,benqa,mcq,math,auto_romanized_unverified_v4,bangla_vs_english,diagnostic,bangla,english,A B C D,A B C D,True,779 111 7 2 7 2 5555 224 777 2,779 111 7 2 7 2 555 224 777 2,False,,,True,mcq_letters,mcq_letters,True,True,False,True,digits,"779 সংখ্যাটি কোন বীজগণিতীয় রাশির 111 তম পদ? A. 7ক - 2 B. 7ক + 2 C. 5555ক + 224 D. 777ক + 2 Answer with only A, B, C, or D.","779 is the 111th term of which algebraic expression? A. 7A - 2 B. 7A + 2 C. 555A + 224 D. 777A + 2 Answer with only A, B, C, or D."
benqa_8th-Math_0072,benqa,mcq,math,auto_romanized_unverified_v4,banglish_vs_english,diagnostic,banglish_clean,english,A B C D,A B C D,True,779 111 7 2 7 2 5555 224 777 2,779 111 7 2 7 2 555 224 777 2,False,,,True,mcq_letters,mcq_letters,True,True,False,True,digits,"779 songkhyati kon bijogonitiy rashir 111 tom pod? A. 7k - 2 B. 7k + 2 C. 5555k + 224 D. 777k + 2 Answer with only A, B, C, or D.","779 is the 111th term of which algebraic expression? A. 7A - 2 B. 7A + 2 C. 555A + 224 D. 777A + 2 Answer with only A, B, C, or D."
banglamath_0539,banglamath,short_answer,math,human_reviewed_banglish_v5,bangla_vs_banglish,primary,bangla,banglish_clean,,,True,7.50 1102.50,7.50 1102.50,True,,,True,final_answer,final_answer,True,False,False,False,,একটি ঘরের মেঝে কার্পেট দিয়ে মুড়তে প্রতি বর্গমিটারে ৭.৫০ টাকা দরে ১১০২.৫০ টাকা খরচ হলে ঘরের ক্ষেত্রফল কত Return only the final answer.,ekti ghorer mejhe karpet diye murote proti borgomitare 7.50 taka dore 1102.50 taka khoroch hole ghorer khetrofol koto Return only the final answer.
banglamath_0539,banglamath,short_answer,math,human_reviewed_banglish_v5,bangla_vs_english,diagnostic,bangla,english,,,True,7.50 1102.50,7.50 1102.50,True,,,True,final_answer,final_answer,True,False,False,False,,একটি ঘরের মেঝে কার্পেট দিয়ে মুড়তে প্রতি বর্গমিটারে ৭.৫০ টাকা দরে ১১০২.৫০ টাকা খরচ হলে ঘরের ক্ষেত্রফল কত Return only the final answer.,"If carpeting a floor costs 7.50 Taka per sq. meter and the total cost is 1102.50 Taka, what is the area of the floor? Return only the final answer."
banglamath_0539,banglamath,short_answer,math,human_reviewed_banglish_v5,banglish_vs_english,diagnostic,banglish_clean,english,,,True,7.50 1102.50,7.50 1102.50,True,,,True,final_answer,final_answer,True,False,False,False,,ekti ghorer mejhe karpet diye murote proti borgomitare 7.50 taka dore 1102.50 taka khoroch hole ghorer khetrofol koto Return only the final answer.,"If carpeting a floor costs 7.50 Taka per sq. meter and the total cost is 1102.50 Taka, what is the area of the floor? Return only the final answer."
benqa_12th-Physics-I_0133,benqa,mcq,physics-i,human_reviewed_banglish_v5,bangla_vs_banglish,primary,bangla,banglish_clean,A B C D,A B C D,True,3 2 3 2 2 1 3 2 3 2 3,3 2 3 2 2 1 3 2 3 2 3,True,PV RT RT \frac \frac \frac \frac,PV RT RT \frac \frac \frac \frac,True,mcq_letters,mcq_letters,True,False,False,False,,"\frac{3}{2} মোল গ্যাসের জন্য আদর্শ গ্যাস সমীকরণ হবে কোনটি? A. 3PV = 2RT B. 2PV = \frac{1}{3} RT C. 2PV = 3RT D. \frac{PV}{RT}=\frac{2}{3} Answer with only A, B, C, or D.","\frac{3}{2} mol gyaser jony adorsh gyas somikoron hobe konti? A. 3PV = 2RT B. 2PV = \frac{1}{3} RT C. 2PV = 3RT D. \frac{PV}{RT}=\frac{2}{3} Answer with only A, B, C, or D."
benqa_12th-Physics-I_0133,benqa,mcq,physics-i,human_reviewed_banglish_v5,bangla_vs_english,diagnostic,bangla,english,A B C D,A B C D,True,3 2 3 2 2 1 3 2 3 2 3,3 2 3 2 2 1 3 2 3 2 3,True,PV RT RT \frac \frac \frac \frac,PV RT RT \frac \frac \frac \frac,True,mcq_letters,mcq_letters,True,False,False,False,,"\frac{3}{2} মোল গ্যাসের জন্য আদর্শ গ্যাস সমীকরণ হবে কোনটি? A. 3PV = 2RT B. 2PV = \frac{1}{3} RT C. 2PV = 3RT D. \frac{PV}{RT}=\frac{2}{3} Answer with only A, B, C, or D.","The equation of ideal gas for \frac{3}{2} mol is- A. 3PV = 2RT B. 2PV = \frac{1}{3} RT C. 2PV = 3RT D. \frac{PV}{RT} = \frac{2}{3} Answer with only A, B, C, or D."
benqa_12th-Physics-I_0133,benqa,mcq,physics-i,human_reviewed_banglish_v5,banglish_vs_english,diagnostic,banglish_clean,english,A B C D,A B C D,True,3 2 3 2 2 1 3 2 3 2 3,3 2 3 2 2 1 3 2 3 2 3,True,PV RT RT \frac \frac \frac \frac,PV RT RT \frac \frac \frac \frac,True,mcq_letters,mcq_letters,True,False,False,False,,"\frac{3}{2} mol gyaser jony adorsh gyas somikoron hobe konti? A. 3PV = 2RT B. 2PV = \frac{1}{3} RT C. 2PV = 3RT D. \frac{PV}{RT}=\frac{2}{3} Answer with only A, B, C, or D.","The equation of ideal gas for \frac{3}{2} mol is- A. 3PV = 2RT B. 2PV = \frac{1}{3} RT C. 2PV = 3RT D. \frac{PV}{RT} = \frac{2}{3} Answer with only A, B, C, or D."
benqa_10th-Biology_0128,benqa,mcq,biology,human_reviewed_banglish_v5,bangla_vs_banglish,primary,bangla,banglish_clean,A B C D,A B C D,True,,,True,,,True,mcq_letters,mcq_letters,True,False,False,False,,"ইস্টের শ্বসন প্রক্রিয়ায় কোনটি উৎপন্ন হয়? A. ল্যাকটিক এসিড B. গ্লুকোজ C. অক্সালো অ্যাসিটিক এসিড D. গ্লিসারিক এসিড Answer with only A, B, C, or D.","ister shboson prokriyay konti utoponn hoy? A. lyakotik esid B. glukoj C. oksalo asitik esid D. glisarik esid Answer with only A, B, C, or D."
benqa_10th-Biology_0128,benqa,mcq,biology,human_reviewed_banglish_v5,bangla_vs_english,diagnostic,bangla,english,A B C D,A B C D,True,,,True,,,True,mcq_letters,mcq_letters,True,False,False,False,,"ইস্টের শ্বসন প্রক্রিয়ায় কোনটি উৎপন্ন হয়? A. ল্যাকটিক এসিড B. গ্লুকোজ C. অক্সালো অ্যাসিটিক এসিড D. গ্লিসারিক এসিড Answer with only A, B, C, or D.","Which one is produce by respiration of yeast? A. Lactic acid B. Glucose C. Oxaloacetic acid D. Glyceric acid Answer with only A, B, C, or D."
benqa_10th-Biology_0128,benqa,mcq,biology,human_reviewed_banglish_v5,banglish_vs_english,diagnostic,banglish_clean,english,A B C D,A B C D,True,,,True,,,True,mcq_letters,mcq_letters,True,False,False,False,,"ister shboson prokriyay konti utoponn hoy? A. lyakotik esid B. glukoj C. oksalo asitik esid D. glisarik esid Answer with only A, B, C, or D.","Which one is produce by respiration of yeast? A. Lactic acid B. Glucose C. Oxaloacetic acid D. Glyceric acid Answer with only A, B, C, or D."
benqa_12th-Physics-II_0195,benqa,mcq,physics-ii,human_reviewed_banglish_v5,bangla_vs_banglish,primary,bangla,banglish_clean,A B C D,A B C D,True,6500 711 722 640 614,6500 711 722 640 614,True,\mu \mu \mu,\mu \mu \mu,True,mcq_letters,mcq_letters,True,False,False,False,,"পৃথিবীর ব্যাসার্ধ 6500 km এর ধারকত্ব কত? A. 711 F B. 722 \mu F C. 640 \mu F D. 614 \mu F Answer with only A, B, C, or D.","prithibir byasardh 6500 km er dharokotto koto? A. 711 F B. 722 \mu F C. 640 \mu F D. 614 \mu F Answer with only A, B, C, or D."
benqa_12th-Physics-II_0195,benqa,mcq,physics-ii,human_reviewed_banglish_v5,bangla_vs_english,diagnostic,bangla,english,A B C D,A B C D,True,6500 711 722 640 614,6500 711 722 640 614,True,\mu \mu \mu,\mu \mu \mu,True,mcq_letters,mcq_letters,True,False,False,False,,"পৃথিবীর ব্যাসার্ধ 6500 km এর ধারকত্ব কত? A. 711 F B. 722 \mu F C. 640 \mu F D. 614 \mu F Answer with only A, B, C, or D.","The radius of earth is 6500 km. What is its capacitance? A. 711 F B. 722 \mu F C. 640 \mu F D. 614 \mu F Answer with only A, B, C, or D."
benqa_12th-Physics-II_0195,benqa,mcq,physics-ii,human_reviewed_banglish_v5,banglish_vs_english,diagnostic,banglish_clean,english,A B C D,A B C D,True,6500 711 722 640 614,6500 711 722 640 614,True,\mu \mu \mu,\mu \mu \mu,True,mcq_letters,mcq_letters,True,False,False,False,,"prithibir byasardh 6500 km er dharokotto koto? A. 711 F B. 722 \mu F C. 640 \mu F D. 614 \mu F Answer with only A, B, C, or D.","The radius of earth is 6500 km. What is its capacitance? A. 711 F B. 722 \mu F C. 640 \mu F D. 614 \mu F Answer with only A, B, C, or D."
benqa_12th-Chemistry-I_0190,benqa,mcq,chemistry-i,auto_romanized_unverified_v4,bangla_vs_banglish,primary,bangla,banglish_clean,A B C D,A B C D,True,4 3 3 2,4 3 3 2,True,BCl_{3} BCl_{3} CH_{4} CH_{4} H_{2}O NH_{3} NH_{3},BCl_{3} BCl_{3} CH_{4} CH_{4} H_{2}O NH_{3} NH_{3},True,mcq_letters,mcq_letters,True,False,False,False,,"নিচের কোনটির বন্ধন কোন সবচেয়ে বড়? A. CH_{4} B. BCl_{3} C. NH_{3} D. H_{2}O Answer with only A, B, C, or D.","nicher konotir bondhon kon sobocheye bor? A. CH_{4} B. BCl_{3} C. NH_{3} D. H_{2}O Answer with only A, B, C, or D."
benqa_12th-Chemistry-I_0190,benqa,mcq,chemistry-i,auto_romanized_unverified_v4,bangla_vs_english,diagnostic,bangla,english,A B C D,A B C D,True,4 3 3 2,4 3 3 2,True,BCl_{3} BCl_{3} CH_{4} CH_{4} H_{2}O NH_{3} NH_{3},BCI_{3} BCI_{3} CH_{4} CH_{4} H_{2}O NH_{3} NH_{3},False,mcq_letters,mcq_letters,True,True,False,True,formulas,"নিচের কোনটির বন্ধন কোন সবচেয়ে বড়? A. CH_{4} B. BCl_{3} C. NH_{3} D. H_{2}O Answer with only A, B, C, or D.","Which one of the following has maximum bond angle? A. CH_{4} B. BCI_{3} C. NH_{3} D. H_{2}O Answer with only A, B, C, or D."
benqa_12th-Chemistry-I_0190,benqa,mcq,chemistry-i,auto_romanized_unverified_v4,banglish_vs_english,diagnostic,banglish_clean,english,A B C D,A B C D,True,4 3 3 2,4 3 3 2,True,BCl_{3} BCl_{3} CH_{4} CH_{4} H_{2}O NH_{3} NH_{3},BCI_{3} BCI_{3} CH_{4} CH_{4} H_{2}O NH_{3} NH_{3},False,mcq_letters,mcq_letters,True,True,False,True,formulas,"nicher konotir bondhon kon sobocheye bor? A. CH_{4} B. BCl_{3} C. NH_{3} D. H_{2}O Answer with only A, B, C, or D.","Which one of the following has maximum bond angle? A. CH_{4} B. BCI_{3} C. NH_{3} D. H_{2}O Answer with only A, B, C, or D."
benqa_8th-Math_0062,benqa,mcq,math,auto_romanized_unverified_v4,bangla_vs_banglish,primary,bangla,banglish_clean,A B C D,A B C D,True,5 5 3 3 0 4 2 0,5 5 3 3 0 4 2 0,True,,,True,mcq_letters,mcq_letters,True,False,False,False,,"নিচের কোন বিন্দুটি x-অক্ষের উপর অবস্থিত? A. (- 5, 5) B. (3, - 3) C. (0, 4) D. (2, 0) Answer with only A, B, C, or D.","nicher kon binduti x-oksher upor obosthit? A. (- 5, 5) B. (3, - 3) C. (0, 4) D. (2, 0) Answer with only A, B, C, or D."
benqa_8th-Math_0062,benqa,mcq,math,auto_romanized_unverified_v4,bangla_vs_english,diagnostic,bangla,english,A B C D,A B C D,True,5 5 3 3 0 4 2 0,5 5 3 3 0 4 2 0,True,,,True,mcq_letters,mcq_letters,True,False,False,False,,"নিচের কোন বিন্দুটি x-অক্ষের উপর অবস্থিত? A. (- 5, 5) B. (3, - 3) C. (0, 4) D. (2, 0) Answer with only A, B, C, or D.","Which one is situated in the x-axis ? A. ( - 5, 5) B. (3, - 3) C. (0, 4) D. (2, 0) Answer with only A, B, C, or D."
benqa_8th-Math_0062,benqa,mcq,math,auto_romanized_unverified_v4,banglish_vs_english,diagnostic,banglish_clean,english,A B C D,A B C D,True,5 5 3 3 0 4 2 0,5 5 3 3 0 4 2 0,True,,,True,mcq_letters,mcq_letters,True,False,False,False,,"nicher kon binduti x-oksher upor obosthit? A. (- 5, 5) B. (3, - 3) C. (0, 4) D. (2, 0) Answer with only A, B, C, or D.","Which one is situated in the x-axis ? A. ( - 5, 5) B. (3, - 3) C. (0, 4) D. (2, 0) Answer with only A, B, C, or D."
banglamath_0549,banglamath,short_answer,math,human_reviewed_banglish_v5,bangla_vs_banglish,primary,bangla,banglish_clean,,,True,2.5 50 35,2.5 50 35,True,,,True,final_answer,final_answer,True,False,False,False,,একটি বাগানের বাইরে ২.৫ মিটার চওড়া রাস্তা থাকলে রাস্তার ক্ষেত্রফল কত যদি বাগানের দৈর্ঘ্য ৫০ মি ও প্রস্থ ৩৫ মি হয় Return only the final answer.,ekti baganer baire 2.5 mitar chowra rasta thakle rastar khetrofol koto jodi baganer doirgho 50 mi o prostho 35 mi hoy Return only the final answer.
banglamath_0549,banglamath,short_answer,math,human_reviewed_banglish_v5,bangla_vs_english,diagnostic,bangla,english,,,True,2.5 50 35,2.5 50 35,True,,,True,final_answer,final_answer,True,False,False,False,,একটি বাগানের বাইরে ২.৫ মিটার চওড়া রাস্তা থাকলে রাস্তার ক্ষেত্রফল কত যদি বাগানের দৈর্ঘ্য ৫০ মি ও প্রস্থ ৩৫ মি হয় Return only the final answer.,"If a 2.5m wide path surrounds a garden of 50m by 35m, what is the area of the path? Return only the final answer."
banglamath_0549,banglamath,short_answer,math,human_reviewed_banglish_v5,banglish_vs_english,diagnostic,banglish_clean,english,,,True,2.5 50 35,2.5 50 35,True,,,True,final_answer,final_answer,True,False,False,False,,ekti baganer baire 2.5 mitar chowra rasta thakle rastar khetrofol koto jodi baganer doirgho 50 mi o prostho 35 mi hoy Return only the final answer.,"If a 2.5m wide path surrounds a garden of 50m by 35m, what is the area of the path? Return only the final answer."
benqa_12th-Math-I_0029,benqa,mcq,math-i,auto_romanized_unverified_v4,bangla_vs_banglish,primary,bangla,banglish_clean,A B C D,A B C D,True,5 10 1 3 4 4 3 10 0 3 4 55 0 3 4 55 0 4 3 30 0,5 10 1 3 4 4 3 10 0 3 4 55 0 3 4 55 0 4 3 30 0,True,\frac tan^{-1},\frac tan^{-1},True,mcq_letters,mcq_letters,True,False,False,False,,"(-5, 10) বিন্দুগামী সরলরেখা x-অক্ষের ধনাত্মক দিকের সাথে tan^{-1}\frac{3}{4} কোণ উৎপন্ন করে। সরলরেখার সমীকরণ- A. 4x + 3y - 10 = 0 B. 3x - 4y - 55 = 0 C. 3x + 4y + 55 = 0 D. 4x + 3y ","(-5, 10) bindugami sorolorekha x-oksher dhonatmok diker sathe tan^{-1}\frac{3}{4} kon utoponn kore. sorolorekhar somikoron- A. 4x + 3y - 10 = 0 B. 3x - 4y - 55 = 0 C. 3x + 4y + 55 "
benqa_12th-Math-I_0029,benqa,mcq,math-i,auto_romanized_unverified_v4,bangla_vs_english,diagnostic,bangla,english,A B C D,A B C D,True,5 10 1 3 4 4 3 10 0 3 4 55 0 3 4 55 0 4 3 30 0,5 10 1 3 4 4 3 10 0 3 4 55 0 3 4 55 0 4 3 30 0,True,\frac tan^{-1},\frac tan^{-1},True,mcq_letters,mcq_letters,True,False,False,False,,"(-5, 10) বিন্দুগামী সরলরেখা x-অক্ষের ধনাত্মক দিকের সাথে tan^{-1}\frac{3}{4} কোণ উৎপন্ন করে। সরলরেখার সমীকরণ- A. 4x + 3y - 10 = 0 B. 3x - 4y - 55 = 0 C. 3x + 4y + 55 = 0 D. 4x + 3y ","A straight line pass through (-5, 10) and makes an angle tan^{-1}\frac{3}{4} with the positive direction of x-axis. The equation of the straight line is- A. 4x + 3y - 10 = 0 B. 3x "
benqa_12th-Math-I_0029,benqa,mcq,math-i,auto_romanized_unverified_v4,banglish_vs_english,diagnostic,banglish_clean,english,A B C D,A B C D,True,5 10 1 3 4 4 3 10 0 3 4 55 0 3 4 55 0 4 3 30 0,5 10 1 3 4 4 3 10 0 3 4 55 0 3 4 55 0 4 3 30 0,True,\frac tan^{-1},\frac tan^{-1},True,mcq_letters,mcq_letters,True,False,False,False,,"(-5, 10) bindugami sorolorekha x-oksher dhonatmok diker sathe tan^{-1}\frac{3}{4} kon utoponn kore. sorolorekhar somikoron- A. 4x + 3y - 10 = 0 B. 3x - 4y - 55 = 0 C. 3x + 4y + 55 ","A straight line pass through (-5, 10) and makes an angle tan^{-1}\frac{3}{4} with the positive direction of x-axis. The equation of the straight line is- A. 4x + 3y - 10 = 0 B. 3x "
benqa_10th-Chemistry_0322,benqa,mcq,chemistry,auto_romanized_unverified_v4,bangla_vs_banglish,primary,bangla,banglish_clean,A B C D,A B C D,True,,,True,,,True,mcq_letters,mcq_letters,True,False,False,False,,"কোনটির অণুতে দ্বি-বন্ধন বিদ্যমান? A. হাইড্রোজেন B. অক্সিজেন C. নাইট্রোজেন D. ক্লোরিন Answer with only A, B, C, or D.","konotir onute dwi-bondhon bidyoman? A. haidrojen B. oksijen C. naitrojen D. klorin Answer with only A, B, C, or D."
benqa_10th-Chemistry_0322,benqa,mcq,chemistry,auto_romanized_unverified_v4,bangla_vs_english,diagnostic,bangla,english,A B C D,A B C D,True,,,True,,,True,mcq_letters,mcq_letters,True,False,False,False,,"কোনটির অণুতে দ্বি-বন্ধন বিদ্যমান? A. হাইড্রোজেন B. অক্সিজেন C. নাইট্রোজেন D. ক্লোরিন Answer with only A, B, C, or D.","Which molecule contains double bond? A. Hydrogen B. Oxygen C. Nitrogen D. Chlorine Answer with only A, B, C, or D."
benqa_10th-Chemistry_0322,benqa,mcq,chemistry,auto_romanized_unverified_v4,banglish_vs_english,diagnostic,banglish_clean,english,A B C D,A B C D,True,,,True,,,True,mcq_letters,mcq_letters,True,False,False,False,,"konotir onute dwi-bondhon bidyoman? A. haidrojen B. oksijen C. naitrojen D. klorin Answer with only A, B, C, or D.","Which molecule contains double bond? A. Hydrogen B. Oxygen C. Nitrogen D. Chlorine Answer with only A, B, C, or D."
benqa_12th-Biology-II_0203,benqa,mcq,biology-ii,human_reviewed_banglish_v5,bangla_vs_banglish,primary,bangla,banglish_clean,A B C D,A B C D,True,,,True,,,True,mcq_letters,mcq_letters,True,False,False,False,,"পিত্তরসের কাজ হচ্ছে- i. চর্বিজাতীয় খাদ্যকে ইমালসিফাই করা ii. ভিটামিন A,D,E,ও K শোষণে সহায়তা করে iii. কপার, জিংক, পারদ ও টক্সিন পদার্থ নিষ্কাশিত করা নিচের কোনটি সঠিক? A. i ও ii B. i","pittoroser kaj hochchhe- i. chorbijatiy khaddoke imalosifai kora ii. bhitamin A,D,E,o K shoshone sohayota kore iii. kopar, jingk, parod o toksin podarth nishkashit kora nicher kont"
benqa_12th-Biology-II_0203,benqa,mcq,biology-ii,human_reviewed_banglish_v5,bangla_vs_english,diagnostic,bangla,english,A B C D,A B C D,True,,,True,,,True,mcq_letters,mcq_letters,True,False,False,False,,"পিত্তরসের কাজ হচ্ছে- i. চর্বিজাতীয় খাদ্যকে ইমালসিফাই করা ii. ভিটামিন A,D,E,ও K শোষণে সহায়তা করে iii. কপার, জিংক, পারদ ও টক্সিন পদার্থ নিষ্কাশিত করা নিচের কোনটি সঠিক? A. i ও ii B. i","Function of bile- i.emulsifies of fatty foods ii. To help in the absorption of vitamin A,D E and K iii.to expel out copper,zinc,mercury and toxin substance Which one is correct? A."
benqa_12th-Biology-II_0203,benqa,mcq,biology-ii,human_reviewed_banglish_v5,banglish_vs_english,diagnostic,banglish_clean,english,A B C D,A B C D,True,,,True,,,True,mcq_letters,mcq_letters,True,False,False,False,,"pittoroser kaj hochchhe- i. chorbijatiy khaddoke imalosifai kora ii. bhitamin A,D,E,o K shoshone sohayota kore iii. kopar, jingk, parod o toksin podarth nishkashit kora nicher kont","Function of bile- i.emulsifies of fatty foods ii. To help in the absorption of vitamin A,D E and K iii.to expel out copper,zinc,mercury and toxin substance Which one is correct? A."
banglamath_1703,banglamath,short_answer,math,human_reviewed_banglish_v5,bangla_vs_banglish,primary,bangla,banglish_clean,,,True,120 144 90,120 144 90,True,,,True,final_answer,final_answer,True,False,False,False,,একটি ঝুরিতে ধারণক্ষমতা ১২০টি আনারস অথবা ১৪৪টি আমের । ঝুড়িতে ৯০টি আনারস রাখার পর আর কতটি আম রাখা যাবে? Return only the final answer.,ekti jhurite dharonokshomota 120ti anaros othoba 144ti amer . jhurite 90ti anaros rakhar por ar kototi am rakha jabe? Return only the final answer.
banglamath_1703,banglamath,short_answer,math,human_reviewed_banglish_v5,bangla_vs_english,diagnostic,bangla,english,,,True,120 144 90,120 144 90,True,,,True,final_answer,final_answer,True,False,False,False,,একটি ঝুরিতে ধারণক্ষমতা ১২০টি আনারস অথবা ১৪৪টি আমের । ঝুড়িতে ৯০টি আনারস রাখার পর আর কতটি আম রাখা যাবে? Return only the final answer.,"A basket can hold 120 pineapples or 144 mangoes. If 90 pineapples are stored, how many mangoes can still be added? Return only the final answer."
banglamath_1703,banglamath,short_answer,math,human_reviewed_banglish_v5,banglish_vs_english,diagnostic,banglish_clean,english,,,True,120 144 90,120 144 90,True,,,True,final_answer,final_answer,True,False,False,False,,ekti jhurite dharonokshomota 120ti anaros othoba 144ti amer . jhurite 90ti anaros rakhar por ar kototi am rakha jabe? Return only the final answer.,"A basket can hold 120 pineapples or 144 mangoes. If 90 pineapples are stored, how many mangoes can still be added? Return only the final answer."
benqa_10th-Physics_0106,benqa,mcq,physics,human_reviewed_banglish_v5,bangla_vs_banglish,primary,bangla,banglish_clean,A B C D,A B C D,True,5 50 72 6 7.2 9.5 12,5 50 72 6 7.2 9.5 12,True,,,True,mcq_letters,mcq_letters,True,False,False,False,,"বিনা বাধায় পড়ন্ত বস্তু 5 সেকেন্ডে 50 মিটার পথ অতিক্রম করলে 72 মিটার পথ অতিক্রম করতে কত সেকেন্ড সময় লাগবে? A. 6 B. 7.2 C. 9.5 D. 12 Answer with only A, B, C, or D.","bina badhay poront bostu 5 sekende 50 mitar poth otikrom korle 72 mitar poth otikrom korte koto sekend somoy lagbe? A. 6 B. 7.2 C. 9.5 D. 12 Answer with only A, B, C, or D."
benqa_10th-Physics_0106,benqa,mcq,physics,human_reviewed_banglish_v5,bangla_vs_english,diagnostic,bangla,english,A B C D,A B C D,True,5 50 72 6 7.2 9.5 12,50 5 72 6 7.2 9.5 12,False,,,True,mcq_letters,mcq_letters,True,True,False,True,digits,"বিনা বাধায় পড়ন্ত বস্তু 5 সেকেন্ডে 50 মিটার পথ অতিক্রম করলে 72 মিটার পথ অতিক্রম করতে কত সেকেন্ড সময় লাগবে? A. 6 B. 7.2 C. 9.5 D. 12 Answer with only A, B, C, or D.","If a freely falling body travels 50 m in 5 sec then how much time in second will need to travel thr distance of 72 meter? A. 6 B. 7.2 C. 9.5 D. 12 Answer with only A, B, C, or D."
benqa_10th-Physics_0106,benqa,mcq,physics,human_reviewed_banglish_v5,banglish_vs_english,diagnostic,banglish_clean,english,A B C D,A B C D,True,5 50 72 6 7.2 9.5 12,50 5 72 6 7.2 9.5 12,False,,,True,mcq_letters,mcq_letters,True,True,False,True,digits,"bina badhay poront bostu 5 sekende 50 mitar poth otikrom korle 72 mitar poth otikrom korte koto sekend somoy lagbe? A. 6 B. 7.2 C. 9.5 D. 12 Answer with only A, B, C, or D.","If a freely falling body travels 50 m in 5 sec then how much time in second will need to travel thr distance of 72 meter? A. 6 B. 7.2 C. 9.5 D. 12 Answer with only A, B, C, or D."
benqa_12th-Math-I_0187,benqa,mcq,math-i,human_reviewed_banglish_v5,bangla_vs_banglish,primary,bangla,banglish_clean,A B C D,A B C D,True,2 1 0 3 2 6 0 3 2 2 3 2 3 3 2,2 1 0 3 2 6 0 3 2 2 3 2 3 3 2,True,\frac \frac \frac \frac,\frac \frac \frac \frac,True,mcq_letters,mcq_letters,True,False,False,False,,"2x - ky + 1 = 0 ও 3x + 2y - 6 = 0 দুইটি সরলরেখার সমীকরণ। দ্বিতীয় রেখাটির লম্ব রেখার ঢাল কত? A. \frac{3}{2} B. \frac{2}{3} C. - \frac{2}{3} D. - \frac{3}{2} Answer with only A, B, C",2x - ky + 1 = 0 o 3x + 2y - 6 = 0 duiti sorolorekhar somikoron. dwitiy rekhatir lomb rekhar dhal koto? A. \frac{3}{2} B. \frac{2}{3} C. - \frac{2}{3} D. - \frac{3}{2} Answer with o
benqa_12th-Math-I_0187,benqa,mcq,math-i,human_reviewed_banglish_v5,bangla_vs_english,diagnostic,bangla,english,A B C D,A B C D,True,2 1 0 3 2 6 0 3 2 2 3 2 3 3 2,2 1 0 3 2 6 0 3 2 2 3 2 3 3 2,True,\frac \frac \frac \frac,\frac \frac \frac \frac,True,mcq_letters,mcq_letters,True,False,False,False,,"2x - ky + 1 = 0 ও 3x + 2y - 6 = 0 দুইটি সরলরেখার সমীকরণ। দ্বিতীয় রেখাটির লম্ব রেখার ঢাল কত? A. \frac{3}{2} B. \frac{2}{3} C. - \frac{2}{3} D. - \frac{3}{2} Answer with only A, B, C",2x - ky + 1 = 0 and 3x + 2y - 6 = 0 are equation of two straight lines. What is the slope of perpendicular of second straight line? A. \frac{3}{2} B. \frac{2}{3} C. - \frac{2}{3} D
benqa_12th-Math-I_0187,benqa,mcq,math-i,human_reviewed_banglish_v5,banglish_vs_english,diagnostic,banglish_clean,english,A B C D,A B C D,True,2 1 0 3 2 6 0 3 2 2 3 2 3 3 2,2 1 0 3 2 6 0 3 2 2 3 2 3 3 2,True,\frac \frac \frac \frac,\frac \frac \frac \frac,True,mcq_letters,mcq_letters,True,False,False,False,,2x - ky + 1 = 0 o 3x + 2y - 6 = 0 duiti sorolorekhar somikoron. dwitiy rekhatir lomb rekhar dhal koto? A. \frac{3}{2} B. \frac{2}{3} C. - \frac{2}{3} D. - \frac{3}{2} Answer with o,2x - ky + 1 = 0 and 3x + 2y - 6 = 0 are equation of two straight lines. What is the slope of perpendicular of second straight line? A. \frac{3}{2} B. \frac{2}{3} C. - \frac{2}{3} D
benqa_10th-Biology_0149,benqa,mcq,biology,auto_romanized_unverified_v4,bangla_vs_banglish,primary,bangla,banglish_clean,A B C D,A B C D,True,,,True,,,True,mcq_letters,mcq_letters,True,False,False,False,,"কোনটির প্রান্তীয় প্রাচীর গলে নলের সৃষ্টি হয়? A. সিভকোষ B. ভেসেল C. ট্রাকিড D. সঙ্গীকোষ Answer with only A, B, C, or D.","konotir prantiy prachir gole noler srishti hoy? A. sibhokosh B. bhesel C. trakid D. songgikosh Answer with only A, B, C, or D."
benqa_10th-Biology_0149,benqa,mcq,biology,auto_romanized_unverified_v4,bangla_vs_english,diagnostic,bangla,english,A B C D,A B C D,True,,,True,,,True,mcq_letters,mcq_letters,True,False,False,False,,"কোনটির প্রান্তীয় প্রাচীর গলে নলের সৃষ্টি হয়? A. সিভকোষ B. ভেসেল C. ট্রাকিড D. সঙ্গীকোষ Answer with only A, B, C, or D.","Which one of the following develop a long tube when their terminal walls are dissolved? A. Sieve cell B. Vessels C. Tracheid D. Companion cell Answer with only A, B, C, or D."
benqa_10th-Biology_0149,benqa,mcq,biology,auto_romanized_unverified_v4,banglish_vs_english,diagnostic,banglish_clean,english,A B C D,A B C D,True,,,True,,,True,mcq_letters,mcq_letters,True,False,False,False,,"konotir prantiy prachir gole noler srishti hoy? A. sibhokosh B. bhesel C. trakid D. songgikosh Answer with only A, B, C, or D.","Which one of the following develop a long tube when their terminal walls are dissolved? A. Sieve cell B. Vessels C. Tracheid D. Companion cell Answer with only A, B, C, or D."
benqa_10th-Physics_0130,benqa,mcq,physics,human_review_bad_banglish,bangla_vs_banglish,primary,bangla,banglish_clean,A B C D,A B C D,True,,,True,,,True,mcq_letters,mcq_letters,True,False,False,False,,"মানবদেহের ঘনত্ব কত? i. কন্ট্রোল রড থাকে ii. বিপুল পরিমাণ তাপ শক্তি নির্গত হয় iii. জ্বালানি হিসেবে ইউরেনিয়াম ব্যবহৃত হয় নিচের কোনটি সঠিক? A. i ও ii B. i ও iii C. ii ও iii D. i, ii ও",manobodeher ghonotb kot? i. kontrol rod thake ii. bipul poriman tap shokti nirgot hoy iii. jbalani hisebe iureniyam byobohrit hoy nicher konoti sothik? A. i o ii B. i o iii C. ii o
benqa_10th-Physics_0130,benqa,mcq,physics,human_review_bad_banglish,bangla_vs_english,diagnostic,bangla,english,A B C D,A B C D,True,,,True,,,True,mcq_letters,mcq_letters,True,False,False,False,,"মানবদেহের ঘনত্ব কত? i. কন্ট্রোল রড থাকে ii. বিপুল পরিমাণ তাপ শক্তি নির্গত হয় iii. জ্বালানি হিসেবে ইউরেনিয়াম ব্যবহৃত হয় নিচের কোনটি সঠিক? A. i ও ii B. i ও iii C. ii ও iii D. i, ii ও","In nuclear rector - i. there is control rod ii. huge amunt of heat energy is radiated iii.uranium is used as fuel Which one is correct? A. i and ii B. i and iii C. ii and iii D. i,"
benqa_10th-Physics_0130,benqa,mcq,physics,human_review_bad_banglish,banglish_vs_english,diagnostic,banglish_clean,english,A B C D,A B C D,True,,,True,,,True,mcq_letters,mcq_letters,True,False,False,False,,manobodeher ghonotb kot? i. kontrol rod thake ii. bipul poriman tap shokti nirgot hoy iii. jbalani hisebe iureniyam byobohrit hoy nicher konoti sothik? A. i o ii B. i o iii C. ii o,"In nuclear rector - i. there is control rod ii. huge amunt of heat energy is radiated iii.uranium is used as fuel Which one is correct? A. i and ii B. i and iii C. ii and iii D. i,"
benqa_12th-Chemistry-I_0286,benqa,mcq,chemistry-i,human_review_bad_banglish,bangla_vs_banglish,primary,bangla,banglish_clean,A B C D,A B C D,True,3.0 4 6 8 11,3.0 4 6 8 11,True,3.0-4,3.0-4,True,mcq_letters,mcq_letters,True,False,False,False,,"উর্বর মাটির জন্য অত্যানুকূল pH কত? A. 3.0-4 B. 6-May C. 8-Jul D. 11-Oct Answer with only A, B, C, or D.","urbor matir jony otyanukul pH kot? A. 3.0-4 B. 6-May C. 8-Jul D. 11-Oct Answer with only A, B, C, or D."
benqa_12th-Chemistry-I_0286,benqa,mcq,chemistry-i,human_review_bad_banglish,bangla_vs_english,diagnostic,bangla,english,A B C D,A B C D,True,3.0 4 6 8 11,3.0 4 6 8 11,True,3.0-4,3.0-4,True,mcq_letters,mcq_letters,True,False,False,False,,"উর্বর মাটির জন্য অত্যানুকূল pH কত? A. 3.0-4 B. 6-May C. 8-Jul D. 11-Oct Answer with only A, B, C, or D.","What is the optimum oH of fertile soil? A. 3.0-4 B. 6-May C. 8-Jul D. 11-Oct Answer with only A, B, C, or D."
benqa_12th-Chemistry-I_0286,benqa,mcq,chemistry-i,human_review_bad_banglish,banglish_vs_english,diagnostic,banglish_clean,english,A B C D,A B C D,True,3.0 4 6 8 11,3.0 4 6 8 11,True,3.0-4,3.0-4,True,mcq_letters,mcq_letters,True,False,False,False,,"urbor matir jony otyanukul pH kot? A. 3.0-4 B. 6-May C. 8-Jul D. 11-Oct Answer with only A, B, C, or D.","What is the optimum oH of fertile soil? A. 3.0-4 B. 6-May C. 8-Jul D. 11-Oct Answer with only A, B, C, or D."
benqa_12th-Physics-II_0131,benqa,mcq,physics-ii,human_review_bad_banglish,bangla_vs_banglish,primary,bangla,banglish_clean,A B C D,A B C D,True,,,True,X_{\theta} X_{\theta} X_{\theta} X_{\theta} X_{ice} X_{ice} X_{ice} X_{ice} X_{ice} X_{ice} X_{ice} X_{ice} X_{steam} X_{steam} X_{steam} X_{steam} \frac \frac \frac \frac \frac \frac \frac \frac \theta \theta \theta \theta \theta \theta \theta \theta \theta \theta \theta \theta,X_{\theta} X_{\theta} X_{\theta} X_{\theta} X_{ice} X_{ice} X_{ice} X_{ice} X_{ice} X_{ice} X_{ice} X_{ice} X_{steam} X_{steam} X_{steam} X_{steam} \frac \frac \frac \frac \frac \frac \frac \frac \theta \theta \theta \theta \theta \theta \theta \theta \theta \theta \theta \theta,True,mcq_letters,mcq_letters,True,False,False,False,,থার্মোমিতির মূল সমীকরণ নিচের কোনটি? A. \frac{N}{\theta - \theta_{ice}} = \frac{X_{\theta} - X_{ice}}{X_{steam} - X_{ice}} B. \frac{\theta - \theta_{ice}}{N} = \frac{X_{\theta} - X_,tharmomitir mul somikoron nicher konoti? A. \frac{N}{\theta - \theta_{ice}} = \frac{X_{\theta} - X_{ice}}{X_{steam} - X_{ice}} B. \frac{\theta - \theta_{ice}}{N} = \frac{X_{\theta}
benqa_12th-Physics-II_0131,benqa,mcq,physics-ii,human_review_bad_banglish,bangla_vs_english,diagnostic,bangla,english,A B C D,A B C D,True,,,True,X_{\theta} X_{\theta} X_{\theta} X_{\theta} X_{ice} X_{ice} X_{ice} X_{ice} X_{ice} X_{ice} X_{ice} X_{ice} X_{steam} X_{steam} X_{steam} X_{steam} \frac \frac \frac \frac \frac \frac \frac \frac \theta \theta \theta \theta \theta \theta \theta \theta \theta \theta \theta \theta,X_{\theta} X_{\theta} X_{\theta} X_{\theta} X_{ice} X_{ice} X_{ice} X_{ice} X_{ice} X_{ice} X_{ice} X_{ice} X_{steam} X_{steam} X_{steam} X_{steam} \frac \frac \frac \frac \frac \frac \frac \frac \theta \theta \theta \theta \theta \theta \theta \theta \theta \theta \theta \theta,True,mcq_letters,mcq_letters,True,False,False,False,,থার্মোমিতির মূল সমীকরণ নিচের কোনটি? A. \frac{N}{\theta - \theta_{ice}} = \frac{X_{\theta} - X_{ice}}{X_{steam} - X_{ice}} B. \frac{\theta - \theta_{ice}}{N} = \frac{X_{\theta} - X_,What is the right fundamental equation of thermometry in the below? A. \frac{N}{\theta - \theta_{ice}} = \frac{X_{\theta} - X_{ice}}{X_{steam} - X_{ice}} B. \frac{\theta - \theta_{
benqa_12th-Physics-II_0131,benqa,mcq,physics-ii,human_review_bad_banglish,banglish_vs_english,diagnostic,banglish_clean,english,A B C D,A B C D,True,,,True,X_{\theta} X_{\theta} X_{\theta} X_{\theta} X_{ice} X_{ice} X_{ice} X_{ice} X_{ice} X_{ice} X_{ice} X_{ice} X_{steam} X_{steam} X_{steam} X_{steam} \frac \frac \frac \frac \frac \frac \frac \frac \theta \theta \theta \theta \theta \theta \theta \theta \theta \theta \theta \theta,X_{\theta} X_{\theta} X_{\theta} X_{\theta} X_{ice} X_{ice} X_{ice} X_{ice} X_{ice} X_{ice} X_{ice} X_{ice} X_{steam} X_{steam} X_{steam} X_{steam} \frac \frac \frac \frac \frac \frac \frac \frac \theta \theta \theta \theta \theta \theta \theta \theta \theta \theta \theta \theta,True,mcq_letters,mcq_letters,True,False,False,False,,tharmomitir mul somikoron nicher konoti? A. \frac{N}{\theta - \theta_{ice}} = \frac{X_{\theta} - X_{ice}}{X_{steam} - X_{ice}} B. \frac{\theta - \theta_{ice}}{N} = \frac{X_{\theta},What is the right fundamental equation of thermometry in the below? A. \frac{N}{\theta - \theta_{ice}} = \frac{X_{\theta} - X_{ice}}{X_{steam} - X_{ice}} B. \frac{\theta - \theta_{
benqa_10th-Biology_0188,benqa,mcq,biology,auto_romanized_unverified_v4,bangla_vs_banglish,primary,bangla,banglish_clean,A B C D,A B C D,True,2 3 4 5,2 3 4 5,True,,,True,mcq_letters,mcq_letters,True,False,False,False,,"তরল যোজক টিস্যু কয় প্রকার? A. 2 B. 3 C. 4 D. 5 Answer with only A, B, C, or D.","torol jojok tisyu koy prokar? A. 2 B. 3 C. 4 D. 5 Answer with only A, B, C, or D."
benqa_10th-Biology_0188,benqa,mcq,biology,auto_romanized_unverified_v4,bangla_vs_english,diagnostic,bangla,english,A B C D,A B C D,True,2 3 4 5,2 3 4 5,True,,,True,mcq_letters,mcq_letters,True,False,False,False,,"তরল যোজক টিস্যু কয় প্রকার? A. 2 B. 3 C. 4 D. 5 Answer with only A, B, C, or D.","How many types of fluid connective tissue? A. 2 B. 3 C. 4 D. 5 Answer with only A, B, C, or D."
benqa_10th-Biology_0188,benqa,mcq,biology,auto_romanized_unverified_v4,banglish_vs_english,diagnostic,banglish_clean,english,A B C D,A B C D,True,2 3 4 5,2 3 4 5,True,,,True,mcq_letters,mcq_letters,True,False,False,False,,"torol jojok tisyu koy prokar? A. 2 B. 3 C. 4 D. 5 Answer with only A, B, C, or D.","How many types of fluid connective tissue? A. 2 B. 3 C. 4 D. 5 Answer with only A, B, C, or D."
banglamath_1686,banglamath,short_answer,math,auto_romanized_unverified_v4,bangla_vs_banglish,primary,bangla,banglish_clean,,,True,5 6 3,5 6 3,True,,,True,final_answer,final_answer,True,False,False,False,,৫টি আপেলকে ৬ জন বালকের মাঝে সমানভাবে ভাগ করে দিতে হবে। কিভাবে? (বি: দ্র: প্রয়োজন হলে আপেলকে সর্বোচ্চ সমান ৩ টুকরাতে কাটা যাবে।) Return only the final answer.,5ti apeloke 6 jon baloker majhe somanobhabe bhag kore dite hobe. kibhabe? (bi: dr: proyojon hole apeloke sorbochch soman 3 tukorate kata jabe.) Return only the final answer.
banglamath_1686,banglamath,short_answer,math,auto_romanized_unverified_v4,bangla_vs_english,diagnostic,bangla,english,,,True,5 6 3,5 6 3,True,,,True,final_answer,final_answer,True,False,False,False,,৫টি আপেলকে ৬ জন বালকের মাঝে সমানভাবে ভাগ করে দিতে হবে। কিভাবে? (বি: দ্র: প্রয়োজন হলে আপেলকে সর্বোচ্চ সমান ৩ টুকরাতে কাটা যাবে।) Return only the final answer.,How can 5 apples be divided equally among 6 boys? (Note: Each apple can be cut into up to 3 equal pieces.) Return only the final answer.
banglamath_1686,banglamath,short_answer,math,auto_romanized_unverified_v4,banglish_vs_english,diagnostic,banglish_clean,english,,,True,5 6 3,5 6 3,True,,,True,final_answer,final_answer,True,False,False,False,,5ti apeloke 6 jon baloker majhe somanobhabe bhag kore dite hobe. kibhabe? (bi: dr: proyojon hole apeloke sorbochch soman 3 tukorate kata jabe.) Return only the final answer.,How can 5 apples be divided equally among 6 boys? (Note: Each apple can be cut into up to 3 equal pieces.) Return only the final answer.
banglamath_0188,banglamath,short_answer,math,human_reviewed_banglish_v5,bangla_vs_banglish,primary,bangla,banglish_clean,,,True,25 6 8 10,25 6 8 10,True,,,True,final_answer,final_answer,True,False,False,False,,২৫ জন লোক দৈনিক ৬ ঘণ্টা পরিশ্রম করে একটি কাজ ৮ দিনে শেষ করে। ১০ জন লোক দৈনিক কত ঘণ্টা পরিশ্রম করে ঐ কাজটি শেষ করবে Return only the final answer.,25 jon lok doinik 6 ghonta porishrom kore ekti kaj 8 dine shesh kore. 10 jon lok doinik koto ghonta porishrom kore oi kajoti shesh korbe Return only the final answer.
banglamath_0188,banglamath,short_answer,math,human_reviewed_banglish_v5,bangla_vs_english,diagnostic,bangla,english,,,True,25 6 8 10,25 6 8 10,True,,,True,final_answer,final_answer,True,False,False,False,,২৫ জন লোক দৈনিক ৬ ঘণ্টা পরিশ্রম করে একটি কাজ ৮ দিনে শেষ করে। ১০ জন লোক দৈনিক কত ঘণ্টা পরিশ্রম করে ঐ কাজটি শেষ করবে Return only the final answer.,25 people working 6 hours a day complete a job in 8 days. How many hours per day must 10 people work to complete the same job? Return only the final answer.
banglamath_0188,banglamath,short_answer,math,human_reviewed_banglish_v5,banglish_vs_english,diagnostic,banglish_clean,english,,,True,25 6 8 10,25 6 8 10,True,,,True,final_answer,final_answer,True,False,False,False,,25 jon lok doinik 6 ghonta porishrom kore ekti kaj 8 dine shesh kore. 10 jon lok doinik koto ghonta porishrom kore oi kajoti shesh korbe Return only the final answer.,25 people working 6 hours a day complete a job in 8 days. How many hours per day must 10 people work to complete the same job? Return only the final answer.
benqa_10th-Physics_0036,benqa,mcq,physics,human_reviewed_banglish_v5,bangla_vs_banglish,primary,bangla,banglish_clean,A B C D,A B C D,True,70 5 100 9.8 2 3500 1400 228.67 0.14,70 5 100 9.8 2 3500 1400 228.67 0.14,True,ms^{-2},ms^{-2},True,mcq_letters,mcq_letters,True,False,False,False,,"70 কেজি ওজনের একজন ব্যক্তি 5 মিনিটে 100 m উচু পাহাড়ে উঠে, তার ক্ষমতা কত ওয়াট? [g = 9.8 ms^{-2}] A. 3500 B. 1400 C. 228.67 D. 0.14 Answer with only A, B, C, or D.","70 keji ojoner ekojon byokti 5 minite 100 m uchu pahare uthe, tar kshomota koto oyat? [g = 9.8 ms^{-2}] A. 3500 B. 1400 C. 228.67 D. 0.14 Answer with only A, B, C, or D."
benqa_10th-Physics_0036,benqa,mcq,physics,human_reviewed_banglish_v5,bangla_vs_english,diagnostic,bangla,english,A B C D,A B C D,True,70 5 100 9.8 2 3500 1400 228.67 0.14,70 100 5 9.8 2 3500 1400 228.67 0.14,False,ms^{-2},ms^{-2},True,mcq_letters,mcq_letters,True,True,False,True,digits,"70 কেজি ওজনের একজন ব্যক্তি 5 মিনিটে 100 m উচু পাহাড়ে উঠে, তার ক্ষমতা কত ওয়াট? [g = 9.8 ms^{-2}] A. 3500 B. 1400 C. 228.67 D. 0.14 Answer with only A, B, C, or D.","How much power in Watt when a man of mass 70 kg clinb in the hill of height 100 m for using 5 minutes? [g = 9.8 ms^{-2}] A. 3500 B. 1400 C. 228.67 D. 0.14 Answer with only A, B, C,"
benqa_10th-Physics_0036,benqa,mcq,physics,human_reviewed_banglish_v5,banglish_vs_english,diagnostic,banglish_clean,english,A B C D,A B C D,True,70 5 100 9.8 2 3500 1400 228.67 0.14,70 100 5 9.8 2 3500 1400 228.67 0.14,False,ms^{-2},ms^{-2},True,mcq_letters,mcq_letters,True,True,False,True,digits,"70 keji ojoner ekojon byokti 5 minite 100 m uchu pahare uthe, tar kshomota koto oyat? [g = 9.8 ms^{-2}] A. 3500 B. 1400 C. 228.67 D. 0.14 Answer with only A, B, C, or D.","How much power in Watt when a man of mass 70 kg clinb in the hill of height 100 m for using 5 minutes? [g = 9.8 ms^{-2}] A. 3500 B. 1400 C. 228.67 D. 0.14 Answer with only A, B, C,"
benqa_12th-Chemistry-I_0218,benqa,mcq,chemistry-i,human_reviewed_banglish_v5,bangla_vs_banglish,primary,bangla,banglish_clean,A B C D,A B C D,True,120 109 107 104.5,120 109 107 104.5,True,104.5^{\circ} 107^{\circ} 109^{\circ} 120^{\circ} HOH \angle \circ \circ \circ \circ,104.5^{\circ} 107^{\circ} 109^{\circ} 120^{\circ} HOH \angle \circ \circ \circ \circ,True,mcq_letters,mcq_letters,True,False,False,False,,"পানির অণুতে \angle HOH এর মান কত? A. 120^{\circ} B. 109^{\circ} C. 107^{\circ} D. 104.5^{\circ} Answer with only A, B, C, or D.","panir onute \angle HOH er man koto? A. 120^{\circ} B. 109^{\circ} C. 107^{\circ} D. 104.5^{\circ} Answer with only A, B, C, or D."
benqa_12th-Chemistry-I_0218,benqa,mcq,chemistry-i,human_reviewed_banglish_v5,bangla_vs_english,diagnostic,bangla,english,A B C D,A B C D,True,120 109 107 104.5,120 109 107 104.5,True,104.5^{\circ} 107^{\circ} 109^{\circ} 120^{\circ} HOH \angle \circ \circ \circ \circ,104.5^{\circ} 107^{\circ} 109^{\circ} 120^{\circ} HOH \angle \circ \circ \circ \circ,True,mcq_letters,mcq_letters,True,False,False,False,,"পানির অণুতে \angle HOH এর মান কত? A. 120^{\circ} B. 109^{\circ} C. 107^{\circ} D. 104.5^{\circ} Answer with only A, B, C, or D.","What is the \angle HOH value in water molecule? A. 120^{\circ} B. 109^{\circ} C. 107^{\circ} D. 104.5^{\circ} Answer with only A, B, C, or D."
benqa_12th-Chemistry-I_0218,benqa,mcq,chemistry-i,human_reviewed_banglish_v5,banglish_vs_english,diagnostic,banglish_clean,english,A B C D,A B C D,True,120 109 107 104.5,120 109 107 104.5,True,104.5^{\circ} 107^{\circ} 109^{\circ} 120^{\circ} HOH \angle \circ \circ \circ \circ,104.5^{\circ} 107^{\circ} 109^{\circ} 120^{\circ} HOH \angle \circ \circ \circ \circ,True,mcq_letters,mcq_letters,True,False,False,False,,"panir onute \angle HOH er man koto? A. 120^{\circ} B. 109^{\circ} C. 107^{\circ} D. 104.5^{\circ} Answer with only A, B, C, or D.","What is the \angle HOH value in water molecule? A. 120^{\circ} B. 109^{\circ} C. 107^{\circ} D. 104.5^{\circ} Answer with only A, B, C, or D."
benqa_10th-Biology_0090,benqa,mcq,biology,human_reviewed_banglish_v5,bangla_vs_banglish,primary,bangla,banglish_clean,A B C D,A B C D,True,,,True,,,True,mcq_letters,mcq_letters,True,False,False,False,,"পতঙ্গপরাগী ফুল কোনটি? A. ধান B. কচু C. সরিষা D. আখ Answer with only A, B, C, or D.","potonggoporagi ful konti? A. dhan B. kochu C. sorisha D. akh Answer with only A, B, C, or D."
benqa_10th-Biology_0090,benqa,mcq,biology,human_reviewed_banglish_v5,bangla_vs_english,diagnostic,bangla,english,A B C D,A B C D,True,,,True,,,True,mcq_letters,mcq_letters,True,False,False,False,,"পতঙ্গপরাগী ফুল কোনটি? A. ধান B. কচু C. সরিষা D. আখ Answer with only A, B, C, or D.","Which one is insects pollinated flower? A. Rice B. Taro C. Mustard D. Sugarcane Answer with only A, B, C, or D."
benqa_10th-Biology_0090,benqa,mcq,biology,human_reviewed_banglish_v5,banglish_vs_english,diagnostic,banglish_clean,english,A B C D,A B C D,True,,,True,,,True,mcq_letters,mcq_letters,True,False,False,False,,"potonggoporagi ful konti? A. dhan B. kochu C. sorisha D. akh Answer with only A, B, C, or D.","Which one is insects pollinated flower? A. Rice B. Taro C. Mustard D. Sugarcane Answer with only A, B, C, or D."
benqa_12th-Chemistry-II_0117,benqa,mcq,chemistry-ii,human_reviewed_banglish_v5,bangla_vs_banglish,primary,bangla,banglish_clean,A B C D,A B C D,True,2 4,2 4,True,DNPH,DNPH,True,mcq_letters,mcq_letters,True,False,False,False,,"অ্যালডিহাইড ও কিটোনের মধ্যে পার্থক্য নিরূপনের জন্য ব্যবহৃত বিকারক- i. টলেন বিকারক ii. 2 : 4 - DNPH iii. ফেলিং দ্রবণ নিচের কোনটি সঠিক? A. i ও ii B. ii ও iii C. i ও iii D. i, ii ও ii",alodihaid o kitoner modhye parthoky niruponer jony byobohrit bikarok- i. tolen bikarok ii. 2 : 4 - DNPH iii. feling drobon nicher konti sothik? A. i o ii B. ii o iii C. i o iii D. 
benqa_12th-Chemistry-II_0117,benqa,mcq,chemistry-ii,human_reviewed_banglish_v5,bangla_vs_english,diagnostic,bangla,english,A B C D,A B C D,True,2 4,2 4,True,DNPH,DNPH,True,mcq_letters,mcq_letters,True,False,False,False,,"অ্যালডিহাইড ও কিটোনের মধ্যে পার্থক্য নিরূপনের জন্য ব্যবহৃত বিকারক- i. টলেন বিকারক ii. 2 : 4 - DNPH iii. ফেলিং দ্রবণ নিচের কোনটি সঠিক? A. i ও ii B. ii ও iii C. i ও iii D. i, ii ও ii",For the differentiation between aldehyde and ketone usable reagent is- i. tollen's reagent ii. 2 : 4 - DNPH iii. fehling solution Which one is correct? A. i and ii B. ii and iii C.
benqa_12th-Chemistry-II_0117,benqa,mcq,chemistry-ii,human_reviewed_banglish_v5,banglish_vs_english,diagnostic,banglish_clean,english,A B C D,A B C D,True,2 4,2 4,True,DNPH,DNPH,True,mcq_letters,mcq_letters,True,False,False,False,,alodihaid o kitoner modhye parthoky niruponer jony byobohrit bikarok- i. tolen bikarok ii. 2 : 4 - DNPH iii. feling drobon nicher konti sothik? A. i o ii B. ii o iii C. i o iii D. ,For the differentiation between aldehyde and ketone usable reagent is- i. tollen's reagent ii. 2 : 4 - DNPH iii. fehling solution Which one is correct? A. i and ii B. ii and iii C.
benqa_12th-Biology-II_0034,benqa,mcq,biology-ii,human_reviewed_banglish_v5,bangla_vs_banglish,primary,bangla,banglish_clean,A B C D,A B C D,True,,,True,,,True,mcq_letters,mcq_letters,True,False,False,False,,"ক্ষুদ্রান্ত্রের ক্ষুদ্র অংশ কোনটি? A. পাইলোরাস B. ডিওডেনাম C. জেজুনাম D. ইলিয়াম Answer with only A, B, C, or D.","kshudrantrer kshudr ongsh konti? A. pailoras B. diodenam C. jejunam D. iliyam Answer with only A, B, C, or D."
benqa_12th-Biology-II_0034,benqa,mcq,biology-ii,human_reviewed_banglish_v5,bangla_vs_english,diagnostic,bangla,english,A B C D,A B C D,True,,,True,,,True,mcq_letters,mcq_letters,True,False,False,False,,"ক্ষুদ্রান্ত্রের ক্ষুদ্র অংশ কোনটি? A. পাইলোরাস B. ডিওডেনাম C. জেজুনাম D. ইলিয়াম Answer with only A, B, C, or D.","Which is the smallest part of small intestine? A. Pylorus B. Duodenum C. Jejunum D. Ileum Answer with only A, B, C, or D."
benqa_12th-Biology-II_0034,benqa,mcq,biology-ii,human_reviewed_banglish_v5,banglish_vs_english,diagnostic,banglish_clean,english,A B C D,A B C D,True,,,True,,,True,mcq_letters,mcq_letters,True,False,False,False,,"kshudrantrer kshudr ongsh konti? A. pailoras B. diodenam C. jejunam D. iliyam Answer with only A, B, C, or D.","Which is the smallest part of small intestine? A. Pylorus B. Duodenum C. Jejunum D. Ileum Answer with only A, B, C, or D."
benqa_12th-Physics-II_0088,benqa,mcq,physics-ii,human_reviewed_banglish_v5,bangla_vs_banglish,primary,bangla,banglish_clean,A B C D,A B C D,True,,,True,,,True,mcq_letters,mcq_letters,True,False,False,False,,"হাইগেন্‌স এর নীতির সাহায্যে ব্যাখ্যা করা যায়- i. প্রতিসরণ ii. প্রতিফলন iii. সমবর্তন নিচের কোনটি সঠিক? A. i ও ii B. i ও iii C. ii ও iii D. i, ii ও iii Answer with only A, B, C, or D","haigen‌s er nitir sahajye byakhya kora jay- i. protisoron ii. protifolon iii. somoborton nicher konti sothik? A. i o ii B. i o iii C. ii o iii D. i, ii o iii Answer with only A, B,"
benqa_12th-Physics-II_0088,benqa,mcq,physics-ii,human_reviewed_banglish_v5,bangla_vs_english,diagnostic,bangla,english,A B C D,A B C D,True,,,True,,,True,mcq_letters,mcq_letters,True,False,False,False,,"হাইগেন্‌স এর নীতির সাহায্যে ব্যাখ্যা করা যায়- i. প্রতিসরণ ii. প্রতিফলন iii. সমবর্তন নিচের কোনটি সঠিক? A. i ও ii B. i ও iii C. ii ও iii D. i, ii ও iii Answer with only A, B, C, or D","With the helps of Huygen's principle- i. refraction ii. reflection iii. polarization Which one is correct? A. i and ii B. i and iii C. ii and iii D. i, ii and iii Answer with only "
benqa_12th-Physics-II_0088,benqa,mcq,physics-ii,human_reviewed_banglish_v5,banglish_vs_english,diagnostic,banglish_clean,english,A B C D,A B C D,True,,,True,,,True,mcq_letters,mcq_letters,True,False,False,False,,"haigen‌s er nitir sahajye byakhya kora jay- i. protisoron ii. protifolon iii. somoborton nicher konti sothik? A. i o ii B. i o iii C. ii o iii D. i, ii o iii Answer with only A, B,","With the helps of Huygen's principle- i. refraction ii. reflection iii. polarization Which one is correct? A. i and ii B. i and iii C. ii and iii D. i, ii and iii Answer with only "
banglamath_1696,banglamath,short_answer,math,human_reviewed_banglish_v5,bangla_vs_banglish,primary,bangla,banglish_clean,,,True,20 10,20 10,True,,,True,final_answer,final_answer,True,False,False,False,,২০ গ্রাম লবণ দিয়ে ১০% লবণমিশ্রিত শরবত বানাতে কত লিটার পানির দরকার? Return only the final answer.,20 gram lobon diye 10% lobonomishrit shorobot banate koto litar panir dorokar? Return only the final answer.
banglamath_1696,banglamath,short_answer,math,human_reviewed_banglish_v5,bangla_vs_english,diagnostic,bangla,english,,,True,20 10,10 20,False,,,True,final_answer,final_answer,True,True,False,True,digits,২০ গ্রাম লবণ দিয়ে ১০% লবণমিশ্রিত শরবত বানাতে কত লিটার পানির দরকার? Return only the final answer.,How many liters of water are needed to make 10% salt solution with 20 grams of salt? Return only the final answer.
banglamath_1696,banglamath,short_answer,math,human_reviewed_banglish_v5,banglish_vs_english,diagnostic,banglish_clean,english,,,True,20 10,10 20,False,,,True,final_answer,final_answer,True,True,False,True,digits,20 gram lobon diye 10% lobonomishrit shorobot banate koto litar panir dorokar? Return only the final answer.,How many liters of water are needed to make 10% salt solution with 20 grams of salt? Return only the final answer.
banglamath_0531,banglamath,short_answer,math,human_reviewed_banglish_v5,bangla_vs_banglish,primary,bangla,banglish_clean,,,True,500 700 11,500 700 11,True,,,True,final_answer,final_answer,True,False,False,False,,এক খন্ড জমিতে ৫০০ কেজি ৭০০ গ্রাম আলু হলে ১১ খন্ড জমিতে কত আলু হবে Return only the final answer.,ek khond jomite 500 keji 700 gram alu hole 11 khond jomite koto alu hobe Return only the final answer.
banglamath_0531,banglamath,short_answer,math,human_reviewed_banglish_v5,bangla_vs_english,diagnostic,bangla,english,,,True,500 700 11,500 700 11,True,,,True,final_answer,final_answer,True,False,False,False,,এক খন্ড জমিতে ৫০০ কেজি ৭০০ গ্রাম আলু হলে ১১ খন্ড জমিতে কত আলু হবে Return only the final answer.,"If one plot yields 500 kg 700 g of potatoes, how much will 11 plots yield? Return only the final answer."
banglamath_0531,banglamath,short_answer,math,human_reviewed_banglish_v5,banglish_vs_english,diagnostic,banglish_clean,english,,,True,500 700 11,500 700 11,True,,,True,final_answer,final_answer,True,False,False,False,,ek khond jomite 500 keji 700 gram alu hole 11 khond jomite koto alu hobe Return only the final answer.,"If one plot yields 500 kg 700 g of potatoes, how much will 11 plots yield? Return only the final answer."
benqa_12th-Chemistry-II_0305,benqa,mcq,chemistry-ii,human_reviewed_banglish_v5,bangla_vs_banglish,primary,bangla,banglish_clean,A B C D,A B C D,True,27 2 453.23 1 463.34 1 473.45 1 483.56 1,27 2 453.23 1 463.34 1 473.45 1 483.56 1,True,RMS ms^{-1} ms^{-1} ms^{-1} ms^{-1},RMS ms^{-1} ms^{-1} ms^{-1} ms^{-1},True,mcq_letters,mcq_letters,True,False,False,False,,"27^oC তাপমাত্রায় O_2 এর RMS মান কত? A. 453.23 ms^{-1} B. 463.34 ms^{-1} C. 473.45 ms^{-1} D. 483.56 ms^{-1} Answer with only A, B, C, or D.","27^oC tapomatray O_2 er RMS man koto? A. 453.23 ms^{-1} B. 463.34 ms^{-1} C. 473.45 ms^{-1} D. 483.56 ms^{-1} Answer with only A, B, C, or D."
benqa_12th-Chemistry-II_0305,benqa,mcq,chemistry-ii,human_reviewed_banglish_v5,bangla_vs_english,diagnostic,bangla,english,A B C D,A B C D,True,27 2 453.23 1 463.34 1 473.45 1 483.56 1,2 27 453.23 1 463.34 1 473.45 1 483.56 1,False,RMS ms^{-1} ms^{-1} ms^{-1} ms^{-1},O_{2} RMS \degree,False,mcq_letters,mcq_letters,True,True,False,True,digits formulas,"27^oC তাপমাত্রায় O_2 এর RMS মান কত? A. 453.23 ms^{-1} B. 463.34 ms^{-1} C. 473.45 ms^{-1} D. 483.56 ms^{-1} Answer with only A, B, C, or D.","What is the RMS value of O_{2} at 27\degree C temperature? A. 453.23ms^{-1} B. 463.34ms^{-1} C. 473.45ms^{-1} D. 483.56ms^{-1} Answer with only A, B, C, or D."
benqa_12th-Chemistry-II_0305,benqa,mcq,chemistry-ii,human_reviewed_banglish_v5,banglish_vs_english,diagnostic,banglish_clean,english,A B C D,A B C D,True,27 2 453.23 1 463.34 1 473.45 1 483.56 1,2 27 453.23 1 463.34 1 473.45 1 483.56 1,False,RMS ms^{-1} ms^{-1} ms^{-1} ms^{-1},O_{2} RMS \degree,False,mcq_letters,mcq_letters,True,True,False,True,digits formulas,"27^oC tapomatray O_2 er RMS man koto? A. 453.23 ms^{-1} B. 463.34 ms^{-1} C. 473.45 ms^{-1} D. 483.56 ms^{-1} Answer with only A, B, C, or D.","What is the RMS value of O_{2} at 27\degree C temperature? A. 453.23ms^{-1} B. 463.34ms^{-1} C. 473.45ms^{-1} D. 483.56ms^{-1} Answer with only A, B, C, or D."
benqa_10th-Physics_0296,benqa,mcq,physics,auto_romanized_unverified_v4,bangla_vs_banglish,primary,bangla,banglish_clean,A B C D,A B C D,True,2 3 6 9,2 3 6 9,True,,,True,mcq_letters,mcq_letters,True,False,False,False,,"ইউরেনিয়ামের চেইন বিক্রিয়ার দ্বিতীয় ধাপে কতটি নিউট্রন নির্গত হয়? A. 2 টি B. 3 টি C. 6 টি D. 9 টি Answer with only A, B, C, or D.","iureniyamer chein bikriyar dwitiy dhape kototi niutron nirgot hoy? A. 2 ti B. 3 ti C. 6 ti D. 9 ti Answer with only A, B, C, or D."
benqa_10th-Physics_0296,benqa,mcq,physics,auto_romanized_unverified_v4,bangla_vs_english,diagnostic,bangla,english,A B C D,A B C D,True,2 3 6 9,2 3 6 9,True,,,True,mcq_letters,mcq_letters,True,False,False,False,,"ইউরেনিয়ামের চেইন বিক্রিয়ার দ্বিতীয় ধাপে কতটি নিউট্রন নির্গত হয়? A. 2 টি B. 3 টি C. 6 টি D. 9 টি Answer with only A, B, C, or D.","In chain reaction of Uranium how many neutrons will be emitted? A. 2 B. 3 C. 6 D. 9 Answer with only A, B, C, or D."
benqa_10th-Physics_0296,benqa,mcq,physics,auto_romanized_unverified_v4,banglish_vs_english,diagnostic,banglish_clean,english,A B C D,A B C D,True,2 3 6 9,2 3 6 9,True,,,True,mcq_letters,mcq_letters,True,False,False,False,,"iureniyamer chein bikriyar dwitiy dhape kototi niutron nirgot hoy? A. 2 ti B. 3 ti C. 6 ti D. 9 ti Answer with only A, B, C, or D.","In chain reaction of Uranium how many neutrons will be emitted? A. 2 B. 3 C. 6 D. 9 Answer with only A, B, C, or D."
benqa_10th-Physics_0150,benqa,mcq,physics,human_reviewed_banglish_v5,bangla_vs_banglish,primary,bangla,banglish_clean,A B C D,A B C D,True,,,True,,,True,mcq_letters,mcq_letters,True,False,False,False,,"কোনটি স্কেলার রাশি? A. বেগ B. দ্রুতি C. সরণ D. ত্বরণ Answer with only A, B, C, or D.","konti skelar rashi? A. beg B. druti C. soron D. tworon Answer with only A, B, C, or D."
benqa_10th-Physics_0150,benqa,mcq,physics,human_reviewed_banglish_v5,bangla_vs_english,diagnostic,bangla,english,A B C D,A B C D,True,,,True,,,True,mcq_letters,mcq_letters,True,False,False,False,,"কোনটি স্কেলার রাশি? A. বেগ B. দ্রুতি C. সরণ D. ত্বরণ Answer with only A, B, C, or D.","Which one is the scalar quantity? A. Velocity B. Speed C. Displacement D. Acceleration Answer with only A, B, C, or D."
benqa_10th-Physics_0150,benqa,mcq,physics,human_reviewed_banglish_v5,banglish_vs_english,diagnostic,banglish_clean,english,A B C D,A B C D,True,,,True,,,True,mcq_letters,mcq_letters,True,False,False,False,,"konti skelar rashi? A. beg B. druti C. soron D. tworon Answer with only A, B, C, or D.","Which one is the scalar quantity? A. Velocity B. Speed C. Displacement D. Acceleration Answer with only A, B, C, or D."
banglamath_0526,banglamath,short_answer,math,human_reviewed_banglish_v5,bangla_vs_banglish,primary,bangla,banglish_clean,,,True,10 6,10 6,True,,,True,final_answer,final_answer,True,False,False,False,,একটি ত্রিভুজের ভূমি ১০ মিটার ও উচ্চতা ৬ মিটার হলে ক্ষেত্রফল কত Return only the final answer.,ekti tribhujer bhumi 10 mitar o ucchota 6 mitar hole khetrofol koto Return only the final answer.
banglamath_0526,banglamath,short_answer,math,human_reviewed_banglish_v5,bangla_vs_english,diagnostic,bangla,english,,,True,10 6,10 6,True,,,True,final_answer,final_answer,True,False,False,False,,একটি ত্রিভুজের ভূমি ১০ মিটার ও উচ্চতা ৬ মিটার হলে ক্ষেত্রফল কত Return only the final answer.,"If a triangle has a base of 10 meters and height of 6 meters, what is its area? Return only the final answer."
banglamath_0526,banglamath,short_answer,math,human_reviewed_banglish_v5,banglish_vs_english,diagnostic,banglish_clean,english,,,True,10 6,10 6,True,,,True,final_answer,final_answer,True,False,False,False,,ekti tribhujer bhumi 10 mitar o ucchota 6 mitar hole khetrofol koto Return only the final answer.,"If a triangle has a base of 10 meters and height of 6 meters, what is its area? Return only the final answer."
benqa_10th-Chemistry_0110,benqa,mcq,chemistry,human_reviewed_banglish_v5,bangla_vs_banglish,primary,bangla,banglish_clean,A B C D,A B C D,True,3 2 3 2,3 2 3 2,True,CaCO_{3} CaCO_{3} CaO HCO_{3} HCO_{3} OH,CaCO_{3} CaCO_{3} CaO HCO_{3} HCO_{3} OH,True,mcq_letters,mcq_letters,True,False,False,False,,"চুনের পানির সংকেত কোনটি? A. CaCO_{3} B. CaO C. Ca(OH)_{2} D. Ca(HCO_{3})_{2} Answer with only A, B, C, or D.","chuner panir songket konti? A. CaCO_{3} B. CaO C. Ca(OH)_{2} D. Ca(HCO_{3})_{2} Answer with only A, B, C, or D."
benqa_10th-Chemistry_0110,benqa,mcq,chemistry,human_reviewed_banglish_v5,bangla_vs_english,diagnostic,bangla,english,A B C D,A B C D,True,3 2 3 2,3 2 3 2,True,CaCO_{3} CaCO_{3} CaO HCO_{3} HCO_{3} OH,CaCO_{3} CaCO_{3} CaO HCO_{3} HCO_{3} OH,True,mcq_letters,mcq_letters,True,False,False,False,,"চুনের পানির সংকেত কোনটি? A. CaCO_{3} B. CaO C. Ca(OH)_{2} D. Ca(HCO_{3})_{2} Answer with only A, B, C, or D.","Which one is the formula of lime water? A. CaCO_{3} B. CaO C. Ca(OH)_{2} D. Ca(HCO_{3})_{2} Answer with only A, B, C, or D."
benqa_10th-Chemistry_0110,benqa,mcq,chemistry,human_reviewed_banglish_v5,banglish_vs_english,diagnostic,banglish_clean,english,A B C D,A B C D,True,3 2 3 2,3 2 3 2,True,CaCO_{3} CaCO_{3} CaO HCO_{3} HCO_{3} OH,CaCO_{3} CaCO_{3} CaO HCO_{3} HCO_{3} OH,True,mcq_letters,mcq_letters,True,False,False,False,,"chuner panir songket konti? A. CaCO_{3} B. CaO C. Ca(OH)_{2} D. Ca(HCO_{3})_{2} Answer with only A, B, C, or D.","Which one is the formula of lime water? A. CaCO_{3} B. CaO C. Ca(OH)_{2} D. Ca(HCO_{3})_{2} Answer with only A, B, C, or D."
benqa_10th-Math-II_0357,benqa,mcq,math-ii,human_reviewed_banglish_v5,bangla_vs_banglish,primary,bangla,banglish_clean,A B C D,A B C D,True,2 2 6 1.8875 6 0.225 0.1125 0.01125 0.225,2 2 6 1.8875 6 0.225 0.1125 0.01125 0.225,True,\frac \left \right,\frac \left \right,True,mcq_letters,mcq_letters,True,False,False,False,,"\left ( 2 - \frac{x}{2} \right ){6} এর বিস্তৃতিতে (1.8875)^{6} নির্ণয়ের জন্য x এর মান নিচের কোনটি? A. -0.225 B. -0.1125 C. 0.01125 D. 0.225 Answer with only A, B, C, or D.","\left ( 2 - \frac{x}{2} \right ){6} er bistritite (1.8875)^{6} nirnoyer jony x er man nicher konti? A. -0.225 B. -0.1125 C. 0.01125 D. 0.225 Answer with only A, B, C, or D."
benqa_10th-Math-II_0357,benqa,mcq,math-ii,human_reviewed_banglish_v5,bangla_vs_english,diagnostic,bangla,english,A B C D,A B C D,True,2 2 6 1.8875 6 0.225 0.1125 0.01125 0.225,1.8875 6 2 2 6 0.225 0.1125 0.01125 0.225,False,\frac \left \right,\frac \left \right,True,mcq_letters,mcq_letters,True,True,False,True,digits,"\left ( 2 - \frac{x}{2} \right ){6} এর বিস্তৃতিতে (1.8875)^{6} নির্ণয়ের জন্য x এর মান নিচের কোনটি? A. -0.225 B. -0.1125 C. 0.01125 D. 0.225 Answer with only A, B, C, or D.","What is the value of x for determining (1.8875)^{6} from the expansion of \left ( 2 - \frac{x}{2} \right ){6}? A. -0.225 B. -0.1125 C. 0.01125 D. 0.225 Answer with only A, B, C, or"
benqa_10th-Math-II_0357,benqa,mcq,math-ii,human_reviewed_banglish_v5,banglish_vs_english,diagnostic,banglish_clean,english,A B C D,A B C D,True,2 2 6 1.8875 6 0.225 0.1125 0.01125 0.225,1.8875 6 2 2 6 0.225 0.1125 0.01125 0.225,False,\frac \left \right,\frac \left \right,True,mcq_letters,mcq_letters,True,True,False,True,digits,"\left ( 2 - \frac{x}{2} \right ){6} er bistritite (1.8875)^{6} nirnoyer jony x er man nicher konti? A. -0.225 B. -0.1125 C. 0.01125 D. 0.225 Answer with only A, B, C, or D.","What is the value of x for determining (1.8875)^{6} from the expansion of \left ( 2 - \frac{x}{2} \right ){6}? A. -0.225 B. -0.1125 C. 0.01125 D. 0.225 Answer with only A, B, C, or"
benqa_12th-Chemistry-II_0013,benqa,mcq,chemistry-ii,human_reviewed_banglish_v5,bangla_vs_banglish,primary,bangla,banglish_clean,A B C D,A B C D,True,,,True,,,True,mcq_letters,mcq_letters,True,False,False,False,,"ঘুমের ঔষধ হিসেবে ব্যবহৃত হয় কোনটি? A. ফরমালডিহাইড B. অ্যাসিটালডিহাইড C. প্যারালডিহাইড D. মেটালডিহাইড Answer with only A, B, C, or D.","ghumer oushodh hisebe byobohrit hoy konti? A. foromalodihaid B. asitalodihaid C. pyaralodihaid D. metalodihaid Answer with only A, B, C, or D."
benqa_12th-Chemistry-II_0013,benqa,mcq,chemistry-ii,human_reviewed_banglish_v5,bangla_vs_english,diagnostic,bangla,english,A B C D,A B C D,True,,,True,,,True,mcq_letters,mcq_letters,True,False,False,False,,"ঘুমের ঔষধ হিসেবে ব্যবহৃত হয় কোনটি? A. ফরমালডিহাইড B. অ্যাসিটালডিহাইড C. প্যারালডিহাইড D. মেটালডিহাইড Answer with only A, B, C, or D.","Which one is used as a medicine of sleep? A. Formaldehyde B. Acetaldehyde C. Paraldehyde D. Metaldehyde Answer with only A, B, C, or D."
benqa_12th-Chemistry-II_0013,benqa,mcq,chemistry-ii,human_reviewed_banglish_v5,banglish_vs_english,diagnostic,banglish_clean,english,A B C D,A B C D,True,,,True,,,True,mcq_letters,mcq_letters,True,False,False,False,,"ghumer oushodh hisebe byobohrit hoy konti? A. foromalodihaid B. asitalodihaid C. pyaralodihaid D. metalodihaid Answer with only A, B, C, or D.","Which one is used as a medicine of sleep? A. Formaldehyde B. Acetaldehyde C. Paraldehyde D. Metaldehyde Answer with only A, B, C, or D."
benqa_8th-Science_0202,benqa,mcq,science,human_reviewed_banglish_v5,bangla_vs_banglish,primary,bangla,banglish_clean,A B C D,A B C D,True,,,True,\rightarrow \rightarrow \rightarrow \rightarrow \rightarrow \rightarrow \rightarrow \rightarrow,\rightarrow \rightarrow \rightarrow \rightarrow \rightarrow \rightarrow \rightarrow \rightarrow,True,mcq_letters,mcq_letters,True,False,False,False,,সঠিক খাদ্য-শৃঙ্খল কোনটি? A. ঘাস \rightarrow ফাইটোপ্ল্যাংকটন \rightarrow জুপ্লাঙ্কটন B. জু-প্লাঙ্কটন \rightarrow ফাইটোপ্ল্যাংকটন\rightarrow ছোটমাস C. ফাইটোপ্লাঙ্কটন \rightarrow জু-প,sothik khaddo-shringkhol konti? A. ghas \rightarrow faitoplyangkoton \rightarrow juplangkoton B. ju-plangkoton \rightarrow faitoplyangkoton\rightarrow chhotomas C. faitoplangkoton 
benqa_8th-Science_0202,benqa,mcq,science,human_reviewed_banglish_v5,bangla_vs_english,diagnostic,bangla,english,A B C D,A B C D,True,,,True,\rightarrow \rightarrow \rightarrow \rightarrow \rightarrow \rightarrow \rightarrow \rightarrow,\rightarrow \rightarrow \rightarrow \rightarrow \rightarrow \rightarrow \rightarrow \rightarrow,True,mcq_letters,mcq_letters,True,False,False,False,,সঠিক খাদ্য-শৃঙ্খল কোনটি? A. ঘাস \rightarrow ফাইটোপ্ল্যাংকটন \rightarrow জুপ্লাঙ্কটন B. জু-প্লাঙ্কটন \rightarrow ফাইটোপ্ল্যাংকটন\rightarrow ছোটমাস C. ফাইটোপ্লাঙ্কটন \rightarrow জু-প,Which one is the correct food chain A. Grass\rightarrow Phytoplankton\rightarrow Zooplankton B. Zooplankot\rightarrow Phytoplankton\rightarrow Small fish C. Phytoplankton\rightarro
benqa_8th-Science_0202,benqa,mcq,science,human_reviewed_banglish_v5,banglish_vs_english,diagnostic,banglish_clean,english,A B C D,A B C D,True,,,True,\rightarrow \rightarrow \rightarrow \rightarrow \rightarrow \rightarrow \rightarrow \rightarrow,\rightarrow \rightarrow \rightarrow \rightarrow \rightarrow \rightarrow \rightarrow \rightarrow,True,mcq_letters,mcq_letters,True,False,False,False,,sothik khaddo-shringkhol konti? A. ghas \rightarrow faitoplyangkoton \rightarrow juplangkoton B. ju-plangkoton \rightarrow faitoplyangkoton\rightarrow chhotomas C. faitoplangkoton ,Which one is the correct food chain A. Grass\rightarrow Phytoplankton\rightarrow Zooplankton B. Zooplankot\rightarrow Phytoplankton\rightarrow Small fish C. Phytoplankton\rightarro
benqa_8th-Science_0078,benqa,mcq,science,human_reviewed_banglish_v5,bangla_vs_banglish,primary,bangla,banglish_clean,A B C D,A B C D,True,32 0 32 90 180,32 0 32 90 180,True,0^{\circ} 180^{\circ} 32^{\circ} 32^{\circ} 90^{\circ} \circ \circ \circ \circ \circ,0^{\circ} 180^{\circ} 32^{\circ} 32^{\circ} 90^{\circ} \circ \circ \circ \circ \circ,True,mcq_letters,mcq_letters,True,False,False,False,,আলো কাচ থেকে বায়ু মাধ্যমে যাওয়ার সময় আপতন কোণ ৩২^{\circ} হলে প্রতিসরিত রশ্নিটি মাধ্যমের বিভেদতল বরাবর যায়। এক্ষেত্রে প্রতিসরণ কোণের মান কত? A. ০^{\circ} B. ৩২^{\circ} C. ৯০^{\circ},alo kach theke bayu madhyome jaoyar somoy apoton kon 32^{\circ} hole protisorit roshniti madhyomer bibhedotol borabor jay. ekshetre protisoron koner man koto? A. 0^{\circ} B. 32^{\
benqa_8th-Science_0078,benqa,mcq,science,human_reviewed_banglish_v5,bangla_vs_english,diagnostic,bangla,english,A B C D,A B C D,True,32 0 32 90 180,32 0 32 90 180,True,0^{\circ} 180^{\circ} 32^{\circ} 32^{\circ} 90^{\circ} \circ \circ \circ \circ \circ,0^{\circ} 180^{\circ} 32^{\circ} 90^{\circ} \circ \circ \circ \circ,False,mcq_letters,mcq_letters,True,True,False,True,formulas,আলো কাচ থেকে বায়ু মাধ্যমে যাওয়ার সময় আপতন কোণ ৩২^{\circ} হলে প্রতিসরিত রশ্নিটি মাধ্যমের বিভেদতল বরাবর যায়। এক্ষেত্রে প্রতিসরণ কোণের মান কত? A. ০^{\circ} B. ৩২^{\circ} C. ৯০^{\circ},When a ray of light enters to wind medium from glass medium if the angle of incidence is 32 the refraton ray goes through the surface of separation medium. In this case whate is th
benqa_8th-Science_0078,benqa,mcq,science,human_reviewed_banglish_v5,banglish_vs_english,diagnostic,banglish_clean,english,A B C D,A B C D,True,32 0 32 90 180,32 0 32 90 180,True,0^{\circ} 180^{\circ} 32^{\circ} 32^{\circ} 90^{\circ} \circ \circ \circ \circ \circ,0^{\circ} 180^{\circ} 32^{\circ} 90^{\circ} \circ \circ \circ \circ,False,mcq_letters,mcq_letters,True,True,False,True,formulas,alo kach theke bayu madhyome jaoyar somoy apoton kon 32^{\circ} hole protisorit roshniti madhyomer bibhedotol borabor jay. ekshetre protisoron koner man koto? A. 0^{\circ} B. 32^{\,When a ray of light enters to wind medium from glass medium if the angle of incidence is 32 the refraton ray goes through the surface of separation medium. In this case whate is th
benqa_12th-Math-I_0202,benqa,mcq,math-i,human_reviewed_banglish_v5,bangla_vs_banglish,primary,bangla,banglish_clean,A B C D,A B C D,True,2 2 1 2 1 2,2 2 1 2 1 2,True,\frac \frac \frac \int \sqrt \sqrt \sqrt \sqrt \sqrt,\frac \frac \frac \int \sqrt \sqrt \sqrt \sqrt \sqrt,True,mcq_letters,mcq_letters,True,False,False,False,,"\int \frac{cosx}{\sqrt{sinx}} dx = কত? A. 2\sqrt{cosx} + c B. 2\sqrt{sinx} + c C. \frac{1}{2} \sqrt{cosx} + c D. \frac{1}{2} \sqrt{sinx} + c Answer with only A, B, C, or D.","\int \frac{cosx}{\sqrt{sinx}} dx = koto? A. 2\sqrt{cosx} + c B. 2\sqrt{sinx} + c C. \frac{1}{2} \sqrt{cosx} + c D. \frac{1}{2} \sqrt{sinx} + c Answer with only A, B, C, or D."
benqa_12th-Math-I_0202,benqa,mcq,math-i,human_reviewed_banglish_v5,bangla_vs_english,diagnostic,bangla,english,A B C D,A B C D,True,2 2 1 2 1 2,2 2 1 2 1 2,True,\frac \frac \frac \int \sqrt \sqrt \sqrt \sqrt \sqrt,\frac \frac \frac \int \sqrt \sqrt \sqrt \sqrt \sqrt,True,mcq_letters,mcq_letters,True,False,False,False,,"\int \frac{cosx}{\sqrt{sinx}} dx = কত? A. 2\sqrt{cosx} + c B. 2\sqrt{sinx} + c C. \frac{1}{2} \sqrt{cosx} + c D. \frac{1}{2} \sqrt{sinx} + c Answer with only A, B, C, or D.","\int \frac{cosx}{\sqrt{sinx}} dx = what? A. 2\sqrt{cosx} + c B. 2\sqrt{sinx} + c C. \frac{1}{2} \sqrt{cosx} + c D. \frac{1}{2} \sqrt{sinx} + c Answer with only A, B, C, or D."
benqa_12th-Math-I_0202,benqa,mcq,math-i,human_reviewed_banglish_v5,banglish_vs_english,diagnostic,banglish_clean,english,A B C D,A B C D,True,2 2 1 2 1 2,2 2 1 2 1 2,True,\frac \frac \frac \int \sqrt \sqrt \sqrt \sqrt \sqrt,\frac \frac \frac \int \sqrt \sqrt \sqrt \sqrt \sqrt,True,mcq_letters,mcq_letters,True,False,False,False,,"\int \frac{cosx}{\sqrt{sinx}} dx = koto? A. 2\sqrt{cosx} + c B. 2\sqrt{sinx} + c C. \frac{1}{2} \sqrt{cosx} + c D. \frac{1}{2} \sqrt{sinx} + c Answer with only A, B, C, or D.","\int \frac{cosx}{\sqrt{sinx}} dx = what? A. 2\sqrt{cosx} + c B. 2\sqrt{sinx} + c C. \frac{1}{2} \sqrt{cosx} + c D. \frac{1}{2} \sqrt{sinx} + c Answer with only A, B, C, or D."
benqa_12th-Physics-II_0213,benqa,mcq,physics-ii,human_reviewed_banglish_v5,bangla_vs_banglish,primary,bangla,banglish_clean,A B C D,A B C D,True,1 1 1 1,1 1 1 1,True,P^{1-\gamma} P^{\gamma-1} P^{\gamma} P^{\gamma} T^{\gama+1} T^{\gamma-1} T^{\gamma} \gama \gamma \gamma \gamma \gamma \gamma \gamma,P^{1-\gamma} P^{\gamma-1} P^{\gamma} P^{\gamma} T^{\gama+1} T^{\gamma-1} T^{\gamma} \gama \gamma \gamma \gamma \gamma \gamma \gamma,True,mcq_letters,mcq_letters,True,False,False,False,,রুদ্ধতাপীয় প্রক্রিয়ায় একটি আদর্শ গ্যাসের চাপ ও তাপমাত্রার মধ্যে সম্পর্ক- A. P^{\gamma - 1} = ধ্রুবক B. P^{\gamma} T^{\gama + 1} = ধ্রুবক C. P^{\gamma} T^{\gamma - 1} = ধ্রুবক D. P^,ruddhotapiy prokriyay ekti adorsh gyaser chap o tapomatrar modhye sompork- A. P^{\gamma - 1} = dhrubok B. P^{\gamma} T^{\gama + 1} = dhrubok C. P^{\gamma} T^{\gamma - 1} = dhrubok 
benqa_12th-Physics-II_0213,benqa,mcq,physics-ii,human_reviewed_banglish_v5,bangla_vs_english,diagnostic,bangla,english,A B C D,A B C D,True,1 1 1 1,1 1 1 1,True,P^{1-\gamma} P^{\gamma-1} P^{\gamma} P^{\gamma} T^{\gama+1} T^{\gamma-1} T^{\gamma} \gama \gamma \gamma \gamma \gamma \gamma \gamma,P^{1-\gamma} P^{\gamma-1} P^{\gamma} P^{\gamma} T^{\gama+1} T^{\gamma-1} T^{\gamma} \gama \gamma \gamma \gamma \gamma \gamma \gamma,True,mcq_letters,mcq_letters,True,False,False,False,,রুদ্ধতাপীয় প্রক্রিয়ায় একটি আদর্শ গ্যাসের চাপ ও তাপমাত্রার মধ্যে সম্পর্ক- A. P^{\gamma - 1} = ধ্রুবক B. P^{\gamma} T^{\gama + 1} = ধ্রুবক C. P^{\gamma} T^{\gamma - 1} = ধ্রুবক D. P^,The relationship between the pressure and temperature of an ideal gas in adiabatic process- A. P^{\gamma - 1} = constant B. P^{\gamma} T^{\gama + 1} = constant C. P^{\gamma} T^{\ga
benqa_12th-Physics-II_0213,benqa,mcq,physics-ii,human_reviewed_banglish_v5,banglish_vs_english,diagnostic,banglish_clean,english,A B C D,A B C D,True,1 1 1 1,1 1 1 1,True,P^{1-\gamma} P^{\gamma-1} P^{\gamma} P^{\gamma} T^{\gama+1} T^{\gamma-1} T^{\gamma} \gama \gamma \gamma \gamma \gamma \gamma \gamma,P^{1-\gamma} P^{\gamma-1} P^{\gamma} P^{\gamma} T^{\gama+1} T^{\gamma-1} T^{\gamma} \gama \gamma \gamma \gamma \gamma \gamma \gamma,True,mcq_letters,mcq_letters,True,False,False,False,,ruddhotapiy prokriyay ekti adorsh gyaser chap o tapomatrar modhye sompork- A. P^{\gamma - 1} = dhrubok B. P^{\gamma} T^{\gama + 1} = dhrubok C. P^{\gamma} T^{\gamma - 1} = dhrubok ,The relationship between the pressure and temperature of an ideal gas in adiabatic process- A. P^{\gamma - 1} = constant B. P^{\gamma} T^{\gama + 1} = constant C. P^{\gamma} T^{\ga
banglamath_1684,banglamath,short_answer,math,human_reviewed_banglish_v5,bangla_vs_banglish,primary,bangla,banglish_clean,,,True,3 2 3 29 6 12,3 2 3 29 6 12,True,,,True,final_answer,final_answer,True,False,False,False,,কারিম সাহেবের ৩ পুত্র এবং প্রথম ২ জন যমজ । ৩ পুত্রের বর্তমান বয়সের সমষ্টি ২৯ বছর। ৬ বছর পূর্বে তাদের বয়সের সমষ্টি ছিল ১২ বছর। পুত্রদের বর্তমান বয়স কত? Return only the final answ,karim saheber 3 putr ebong prothom 2 jon jomoj . 3 putrer bortoman boyoser somoshti 29 bochhor. 6 bochhor purbe tader boyoser somoshti chhil 12 bochhor. putroder bortoman boyos kot
banglamath_1684,banglamath,short_answer,math,human_reviewed_banglish_v5,bangla_vs_english,diagnostic,bangla,english,,,True,3 2 3 29 6 12,3 29 6 12,False,,,True,final_answer,final_answer,True,True,False,True,digits,কারিম সাহেবের ৩ পুত্র এবং প্রথম ২ জন যমজ । ৩ পুত্রের বর্তমান বয়সের সমষ্টি ২৯ বছর। ৬ বছর পূর্বে তাদের বয়সের সমষ্টি ছিল ১২ বছর। পুত্রদের বর্তমান বয়স কত? Return only the final answ,"Mr. Karim has 3 sons, the first two are twins. The total age of the sons now is 29 years, and 6 years ago it was 12 years. What are their current ages? Return only the final answer"
banglamath_1684,banglamath,short_answer,math,human_reviewed_banglish_v5,banglish_vs_english,diagnostic,banglish_clean,english,,,True,3 2 3 29 6 12,3 29 6 12,False,,,True,final_answer,final_answer,True,True,False,True,digits,karim saheber 3 putr ebong prothom 2 jon jomoj . 3 putrer bortoman boyoser somoshti 29 bochhor. 6 bochhor purbe tader boyoser somoshti chhil 12 bochhor. putroder bortoman boyos kot,"Mr. Karim has 3 sons, the first two are twins. The total age of the sons now is 29 years, and 6 years ago it was 12 years. What are their current ages? Return only the final answer"
banglamath_0186,banglamath,short_answer,math,human_reviewed_banglish_v5,bangla_vs_banglish,primary,bangla,banglish_clean,,,True,2 15 30 20,2 15 30 20,True,,,True,final_answer,final_answer,True,False,False,False,,২ কুইন্টাল চালে ১৫ জন ছাত্রের ৩০ দিন চলে। ঐ চালে ২০ জন ছাত্রের কত দিন চলবে Return only the final answer.,2 kuintal chale 15 jon chhatrer 30 din chole. oi chale 20 jon chhatrer koto din cholbe Return only the final answer.
banglamath_0186,banglamath,short_answer,math,human_reviewed_banglish_v5,bangla_vs_english,diagnostic,bangla,english,,,True,2 15 30 20,2 15 30 20,True,,,True,final_answer,final_answer,True,False,False,False,,২ কুইন্টাল চালে ১৫ জন ছাত্রের ৩০ দিন চলে। ঐ চালে ২০ জন ছাত্রের কত দিন চলবে Return only the final answer.,2 quintals of rice last 15 students for 30 days. How many days will it last for 20 students? Return only the final answer.
banglamath_0186,banglamath,short_answer,math,human_reviewed_banglish_v5,banglish_vs_english,diagnostic,banglish_clean,english,,,True,2 15 30 20,2 15 30 20,True,,,True,final_answer,final_answer,True,False,False,False,,2 kuintal chale 15 jon chhatrer 30 din chole. oi chale 20 jon chhatrer koto din cholbe Return only the final answer.,2 quintals of rice last 15 students for 30 days. How many days will it last for 20 students? Return only the final answer.
banglamath_0231,banglamath,short_answer,math,human_reviewed_banglish_v5,bangla_vs_banglish,primary,bangla,banglish_clean,,,True,20 24,20 24,True,,,True,final_answer,final_answer,True,False,False,False,,একটি কলম ২০% লাভে ২৪ টাকায় বিক্রয় করলে ক্রয়মূল্য কত Return only the final answer.,ekti kolom 20% labhe 24 takay bikroy korle kroyomullo koto Return only the final answer.
banglamath_0231,banglamath,short_answer,math,human_reviewed_banglish_v5,bangla_vs_english,diagnostic,bangla,english,,,True,20 24,24 20,False,,,True,final_answer,final_answer,True,True,False,True,digits,একটি কলম ২০% লাভে ২৪ টাকায় বিক্রয় করলে ক্রয়মূল্য কত Return only the final answer.,"If a pen is sold for 24 Taka with 20% profit, what was the cost price? Return only the final answer."
banglamath_0231,banglamath,short_answer,math,human_reviewed_banglish_v5,banglish_vs_english,diagnostic,banglish_clean,english,,,True,20 24,24 20,False,,,True,final_answer,final_answer,True,True,False,True,digits,ekti kolom 20% labhe 24 takay bikroy korle kroyomullo koto Return only the final answer.,"If a pen is sold for 24 Taka with 20% profit, what was the cost price? Return only the final answer."
benqa_8th-Science_0159,benqa,mcq,science,human_reviewed_banglish_v5,bangla_vs_banglish,primary,bangla,banglish_clean,A B C D,A B C D,True,,,True,,,True,mcq_letters,mcq_letters,True,False,False,False,,"নিচের কোনটি রসালো ফল? A. আতা B. কলা C. আনারস D. কাঁঠাল Answer with only A, B, C, or D.","nicher konti rosalo fol? A. ata B. kola C. anaros D. kanthal Answer with only A, B, C, or D."
benqa_8th-Science_0159,benqa,mcq,science,human_reviewed_banglish_v5,bangla_vs_english,diagnostic,bangla,english,A B C D,A B C D,True,,,True,,,True,mcq_letters,mcq_letters,True,False,False,False,,"নিচের কোনটি রসালো ফল? A. আতা B. কলা C. আনারস D. কাঁঠাল Answer with only A, B, C, or D.","Which of the followings is fleshy fruits? A. Custard apple B. Banana C. Pineapple D. Jackfruit Answer with only A, B, C, or D."
benqa_8th-Science_0159,benqa,mcq,science,human_reviewed_banglish_v5,banglish_vs_english,diagnostic,banglish_clean,english,A B C D,A B C D,True,,,True,,,True,mcq_letters,mcq_letters,True,False,False,False,,"nicher konti rosalo fol? A. ata B. kola C. anaros D. kanthal Answer with only A, B, C, or D.","Which of the followings is fleshy fruits? A. Custard apple B. Banana C. Pineapple D. Jackfruit Answer with only A, B, C, or D."
benqa_10th-Physics_0280,benqa,mcq,physics,human_reviewed_banglish_v5,bangla_vs_banglish,primary,bangla,banglish_clean,A B C D,A B C D,True,1.6 10 8 1.68 10 8 2.44 10 8 5.5 10 8,1.6 10 8 1.68 10 8 2.44 10 8 5.5 10 8,True,10^{-8} 10^{-8} 10^{-8} 10^{-8} \Omega \Omega \Omega \Omega \times \times \times \times,10^{-8} 10^{-8} 10^{-8} 10^{-8} \Omega \Omega \Omega \Omega \times \times \times \times,True,mcq_letters,mcq_letters,True,False,False,False,,"তামার রোধকত্ব কোনটি? A. 1.6 \times 10^{-8}\Omega m B. 1.68 \times 10^{-8}\Omega m C. 2.44 \times 10^{-8}\Omega m D. 5.5 \times 10^{-8}\Omega m Answer with only A, B, C, or D.","tamar rodhokotto konti? A. 1.6 \times 10^{-8}\Omega m B. 1.68 \times 10^{-8}\Omega m C. 2.44 \times 10^{-8}\Omega m D. 5.5 \times 10^{-8}\Omega m Answer with only A, B, C, or D."
benqa_10th-Physics_0280,benqa,mcq,physics,human_reviewed_banglish_v5,bangla_vs_english,diagnostic,bangla,english,A B C D,A B C D,True,1.6 10 8 1.68 10 8 2.44 10 8 5.5 10 8,1.6 10 8 1.68 10 8 2.44 10 8 5.5 10 8,True,10^{-8} 10^{-8} 10^{-8} 10^{-8} \Omega \Omega \Omega \Omega \times \times \times \times,10^{-8} 10^{-8} 10^{-8} 10^{-8} \Omega \Omega \Omega \Omega \times \times \times \times,True,mcq_letters,mcq_letters,True,False,False,False,,"তামার রোধকত্ব কোনটি? A. 1.6 \times 10^{-8}\Omega m B. 1.68 \times 10^{-8}\Omega m C. 2.44 \times 10^{-8}\Omega m D. 5.5 \times 10^{-8}\Omega m Answer with only A, B, C, or D.",Which one is the resistivity of copper? A. 1.6 \times 10^{-8}\Omega m B. 1.68 \times 10^{-8}\Omega m C. 2.44 \times 10^{-8}\Omega m D. 5.5 \times 10^{-8}\Omega m Answer with only A
benqa_10th-Physics_0280,benqa,mcq,physics,human_reviewed_banglish_v5,banglish_vs_english,diagnostic,banglish_clean,english,A B C D,A B C D,True,1.6 10 8 1.68 10 8 2.44 10 8 5.5 10 8,1.6 10 8 1.68 10 8 2.44 10 8 5.5 10 8,True,10^{-8} 10^{-8} 10^{-8} 10^{-8} \Omega \Omega \Omega \Omega \times \times \times \times,10^{-8} 10^{-8} 10^{-8} 10^{-8} \Omega \Omega \Omega \Omega \times \times \times \times,True,mcq_letters,mcq_letters,True,False,False,False,,"tamar rodhokotto konti? A. 1.6 \times 10^{-8}\Omega m B. 1.68 \times 10^{-8}\Omega m C. 2.44 \times 10^{-8}\Omega m D. 5.5 \times 10^{-8}\Omega m Answer with only A, B, C, or D.",Which one is the resistivity of copper? A. 1.6 \times 10^{-8}\Omega m B. 1.68 \times 10^{-8}\Omega m C. 2.44 \times 10^{-8}\Omega m D. 5.5 \times 10^{-8}\Omega m Answer with only A
benqa_10th-Chemistry_0132,benqa,mcq,chemistry,human_reviewed_banglish_v5,bangla_vs_banglish,primary,bangla,banglish_clean,A B C D,A B C D,True,,,True,,,True,mcq_letters,mcq_letters,True,False,False,False,,"বিস্ফোরক পদার্থ কোনটি? A. টি.এন.টি B. বেনজিন C. টলুইন D. জাইলিন Answer with only A, B, C, or D.","bisforok podarth konti? A. ti.en.ti B. benojin C. toluin D. jailin Answer with only A, B, C, or D."
benqa_10th-Chemistry_0132,benqa,mcq,chemistry,human_reviewed_banglish_v5,bangla_vs_english,diagnostic,bangla,english,A B C D,A B C D,True,,,True,,TNT,False,mcq_letters,mcq_letters,True,True,False,True,formulas,"বিস্ফোরক পদার্থ কোনটি? A. টি.এন.টি B. বেনজিন C. টলুইন D. জাইলিন Answer with only A, B, C, or D.","Which one is explosive substance? A. TNT B. Benzene C. Toluene D. Xylene Answer with only A, B, C, or D."
benqa_10th-Chemistry_0132,benqa,mcq,chemistry,human_reviewed_banglish_v5,banglish_vs_english,diagnostic,banglish_clean,english,A B C D,A B C D,True,,,True,,TNT,False,mcq_letters,mcq_letters,True,True,False,True,formulas,"bisforok podarth konti? A. ti.en.ti B. benojin C. toluin D. jailin Answer with only A, B, C, or D.","Which one is explosive substance? A. TNT B. Benzene C. Toluene D. Xylene Answer with only A, B, C, or D."
benqa_12th-Chemistry-II_0228,benqa,mcq,chemistry-ii,human_reviewed_banglish_v5,bangla_vs_banglish,primary,bangla,banglish_clean,A B C D,A B C D,True,2 2 2 2,2 2 2 2,True,2e^{-} Ni^{2+} \xrightarrow,2e^{-} Ni^{2+} \xrightarrow,True,mcq_letters,mcq_letters,True,False,False,False,,Ni(s) + 2Ag^{+}(aq) \xrightarrow{2e^{-}} Ni^{2+}(aq) + 2Ag(s); বিক্রিয়াটিতে- i. Ni জারিত হয় ii. Ag জারিত হয় iii. বিক্রিয়াটি একটি রিডক্স বিক্রিয়া নিচের কোনটি সঠিক? A. i ও ii B. ii ও,Ni(s) + 2Ag^{+}(aq) \xrightarrow{2e^{-}} Ni^{2+}(aq) + 2Ag(s); bikriyatite- i. Ni jarit hoy ii. Ag jarit hoy iii. bikriyati ekti ridoks bikriya nicher konti sothik? A. i o ii B. ii
benqa_12th-Chemistry-II_0228,benqa,mcq,chemistry-ii,human_reviewed_banglish_v5,bangla_vs_english,diagnostic,bangla,english,A B C D,A B C D,True,2 2 2 2,2 2 2 2,True,2e^{-} Ni^{2+} \xrightarrow,2e^{-} Ni^{2+} \overset \rightarrow,False,mcq_letters,mcq_letters,True,True,False,True,formulas,Ni(s) + 2Ag^{+}(aq) \xrightarrow{2e^{-}} Ni^{2+}(aq) + 2Ag(s); বিক্রিয়াটিতে- i. Ni জারিত হয় ii. Ag জারিত হয় iii. বিক্রিয়াটি একটি রিডক্স বিক্রিয়া নিচের কোনটি সঠিক? A. i ও ii B. ii ও,Ni(s) + 2Ag^{+}(aq) \overset{2e^{-}} {\rightarrow}Ni^{2+}(aq) + 2Ag(s); in this reaction- i. Ni becomes oxidized ii. Ag becomes oxidized iii. A redox reaction Which one is correct?
benqa_12th-Chemistry-II_0228,benqa,mcq,chemistry-ii,human_reviewed_banglish_v5,banglish_vs_english,diagnostic,banglish_clean,english,A B C D,A B C D,True,2 2 2 2,2 2 2 2,True,2e^{-} Ni^{2+} \xrightarrow,2e^{-} Ni^{2+} \overset \rightarrow,False,mcq_letters,mcq_letters,True,True,False,True,formulas,Ni(s) + 2Ag^{+}(aq) \xrightarrow{2e^{-}} Ni^{2+}(aq) + 2Ag(s); bikriyatite- i. Ni jarit hoy ii. Ag jarit hoy iii. bikriyati ekti ridoks bikriya nicher konti sothik? A. i o ii B. ii,Ni(s) + 2Ag^{+}(aq) \overset{2e^{-}} {\rightarrow}Ni^{2+}(aq) + 2Ag(s); in this reaction- i. Ni becomes oxidized ii. Ag becomes oxidized iii. A redox reaction Which one is correct?
benqa_12th-Physics-I_0254,benqa,mcq,physics-i,human_reviewed_banglish_v5,bangla_vs_banglish,primary,bangla,banglish_clean,A B C D,A B C D,True,1 2 1 2,1 2 1 2,True,LT^{-1} LT^{-1} LT^{-2} LT^{-2} MLT^{-1} MLT^{-1} MLT^{-2} MLT^{-2},LT^{-1} LT^{-1} LT^{-2} LT^{-2} MLT^{-1} MLT^{-1} MLT^{-2} MLT^{-2},True,mcq_letters,mcq_letters,True,False,False,False,,"মহাকর্ষ ক্ষেত্র প্রাবল্যের মাত্রার ক্ষেত্রে কোনটি সঠিক? A. [LT^{-1}] B. [LT^{-2}] C. [MLT^{-1}] D. [MLT^{-2}] Answer with only A, B, C, or D.","mohakorsh kshetr prabolyer matrar khetre konti sothik? A. [LT^{-1}] B. [LT^{-2}] C. [MLT^{-1}] D. [MLT^{-2}] Answer with only A, B, C, or D."
benqa_12th-Physics-I_0254,benqa,mcq,physics-i,human_reviewed_banglish_v5,bangla_vs_english,diagnostic,bangla,english,A B C D,A B C D,True,1 2 1 2,1 2 1 2,True,LT^{-1} LT^{-1} LT^{-2} LT^{-2} MLT^{-1} MLT^{-1} MLT^{-2} MLT^{-2},LT^{-1} LT^{-1} LT^{-2} LT^{-2} MLT^{-1} MLT^{-1} MLT^{-2} MLT^{-2},True,mcq_letters,mcq_letters,True,False,False,False,,"মহাকর্ষ ক্ষেত্র প্রাবল্যের মাত্রার ক্ষেত্রে কোনটি সঠিক? A. [LT^{-1}] B. [LT^{-2}] C. [MLT^{-1}] D. [MLT^{-2}] Answer with only A, B, C, or D.","Which one is correct for the dimention of gravitational field intensity? A. [LT^{-1}] B. [LT^{-2}] C. [MLT^{-1}] D. [MLT^{-2}] Answer with only A, B, C, or D."
benqa_12th-Physics-I_0254,benqa,mcq,physics-i,human_reviewed_banglish_v5,banglish_vs_english,diagnostic,banglish_clean,english,A B C D,A B C D,True,1 2 1 2,1 2 1 2,True,LT^{-1} LT^{-1} LT^{-2} LT^{-2} MLT^{-1} MLT^{-1} MLT^{-2} MLT^{-2},LT^{-1} LT^{-1} LT^{-2} LT^{-2} MLT^{-1} MLT^{-1} MLT^{-2} MLT^{-2},True,mcq_letters,mcq_letters,True,False,False,False,,"mohakorsh kshetr prabolyer matrar khetre konti sothik? A. [LT^{-1}] B. [LT^{-2}] C. [MLT^{-1}] D. [MLT^{-2}] Answer with only A, B, C, or D.","Which one is correct for the dimention of gravitational field intensity? A. [LT^{-1}] B. [LT^{-2}] C. [MLT^{-1}] D. [MLT^{-2}] Answer with only A, B, C, or D."
benqa_10th-Biology_0057,benqa,mcq,biology,human_reviewed_banglish_v5,bangla_vs_banglish,primary,bangla,banglish_clean,A B C D,A B C D,True,2,2,True,CO_{2} CO_{2},CO_{2} CO_{2},True,mcq_letters,mcq_letters,True,False,False,False,,গনি সাহেব তার বাগানে এমন কিছু গাছ লাগিয়েছেন যার CO_{2} বিজারণের প্রথম স্থায়ী পদার্থ অক্সালো এসিটিক এসিড। গনি সাহেব লাগিয়েছেন- i. ভুট্টা ii. বেগুন iii. আখ নিচের কোনটি সঠিক? A. i ও i,goni saheb tar bagane emon kichhu gachh lagiyechhen jar CO_{2} bijaroner prothom sthayi podarth oksalo esitik esid. goni saheb lagiyechhen- i. bhutta ii. begun iii. akh nicher kont
benqa_10th-Biology_0057,benqa,mcq,biology,human_reviewed_banglish_v5,bangla_vs_english,diagnostic,bangla,english,A B C D,A B C D,True,2,2,True,CO_{2} CO_{2},,False,mcq_letters,mcq_letters,True,True,False,True,formulas,গনি সাহেব তার বাগানে এমন কিছু গাছ লাগিয়েছেন যার CO_{2} বিজারণের প্রথম স্থায়ী পদার্থ অক্সালো এসিটিক এসিড। গনি সাহেব লাগিয়েছেন- i. ভুট্টা ii. বেগুন iii. আখ নিচের কোনটি সঠিক? A. i ও i,Mr. Goni planted some trees in his garden in which the first stable sustance of CO_2 reduction path way is Oxaloacetic acid. Mr. Goni planted- i. maize ii. brinjal iii. sugarcane W
benqa_10th-Biology_0057,benqa,mcq,biology,human_reviewed_banglish_v5,banglish_vs_english,diagnostic,banglish_clean,english,A B C D,A B C D,True,2,2,True,CO_{2} CO_{2},,False,mcq_letters,mcq_letters,True,True,False,True,formulas,goni saheb tar bagane emon kichhu gachh lagiyechhen jar CO_{2} bijaroner prothom sthayi podarth oksalo esitik esid. goni saheb lagiyechhen- i. bhutta ii. begun iii. akh nicher kont,Mr. Goni planted some trees in his garden in which the first stable sustance of CO_2 reduction path way is Oxaloacetic acid. Mr. Goni planted- i. maize ii. brinjal iii. sugarcane W
benqa_12th-Biology-II_0247,benqa,mcq,biology-ii,human_reviewed_banglish_v5,bangla_vs_banglish,primary,bangla,banglish_clean,A B C D,A B C D,True,25 50 75 100,25 50 75 100,True,DdEe \rightarrow \times,DdEe \rightarrow \times,True,mcq_letters,mcq_letters,True,False,False,False,,"P \rightarrow DdEe \times ddEE উদ্দীপকে উল্লিখিত ক্রস দ্বারা মূক ও বধির সন্তান হবার সম্ভাবনা কত? A. 25% B. 50% C. 75% D. 100% Answer with only A, B, C, or D.","P \rightarrow DdEe \times ddEE uddipoke ullikhit kros dwara muk o bodhir sontan hobar sombhabona koto? A. 25% B. 50% C. 75% D. 100% Answer with only A, B, C, or D."
benqa_12th-Biology-II_0247,benqa,mcq,biology-ii,human_reviewed_banglish_v5,bangla_vs_english,diagnostic,bangla,english,A B C D,A B C D,True,25 50 75 100,25 50 75 100,True,DdEe \rightarrow \times,DdEe \rightarrow \times,True,mcq_letters,mcq_letters,True,False,False,False,,"P \rightarrow DdEe \times ddEE উদ্দীপকে উল্লিখিত ক্রস দ্বারা মূক ও বধির সন্তান হবার সম্ভাবনা কত? A. 25% B. 50% C. 75% D. 100% Answer with only A, B, C, or D.","P\rightarrow DdEe\times ddEE Which is the possiblity of producing deaf and dump offspring by above mentioned cross? A. 25% B. 50% C. 75% D. 100% Answer with only A, B, C, or D."
benqa_12th-Biology-II_0247,benqa,mcq,biology-ii,human_reviewed_banglish_v5,banglish_vs_english,diagnostic,banglish_clean,english,A B C D,A B C D,True,25 50 75 100,25 50 75 100,True,DdEe \rightarrow \times,DdEe \rightarrow \times,True,mcq_letters,mcq_letters,True,False,False,False,,"P \rightarrow DdEe \times ddEE uddipoke ullikhit kros dwara muk o bodhir sontan hobar sombhabona koto? A. 25% B. 50% C. 75% D. 100% Answer with only A, B, C, or D.","P\rightarrow DdEe\times ddEE Which is the possiblity of producing deaf and dump offspring by above mentioned cross? A. 25% B. 50% C. 75% D. 100% Answer with only A, B, C, or D."
benqa_12th-Biology-I_0039,benqa,mcq,biology-i,auto_romanized_unverified_v4,bangla_vs_banglish,primary,bangla,banglish_clean,A B C D,A B C D,True,,,True,,,True,mcq_letters,mcq_letters,True,False,False,False,,"উদ্ভিদের অন্তঃস্টিলীয় অংশ হচ্ছে- A. হাইপোডার্মিস B. এপিডার্মিস C. মজ্জারশ্মি D. কার্টেক্স Answer with only A, B, C, or D.","udbhider ontohstiliy ongsh hochchhe- A. haipodarmis B. epidarmis C. mojjaroshmi D. karteks Answer with only A, B, C, or D."
benqa_12th-Biology-I_0039,benqa,mcq,biology-i,auto_romanized_unverified_v4,bangla_vs_english,diagnostic,bangla,english,A B C D,A B C D,True,,,True,,,True,mcq_letters,mcq_letters,True,False,False,False,,"উদ্ভিদের অন্তঃস্টিলীয় অংশ হচ্ছে- A. হাইপোডার্মিস B. এপিডার্মিস C. মজ্জারশ্মি D. কার্টেক্স Answer with only A, B, C, or D.","The intrastetic part of a plant is- A. hypodermis B. epidermis C. pith ray D. cortex Answer with only A, B, C, or D."
benqa_12th-Biology-I_0039,benqa,mcq,biology-i,auto_romanized_unverified_v4,banglish_vs_english,diagnostic,banglish_clean,english,A B C D,A B C D,True,,,True,,,True,mcq_letters,mcq_letters,True,False,False,False,,"udbhider ontohstiliy ongsh hochchhe- A. haipodarmis B. epidarmis C. mojjaroshmi D. karteks Answer with only A, B, C, or D.","The intrastetic part of a plant is- A. hypodermis B. epidermis C. pith ray D. cortex Answer with only A, B, C, or D."
benqa_12th-Chemistry-II_0235,benqa,mcq,chemistry-ii,human_reviewed_banglish_v5,bangla_vs_banglish,primary,bangla,banglish_clean,A B C D,A B C D,True,3 2 3 3 3 4,3 2 3 3 3 4,True,AlCl_{3} AlCl_{3} CO_{3} H_{2}CO_{3} H_{3}PO_{4} NH_{3} NH_{3} PO_{4},AlCl_{3} AlCl_{3} CO_{3} H_{2}CO_{3} H_{3}PO_{4} NH_{3} NH_{3} PO_{4},True,mcq_letters,mcq_letters,True,False,False,False,,"নিচের কোনটি লুইস এসিড? A. AlCl_{3} B. H_{2}CO_{3} C. NH_{3} D. H_{3}PO_{4} Answer with only A, B, C, or D.","nicher konti luis esid? A. AlCl_{3} B. H_{2}CO_{3} C. NH_{3} D. H_{3}PO_{4} Answer with only A, B, C, or D."
benqa_12th-Chemistry-II_0235,benqa,mcq,chemistry-ii,human_reviewed_banglish_v5,bangla_vs_english,diagnostic,bangla,english,A B C D,A B C D,True,3 2 3 3 3 4,3 2 3 3 3 4,True,AlCl_{3} AlCl_{3} CO_{3} H_{2}CO_{3} H_{3}PO_{4} NH_{3} NH_{3} PO_{4},AlCl_{3} AlCl_{3} CO_{3} H_{2}CO_{3} H_{3}PO_{4} NH_{3} NH_{3} PO_{4},True,mcq_letters,mcq_letters,True,False,False,False,,"নিচের কোনটি লুইস এসিড? A. AlCl_{3} B. H_{2}CO_{3} C. NH_{3} D. H_{3}PO_{4} Answer with only A, B, C, or D.","Which one of the following is the Lewis acid? A. AlCl_{3} B. H_{2}CO_{3} C. NH_{3} D. H_{3}PO_{4} Answer with only A, B, C, or D."
benqa_12th-Chemistry-II_0235,benqa,mcq,chemistry-ii,human_reviewed_banglish_v5,banglish_vs_english,diagnostic,banglish_clean,english,A B C D,A B C D,True,3 2 3 3 3 4,3 2 3 3 3 4,True,AlCl_{3} AlCl_{3} CO_{3} H_{2}CO_{3} H_{3}PO_{4} NH_{3} NH_{3} PO_{4},AlCl_{3} AlCl_{3} CO_{3} H_{2}CO_{3} H_{3}PO_{4} NH_{3} NH_{3} PO_{4},True,mcq_letters,mcq_letters,True,False,False,False,,"nicher konti luis esid? A. AlCl_{3} B. H_{2}CO_{3} C. NH_{3} D. H_{3}PO_{4} Answer with only A, B, C, or D.","Which one of the following is the Lewis acid? A. AlCl_{3} B. H_{2}CO_{3} C. NH_{3} D. H_{3}PO_{4} Answer with only A, B, C, or D."
banglamath_1697,banglamath,short_answer,math,human_reviewed_banglish_v5,bangla_vs_banglish,primary,bangla,banglish_clean,,,True,30 1 2 10,30 1 2 10,True,1/2 1/2,1/2 1/2,True,final_answer,final_answer,True,False,False,False,,৩০ কে ১/২ দিয়ে ভাগ করে ১০ যোগ করলে কত হয়? Return only the final answer.,30 ke 1/2 diye bhag kore 10 jog korle koto hoy? Return only the final answer.
banglamath_1697,banglamath,short_answer,math,human_reviewed_banglish_v5,bangla_vs_english,diagnostic,bangla,english,,,True,30 1 2 10,30 10,False,1/2 1/2,,False,final_answer,final_answer,True,True,False,True,digits formulas,৩০ কে ১/২ দিয়ে ভাগ করে ১০ যোগ করলে কত হয়? Return only the final answer.,Divide 30 by ½ and add 10. What is the result? Return only the final answer.
banglamath_1697,banglamath,short_answer,math,human_reviewed_banglish_v5,banglish_vs_english,diagnostic,banglish_clean,english,,,True,30 1 2 10,30 10,False,1/2 1/2,,False,final_answer,final_answer,True,True,False,True,digits formulas,30 ke 1/2 diye bhag kore 10 jog korle koto hoy? Return only the final answer.,Divide 30 by ½ and add 10. What is the result? Return only the final answer.
benqa_8th-Science_0024,benqa,mcq,science,auto_romanized_unverified_v4,bangla_vs_banglish,primary,bangla,banglish_clean,A B C D,A B C D,True,,,True,,,True,mcq_letters,mcq_letters,True,False,False,False,,"মাইটোসিসের কোনধারে ক্রোমোজোমগুলো ইংরেজি বর্ণমালা J এর মত হয়? A. প্রফেজ B. মেটাফেজ C. এনাফেজ D. টেলোফেজ Answer with only A, B, C, or D.","maitosiser konodhare kromojomogulo ingreji bornomala J er mot hoy? A. profej B. metafej C. enafej D. telofej Answer with only A, B, C, or D."
benqa_8th-Science_0024,benqa,mcq,science,auto_romanized_unverified_v4,bangla_vs_english,diagnostic,bangla,english,A B C D,A B C D,True,,,True,,,True,mcq_letters,mcq_letters,True,False,False,False,,"মাইটোসিসের কোনধারে ক্রোমোজোমগুলো ইংরেজি বর্ণমালা J এর মত হয়? A. প্রফেজ B. মেটাফেজ C. এনাফেজ D. টেলোফেজ Answer with only A, B, C, or D.","In which step the shape of the chromosomes as like English alphabet 'J' in mitosis cell division? A. Prophsase B. Metaphase C. Anaphase D. Telophase Answer with only A, B, C, or D."
benqa_8th-Science_0024,benqa,mcq,science,auto_romanized_unverified_v4,banglish_vs_english,diagnostic,banglish_clean,english,A B C D,A B C D,True,,,True,,,True,mcq_letters,mcq_letters,True,False,False,False,,"maitosiser konodhare kromojomogulo ingreji bornomala J er mot hoy? A. profej B. metafej C. enafej D. telofej Answer with only A, B, C, or D.","In which step the shape of the chromosomes as like English alphabet 'J' in mitosis cell division? A. Prophsase B. Metaphase C. Anaphase D. Telophase Answer with only A, B, C, or D."
benqa_12th-Biology-II_0179,benqa,mcq,biology-ii,auto_romanized_unverified_v4,bangla_vs_banglish,primary,bangla,banglish_clean,A B C D,A B C D,True,,,True,Ca^{++} Cu^{++} Fe^{++} Mg^{++},Ca^{++} Cu^{++} Fe^{++} Mg^{++},True,mcq_letters,mcq_letters,True,False,False,False,,"রক্ত জমাট বাঁধতে কোন ধাতব আয়ন সহায়তা করে? A. Ca^{++} B. Mg^{++} C. Cu^{++} D. Fe^{++} Answer with only A, B, C, or D.","rokt jomat bandhote kon dhatob ayon sohayota kore? A. Ca^{++} B. Mg^{++} C. Cu^{++} D. Fe^{++} Answer with only A, B, C, or D."
benqa_12th-Biology-II_0179,benqa,mcq,biology-ii,auto_romanized_unverified_v4,bangla_vs_english,diagnostic,bangla,english,A B C D,A B C D,True,,,True,Ca^{++} Cu^{++} Fe^{++} Mg^{++},Ca^{++} Cu^{++} Fe^{++} Mg^{++},True,mcq_letters,mcq_letters,True,False,False,False,,"রক্ত জমাট বাঁধতে কোন ধাতব আয়ন সহায়তা করে? A. Ca^{++} B. Mg^{++} C. Cu^{++} D. Fe^{++} Answer with only A, B, C, or D.","Which metallic ion help to blood clotting? A. Ca^{++} B. Mg^{++} C. Cu^{++} D. Fe^{++} Answer with only A, B, C, or D."
benqa_12th-Biology-II_0179,benqa,mcq,biology-ii,auto_romanized_unverified_v4,banglish_vs_english,diagnostic,banglish_clean,english,A B C D,A B C D,True,,,True,Ca^{++} Cu^{++} Fe^{++} Mg^{++},Ca^{++} Cu^{++} Fe^{++} Mg^{++},True,mcq_letters,mcq_letters,True,False,False,False,,"rokt jomat bandhote kon dhatob ayon sohayota kore? A. Ca^{++} B. Mg^{++} C. Cu^{++} D. Fe^{++} Answer with only A, B, C, or D.","Which metallic ion help to blood clotting? A. Ca^{++} B. Mg^{++} C. Cu^{++} D. Fe^{++} Answer with only A, B, C, or D."
benqa_12th-Biology-I_0277,benqa,mcq,biology-i,auto_romanized_unverified_v4,bangla_vs_banglish,primary,bangla,banglish_clean,A B C D,A B C D,True,,,True,,,True,mcq_letters,mcq_letters,True,False,False,False,,"কোনটিকে ঘাস গোত্র বলা হয়? A. সোলানেসি B. সাইক্যাডেসি C. মালভেসি D. পোয়েসি Answer with only A, B, C, or D.","konotike ghas gotr bola hoy? A. solanesi B. saikyadesi C. malobhesi D. poyesi Answer with only A, B, C, or D."
benqa_12th-Biology-I_0277,benqa,mcq,biology-i,auto_romanized_unverified_v4,bangla_vs_english,diagnostic,bangla,english,A B C D,A B C D,True,,,True,,,True,mcq_letters,mcq_letters,True,False,False,False,,"কোনটিকে ঘাস গোত্র বলা হয়? A. সোলানেসি B. সাইক্যাডেসি C. মালভেসি D. পোয়েসি Answer with only A, B, C, or D.","Which is called grass family? A. Solanaceae B. Cyeadaceae C. Malvaceae D. Poaceae Answer with only A, B, C, or D."
benqa_12th-Biology-I_0277,benqa,mcq,biology-i,auto_romanized_unverified_v4,banglish_vs_english,diagnostic,banglish_clean,english,A B C D,A B C D,True,,,True,,,True,mcq_letters,mcq_letters,True,False,False,False,,"konotike ghas gotr bola hoy? A. solanesi B. saikyadesi C. malobhesi D. poyesi Answer with only A, B, C, or D.","Which is called grass family? A. Solanaceae B. Cyeadaceae C. Malvaceae D. Poaceae Answer with only A, B, C, or D."
benqa_10th-Chemistry_0194,benqa,mcq,chemistry,auto_romanized_unverified_v4,bangla_vs_banglish,primary,bangla,banglish_clean,A B C D,A B C D,True,,,True,,,True,mcq_letters,mcq_letters,True,False,False,False,,"নিচের কোন মৌলটি অধিক সক্রিয়? A. O B. P C. N D. F Answer with only A, B, C, or D.","nicher kon mouloti odhik sokriy? A. O B. P C. N D. F Answer with only A, B, C, or D."
benqa_10th-Chemistry_0194,benqa,mcq,chemistry,auto_romanized_unverified_v4,bangla_vs_english,diagnostic,bangla,english,A B C D,A B C D,True,,,True,,,True,mcq_letters,mcq_letters,True,False,False,False,,"নিচের কোন মৌলটি অধিক সক্রিয়? A. O B. P C. N D. F Answer with only A, B, C, or D.","Which element of the following is more active? A. O B. P C. N D. F Answer with only A, B, C, or D."
benqa_10th-Chemistry_0194,benqa,mcq,chemistry,auto_romanized_unverified_v4,banglish_vs_english,diagnostic,banglish_clean,english,A B C D,A B C D,True,,,True,,,True,mcq_letters,mcq_letters,True,False,False,False,,"nicher kon mouloti odhik sokriy? A. O B. P C. N D. F Answer with only A, B, C, or D.","Which element of the following is more active? A. O B. P C. N D. F Answer with only A, B, C, or D."
banglamath_0187,banglamath,short_answer,math,human_reviewed_banglish_v5,bangla_vs_banglish,primary,bangla,banglish_clean,,,True,360 25 18,360 25 18,True,,,True,final_answer,final_answer,True,False,False,False,,একটি বাঁধ তৈরি করতে ৩৬০ জন শ্রমিকের ২৫ দিন লাগে। ১৮ দিনে কাজটি শেষ করতে কতজন অতিরিক্ত শ্রমিক লাগবে Return only the final answer.,ekti bandh toiri korte 360 jon shromiker 25 din lage. 18 dine kajoti shesh korte kotojon otirikt shromik lagbe Return only the final answer.
banglamath_0187,banglamath,short_answer,math,human_reviewed_banglish_v5,bangla_vs_english,diagnostic,bangla,english,,,True,360 25 18,360 25 18,True,,,True,final_answer,final_answer,True,False,False,False,,একটি বাঁধ তৈরি করতে ৩৬০ জন শ্রমিকের ২৫ দিন লাগে। ১৮ দিনে কাজটি শেষ করতে কতজন অতিরিক্ত শ্রমিক লাগবে Return only the final answer.,"To build a dam, 360 workers are needed for 25 days. How many extra workers are needed to finish it in 18 days? Return only the final answer."
banglamath_0187,banglamath,short_answer,math,human_reviewed_banglish_v5,banglish_vs_english,diagnostic,banglish_clean,english,,,True,360 25 18,360 25 18,True,,,True,final_answer,final_answer,True,False,False,False,,ekti bandh toiri korte 360 jon shromiker 25 din lage. 18 dine kajoti shesh korte kotojon otirikt shromik lagbe Return only the final answer.,"To build a dam, 360 workers are needed for 25 days. How many extra workers are needed to finish it in 18 days? Return only the final answer."
banglamath_0559,banglamath,short_answer,math,human_reviewed_banglish_v5,bangla_vs_banglish,primary,bangla,banglish_clean,,,True,160,160,True,,,True,final_answer,final_answer,True,False,False,False,,একটি বর্গক্ষেত্রের পরিসীমা ১৬০ মিটার হলে তার ক্ষেত্রফল কত Return only the final answer.,ekti borgokshetrer porisima 160 mitar hole tar khetrofol koto Return only the final answer.
banglamath_0559,banglamath,short_answer,math,human_reviewed_banglish_v5,bangla_vs_english,diagnostic,bangla,english,,,True,160,160,True,,,True,final_answer,final_answer,True,False,False,False,,একটি বর্গক্ষেত্রের পরিসীমা ১৬০ মিটার হলে তার ক্ষেত্রফল কত Return only the final answer.,"If a square has a perimeter of 160 meters, what is its area? Return only the final answer."
banglamath_0559,banglamath,short_answer,math,human_reviewed_banglish_v5,banglish_vs_english,diagnostic,banglish_clean,english,,,True,160,160,True,,,True,final_answer,final_answer,True,False,False,False,,ekti borgokshetrer porisima 160 mitar hole tar khetrofol koto Return only the final answer.,"If a square has a perimeter of 160 meters, what is its area? Return only the final answer."
banglamath_0521,banglamath,short_answer,math,human_reviewed_banglish_v5,bangla_vs_banglish,primary,bangla,banglish_clean,,,True,20 15,20 15,True,,,True,final_answer,final_answer,True,False,False,False,,একটি জমির দৈর্ঘ্য ২০ মিটার ও প্রস্থ ১৫ মিটার হলে তার পরিসীমা কত Return only the final answer.,ekti jomir doirgho 20 mitar o prostho 15 mitar hole tar porisima koto Return only the final answer.
banglamath_0521,banglamath,short_answer,math,human_reviewed_banglish_v5,bangla_vs_english,diagnostic,bangla,english,,,True,20 15,20 15,True,,,True,final_answer,final_answer,True,False,False,False,,একটি জমির দৈর্ঘ্য ২০ মিটার ও প্রস্থ ১৫ মিটার হলে তার পরিসীমা কত Return only the final answer.,"If a plot is 20 meters long and 15 meters wide, what is its perimeter? Return only the final answer."
banglamath_0521,banglamath,short_answer,math,human_reviewed_banglish_v5,banglish_vs_english,diagnostic,banglish_clean,english,,,True,20 15,20 15,True,,,True,final_answer,final_answer,True,False,False,False,,ekti jomir doirgho 20 mitar o prostho 15 mitar hole tar porisima koto Return only the final answer.,"If a plot is 20 meters long and 15 meters wide, what is its perimeter? Return only the final answer."
banglamath_1691,banglamath,short_answer,math,human_reviewed_banglish_v5,bangla_vs_banglish,primary,bangla,banglish_clean,,,True,10 5 3 1 1,10 5 3 1 1,True,,,True,final_answer,final_answer,True,False,False,False,,"বেরু গোয়ালার কাছে একটি কলসিতে ১০ লিটার দুধ এবং দুধ মাপার দুটি খালি পাত্র , একটি ৫ লিটারের, অপরটি ৩ লিটারের। সে ক্রেতাকে ১ লিটার দুধ বিক্রি করতে চায়। গোয়ালার কাছে জেডযেসব পাত্র আ","beru goyalar kachhe ekti kolosite 10 litar dudh ebong dudh mapar duti khali patro, ekti 5 litarer, oporoti 3 litarer. se kretake 1 litar dudh bikri korte chay. goyalar kachhe jesob"
banglamath_1691,banglamath,short_answer,math,human_reviewed_banglish_v5,bangla_vs_english,diagnostic,bangla,english,,,True,10 5 3 1 1,10 5 3 1,False,,,True,final_answer,final_answer,True,True,False,True,digits,"বেরু গোয়ালার কাছে একটি কলসিতে ১০ লিটার দুধ এবং দুধ মাপার দুটি খালি পাত্র , একটি ৫ লিটারের, অপরটি ৩ লিটারের। সে ক্রেতাকে ১ লিটার দুধ বিক্রি করতে চায়। গোয়ালার কাছে জেডযেসব পাত্র আ","Beru the milkman has 10 liters of milk in a jar, and two empty containers: one of 5 liters and one of 3 liters. How can he measure exactly 1 liter using only these two containers? "
banglamath_1691,banglamath,short_answer,math,human_reviewed_banglish_v5,banglish_vs_english,diagnostic,banglish_clean,english,,,True,10 5 3 1 1,10 5 3 1,False,,,True,final_answer,final_answer,True,True,False,True,digits,"beru goyalar kachhe ekti kolosite 10 litar dudh ebong dudh mapar duti khali patro, ekti 5 litarer, oporoti 3 litarer. se kretake 1 litar dudh bikri korte chay. goyalar kachhe jesob","Beru the milkman has 10 liters of milk in a jar, and two empty containers: one of 5 liters and one of 3 liters. How can he measure exactly 1 liter using only these two containers? "
benqa_12th-Physics-I_0157,benqa,mcq,physics-i,auto_romanized_unverified_v4,bangla_vs_banglish,primary,bangla,banglish_clean,A B C D,A B C D,True,27 21 18 8,27 21 18 8,True,,,True,mcq_letters,mcq_letters,True,False,False,False,,"ভর এবং বেগ উভয়কে বৃদ্ধি করে যথাক্রমে তিনগুণ করা হলে গতিশক্তির বৃদ্ধির পরিমাণ কতগুণ হবে? A. 27 B. 21 C. 18 D. 8 Answer with only A, B, C, or D.","bhor ebong beg ubhoyoke briddhi kore jothakrome tinogun kora hole gotishoktir briddhir poriman kotogun hobe? A. 27 B. 21 C. 18 D. 8 Answer with only A, B, C, or D."
benqa_12th-Physics-I_0157,benqa,mcq,physics-i,auto_romanized_unverified_v4,bangla_vs_english,diagnostic,bangla,english,A B C D,A B C D,True,27 21 18 8,7 21 18 8,False,,,True,mcq_letters,mcq_letters,True,True,False,True,digits,"ভর এবং বেগ উভয়কে বৃদ্ধি করে যথাক্রমে তিনগুণ করা হলে গতিশক্তির বৃদ্ধির পরিমাণ কতগুণ হবে? A. 27 B. 21 C. 18 D. 8 Answer with only A, B, C, or D.","If the mass and velocity are increased by three times then how much times will increase in kinetic enrgy? A. 7 B. 21 C. 18 D. 8 Answer with only A, B, C, or D."
benqa_12th-Physics-I_0157,benqa,mcq,physics-i,auto_romanized_unverified_v4,banglish_vs_english,diagnostic,banglish_clean,english,A B C D,A B C D,True,27 21 18 8,7 21 18 8,False,,,True,mcq_letters,mcq_letters,True,True,False,True,digits,"bhor ebong beg ubhoyoke briddhi kore jothakrome tinogun kora hole gotishoktir briddhir poriman kotogun hobe? A. 27 B. 21 C. 18 D. 8 Answer with only A, B, C, or D.","If the mass and velocity are increased by three times then how much times will increase in kinetic enrgy? A. 7 B. 21 C. 18 D. 8 Answer with only A, B, C, or D."
benqa_12th-Biology-I_0056,benqa,mcq,biology-i,auto_romanized_unverified_v4,bangla_vs_banglish,primary,bangla,banglish_clean,A B C D,A B C D,True,,,True,,,True,mcq_letters,mcq_letters,True,False,False,False,,"কোনটিতে হাইডোথোড থাকতে পারে? A. পাতা B. ফুল C. মূল D. কাণ্ড Answer with only A, B, C, or D.","konotite haidothod thakote pare? A. pata B. ful C. mul D. kand Answer with only A, B, C, or D."
benqa_12th-Biology-I_0056,benqa,mcq,biology-i,auto_romanized_unverified_v4,bangla_vs_english,diagnostic,bangla,english,A B C D,A B C D,True,,,True,,,True,mcq_letters,mcq_letters,True,False,False,False,,"কোনটিতে হাইডোথোড থাকতে পারে? A. পাতা B. ফুল C. মূল D. কাণ্ড Answer with only A, B, C, or D.","In which one hydothode may present? A. Leaf B. Flower C. Root D. Stem Answer with only A, B, C, or D."
benqa_12th-Biology-I_0056,benqa,mcq,biology-i,auto_romanized_unverified_v4,banglish_vs_english,diagnostic,banglish_clean,english,A B C D,A B C D,True,,,True,,,True,mcq_letters,mcq_letters,True,False,False,False,,"konotite haidothod thakote pare? A. pata B. ful C. mul D. kand Answer with only A, B, C, or D.","In which one hydothode may present? A. Leaf B. Flower C. Root D. Stem Answer with only A, B, C, or D."
banglamath_0229,banglamath,short_answer,math,auto_romanized_unverified_v4,bangla_vs_banglish,primary,bangla,banglish_clean,,,True,150,150,True,,,True,final_answer,final_answer,True,False,False,False,,১৫০% কে দশমিক ভগ্নাংশে প্রকাশ করলে কী হয় Return only the final answer.,150% ke doshomik bhognangshe prokash korole ki hoy Return only the final answer.
banglamath_0229,banglamath,short_answer,math,auto_romanized_unverified_v4,bangla_vs_english,diagnostic,bangla,english,,,True,150,150,True,,,True,final_answer,final_answer,True,False,False,False,,১৫০% কে দশমিক ভগ্নাংশে প্রকাশ করলে কী হয় Return only the final answer.,What is 150% expressed as a decimal? Return only the final answer.
banglamath_0229,banglamath,short_answer,math,auto_romanized_unverified_v4,banglish_vs_english,diagnostic,banglish_clean,english,,,True,150,150,True,,,True,final_answer,final_answer,True,False,False,False,,150% ke doshomik bhognangshe prokash korole ki hoy Return only the final answer.,What is 150% expressed as a decimal? Return only the final answer.
benqa_10th-Math-II_0102,benqa,mcq,math-ii,human_reviewed_banglish_v5,bangla_vs_banglish,primary,bangla,banglish_clean,A B C D,A B C D,True,1 1 2 2 4 2 4 6 8,1 1 2 2 4 2 4 6 8,True,,,True,mcq_letters,mcq_letters,True,False,False,False,,"M(1, - 1), N(2, 2) এবং R(4, a) বিন্দু তিনটি সমরেখ হলে, a এর মান কত? A. 2 B. 4 C. 6 D. 8 Answer with only A, B, C, or D.","M(1, - 1), N(2, 2) ebong R(4, a) bindu tinoti somorekh hole, a er man koto? A. 2 B. 4 C. 6 D. 8 Answer with only A, B, C, or D."
benqa_10th-Math-II_0102,benqa,mcq,math-ii,human_reviewed_banglish_v5,bangla_vs_english,diagnostic,bangla,english,A B C D,A B C D,True,1 1 2 2 4 2 4 6 8,1 1 2 2 4 2 4 6 8,True,,,True,mcq_letters,mcq_letters,True,False,False,False,,"M(1, - 1), N(2, 2) এবং R(4, a) বিন্দু তিনটি সমরেখ হলে, a এর মান কত? A. 2 B. 4 C. 6 D. 8 Answer with only A, B, C, or D.","If the three points M(1, - 1), N(2, 2) and R(4, a) are collinear, what is the value of a ? A. 2 B. 4 C. 6 D. 8 Answer with only A, B, C, or D."
benqa_10th-Math-II_0102,benqa,mcq,math-ii,human_reviewed_banglish_v5,banglish_vs_english,diagnostic,banglish_clean,english,A B C D,A B C D,True,1 1 2 2 4 2 4 6 8,1 1 2 2 4 2 4 6 8,True,,,True,mcq_letters,mcq_letters,True,False,False,False,,"M(1, - 1), N(2, 2) ebong R(4, a) bindu tinoti somorekh hole, a er man koto? A. 2 B. 4 C. 6 D. 8 Answer with only A, B, C, or D.","If the three points M(1, - 1), N(2, 2) and R(4, a) are collinear, what is the value of a ? A. 2 B. 4 C. 6 D. 8 Answer with only A, B, C, or D."
banglamath_0558,banglamath,short_answer,math,human_reviewed_banglish_v5,bangla_vs_banglish,primary,bangla,banglish_clean,,,True,60 3,60 3,True,,,True,final_answer,final_answer,True,False,False,False,,৬০ মিটার দীর্ঘ আয়তাকার বাগানের দৈর্ঘ্য প্রস্থের ৩ গুণ হলে প্রস্থ কত Return only the final answer.,60 mitar dirgh ayotokar baganer doirgho prosther 3 gun hole prostho koto Return only the final answer.
banglamath_0558,banglamath,short_answer,math,human_reviewed_banglish_v5,bangla_vs_english,diagnostic,bangla,english,,,True,60 3,60 3,True,,,True,final_answer,final_answer,True,False,False,False,,৬০ মিটার দীর্ঘ আয়তাকার বাগানের দৈর্ঘ্য প্রস্থের ৩ গুণ হলে প্রস্থ কত Return only the final answer.,A rectangular garden is 60 meters long and the length is 3 times the width. What is the width? Return only the final answer.
banglamath_0558,banglamath,short_answer,math,human_reviewed_banglish_v5,banglish_vs_english,diagnostic,banglish_clean,english,,,True,60 3,60 3,True,,,True,final_answer,final_answer,True,False,False,False,,60 mitar dirgh ayotokar baganer doirgho prosther 3 gun hole prostho koto Return only the final answer.,A rectangular garden is 60 meters long and the length is 3 times the width. What is the width? Return only the final answer.
banglamath_1695,banglamath,short_answer,math,auto_romanized_unverified_v4,bangla_vs_banglish,primary,bangla,banglish_clean,,,True,1 1 3 1 4 1 5 39,1 1 3 1 4 1 5 39,True,1/3 1/3 1/4 1/4 1/5 1/5,1/3 1/3 1/4 1/4 1/5 1/5,True,final_answer,final_answer,True,False,False,False,,"১টি পার্কে ১/৩ ভাগ নারকেলগাছ, ১/৪ গাছআম গাছ, ১/৫ ভাগ বট গাছ এবং ৩৯টি ফুলের গাছ। বাগানে কোন গাছ কতটি রয়েছে এবং মোট গাছ কয়টি ? Return only the final answer.","1ti parke 1/3 bhag narokelogachh, 1/4 gachhoam gachh, 1/5 bhag bot gachh ebong 39ti fuler gachh. bagane kon gachh kototi royechhe ebong mot gachh koyoti ? Return only the final ans"
banglamath_1695,banglamath,short_answer,math,auto_romanized_unverified_v4,bangla_vs_english,diagnostic,bangla,english,,,True,1 1 3 1 4 1 5 39,1 3 1 4 1 5 39,False,1/3 1/3 1/4 1/4 1/5 1/5,1/3 1/3 1/4 1/4 1/5 1/5,True,final_answer,final_answer,True,True,False,True,digits,"১টি পার্কে ১/৩ ভাগ নারকেলগাছ, ১/৪ গাছআম গাছ, ১/৫ ভাগ বট গাছ এবং ৩৯টি ফুলের গাছ। বাগানে কোন গাছ কতটি রয়েছে এবং মোট গাছ কয়টি ? Return only the final answer.","In a park, 1/3 are coconut trees, 1/4 are mango trees, 1/5 are banyan trees, and there are 39 flower trees. How many trees of each type and total trees are there? Return only the f"
banglamath_1695,banglamath,short_answer,math,auto_romanized_unverified_v4,banglish_vs_english,diagnostic,banglish_clean,english,,,True,1 1 3 1 4 1 5 39,1 3 1 4 1 5 39,False,1/3 1/3 1/4 1/4 1/5 1/5,1/3 1/3 1/4 1/4 1/5 1/5,True,final_answer,final_answer,True,True,False,True,digits,"1ti parke 1/3 bhag narokelogachh, 1/4 gachhoam gachh, 1/5 bhag bot gachh ebong 39ti fuler gachh. bagane kon gachh kototi royechhe ebong mot gachh koyoti ? Return only the final ans","In a park, 1/3 are coconut trees, 1/4 are mango trees, 1/5 are banyan trees, and there are 39 flower trees. How many trees of each type and total trees are there? Return only the f"
benqa_10th-Math_0044,benqa,mcq,math,human_reviewed_banglish_v5,bangla_vs_banglish,primary,bangla,banglish_clean,A B C D,A B C D,True,8 6 4 2,8 6 4 2,True,,,True,mcq_letters,mcq_letters,True,False,False,False,,"একটি বর্গের কতটি প্রতিসাম্য রেখা আছে? A. 8টি B. 6টি C. 4টি D. 2টি Answer with only A, B, C, or D.","ekti borger kototi protisamy rekha ache? A. 8ti B. 6ti C. 4ti D. 2ti Answer with only A, B, C, or D."
benqa_10th-Math_0044,benqa,mcq,math,human_reviewed_banglish_v5,bangla_vs_english,diagnostic,bangla,english,A B C D,A B C D,True,8 6 4 2,8 6 4 2,True,,,True,mcq_letters,mcq_letters,True,False,False,False,,"একটি বর্গের কতটি প্রতিসাম্য রেখা আছে? A. 8টি B. 6টি C. 4টি D. 2টি Answer with only A, B, C, or D.","How many lines of symmetry does a square have? A. 8 B. 6 C. 4 D. 2 Answer with only A, B, C, or D."
benqa_10th-Math_0044,benqa,mcq,math,human_reviewed_banglish_v5,banglish_vs_english,diagnostic,banglish_clean,english,A B C D,A B C D,True,8 6 4 2,8 6 4 2,True,,,True,mcq_letters,mcq_letters,True,False,False,False,,"ekti borger kototi protisamy rekha ache? A. 8ti B. 6ti C. 4ti D. 2ti Answer with only A, B, C, or D.","How many lines of symmetry does a square have? A. 8 B. 6 C. 4 D. 2 Answer with only A, B, C, or D."
